Fecha,Local,Visitante,Goles_Local,Goles_Visita,Tiros_Local,Tiros_Visita,Corners_Local,Corners_Visita,Tarjetas_Local,Tarjetas_Visita,Faltas_Local,Faltas_Visita,xG_Local,xG_Visita,xG_Proxy_Local,xG_Proxy_Visita,TirosGol_Local,TirosGol_Visita,Atajadas_Local,Atajadas_Visita,Cuota_1,Cuota_X,Cuota_2,Cuota_Over25,Cuota_Under25,Apertura_1,Apertura_X,Apertura_2,Cierre_1,Cierre_X,Cierre_2,Apertura_Over25,Apertura_Under25,Cierre_Over25,Cierre_Under25,P_Apertura_1,P_Apertura_X,P_Apertura_2,P_Cierre_1,P_Cierre_X,P_Cierre_2,Movimiento_1_pp,Movimiento_X_pp,Movimiento_2_pp,Arbitro,Fuente,Fuente_xG,StatsBomb_match_id,xG_Real_Local,xG_Real_Visita,Tiros_SB_Local,Tiros_SB_Visita,TirosGol_SB_Local,TirosGol_SB_Visita,Fuente_xG_Real
2020-09-12,Crystal Palace,Southampton,1,0,5.0,9.0,7.0,3.0,2.0,1.0,14.0,11.0,0.92,1.4,0.92,1.4,3.0,5.0,5.0,2.0,3.18,3.22,2.39,2.24,1.67,3.18,3.22,2.39,3.08,3.22,2.47,2.24,1.67,2.18,1.7,0.3013753348266734,0.29763154184746005,0.4009931233258667,0.31216000879169187,0.29858783449640086,0.38925215671190727,1.0784673965018476,0.09562926489408152,-1.1740966613959403,J Moss,football-data.co.uk,proxy_shots,,,,,,,,
2020-09-12,Fulham,Arsenal,0,3,5.0,13.0,2.0,3.0,2.0,2.0,12.0,12.0,0.64,2.09,0.64,2.09,2.0,6.0,3.0,2.0,5.94,4.34,1.55,1.76,2.1,5.94,4.34,1.55,5.36,3.93,1.67,1.76,2.1,2.0,1.84,0.16126634958382877,0.22071938168846614,0.6180142687277052,0.17942212902996516,0.2447080436642782,0.5758698273057565,1.8155779446136389,2.3988661975812064,-4.214444142194862,C Kavanagh,football-data.co.uk,proxy_shots,,,,,,,,
2020-09-12,Liverpool,Leeds,4,3,22.0,6.0,9.0,0.0,1.0,0.0,9.0,6.0,2.69,1.17,2.69,1.17,6.0,3.0,0.0,2.0,1.3,5.96,9.68,1.52,2.53,1.3,5.96,9.68,1.28,6.16,10.63,1.52,2.53,1.5,2.62,0.7394161856230326,0.16128205391106418,0.09930176046590315,0.752895184657131,0.15644575265602723,0.09065906268684175,1.3478999034098438,-0.4836301255036951,-0.8642697779061403,M Oliver,football-data.co.uk,proxy_shots,,,,,,,,
2020-09-12,West Ham,Newcastle,0,2,15.0,15.0,8.0,7.0,2.0,2.0,13.0,7.0,1.36,1.39,1.36,1.39,3.0,2.0,0.0,3.0,2.15,3.48,3.42,1.97,1.86,2.15,3.48,3.42,2.01,3.57,3.79,1.97,1.86,1.91,1.92,0.44514261349610645,0.2750162698323646,0.2798411166715289,0.4776990456822684,0.2689566055522015,0.2533443487655302,3.2556432186161945,-0.605966428016308,-2.6496767905998695,S Attwell,football-data.co.uk,proxy_shots,,,,,,,,
2020-09-13,Tottenham,Everton,0,1,9.0,15.0,5.0,3.0,1.0,0.0,15.0,7.0,1.4,1.65,1.4,1.65,5.0,4.0,3.0,5.0,1.9,3.55,4.2,1.94,1.88,1.9,3.55,4.2,2.07,3.39,3.79,1.94,1.88,2.05,1.79,0.5031213092626962,0.26927619368989375,0.22760249704741015,0.4636512249780771,0.28311446480962227,0.25323431021230064,-3.9470084284619067,1.3838271119728518,2.5631813164890493,M Atkinson,football-data.co.uk,proxy_shots,,,,,,,,
2020-09-13,West Brom,Leicester,0,3,7.0,13.0,2.0,5.0,1.0,1.0,12.0,9.0,0.56,2.28,0.56,2.28,1.0,7.0,4.0,1.0,3.87,3.57,1.97,1.92,1.9,3.87,3.57,1.97,3.32,3.33,2.28,1.92,1.9,2.15,1.73,0.247005025866883,0.2677617507296463,0.4852332234034707,0.28959172464298794,0.2887220798242402,0.42168619553277187,4.258669877610494,2.096032909459389,-6.354702787069883,A Taylor,football-data.co.uk,proxy_shots,,,,,,,,
2020-09-14,Brighton,Chelsea,1,3,13.0,10.0,4.0,3.0,1.0,0.0,8.0,13.0,1.35,1.75,1.35,1.75,3.0,5.0,2.0,2.0,5.12,4.13,1.65,1.76,2.08,5.12,4.13,1.65,5.91,4.35,1.56,1.76,2.08,1.71,2.17,0.18716988801942425,0.23203627764151386,0.580793834339062,0.16267880644674101,0.22101879220695161,0.6163024013463073,-2.449108157268323,-1.1017485434562242,3.550856700724536,C Pawson,football-data.co.uk,proxy_shots,,,,,,,,
2020-09-14,Sheffield United,Wolves,0,2,9.0,11.0,12.0,5.0,2.0,1.0,13.0,7.0,0.85,1.52,0.85,1.52,2.0,4.0,2.0,2.0,3.36,3.0,2.41,2.68,1.48,3.36,3.0,2.41,3.23,2.86,2.62,2.68,1.48,3.01,1.39,0.2845605251971851,0.31870778822084733,0.3967316865819676,0.2974247427918202,0.33590276895719556,0.36667248825098436,1.2864217594635075,1.719498073634823,-3.005919833098325,M Dean,football-data.co.uk,proxy_shots,,,,,,,,
2020-09-19,Arsenal,West Ham,2,1,7.0,14.0,7.0,5.0,0.0,1.0,11.0,13.0,1.12,1.41,1.12,1.41,3.0,3.0,2.0,1.0,1.53,4.51,5.91,1.64,2.3,1.53,4.51,5.91,1.51,4.46,6.48,1.64,2.3,1.67,2.24,0.625731570755481,0.21227700737381067,0.1619914218707083,0.6362983870612635,0.21542837768217665,0.14827323525655983,1.056681630578249,0.3151370308365986,-1.3718186614148475,M Oliver,football-data.co.uk,proxy_shots,,,,,,,,
2020-09-19,Everton,West Brom,5,2,17.0,6.0,11.0,1.0,1.0,2.0,9.0,11.0,2.7,1.25,2.7,1.25,7.0,4.0,2.0,2.0,1.54,4.25,6.3,1.81,2.03,1.54,4.25,6.3,1.59,4.03,6.15,1.81,2.03,1.98,1.85,0.6223560039049789,0.22551252847380412,0.15213146762121704,0.6049323052815793,0.23867056213342705,0.15639713258499366,-1.7423698623399653,1.3158033659622925,0.42656649637766164,M Dean,football-data.co.uk,proxy_shots,,,,,,,,
2020-09-19,Leeds,Fulham,4,3,10.0,14.0,5.0,3.0,1.0,2.0,13.0,18.0,2.21,2.15,2.21,2.15,7.0,6.0,3.0,3.0,1.64,3.97,5.5,1.93,1.91,1.64,3.97,5.5,1.73,3.81,5.05,1.93,1.91,1.96,1.88,0.5843578887645922,0.241397213494693,0.17424489774071478,0.5565937578648648,0.2527315488467758,0.1906746932883596,-2.77641308997274,1.133433535208278,1.6429795547644814,A Taylor,football-data.co.uk,proxy_shots,,,,,,,,
2020-09-19,Man United,Crystal Palace,1,3,13.0,14.0,9.0,3.0,2.0,1.0,13.0,10.0,1.54,1.97,1.54,1.97,4.0,5.0,2.0,3.0,1.32,5.57,9.56,1.66,2.24,1.32,5.57,9.56,1.37,5.07,8.7,1.66,2.24,1.68,2.22,0.7272414395909359,0.17234447042370474,0.10041408998535935,0.700433036543711,0.1892688875867621,0.11029807586952692,-2.680840304722487,1.692441716305737,0.988398588416757,M Atkinson,football-data.co.uk,proxy_shots,,,,,,,,
2020-09-20,Chelsea,Liverpool,0,2,5.0,18.0,1.0,11.0,2.0,0.0,10.0,6.0,0.82,2.27,0.82,2.27,3.0,6.0,4.0,3.0,3.15,3.72,2.18,1.61,2.35,3.15,3.72,2.18,3.39,3.82,2.07,1.61,2.35,1.62,2.34,0.30379177811242725,0.25724303791778114,0.4389651839697917,0.2836786310068342,0.251746219663133,0.46457514933003285,-2.0113147105593034,-0.549681825464815,2.5609965360241183,P Tierney,football-data.co.uk,proxy_shots,,,,,,,,
2020-09-20,Leicester,Burnley,4,2,14.0,16.0,15.0,4.0,1.0,2.0,11.0,13.0,2.25,1.98,2.25,1.98,6.0,5.0,3.0,2.0,1.63,3.98,5.64,1.95,1.88,1.63,3.98,5.64,1.56,4.19,6.26,1.95,1.88,1.88,1.95,0.5887357780936745,0.24111540660620334,0.17014881530012224,0.6167067155090122,0.22960918286254392,0.15368410162844395,2.7970937415337738,-1.150622374365942,-1.6464713671678288,L Mason,football-data.co.uk,proxy_shots,,,,,,,,
2020-09-20,Newcastle,Brighton,0,3,6.0,13.0,7.0,1.0,3.0,2.0,16.0,15.0,0.33,2.09,0.33,2.09,0.0,6.0,3.0,0.0,2.68,3.15,2.82,2.38,1.59,2.68,3.15,2.82,2.64,3.17,2.88,2.38,1.59,2.21,1.68,0.356996455354344,0.30373031757131486,0.3392732270743411,0.36370589922554736,0.3028970264843675,0.3333970742900851,0.6709443871203369,-0.0833291086947352,-0.5876152784256017,K Friend,football-data.co.uk,proxy_shots,,,,,,,,
2020-09-20,Southampton,Tottenham,2,5,14.0,9.0,3.0,2.0,4.0,3.0,16.0,18.0,2.23,2.08,2.23,2.08,7.0,6.0,1.0,5.0,3.1,3.35,2.37,1.97,1.87,3.1,3.35,2.37,3.34,3.37,2.25,1.97,1.87,1.97,1.86,0.3092729291237365,0.28619285978614417,0.4045342110901194,0.28772487696038074,0.2851635279073209,0.4271115951322984,-2.1548052163355758,-0.10293318788232586,2.2577384042179016,D Coote,football-data.co.uk,proxy_shots,,,,,,,,
2020-09-21,Aston Villa,Sheffield United,1,0,18.0,4.0,10.0,4.0,3.0,3.0,12.0,13.0,1.45,0.4,1.45,0.4,2.0,1.0,1.0,1.0,2.71,3.19,2.75,2.25,1.66,2.71,3.19,2.75,2.46,3.16,3.16,2.25,1.66,2.23,1.67,0.35273563625105053,0.2996594276615508,0.3476049360873989,0.39108910891089116,0.3044554455445545,0.3044554455445545,3.835347265984063,0.47960178830037115,-4.3149490542844395,G Scott,football-data.co.uk,proxy_shots,,,,,,,,
2020-09-21,Wolves,Man City,1,3,10.0,14.0,4.0,6.0,0.0,3.0,6.0,8.0,0.83,2.69,0.83,2.69,1.0,9.0,6.0,0.0,6.11,4.35,1.54,1.7,2.18,6.11,4.35,1.54,6.81,4.5,1.49,1.7,2.18,1.78,2.07,0.15693339174313428,0.22042828127598865,0.622638326980877,0.1411671077480846,0.21363288972543468,0.6452000025264807,-1.5766283995049672,-0.6795391550553975,2.256167554560373,A Marriner,football-data.co.uk,proxy_shots,,,,,,,,
2020-09-26,Brighton,Man United,2,3,18.0,7.0,7.0,1.0,4.0,2.0,18.0,16.0,2.09,1.23,2.09,1.23,5.0,3.0,0.0,3.0,4.83,3.75,1.75,1.86,1.97,4.83,3.75,1.75,5.37,4.15,1.62,1.86,1.97,1.7,2.19,0.1980982567353407,0.2551505546751189,0.5467511885895404,0.17829155163772048,0.2307049716372431,0.5910034767250364,-1.9806705097620225,-2.444558303787578,4.425228813549598,C Kavanagh,football-data.co.uk,proxy_shots,,,,,,,,
2020-09-26,Burnley,Southampton,0,1,10.0,5.0,8.0,2.0,1.0,0.0,8.0,10.0,0.91,0.56,0.91,0.56,2.0,1.0,0.0,2.0,3.3,3.25,2.31,2.09,1.75,3.3,3.25,2.31,3.26,3.39,2.27,2.09,1.75,1.93,1.89,0.29036375239310785,0.2948308870453095,0.4148053605615826,0.2943102241565922,0.2830239913718261,0.4226657844715817,0.3946471763484338,-1.180689567348342,0.7860423909999081,A Marriner,football-data.co.uk,proxy_shots,,,,,,,,
2020-09-26,Crystal Palace,Everton,1,2,8.0,10.0,7.0,6.0,3.0,1.0,16.0,15.0,0.72,1.65,0.72,1.65,1.0,5.0,3.0,0.0,3.69,3.32,2.12,2.16,1.71,3.69,3.32,2.12,3.49,3.31,2.2,2.16,1.71,2.01,1.82,0.25960460312776634,0.28853644142814994,0.4518589554440838,0.2746691108521079,0.2896057996597754,0.4357250894881166,1.5064507724341536,0.10693582316254613,-1.6133865955967164,K Friend,football-data.co.uk,proxy_shots,,,,,,,,
2020-09-26,West Brom,Chelsea,3,3,9.0,22.0,3.0,9.0,1.0,3.0,8.0,16.0,1.34,3.31,1.34,3.31,3.0,10.0,7.0,0.0,8.24,5.02,1.38,1.64,2.28,8.24,5.02,1.38,6.71,4.76,1.46,1.64,2.28,1.55,2.46,0.11611099564893837,0.19058856656319767,0.693300437787864,0.1427438801457509,0.20122088986932535,0.6560352299849237,2.6632884496812532,1.0632323306127678,-3.7265207802940292,J Moss,football-data.co.uk,proxy_shots,,,,,,,,
2020-09-27,Man City,Leicester,2,5,16.0,7.0,3.0,4.0,1.0,3.0,13.0,8.0,1.98,2.15,1.98,2.15,5.0,7.0,2.0,3.0,1.29,5.93,9.68,1.41,2.9,1.29,5.93,9.68,1.31,5.83,9.22,1.41,2.9,1.44,2.77,0.7403007249227166,0.16104349665266518,0.09865577842461823,0.7316454352297119,0.16440060379947216,0.10395396097081591,-0.8655289693004664,0.33571071468069813,0.5298182546197683,M Oliver,football-data.co.uk,proxy_shots,,,,,,,,
2020-09-27,Sheffield United,Leeds,0,1,14.0,17.0,5.0,7.0,2.0,1.0,18.0,4.0,1.49,2.65,1.49,2.65,4.0,9.0,8.0,4.0,2.72,3.37,2.63,2.0,1.83,2.72,3.37,2.63,2.95,3.34,2.47,2.0,1.83,2.05,1.79,0.35194634496944377,0.2840635187883938,0.3639901362421624,0.32493215645961093,0.2869909765137283,0.38807686702666083,-2.7014188509832837,0.29274577253344813,2.408673078449841,P Tierney,football-data.co.uk,proxy_shots,,,,,,,,
2020-09-27,Tottenham,Newcastle,1,1,23.0,6.0,10.0,4.0,1.0,4.0,15.0,9.0,3.52,0.61,3.52,0.61,12.0,1.0,0.0,11.0,1.47,4.5,6.95,1.75,2.1,1.47,4.5,6.95,1.41,4.82,7.75,1.75,2.1,1.69,2.2,0.65012004614761,0.21237254840821926,0.13750740544417075,0.6782113593821204,0.19839792878190657,0.12339071183597286,2.8091313234510418,-1.397461962631269,-1.4116693608197894,P Bankes,football-data.co.uk,proxy_shots,,,,,,,,
2020-09-27,West Ham,Wolves,4,0,15.0,11.0,1.0,3.0,0.0,1.0,7.0,11.0,2.48,0.96,2.48,0.96,7.0,2.0,2.0,3.0,3.74,3.38,2.07,2.13,1.73,3.74,3.38,2.07,3.36,3.26,2.28,2.13,1.73,2.18,1.69,0.255540621484609,0.2827579657847449,0.4617014127306463,0.28535888694370215,0.2941122270339998,0.420528886022298,2.9818265459093163,1.1354261249254927,-4.117252670834831,M Atkinson,football-data.co.uk,proxy_shots,,,,,,,,
2020-09-28,Fulham,Aston Villa,0,3,16.0,12.0,5.0,3.0,6.0,3.0,18.0,14.0,1.42,1.86,1.42,1.86,3.0,5.0,2.0,3.0,2.92,3.26,2.52,2.07,1.76,2.92,3.26,2.52,3.01,3.38,2.41,2.07,1.76,1.95,1.87,0.3273927182299305,0.293247465408404,0.3793598163616655,0.31852254464547564,0.2836546921251129,0.39782276322941146,-0.8870173584454855,-0.9592773283291112,1.8462946867745966,S Attwell,football-data.co.uk,proxy_shots,,,,,,,,
2020-09-28,Liverpool,Arsenal,3,1,21.0,4.0,7.0,3.0,2.0,2.0,11.0,7.0,2.89,0.86,2.89,0.86,8.0,3.0,2.0,5.0,1.49,4.68,6.3,1.54,2.48,1.49,4.68,6.3,1.49,5.03,5.83,1.54,2.48,1.4,2.95,0.6431347913149319,0.20475872629471126,0.1521064823903569,0.6444140701397388,0.1908900525861254,0.16469587727413565,0.12792788248069398,-1.3868673708585855,1.2589394883778748,C Pawson,football-data.co.uk,proxy_shots,,,,,,,,
2020-10-03,Chelsea,Crystal Palace,4,0,17.0,4.0,8.0,5.0,2.0,0.0,17.0,13.0,2.42,0.22,2.42,0.22,6.0,0.0,0.0,2.0,1.43,4.77,7.39,1.62,2.33,1.43,4.77,7.39,1.53,4.28,6.41,1.62,2.33,1.76,2.08,0.6696600055852019,0.20075761173728274,0.12958238267751537,0.6265011817631677,0.22395953460225387,0.14953928363457827,-4.315882382203418,2.3201922864971136,1.9956900957062902,M Oliver,football-data.co.uk,proxy_shots,,,,,,,,
2020-10-03,Everton,Brighton,4,2,11.0,11.0,3.0,10.0,0.0,1.0,13.0,14.0,2.08,1.34,2.08,1.34,6.0,3.0,1.0,2.0,1.76,3.73,4.79,1.83,2.0,1.76,3.73,4.79,1.79,3.76,4.61,1.83,2.0,1.71,2.15,0.5436904135183906,0.25654024873790016,0.19976933774370928,0.5363799244334831,0.2553510810467912,0.20826899451972555,-0.7310489084907501,-0.11891676911089388,0.8499656776016273,S Hooper,football-data.co.uk,proxy_shots,,,,,,,,
2020-10-03,Leeds,Man City,1,1,12.0,23.0,7.0,10.0,2.0,1.0,11.0,12.0,2.02,1.73,2.02,1.73,7.0,2.0,1.0,6.0,7.45,5.34,1.38,1.37,3.11,7.45,5.34,1.38,8.59,6.64,1.29,1.37,3.11,1.32,3.39,0.12830906165771713,0.17900796055243307,0.6926829777898498,0.11169952650020928,0.14450285130072257,0.743797622199068,-1.6609535157507849,-3.450510925171049,5.11146444092182,M Dean,football-data.co.uk,proxy_shots,,,,,,,,
2020-10-03,Newcastle,Burnley,3,1,10.0,7.0,3.0,4.0,2.0,3.0,13.0,17.0,1.75,1.03,1.75,1.03,5.0,3.0,2.0,2.0,2.47,3.15,3.08,2.31,1.62,2.47,3.15,3.08,2.4,3.27,3.12,2.31,1.62,2.08,1.76,0.3866863822782691,0.3032112267388332,0.3101023909828976,0.39949252889766007,0.2932055257964477,0.3073019453058923,1.2806146619390946,-1.000570094238551,-0.28004456770053254,D Coote,football-data.co.uk,proxy_shots,,,,,,,,
2020-10-04,Arsenal,Sheffield United,2,1,6.0,6.0,2.0,4.0,0.0,1.0,3.0,9.0,1.43,0.79,1.43,0.79,5.0,2.0,1.0,3.0,1.56,4.09,6.25,1.93,1.89,1.56,4.09,6.25,1.5,4.36,6.94,1.93,1.89,1.77,2.07,0.6131139834360287,0.23385276629833862,0.15303325026563278,0.6409537285737285,0.2205116038671084,0.13853466755916322,2.783974513769971,-1.3341162431230207,-1.4498582706469558,L Mason,football-data.co.uk,proxy_shots,,,,,,,,
2020-10-04,Aston Villa,Liverpool,7,2,18.0,14.0,2.0,7.0,2.0,1.0,7.0,10.0,3.67,2.41,3.67,2.41,11.0,8.0,6.0,4.0,9.35,5.41,1.33,1.53,2.5,9.35,5.41,1.33,6.65,4.89,1.45,1.53,2.5,1.44,2.79,0.10247627620014728,0.17710779712964456,0.7204159266702083,0.1439651584215709,0.19578083916225902,0.66025400241617,4.148888222142362,1.8673042032614466,-6.016192425403821,M Atkinson,football-data.co.uk,proxy_shots,,,,,,,,
2020-10-04,Leicester,West Ham,0,3,4.0,14.0,6.0,4.0,2.0,2.0,11.0,8.0,0.22,2.15,0.22,2.15,0.0,6.0,3.0,0.0,1.68,4.12,4.86,1.66,2.23,1.68,4.12,4.86,1.82,3.89,4.21,1.66,2.23,1.59,2.38,0.5703055574543715,0.23255178070954954,0.197142661836079,0.5262686020392751,0.24622335622403102,0.22750804173669378,-4.403695541509645,1.3671575514481478,3.0365379900614773,A Madley,football-data.co.uk,proxy_shots,,,,,,,,
2020-10-04,Man United,Tottenham,1,6,5.0,22.0,2.0,4.0,4.0,1.0,14.0,10.0,0.73,3.25,0.73,3.25,2.0,8.0,2.0,1.0,1.92,3.71,3.97,1.79,2.04,1.92,3.71,3.97,2.08,3.62,3.52,1.79,2.04,1.73,2.12,0.49971330956121107,0.25861173971900947,0.24167495071977965,0.4617882407514785,0.26533688971355673,0.27287486953496465,-3.7925068809732565,0.6725149994547264,3.1199918815184997,A Taylor,football-data.co.uk,proxy_shots,,,,,,,,
2020-10-04,Southampton,West Brom,2,0,13.0,5.0,5.0,1.0,2.0,1.0,19.0,10.0,2.18,0.64,2.18,0.64,7.0,2.0,2.0,5.0,1.76,3.86,4.58,1.8,2.02,1.76,3.86,4.58,1.85,3.75,4.21,1.8,2.02,1.77,2.07,0.5434079647867409,0.2477715072602757,0.20882052795298342,0.5173939403870417,0.2552476772576073,0.2273583823553509,-2.6014024399699243,0.7476169997331583,1.8537854402367493,C Kavanagh,football-data.co.uk,proxy_shots,,,,,,,,
2020-10-04,Wolves,Fulham,1,0,14.0,10.0,6.0,2.0,1.0,1.0,15.0,8.0,1.77,0.91,1.77,0.91,5.0,2.0,2.0,4.0,1.51,4.07,7.19,2.12,1.73,1.51,4.07,7.19,1.79,3.49,5.1,2.12,1.73,2.26,1.65,0.6325025558780873,0.2346631104117719,0.13283433371014072,0.5365168454654243,0.27517626171435805,0.18830689282021762,-9.598571041266302,4.051315130258615,5.5472559110076896,D England,football-data.co.uk,proxy_shots,,,,,,,,
2020-10-17,Chelsea,Southampton,3,3,11.0,13.0,6.0,2.0,1.0,1.0,11.0,9.0,1.8,2.09,1.8,2.09,5.0,6.0,3.0,2.0,1.53,4.56,5.92,1.58,2.4,1.53,4.56,5.92,1.58,4.47,5.38,1.58,2.4,1.53,2.51,0.6273634893189803,0.21049696023202633,0.16213955044899322,0.6071100384735784,0.21459370487432974,0.1782962566520918,-2.0253450845401977,0.4096744642303418,1.6156706203098588,P Bankes,football-data.co.uk,proxy_shots,,,,,,,,
2020-10-17,Everton,Liverpool,2,2,11.0,22.0,2.0,5.0,5.0,2.0,15.0,9.0,1.7,2.85,1.7,2.85,5.0,8.0,6.0,3.0,3.91,4.08,1.85,1.53,2.53,3.91,4.08,1.85,4.12,4.17,1.79,1.53,2.53,1.49,2.63,0.245588804690525,0.23535593782841976,0.5190552574810554,0.23311731913365294,0.2303221474414029,0.5365605334249441,-1.2471485556872053,-0.5033790387016873,1.7505275943888732,M Oliver,football-data.co.uk,proxy_shots,,,,,,,,
2020-10-17,Man City,Arsenal,1,0,13.0,11.0,6.0,6.0,4.0,1.0,15.0,10.0,1.71,1.15,1.71,1.15,5.0,3.0,3.0,4.0,1.49,4.85,6.09,1.43,2.8,1.49,4.85,6.09,1.53,4.73,5.63,1.43,2.8,1.47,2.7,0.6443797709715492,0.19796409458713574,0.157656134441315,0.6268705553345402,0.20277208238094002,0.17035736228451978,-1.7509215637009024,0.4807987793804286,1.2701227843204794,C Kavanagh,football-data.co.uk,proxy_shots,,,,,,,,
2020-10-17,Newcastle,Man United,1,4,7.0,28.0,0.0,7.0,1.0,1.0,9.0,12.0,1.21,4.0,1.21,4.0,4.0,14.0,10.0,3.0,4.78,4.08,1.7,1.74,2.11,4.78,4.08,1.7,4.62,4.11,1.72,1.74,2.11,1.67,2.23,0.2006688963210702,0.2350973834349793,0.5642337202439504,0.207894411801034,0.233691528593863,0.5584140596051029,0.7225515479963779,-0.14058548411162997,-0.5819660638847424,C Pawson,football-data.co.uk,proxy_shots,,,,,,,,
2020-10-18,Crystal Palace,Brighton,1,1,1.0,20.0,2.0,5.0,3.0,4.0,13.0,12.0,0.33,1.74,0.33,1.74,1.0,3.0,2.0,0.0,2.68,3.25,2.76,2.19,1.69,2.68,3.25,2.76,3.1,3.2,2.45,2.19,1.69,2.18,1.69,0.3577011420914949,0.2949658648631404,0.3473329930453647,0.3092092289489253,0.2995464405442714,0.39124433050680335,-4.849191314256962,0.45805756811309606,4.391133746143866,S Attwell,football-data.co.uk,proxy_shots,,,,,,,,
2020-10-18,Leicester,Aston Villa,0,1,11.0,10.0,2.0,7.0,4.0,3.0,18.0,18.0,1.5,1.37,1.5,1.37,5.0,4.0,3.0,5.0,1.89,3.82,3.97,1.63,2.3,1.89,3.82,3.97,2.38,3.57,2.93,1.63,2.3,1.64,2.28,0.5073991669036586,0.2510430433109724,0.2415577897853689,0.40339605323542915,0.26893070215695275,0.32767324460761815,-10.400311366822946,1.788765884598037,8.611545482224924,J Moss,football-data.co.uk,proxy_shots,,,,,,,,
2020-10-18,Sheffield United,Fulham,1,1,10.0,15.0,2.0,5.0,0.0,2.0,5.0,9.0,1.73,2.0,1.73,2.0,6.0,6.0,5.0,5.0,2.11,3.32,3.74,2.25,1.65,2.11,3.32,3.74,2.29,3.16,3.46,2.25,1.65,2.27,1.65,0.45460469952477545,0.2889204566256856,0.256474843849539,0.4190178359278592,0.303655330466708,0.2773268336054328,-3.5586863596916265,1.47348738410224,2.085198975589381,A Marriner,football-data.co.uk,proxy_shots,,,,,,,,
2020-10-18,Tottenham,West Ham,3,3,11.0,13.0,3.0,7.0,0.0,5.0,13.0,12.0,1.99,1.74,1.99,1.74,6.0,4.0,1.0,3.0,1.62,4.19,5.34,1.59,2.37,1.62,4.19,5.34,1.63,4.16,5.36,1.59,2.37,1.61,2.34,0.5917140046333027,0.22877725238805496,0.17950874297864242,0.5896464913579724,0.23103937041189784,0.17931413823012965,-0.20675132753302794,0.22621180238428795,-0.019460474851276666,P Tierney,football-data.co.uk,proxy_shots,,,,,,,,
2020-10-19,Leeds,Wolves,0,1,13.0,7.0,8.0,3.0,2.0,1.0,13.0,12.0,1.07,1.03,1.07,1.03,2.0,3.0,2.0,2.0,2.5,3.26,2.97,2.13,1.72,2.5,3.26,2.97,2.47,3.35,2.94,2.13,1.72,1.98,1.85,0.38334415532996535,0.29397557924077095,0.3226802654292637,0.3879804453758671,0.28606319405325126,0.32595636057088156,0.463629004590177,-0.7912385187519688,0.3276095141617863,D Coote,football-data.co.uk,proxy_shots,,,,,,,,
2020-10-19,West Brom,Burnley,0,0,13.0,9.0,8.0,2.0,2.0,2.0,15.0,17.0,1.79,1.21,1.79,1.21,6.0,4.0,4.0,6.0,2.49,3.3,2.97,2.12,1.73,2.49,3.3,2.97,2.58,3.27,2.87,2.12,1.73,1.99,1.84,0.3856641994546163,0.29100116867939235,0.32333463186599143,0.3720313484843079,0.2935293208224815,0.3344393306932106,-1.3632850970308363,0.25281521430891574,1.110469882721915,A Taylor,football-data.co.uk,proxy_shots,,,,,,,,
2020-10-23,Aston Villa,Leeds,0,3,12.0,27.0,6.0,5.0,2.0,2.0,14.0,17.0,1.38,3.41,1.38,3.41,4.0,9.0,6.0,4.0,2.11,3.75,3.33,1.61,2.36,2.11,3.75,3.33,1.91,3.99,3.73,1.61,2.36,1.52,2.53,0.45531114295402597,0.2561884031021319,0.28850045394384227,0.5023204479561494,0.24045916180357027,0.25722039024028026,4.700930500212341,-1.5729241298561654,-3.128006370356201,P Tierney,football-data.co.uk,proxy_shots,,,,,,,,
2020-10-24,Fulham,Crystal Palace,1,2,16.0,14.0,4.0,4.0,2.0,1.0,11.0,11.0,1.52,2.77,1.52,2.77,3.0,10.0,8.0,2.0,2.74,3.14,2.77,2.27,1.65,2.74,3.14,2.77,2.58,3.15,2.96,2.27,1.65,2.27,1.64,0.3494327312463843,0.3049190075207302,0.34564826123288556,0.3716547485231866,0.30440293688565756,0.3239423145911559,2.2222017276802286,-0.05160706350726407,-2.1705946641729645,G Scott,football-data.co.uk,proxy_shots,,,,,,,,
2020-10-24,Liverpool,Sheffield United,2,1,17.0,13.0,7.0,3.0,0.0,3.0,7.0,15.0,2.04,1.18,2.04,1.18,5.0,2.0,1.0,3.0,1.25,6.36,11.55,1.49,2.61,1.25,6.36,11.55,1.21,7.24,12.71,1.49,2.61,1.34,3.28,0.7664209587304569,0.1506330500649483,0.0829459912045949,0.7921873210979004,0.1323959473105607,0.0754167315915389,2.576636236744345,-1.8237102754387586,-0.7529259613055992,M Dean,football-data.co.uk,proxy_shots,,,,,,,,
2020-10-24,Man United,Chelsea,0,0,14.0,6.0,9.0,6.0,3.0,1.0,8.0,6.0,1.49,0.51,1.49,0.51,4.0,1.0,1.0,4.0,2.38,3.59,2.9,1.62,2.32,2.38,3.59,2.9,2.6,3.46,2.72,1.62,2.32,1.7,2.17,0.40263446931608987,0.26692758690036045,0.3304379437835496,0.36936795503783476,0.2775597349995291,0.35307230996263617,-3.326651427825511,1.0632148099168626,2.263436617908654,M Atkinson,football-data.co.uk,proxy_shots,,,,,,,,
2020-10-24,West Ham,Man City,1,1,6.0,14.0,2.0,10.0,2.0,0.0,14.0,6.0,0.79,2.13,0.79,2.13,2.0,7.0,6.0,1.0,7.2,5.16,1.41,1.42,2.89,7.2,5.16,1.41,6.63,5.07,1.44,1.42,2.89,1.42,2.89,0.1333025526020711,0.18600356177033175,0.6806938856275971,0.14467887781126826,0.18919545559935078,0.6661256665893809,1.1376325209197153,0.31918938290190213,-1.4568219038216257,A Taylor,football-data.co.uk,proxy_shots,,,,,,,,
2020-10-25,Arsenal,Leicester,0,1,12.0,6.0,9.0,3.0,3.0,5.0,13.0,9.0,1.38,0.79,1.38,0.79,4.0,2.0,1.0,4.0,1.93,3.74,3.92,1.74,2.12,1.93,3.74,3.92,1.94,3.54,4.07,1.74,2.12,1.9,1.93,0.4979113317891906,0.25694354822276405,0.24514511998804536,0.4939049473453269,0.27067107283896447,0.23542397981570862,-0.40063844438636975,1.3727524616200415,-0.9721140172336745,C Pawson,football-data.co.uk,proxy_shots,,,,,,,,
2020-10-25,Southampton,Everton,2,0,12.0,6.0,4.0,5.0,1.0,4.0,11.0,11.0,1.94,0.69,1.94,0.69,6.0,2.0,2.0,4.0,2.78,3.47,2.54,1.79,2.05,2.78,3.47,2.54,3.05,3.53,2.32,1.79,2.05,1.74,2.12,0.34534668672810487,0.2766754435458592,0.377977869726036,0.314596210063729,0.27181825515421343,0.4135855347820575,-3.0750476664375856,-0.48571883916457836,3.560766505602153,K Friend,football-data.co.uk,proxy_shots,,,,,,,,
2020-10-25,Wolves,Newcastle,1,1,16.0,5.0,2.0,3.0,0.0,1.0,10.0,10.0,1.52,0.73,1.52,0.73,3.0,2.0,1.0,2.0,1.78,3.49,5.16,2.25,1.66,1.78,3.49,5.16,1.83,3.42,4.89,2.25,1.66,2.29,1.64,0.5390864949978147,0.2749495590533267,0.18596394594885854,0.5237464415569772,0.2802502889032949,0.19600326953972771,-1.5340053440837442,0.5300729849968211,1.0039323590869176,L Mason,football-data.co.uk,proxy_shots,,,,,,,,
2020-10-26,Brighton,West Brom,1,1,5.0,9.0,6.0,2.0,2.0,0.0,14.0,7.0,0.92,1.14,0.92,1.14,3.0,3.0,2.0,2.0,1.75,3.93,4.61,1.83,2.0,1.75,3.93,4.61,1.67,3.99,5.15,1.83,2.0,1.9,1.93,0.5479745813207187,0.24400903748378064,0.20801638119550062,0.573783309086543,0.24015491884073348,0.18606177207272362,2.5808727765824213,-0.3854118643047161,-2.1954609122777,J Moss,football-data.co.uk,proxy_shots,,,,,,,,
2020-10-26,Burnley,Tottenham,0,1,13.0,9.0,4.0,5.0,2.0,0.0,9.0,7.0,1.44,1.14,1.44,1.14,4.0,3.0,2.0,4.0,5.49,4.02,1.63,1.84,1.98,5.49,4.02,1.63,5.7,4.33,1.58,1.84,1.98,1.71,2.15,0.1744053274990618,0.2381804099427486,0.5874142625581897,0.1688050848294036,0.2222145458493304,0.6089803693212661,-0.5600242669658195,-1.5965864093418214,2.1566106763076354,M Oliver,football-data.co.uk,proxy_shots,,,,,,,,
2020-10-30,Wolves,Crystal Palace,2,0,15.0,11.0,7.0,6.0,0.0,4.0,13.0,4.0,1.92,0.96,1.92,0.96,5.0,2.0,2.0,3.0,2.05,3.13,4.27,2.67,1.48,2.05,3.13,4.27,2.07,3.12,4.22,2.67,1.48,2.64,1.49,0.4683740375887942,0.30676254858052016,0.22486341383068573,0.4642562464298559,0.3080161634967313,0.22772759007341273,-0.4117791158938289,0.1253614916211121,0.2864176242727001,M Atkinson,football-data.co.uk,proxy_shots,,,,,,,,
2020-10-31,Burnley,Chelsea,0,3,5.0,14.0,3.0,4.0,1.0,0.0,10.0,15.0,0.28,2.69,0.28,2.69,0.0,9.0,6.0,0.0,6.05,4.37,1.54,1.66,2.23,6.05,4.37,1.54,5.6,4.23,1.6,1.66,2.23,1.81,2.02,0.15840302410480803,0.2192993811977319,0.62229759469746,0.17170692104729046,0.227318855287193,0.6009742236655166,1.3303896942482436,0.8019474089461104,-2.1323371031943483,D Coote,football-data.co.uk,proxy_shots,,,,,,,,
2020-10-31,Liverpool,West Ham,2,1,9.0,4.0,1.0,2.0,0.0,1.0,13.0,14.0,1.59,0.86,1.59,0.86,5.0,3.0,2.0,3.0,1.39,5.26,7.43,1.4,2.95,1.39,5.26,7.43,1.42,5.15,6.96,1.4,2.95,1.42,2.85,0.6890193914412501,0.1820792688409387,0.12890133971781126,0.6757893069784806,0.1863341390115422,0.13787655400997734,-1.323008446276952,0.42548701706034975,0.8975214292166078,K Friend,football-data.co.uk,proxy_shots,,,,,,,,
2020-10-31,Sheffield United,Man City,0,1,5.0,16.0,2.0,5.0,0.0,0.0,14.0,6.0,0.46,2.42,0.46,2.42,1.0,8.0,7.0,1.0,9.43,5.76,1.31,1.51,2.58,9.43,5.76,1.31,10.42,6.04,1.28,1.51,2.58,1.55,2.47,0.10167120973055568,0.16645130343040626,0.7318774868390381,0.0920319597741103,0.1587703676897731,0.7491976725361167,-0.9639249956445384,-0.7680935740633166,1.7320185697078605,M Oliver,football-data.co.uk,proxy_shots,,,,,,,,
2020-11-01,Aston Villa,Southampton,3,4,19.0,9.0,11.0,1.0,1.0,2.0,12.0,17.0,3.14,1.61,3.14,1.61,10.0,4.0,0.0,7.0,2.46,3.6,2.78,1.65,2.27,2.46,3.6,2.78,2.57,3.55,2.69,1.65,2.27,1.66,2.24,0.3893739203510901,0.26607217890657825,0.34455390074233155,0.37322707855375725,0.2701953779952553,0.3565775434509874,-1.6146841797332834,0.4123199088677032,1.2023642708655857,D England,football-data.co.uk,proxy_shots,,,,,,,,
2020-11-01,Man United,Arsenal,0,1,8.0,7.0,6.0,3.0,3.0,3.0,12.0,12.0,0.8,0.84,0.8,0.84,2.0,2.0,1.0,2.0,2.04,3.66,3.58,1.74,2.12,2.04,3.66,3.58,1.99,3.59,3.87,1.74,2.12,1.88,1.95,0.47009945322254276,0.2620226460584664,0.2678779007189908,0.4834352284550101,0.2679766308148942,0.2485881407300956,1.3335775232467317,0.5953984756427777,-1.9289759988895205,M Dean,football-data.co.uk,proxy_shots,,,,,,,,
2020-11-01,Newcastle,Everton,2,1,11.0,15.0,5.0,4.0,2.0,4.0,9.0,10.0,1.52,1.65,1.52,1.65,4.0,4.0,3.0,2.0,3.71,3.47,2.06,1.82,2.01,3.71,3.47,2.06,3.34,3.33,2.27,1.82,2.01,2.04,1.8,0.2583889099748775,0.2762601890509498,0.4653509009741727,0.2878220773632968,0.2886864079259493,0.4234915147107538,2.943316738841928,1.2426218874999506,-4.18593862634189,S Attwell,football-data.co.uk,proxy_shots,,,,,,,,
2020-11-01,Tottenham,Brighton,2,1,9.0,6.0,4.0,5.0,2.0,1.0,14.0,13.0,1.24,0.79,1.24,0.79,3.0,2.0,1.0,1.0,1.63,4.17,5.29,1.65,2.26,1.63,4.17,5.29,1.59,4.29,5.62,1.65,2.26,1.65,2.27,0.5885760330424156,0.23006689061370203,0.18135707634388232,0.6047603639127391,0.22414195305856766,0.17109768302869313,1.618433087032356,-0.5924937555134374,-1.0259393315189187,G Scott,football-data.co.uk,proxy_shots,,,,,,,,
2020-11-02,Fulham,West Brom,2,0,13.0,10.0,5.0,2.0,3.0,2.0,13.0,11.0,1.99,0.73,1.99,0.73,6.0,1.0,1.0,4.0,2.44,3.32,3.01,2.06,1.78,2.44,3.32,3.01,2.41,3.27,3.09,2.06,1.78,2.02,1.81,0.3928391722749859,0.28871312661173665,0.3184477011132776,0.3973081051749967,0.2928172885234685,0.3098746063015347,0.44689329000108247,0.4104161911731852,-0.8573094811742898,S Hooper,football-data.co.uk,proxy_shots,,,,,,,,
2020-11-02,Leeds,Leicester,1,4,11.0,10.0,10.0,3.0,1.0,1.0,9.0,5.0,1.43,2.39,1.43,2.39,4.0,8.0,4.0,3.0,2.56,3.56,2.68,1.75,2.1,2.56,3.56,2.68,2.41,3.63,2.84,1.75,2.1,1.61,2.33,0.37392613030664074,0.26889070044522484,0.3571831692481344,0.39800941243692545,0.264243163628923,0.3377474239341516,2.4083282130284713,-0.4647536816301867,-1.9435745313982844,A Marriner,football-data.co.uk,proxy_shots,,,,,,,,
2020-11-06,Brighton,Burnley,0,0,19.0,4.0,5.0,3.0,1.0,0.0,11.0,5.0,1.58,0.4,1.58,0.4,3.0,1.0,1.0,3.0,1.9,3.48,4.42,2.11,1.74,1.9,3.48,4.42,1.98,3.39,4.19,2.11,1.74,2.19,1.69,0.5061135313705103,0.27632635333447403,0.21756011529501573,0.48623363286264437,0.28399486521180994,0.22977150192554552,-1.9879898507865923,0.7668511877335915,1.2211386630529786,M Dean,football-data.co.uk,proxy_shots,,,,,,,,
2020-11-06,Southampton,Newcastle,2,0,15.0,4.0,8.0,3.0,1.0,2.0,12.0,11.0,2.46,0.58,2.46,0.58,8.0,2.0,2.0,6.0,2.04,3.58,3.7,1.83,2.0,2.04,3.58,3.7,2.16,3.43,3.46,1.83,2.0,1.93,1.89,0.47143487607306067,0.2686388679299005,0.25992625599703884,0.44365275773639073,0.2793848270293306,0.27696241523427867,-2.778211833666994,1.0745959099430102,1.7036159237239834,P Bankes,football-data.co.uk,proxy_shots,,,,,,,,
2020-11-07,Chelsea,Sheffield United,4,1,20.0,6.0,6.0,7.0,0.0,2.0,5.0,14.0,3.12,0.97,3.12,0.97,9.0,3.0,2.0,5.0,1.39,4.93,8.23,1.69,2.19,1.39,4.93,8.23,1.38,4.95,8.63,1.69,2.19,1.75,2.09,0.6892551425858259,0.19433360003941136,0.11641125737476281,0.6950742691457218,0.1937782810951709,0.11114744975910729,0.5819126559895915,-0.05553189442404627,-0.5263807615655522,J Moss,football-data.co.uk,proxy_shots,,,,,,,,
2020-11-07,Crystal Palace,Leeds,4,1,10.0,9.0,3.0,6.0,0.0,2.0,9.0,1.0,2.03,1.14,2.03,1.14,6.0,3.0,2.0,2.0,2.92,3.37,2.47,1.94,1.88,2.92,3.37,2.47,2.84,3.43,2.49,1.94,1.88,1.83,1.99,0.3280134926921152,0.28421347141275266,0.3877730358951322,0.3368647326799062,0.27892007020726917,0.38421519711282465,0.8851239987790971,-0.5293401205483494,-0.3557838782307532,C Kavanagh,football-data.co.uk,proxy_shots,,,,,,,,
2020-11-07,Everton,Man United,1,3,7.0,13.0,5.0,2.0,4.0,2.0,12.0,19.0,0.66,1.91,0.66,1.91,1.0,5.0,2.0,0.0,2.91,3.52,2.42,1.76,2.08,2.91,3.52,2.42,3.18,3.61,2.22,1.76,2.08,1.72,2.15,0.3301219200272828,0.2729132918407367,0.3969647881319806,0.301812183658713,0.2658622559652929,0.43232556037599423,-2.8309736368569816,-0.7051035875443812,3.536077224401363,P Tierney,football-data.co.uk,proxy_shots,,,,,,,,
2020-11-07,West Ham,Fulham,1,0,16.0,13.0,9.0,5.0,2.0,2.0,10.0,9.0,2.24,1.25,2.24,1.25,7.0,3.0,3.0,6.0,1.83,3.82,4.23,1.82,2.0,1.83,3.82,4.23,1.85,3.79,4.2,1.82,2.0,1.83,1.99,0.5230996338632766,0.2505948507774336,0.2263055153592899,0.5185100734539649,0.25309858466750274,0.22839134187853222,-0.4589560409311688,0.25037338900691375,0.20858265192423286,R Jones,football-data.co.uk,proxy_shots,,,,,,,,
2020-11-08,Arsenal,Aston Villa,0,3,13.0,15.0,3.0,8.0,0.0,0.0,11.0,13.0,1.07,2.21,1.07,2.21,2.0,6.0,3.0,2.0,1.7,3.97,4.92,1.68,2.22,1.7,3.97,4.92,1.65,4.31,4.91,1.68,2.22,1.6,2.36,0.5637804730209495,0.24141733101652746,0.19480219596252318,0.5817743456375377,0.2227210371930249,0.19550461716943732,1.7993872616588247,-1.8696293823502548,0.07024212069141333,M Atkinson,football-data.co.uk,proxy_shots,,,,,,,,
2020-11-08,Leicester,Wolves,1,0,10.0,7.0,6.0,3.0,2.0,3.0,12.0,8.0,1.19,0.74,1.19,0.74,3.0,2.0,2.0,2.0,2.38,3.14,3.28,2.34,1.6,2.38,3.14,3.28,2.36,3.14,3.32,2.34,1.6,2.31,1.62,0.40264594117003144,0.3051902356639091,0.2921638231660594,0.406101969583645,0.3052231363749688,0.2886748940413862,0.3456028413613532,0.003290071105965797,-0.348892912467319,A Taylor,football-data.co.uk,proxy_shots,,,,,,,,
2020-11-08,Man City,Liverpool,1,1,7.0,10.0,1.0,2.0,3.0,1.0,19.0,11.0,0.84,1.19,0.84,1.19,2.0,3.0,2.0,1.0,1.99,4.03,3.42,1.44,2.79,1.99,4.03,3.42,1.92,4.14,3.62,1.44,2.79,1.41,2.9,0.48177264481038584,0.2378976583555007,0.2803296968341134,0.5014655691628187,0.23256374222043766,0.2659706886167436,1.9692924352432861,-0.5333916135063038,-1.4359008217369795,C Pawson,football-data.co.uk,proxy_shots,,,,,,,,
2020-11-08,West Brom,Tottenham,0,1,12.0,19.0,9.0,6.0,1.0,0.0,17.0,12.0,1.02,2.04,1.02,2.04,2.0,5.0,4.0,2.0,6.38,4.38,1.52,1.7,2.17,6.38,4.38,1.52,6.41,4.6,1.49,1.7,2.17,1.65,2.25,0.15028578136145698,0.2189094258187433,0.6308047928197997,0.14935422926985523,0.2081218716564722,0.6425238990736726,-0.09315520916017561,-1.078755416227109,1.1719106253872846,A Madley,football-data.co.uk,proxy_shots,,,,,,,,
2020-11-21,Aston Villa,Brighton,1,2,15.0,7.0,12.0,3.0,2.0,3.0,5.0,18.0,1.65,1.12,1.65,1.12,4.0,3.0,1.0,3.0,2.19,3.61,3.21,1.75,2.09,2.19,3.61,3.21,2.28,3.52,3.11,1.75,2.09,1.69,2.18,0.43689276463868437,0.2650402090190357,0.29806702634227994,0.42001872343037805,0.2720575822219494,0.30792369434767264,-1.6874041208306323,0.7017373202913735,0.9856668005392699,M Oliver,football-data.co.uk,proxy_shots,,,,,,,,
2020-11-21,Man United,West Brom,1,0,17.0,7.0,8.0,2.0,1.0,1.0,12.0,17.0,2.3,0.74,2.3,0.74,7.0,2.0,2.0,6.0,1.34,5.34,9.21,1.64,2.28,1.34,5.34,9.21,1.32,5.61,9.13,1.64,2.28,1.56,2.43,0.7161116158792283,0.17969842046407605,0.10418996365669554,0.7247046738572163,0.17051874678993323,0.10477657935285054,0.8593057977987928,-0.9179673674142824,0.05866156961549934,D Coote,football-data.co.uk,proxy_shots,,,,,,,,
2020-11-21,Newcastle,Chelsea,0,2,8.0,14.0,7.0,4.0,2.0,0.0,11.0,12.0,0.62,1.51,0.62,1.51,1.0,3.0,1.0,1.0,6.39,4.54,1.5,1.66,2.24,6.39,4.54,1.5,7.07,4.75,1.45,1.66,2.24,1.68,2.2,0.1499815000792854,0.21109730958295897,0.6389211903377557,0.1357905424721272,0.2021135021637767,0.6620959553640962,-1.4190957607158188,-0.8983807419182283,2.3174765026340416,C Pawson,football-data.co.uk,proxy_shots,,,,,,,,
2020-11-21,Tottenham,Man City,2,0,4.0,22.0,0.0,10.0,2.0,2.0,13.0,19.0,0.78,2.11,0.78,2.11,2.0,5.0,5.0,0.0,4.1,4.03,1.81,1.6,2.37,4.1,4.03,1.81,4.12,4.09,1.8,1.6,2.37,1.57,2.43,0.23350502428109085,0.23756094281699067,0.5289340329019185,0.23276254552812622,0.23446985026305137,0.5327676042088223,-0.0742478752964626,-0.3091092553939301,0.383357130690376,M Dean,football-data.co.uk,proxy_shots,,,,,,,,
2020-11-22,Fulham,Everton,2,3,14.0,9.0,2.0,5.0,2.0,0.0,14.0,10.0,2.05,2.05,2.05,2.05,6.0,7.0,4.0,4.0,3.93,3.79,1.9,1.75,2.1,3.93,3.79,1.9,4.21,3.78,1.85,1.75,2.1,1.87,1.95,0.2435839757532296,0.25258180071509034,0.5038342235316802,0.22781989425091143,0.25373591396728495,0.5184441917818038,-1.5764081502318172,0.11541132521946107,1.4609968250123617,A Madley,football-data.co.uk,proxy_shots,,,,,,,,
2020-11-22,Leeds,Arsenal,0,0,25.0,9.0,5.0,3.0,3.0,2.0,9.0,8.0,2.09,0.85,2.09,0.85,4.0,2.0,2.0,4.0,3.13,3.7,2.21,1.66,2.24,3.13,3.7,2.21,3.48,3.78,2.04,1.66,2.24,1.67,2.23,0.30653825823889513,0.2593147968345248,0.43414694492658,0.2757466529351184,0.25386199794026776,0.4703913491246137,-3.0791605303776723,-0.5452798894257038,3.6244404198033706,A Taylor,football-data.co.uk,proxy_shots,,,,,,,,
2020-11-22,Liverpool,Leicester,3,0,24.0,11.0,10.0,3.0,0.0,2.0,15.0,6.0,3.96,1.32,3.96,1.32,13.0,4.0,4.0,10.0,1.9,3.92,3.82,1.59,2.39,1.9,3.92,3.82,1.78,4.05,4.31,1.59,2.39,1.58,2.4,0.504521502405628,0.2445384833088503,0.25094001428552176,0.5398112956646246,0.23725039661309427,0.22293830772228115,3.5289793258996616,-0.7288086695756035,-2.800170656324061,C Kavanagh,football-data.co.uk,proxy_shots,,,,,,,,
2020-11-22,Sheffield United,West Ham,0,1,9.0,15.0,2.0,6.0,0.0,0.0,7.0,6.0,1.4,1.47,1.4,1.47,5.0,3.0,2.0,5.0,3.06,3.26,2.43,2.11,1.74,3.06,3.26,2.43,3.09,3.2,2.46,2.11,1.74,2.15,1.71,0.3127042773909337,0.29351996589455737,0.39377575671450904,0.31039295937921413,0.29972320140055364,0.38988383922023234,-0.23113180117195764,0.6203235505996274,-0.38919174942766976,M Atkinson,football-data.co.uk,proxy_shots,,,,,,,,
2020-11-23,Burnley,Crystal Palace,1,0,10.0,15.0,4.0,7.0,2.0,0.0,13.0,9.0,1.37,1.72,1.37,1.72,4.0,5.0,5.0,3.0,2.79,3.06,2.8,2.44,1.56,2.79,3.06,2.8,2.65,3.1,2.91,2.44,1.56,2.26,1.65,0.3438561005562378,0.3135158563895109,0.3426280430542512,0.3615993586531716,0.3091091291712596,0.3292915121755686,1.7743258096933834,-0.4406727218251305,-1.3336530878682584,K Friend,football-data.co.uk,proxy_shots,,,,,,,,
2020-11-23,Wolves,Southampton,1,1,20.0,7.0,7.0,4.0,2.0,0.0,14.0,13.0,2.82,0.84,2.82,0.84,9.0,2.0,1.0,8.0,2.32,3.25,3.27,2.23,1.67,2.32,3.25,3.27,2.34,3.19,3.3,2.23,1.67,2.33,1.61,0.41265594725459054,0.2945728608094308,0.29277119193597856,0.40939425051334705,0.30030800821355236,0.2902977412731006,-0.32616967412434916,0.5735147404121566,-0.2473450662877963,A Marriner,football-data.co.uk,proxy_shots,,,,,,,,
2020-11-27,Crystal Palace,Newcastle,0,2,12.0,14.0,7.0,3.0,2.0,2.0,9.0,10.0,1.2,2.23,1.2,2.23,3.0,7.0,5.0,3.0,2.15,3.21,3.74,2.34,1.61,2.15,3.21,3.74,2.16,3.18,3.77,2.34,1.61,2.33,1.61,0.4455041023604808,0.2983905981542161,0.2561052994853031,0.44401235528099364,0.3015932979267127,0.2543943467922935,-0.14917470794871823,0.3202699772496598,-0.1710952693009582,G Scott,football-data.co.uk,proxy_shots,,,,,,,,
2020-11-28,Brighton,Liverpool,1,1,11.0,6.0,4.0,3.0,2.0,1.0,9.0,13.0,1.25,0.79,1.25,0.79,3.0,2.0,1.0,2.0,5.32,4.19,1.62,1.58,2.4,5.32,4.19,1.62,4.81,4.19,1.68,1.58,2.4,1.56,2.44,0.18006207390508527,0.22862296734488155,0.5913149587500331,0.1995583136540048,0.2290872288008981,0.5713544575450971,1.9496239748919537,0.046426145601655144,-1.9960501204936087,S Attwell,football-data.co.uk,proxy_shots,,,,,,,,
2020-11-28,Everton,Leeds,0,1,15.0,23.0,4.0,2.0,1.0,2.0,8.0,14.0,2.26,2.62,2.26,2.62,8.0,7.0,6.0,8.0,2.02,3.72,3.57,1.62,2.31,2.02,3.72,3.57,2.29,3.64,3.01,1.62,2.31,1.59,2.38,0.47419499967864254,0.25749298369646717,0.2683120166248902,0.41842435907717807,0.26323950062822465,0.3183361402945973,-5.577064060146447,0.5746516931757484,5.0024123669707095,C Kavanagh,football-data.co.uk,proxy_shots,,,,,,,,
2020-11-28,Man City,Burnley,5,0,19.0,9.0,6.0,4.0,0.0,0.0,12.0,4.0,2.62,0.68,2.62,0.68,6.0,1.0,1.0,1.0,1.17,7.84,16.81,1.45,2.74,1.17,7.84,16.81,1.12,9.99,20.57,1.45,2.74,1.34,3.23,0.820454843993279,0.12244032748369087,0.05710482852303012,0.8572209835162886,0.09610485500883316,0.046674161474878136,3.6766139523009667,-2.6335472474857706,-1.0430667048151987,L Mason,football-data.co.uk,proxy_shots,,,,,,,,
2020-11-28,West Brom,Sheffield United,1,0,17.0,21.0,14.0,9.0,2.0,3.0,10.0,9.0,2.12,2.05,2.12,2.05,6.0,5.0,5.0,5.0,2.6,3.17,2.9,2.28,1.63,2.6,3.17,2.9,2.64,3.13,2.89,2.28,1.63,2.31,1.62,0.3680880880880881,0.30190190190190186,0.33001001001001,0.36272029191811855,0.305936604045953,0.33134310403592837,-0.5367796169969519,0.4034702144051161,0.13330940259183577,M Dean,football-data.co.uk,proxy_shots,,,,,,,,
2020-11-29,Arsenal,Wolves,1,2,13.0,11.0,8.0,4.0,3.0,4.0,13.0,13.0,1.18,1.7,1.18,1.7,2.0,5.0,3.0,1.0,2.13,3.28,3.72,2.31,1.62,2.13,3.28,3.72,2.09,3.28,3.85,2.31,1.62,2.26,1.65,0.4500509007214624,0.2922586641880229,0.25769043509051476,0.4587045990330443,0.29228433292044587,0.2490110680465097,0.8653698311581859,0.0025668732422989837,-0.8679367044005071,M Oliver,football-data.co.uk,proxy_shots,,,,,,,,
2020-11-29,Chelsea,Tottenham,0,0,13.0,5.0,3.0,3.0,4.0,2.0,20.0,9.0,1.25,0.46,1.25,0.46,3.0,1.0,1.0,3.0,2.1,3.52,3.53,1.76,2.08,2.1,3.52,3.53,2.01,3.65,3.71,1.76,2.08,1.72,2.14,0.45631018045874866,0.2722305053873217,0.2714593141539298,0.4779054953044105,0.2631753549484561,0.2589191497471334,2.159531484566185,-0.9055150438865567,-1.2540164406796395,P Tierney,football-data.co.uk,proxy_shots,,,,,,,,
2020-11-29,Southampton,Man United,2,3,10.0,15.0,5.0,9.0,1.0,0.0,12.0,12.0,1.65,2.21,1.65,2.21,5.0,6.0,3.0,3.0,3.8,3.57,2.0,1.81,2.01,3.8,3.57,2.0,3.83,3.72,1.95,1.81,2.01,1.73,2.12,0.25224334063449444,0.26849431215996605,0.47926234720553945,0.2503960980459162,0.25780028374082237,0.49180361821326124,-0.1847242588578213,-1.0694028419143686,1.2541271007721788,J Moss,football-data.co.uk,proxy_shots,,,,,,,,
2020-11-30,Leicester,Fulham,1,2,16.0,10.0,6.0,5.0,0.0,2.0,9.0,21.0,1.52,1.65,1.52,1.65,3.0,5.0,3.0,2.0,1.54,4.35,6.15,1.73,2.12,1.54,4.35,6.15,1.63,4.09,5.44,1.73,2.12,1.74,2.1,0.6232745063777738,0.22065350340730386,0.1560719902149222,0.5888708033930155,0.23468445220797438,0.17644474439901012,-3.4403702984758366,1.4030948800670517,2.0372754184087905,S Hooper,football-data.co.uk,proxy_shots,,,,,,,,
2020-11-30,West Ham,Aston Villa,2,1,6.0,16.0,3.0,7.0,1.0,1.0,20.0,7.0,0.89,2.06,0.89,2.06,2.0,6.0,5.0,0.0,2.32,3.57,3.01,1.71,2.15,2.32,3.57,3.01,2.34,3.49,3.03,1.71,2.15,1.72,2.14,0.4131166070131059,0.2684679350897495,0.31841545789714476,0.40937227803263454,0.2744788339817664,0.3161488879855989,-0.3744328980471334,0.6010898892016947,-0.2266569911545835,P Bankes,football-data.co.uk,proxy_shots,,,,,,,,
2020-12-05,Burnley,Everton,1,1,8.0,13.0,8.0,4.0,0.0,0.0,6.0,9.0,1.08,1.9,1.08,1.9,3.0,6.0,5.0,2.0,4.02,3.5,1.97,2.01,1.81,4.02,3.5,1.97,3.73,3.51,2.04,2.01,1.81,1.97,1.84,0.23871016881084603,0.27417567960560024,0.4871141515835537,0.25699611297147723,0.2731041314483219,0.4698997555802009,1.8285944160631202,-0.10715481572783347,-1.7214396003352783,A Taylor,football-data.co.uk,proxy_shots,,,,,,,,
2020-12-05,Chelsea,Leeds,3,1,23.0,8.0,8.0,4.0,0.0,2.0,12.0,9.0,3.54,1.08,3.54,1.08,11.0,3.0,2.0,8.0,1.54,4.5,5.82,1.5,2.59,1.54,4.5,5.82,1.47,4.92,6.25,1.5,2.59,1.44,2.79,0.6223445208018479,0.21298012489663234,0.16467535430151986,0.6518987744303041,0.19477463382368843,0.15332659174600755,2.9554253628456206,-1.8205491072943918,-1.1348762555512315,K Friend,football-data.co.uk,proxy_shots,,,,,,,,
2020-12-05,Man City,Fulham,2,0,16.0,6.0,9.0,3.0,0.0,0.0,7.0,6.0,2.16,0.51,2.16,0.51,6.0,1.0,1.0,4.0,1.12,9.74,21.84,1.3,3.48,1.12,9.74,21.84,1.12,10.05,20.63,1.3,3.48,1.32,3.37,0.8574330729989618,0.09859600018057876,0.043970926820459576,0.8578296194636919,0.09559892276610296,0.04657145777020528,0.03965464647300854,-0.29970774144758017,0.26005309497457024,J Moss,football-data.co.uk,proxy_shots,,,,,,,,
2020-12-05,West Ham,Man United,1,3,19.0,15.0,5.0,4.0,0.0,0.0,9.0,10.0,2.23,2.21,2.23,2.21,6.0,6.0,3.0,5.0,3.62,3.57,2.05,1.74,2.11,3.62,3.57,2.05,3.37,3.49,2.17,1.74,2.11,1.8,2.03,0.2645601148108116,0.26826543854765766,0.46717444664153074,0.2842030209212872,0.2744309972792945,0.4413659817994184,1.9642906110475589,0.6165558731636822,-2.5808464842112357,A Marriner,football-data.co.uk,proxy_shots,,,,,,,,
2020-12-06,Liverpool,Wolves,4,0,11.0,9.0,4.0,6.0,1.0,1.0,8.0,14.0,2.08,1.04,2.08,1.04,6.0,3.0,3.0,2.0,1.52,4.25,6.59,1.75,2.1,1.52,4.25,6.59,1.58,4.31,5.57,1.75,2.1,1.63,2.28,0.6296041524762669,0.22517607335621778,0.14521977416751525,0.6059681299236945,0.2221414490207512,0.17189042105555433,-2.3636022552572356,-0.30346243354665847,2.667064688803908,C Pawson,football-data.co.uk,proxy_shots,,,,,,,,
2020-12-06,Sheffield United,Leicester,1,2,4.0,13.0,6.0,5.0,1.0,3.0,13.0,6.0,0.5,1.64,0.5,1.64,1.0,4.0,2.0,0.0,3.86,3.49,2.01,2.01,1.82,3.86,3.49,2.01,4.04,3.52,1.96,2.01,1.82,2.01,1.81,0.24835988089885255,0.27469029807151024,0.47694982102963723,0.23758884787040604,0.27268720039671607,0.48972395173287775,-1.0771033028446508,-0.20030976747941742,1.2774130703240516,S Attwell,football-data.co.uk,proxy_shots,,,,,,,,
2020-12-06,Tottenham,Arsenal,2,0,6.0,11.0,3.0,9.0,1.0,2.0,16.0,12.0,1.07,0.96,1.07,0.96,3.0,2.0,2.0,1.0,2.01,3.54,3.79,1.92,1.9,2.01,3.54,3.79,2.19,3.47,3.36,1.92,1.9,1.88,1.94,0.47661270555135193,0.2706190785757676,0.25276821587288056,0.4380374874609741,0.2764559358903554,0.2855065766486706,-3.8575218090377836,0.5836857314587773,3.273836077579001,M Atkinson,football-data.co.uk,proxy_shots,,,,,,,,
2020-12-06,West Brom,Crystal Palace,1,5,9.0,18.0,4.0,6.0,4.0,2.0,10.0,16.0,1.31,2.57,1.31,2.57,4.0,6.0,1.0,3.0,2.9,3.21,2.58,2.21,1.67,2.9,3.21,2.58,3.01,3.29,2.46,2.21,1.67,2.03,1.8,0.3303101368814014,0.29841102708911643,0.3712788360294821,0.3186265053600463,0.2915093559677019,0.3898641386722517,-1.1683631521355098,-0.6901671121414543,1.858530264276964,P Tierney,football-data.co.uk,proxy_shots,,,,,,,,
2020-12-07,Brighton,Southampton,1,2,12.0,10.0,4.0,3.0,3.0,3.0,12.0,12.0,1.48,1.29,1.48,1.29,4.0,3.0,1.0,3.0,2.52,3.36,2.86,1.94,1.88,2.52,3.36,2.86,2.44,3.38,2.96,1.94,1.88,1.9,1.91,0.3800664451827242,0.28504983388704314,0.33488372093023255,0.3927393775712088,0.283516000376849,0.3237446220519424,1.2672932388484603,-0.15338335101941492,-1.1139098878290177,D Coote,football-data.co.uk,proxy_shots,,,,,,,,
2020-12-11,Leeds,West Ham,1,2,13.0,19.0,5.0,6.0,1.0,2.0,12.0,10.0,2.08,2.69,2.08,2.69,7.0,8.0,6.0,6.0,2.18,3.67,3.2,1.58,2.4,2.18,3.67,3.2,2.14,3.75,3.23,1.58,2.4,1.52,2.53,0.4395110888228558,0.26107198191657377,0.2994169292605705,0.4477868516101842,0.2555370299855451,0.29667611840427066,0.8275762787328445,-0.5534951931028653,-0.2740810856299847,M Oliver,football-data.co.uk,proxy_shots,,,,,,,,
2020-12-12,Everton,Chelsea,1,0,9.0,10.0,6.0,6.0,2.0,3.0,10.0,11.0,1.31,1.09,1.31,1.09,4.0,3.0,3.0,3.0,4.36,4.12,1.75,1.6,2.34,4.36,4.12,1.75,4.77,4.22,1.68,1.6,2.34,1.67,2.22,0.21979562969466396,0.23259925860891625,0.5476051116964199,0.20122273122051737,0.2274484426355137,0.571328826143969,-1.8572898474146586,-0.5150815973402556,2.372371444754906,J Moss,football-data.co.uk,proxy_shots,,,,,,,,
2020-12-12,Man United,Man City,0,0,11.0,9.0,4.0,3.0,1.0,1.0,13.0,6.0,0.96,0.85,0.96,0.85,2.0,2.0,2.0,2.0,4.39,4.16,1.74,1.65,2.27,4.39,4.16,1.74,4.57,4.17,1.71,1.65,2.27,1.64,2.28,0.2184227837558918,0.2304990434347031,0.5510781728094051,0.20971228416901214,0.22982857042023633,0.5604591454107517,-0.8710499586879666,-0.06704730144667659,0.9380972601346627,C Kavanagh,football-data.co.uk,proxy_shots,,,,,,,,
2020-12-12,Newcastle,West Brom,2,1,12.0,13.0,4.0,3.0,2.0,3.0,9.0,12.0,2.12,1.35,2.12,1.35,7.0,3.0,2.0,5.0,2.51,3.25,2.95,2.19,1.69,2.51,3.25,2.95,2.45,3.22,3.08,2.19,1.69,2.08,1.76,0.38122030259050876,0.29441937215451597,0.3243603252549752,0.3911867027444917,0.29764205643602626,0.31117124081948205,0.9966400153982924,0.3222684281510291,-1.318908443549316,D England,football-data.co.uk,proxy_shots,,,,,,,,
2020-12-12,Wolves,Aston Villa,0,1,16.0,13.0,5.0,8.0,2.0,5.0,23.0,15.0,2.14,1.18,2.14,1.18,7.0,2.0,1.0,7.0,2.34,3.27,3.21,2.05,1.79,2.34,3.27,3.21,2.56,3.23,2.9,2.05,1.79,1.97,1.85,0.40907018343797136,0.29272912209322716,0.2982006944688015,0.3737859041173513,0.29625136673078,0.32996272915186875,-3.528427932062006,0.35222446375528516,3.1762034683067264,M Dean,football-data.co.uk,proxy_shots,,,,,,,,
2020-12-13,Arsenal,Burnley,0,1,18.0,10.0,13.0,4.0,4.0,1.0,5.0,11.0,2.07,1.01,2.07,1.01,6.0,2.0,1.0,6.0,1.54,4.22,6.42,1.9,1.92,1.54,4.22,6.42,1.46,4.62,7.17,1.9,1.92,1.72,2.13,0.6231289387736326,0.22739776438658632,0.14947329683978103,0.6580490595723378,0.2079548976137691,0.13399604281389307,3.492012079870521,-1.944286677281723,-1.5477254025887954,G Scott,football-data.co.uk,proxy_shots,,,,,,,,
2020-12-13,Crystal Palace,Tottenham,1,1,16.0,14.0,4.0,7.0,1.0,1.0,15.0,11.0,1.88,1.95,1.88,1.95,5.0,6.0,5.0,4.0,4.71,3.75,1.76,1.9,1.91,4.71,3.75,1.76,4.21,3.77,1.85,1.9,1.91,1.84,1.97,0.20275189619102915,0.25465638161593257,0.5425917221930383,0.22766666557857593,0.25423784140207023,0.5180954930193538,2.4914769387546776,-0.04185402138623395,-2.4496229173684547,K Friend,football-data.co.uk,proxy_shots,,,,,,,,
2020-12-13,Fulham,Liverpool,1,1,10.0,12.0,6.0,8.0,3.0,1.0,9.0,5.0,1.55,1.84,1.55,1.84,5.0,6.0,5.0,4.0,8.44,5.66,1.34,1.42,2.84,8.44,5.66,1.34,8.24,5.43,1.35,1.42,2.84,1.49,2.63,0.11376986817551799,0.16964976809211516,0.7165803637323669,0.11599314532016199,0.17601906398492354,0.7079877906949146,0.22232771446440008,0.636929589280838,-0.8592573037452311,A Marriner,football-data.co.uk,proxy_shots,,,,,,,,
2020-12-13,Leicester,Brighton,3,0,15.0,12.0,9.0,5.0,2.0,1.0,9.0,11.0,2.21,1.38,2.21,1.38,6.0,4.0,4.0,3.0,2.03,3.49,3.76,1.91,1.91,2.03,3.49,3.76,2.04,3.52,3.7,1.91,1.91,1.83,1.99,0.4713522677883183,0.2741676514642653,0.2544800807474165,0.4692859819549739,0.27197255772390533,0.2587414603211207,-0.20662858333443945,-0.21950937403599768,0.4261379573704205,M Atkinson,football-data.co.uk,proxy_shots,,,,,,,,
2020-12-13,Southampton,Sheffield United,3,0,16.0,3.0,8.0,4.0,0.0,1.0,8.0,14.0,2.26,0.2,2.26,0.2,6.0,0.0,0.0,3.0,1.72,3.83,4.95,1.99,1.83,1.72,3.83,4.95,1.64,4.03,5.45,1.99,1.83,1.82,2.01,0.5566190351760564,0.24996990613650572,0.19341105868743777,0.585526263172908,0.23827867781726278,0.17619505900982918,2.8907227996851637,-1.1691228319242937,-1.7215999677608589,A Madley,football-data.co.uk,proxy_shots,,,,,,,,
2020-12-15,Man City,West Brom,1,1,26.0,5.0,13.0,2.0,2.0,3.0,5.0,8.0,2.79,0.56,2.79,0.56,7.0,1.0,0.0,6.0,1.12,9.96,22.77,1.35,3.22,1.12,9.96,22.77,1.1,11.01,24.73,1.35,3.22,1.29,3.55,0.8608538801761872,0.09680284596358732,0.04234327386022529,0.8738283129214455,0.08730346450622979,0.03886822257232471,1.2974432745258224,-0.9499381457357527,-0.3475051287900578,P Bankes,football-data.co.uk,proxy_shots,,,,,,,,
2020-12-15,Wolves,Chelsea,2,1,12.0,13.0,5.0,6.0,2.0,2.0,12.0,12.0,1.58,1.35,1.58,1.35,4.0,3.0,2.0,2.0,5.44,3.79,1.68,2.06,1.78,5.44,3.79,1.68,5.37,3.74,1.69,2.06,1.78,2.1,1.75,0.1762595504373823,0.25299523862252243,0.5707452109400952,0.17814694036308085,0.25578852132346097,0.566064538313458,0.1887389925698535,0.27932827009385375,-0.46806726266371834,S Attwell,football-data.co.uk,proxy_shots,,,,,,,,
2020-12-16,Arsenal,Southampton,1,1,9.0,13.0,2.0,7.0,3.0,3.0,13.0,13.0,1.31,1.35,1.31,1.35,4.0,3.0,2.0,3.0,2.25,3.47,3.19,1.8,2.03,2.25,3.47,3.19,2.16,3.5,3.37,1.8,2.03,1.77,2.06,0.42485501433544554,0.2754823579984878,0.29966262766606666,0.4428516719105511,0.2733027460933687,0.28384558199608023,1.7996657575105546,-0.21796119051191165,-1.581704566998643,P Tierney,football-data.co.uk,proxy_shots,,,,,,,,
2020-12-16,Fulham,Brighton,0,0,9.0,9.0,1.0,8.0,1.0,0.0,15.0,11.0,1.21,1.21,1.21,1.21,4.0,4.0,4.0,4.0,2.9,3.28,2.51,2.05,1.77,2.9,3.28,2.51,2.89,3.28,2.54,2.05,1.77,2.02,1.8,0.3289987931489222,0.29088307930849827,0.38011812754257945,0.3312472665102779,0.29186115860204365,0.3768915748876784,0.22484733613556962,0.09780792935453753,-0.32265526549010715,R Jones,football-data.co.uk,proxy_shots,,,,,,,,
2020-12-16,Leeds,Newcastle,5,2,25.0,10.0,7.0,4.0,3.0,1.0,10.0,13.0,3.67,1.47,3.67,1.47,10.0,4.0,2.0,5.0,1.76,3.89,4.49,1.74,2.1,1.76,3.89,4.49,1.58,4.39,5.36,1.74,2.1,1.55,2.46,0.542174583810597,0.2453026394618639,0.21252277672753908,0.6043446323910889,0.2175090020906425,0.17814636551826873,6.217004858049191,-2.77936373712214,-3.4376411209270348,S Hooper,football-data.co.uk,proxy_shots,,,,,,,,
2020-12-16,Leicester,Everton,0,2,14.0,11.0,4.0,6.0,2.0,3.0,12.0,9.0,1.13,1.89,1.13,1.89,2.0,6.0,4.0,2.0,2.2,3.55,3.22,1.69,2.17,2.2,3.55,3.22,2.13,3.51,3.45,1.69,2.17,1.7,2.16,0.4342260208926875,0.26909781576448244,0.29667616334283,0.4495940120961005,0.2728305543489157,0.2775754335549838,1.5367991203412978,0.3732738584433237,-1.910072978784616,L Mason,football-data.co.uk,proxy_shots,,,,,,,,
2020-12-16,Liverpool,Tottenham,2,1,17.0,8.0,7.0,4.0,0.0,2.0,8.0,9.0,3.12,0.9,3.12,0.9,11.0,2.0,1.0,9.0,1.79,3.84,4.44,1.66,2.24,1.79,3.84,4.44,1.82,3.92,4.19,1.66,2.24,1.64,2.27,0.5349599005986672,0.24936932866448291,0.21567077073685004,0.52668911335578,0.24453423120089784,0.22877665544332207,-0.8270787242887212,-0.48350974635850696,1.310588470647203,A Taylor,football-data.co.uk,proxy_shots,,,,,,,,
2020-12-16,West Ham,Crystal Palace,1,1,9.0,8.0,5.0,3.0,0.0,3.0,8.0,12.0,0.95,0.9,0.95,0.9,2.0,2.0,1.0,1.0,2.1,3.4,3.64,1.97,1.84,2.1,3.4,3.64,2.17,3.37,3.49,1.97,1.84,1.94,1.87,0.45567010309278355,0.2814432989690722,0.26288659793814434,0.44136598179941827,0.28420302092128713,0.27443099727929443,-1.430412129336528,0.2759721952214911,1.1544399341150091,D Coote,football-data.co.uk,proxy_shots,,,,,,,,
2020-12-17,Aston Villa,Burnley,0,0,27.0,6.0,11.0,1.0,1.0,1.0,17.0,19.0,2.75,1.05,2.75,1.05,7.0,4.0,4.0,7.0,1.74,3.84,4.73,1.85,1.96,1.74,3.84,4.73,1.86,3.74,4.17,1.85,1.96,1.75,2.09,0.5491519274376417,0.24883446712018142,0.20201360544217686,0.5145702181573425,0.25590925288038957,0.2295205289622679,-3.4581709280299244,0.7074785760208147,2.7506923520091044,C Pawson,football-data.co.uk,proxy_shots,,,,,,,,
2020-12-17,Sheffield United,Man United,2,3,12.0,14.0,6.0,3.0,3.0,2.0,17.0,8.0,1.94,2.51,1.94,2.51,6.0,8.0,5.0,4.0,7.14,4.54,1.46,1.83,1.99,7.14,4.54,1.46,7.2,4.73,1.44,1.83,1.99,1.67,2.21,0.13399260942338947,0.21072846504030857,0.655278925536302,0.13293985385047782,0.20236087689713322,0.6646992692523891,-0.10527555729116511,-0.8367588143175342,0.9420343716087132,M Oliver,football-data.co.uk,proxy_shots,,,,,,,,
2020-12-19,Crystal Palace,Liverpool,0,7,5.0,14.0,5.0,4.0,1.0,0.0,5.0,11.0,0.82,2.91,0.82,2.91,3.0,8.0,1.0,3.0,6.2,4.45,1.52,1.62,2.32,6.2,4.45,1.52,5.27,4.07,1.65,1.62,2.32,1.69,2.19,0.15450682991456896,0.21526794280232078,0.6302252272831103,0.18218985944074725,0.23590677131516902,0.5819033692440836,2.7683029526178293,2.0638828512848235,-4.832185803902666,J Moss,football-data.co.uk,proxy_shots,,,,,,,,
2020-12-19,Everton,Arsenal,2,1,9.0,13.0,4.0,3.0,1.0,3.0,9.0,9.0,1.05,1.18,1.05,1.18,2.0,2.0,1.0,0.0,2.42,3.44,2.93,1.84,1.98,2.42,3.44,2.93,2.66,3.39,2.68,1.84,1.98,1.91,1.92,0.395346465526033,0.2781216414456395,0.3265318930283275,0.3600751444628518,0.28253683901804894,0.3573880165190992,-3.527132106318115,0.4415197572409435,3.0856123490771656,A Marriner,football-data.co.uk,proxy_shots,,,,,,,,
2020-12-19,Newcastle,Fulham,1,1,12.0,11.0,2.0,9.0,1.0,4.0,7.0,17.0,1.66,1.43,1.66,1.43,5.0,4.0,3.0,4.0,2.58,3.25,2.87,2.14,1.72,2.58,3.25,2.87,2.84,3.29,2.58,2.14,1.72,1.94,1.87,0.3713605471969295,0.29480314208248565,0.33383631072058473,0.337382248897015,0.2912357406892166,0.37138201041376845,-3.39782982999145,-0.3567401393269054,3.7545699693183723,G Scott,football-data.co.uk,proxy_shots,,,,,,,,
2020-12-19,Southampton,Man City,0,1,9.0,11.0,6.0,6.0,2.0,2.0,9.0,11.0,1.04,1.6,1.04,1.6,3.0,5.0,4.0,3.0,6.48,4.63,1.48,1.57,2.43,6.48,4.63,1.48,5.98,4.64,1.52,1.57,2.43,1.55,2.45,0.14753731279012686,0.2064885068855339,0.6459741803243393,0.16069410520943456,0.20710145455871096,0.6322044402318545,1.31567924193077,0.061294767317704446,-1.3769740092484772,M Dean,football-data.co.uk,proxy_shots,,,,,,,,
2020-12-20,Brighton,Sheffield United,1,1,21.0,5.0,14.0,2.0,1.0,7.0,9.0,11.0,2.15,0.92,2.15,0.92,5.0,3.0,2.0,4.0,1.69,3.72,5.43,2.22,1.67,1.69,3.72,5.43,1.88,3.43,4.57,2.22,1.67,2.17,1.69,0.5664005652901738,0.25731638584419186,0.1762830488656342,0.510338563117164,0.27971909581932014,0.20994234106351603,-5.606200217300983,2.2402709975128277,3.3659292197881827,P Bankes,football-data.co.uk,proxy_shots,,,,,,,,
2020-12-20,Man United,Leeds,6,2,26.0,17.0,11.0,13.0,1.0,0.0,6.0,6.0,4.0,1.68,4.0,1.68,14.0,3.0,1.0,8.0,1.71,4.23,4.49,1.5,2.6,1.71,4.23,4.49,1.72,4.34,4.38,1.5,2.6,1.37,3.07,0.5601921902789945,0.22646067266597647,0.21334713705502908,0.5589691715969372,0.22152695279878612,0.21950387560427667,-0.12230186820573197,-0.49337198671903504,0.6156738549247587,A Taylor,football-data.co.uk,proxy_shots,,,,,,,,
2020-12-20,Tottenham,Leicester,0,2,8.0,17.0,5.0,3.0,2.0,2.0,15.0,14.0,0.98,1.85,0.98,1.85,3.0,4.0,2.0,3.0,2.08,3.48,3.62,1.78,2.05,2.08,3.48,3.62,2.1,3.48,3.56,1.78,2.05,1.86,1.96,0.46034437395854644,0.2751483614464875,0.26450726459496593,0.4559265147500442,0.2751280692457163,0.2689454160042396,-0.44178592085022395,-0.00202922007712103,0.4438151409273672,C Pawson,football-data.co.uk,proxy_shots,,,,,,,,
2020-12-20,West Brom,Aston Villa,0,3,1.0,19.0,1.0,7.0,3.0,2.0,14.0,8.0,0.23,3.14,0.23,3.14,1.0,10.0,7.0,1.0,3.69,3.7,1.99,1.75,2.1,3.69,3.7,1.99,4.64,4.02,1.73,1.75,2.1,1.73,2.13,0.25963447359048775,0.25893275879699984,0.48143276761251236,0.2067692197915242,0.23865899995837622,0.5545717802500996,-5.286525379896354,-2.0273758838623617,7.313901263758721,M Atkinson,football-data.co.uk,proxy_shots,,,,,,,,
2020-12-21,Burnley,Wolves,2,1,10.0,15.0,1.0,7.0,2.0,1.0,11.0,15.0,1.47,1.47,1.47,1.47,4.0,3.0,2.0,2.0,3.61,3.13,2.23,2.56,1.51,3.61,3.13,2.23,3.44,3.05,2.36,2.56,1.51,2.49,1.54,0.26509808389828904,0.30575210315425666,0.4291498129474544,0.27890144294105795,0.3145642503990949,0.40653430665984724,1.3803359042768915,0.8812147244838253,-2.261550628760717,L Mason,football-data.co.uk,proxy_shots,,,,,,,,
2020-12-21,Chelsea,West Ham,3,0,11.0,6.0,5.0,4.0,0.0,0.0,11.0,6.0,2.17,0.33,2.17,0.33,7.0,0.0,0.0,4.0,1.49,4.63,6.29,1.55,2.44,1.49,4.63,6.29,1.58,4.3,5.59,1.55,2.44,1.67,2.21,0.6415610164450857,0.20646348045425,0.15197550310066416,0.6060277536860365,0.2226799653078925,0.17129228100607116,-3.5533262759049222,1.6216484853642492,1.9316777905407005,C Kavanagh,football-data.co.uk,proxy_shots,,,,,,,,
2020-12-26,Arsenal,Chelsea,3,1,15.0,19.0,7.0,9.0,2.0,1.0,13.0,10.0,2.38,1.69,2.38,1.69,7.0,3.0,2.0,4.0,4.06,3.59,1.93,1.91,1.91,4.06,3.59,1.93,4.72,3.86,1.75,1.91,1.91,1.79,2.04,0.23615281579010153,0.2670697582473014,0.49677742596259694,0.20325447882001071,0.24853915544830327,0.5482063657316859,-3.2898336970090813,-1.8530602798998124,5.142893976908897,M Oliver,football-data.co.uk,proxy_shots,,,,,,,,
2020-12-26,Aston Villa,Crystal Palace,3,0,21.0,13.0,4.0,4.0,3.0,4.0,18.0,16.0,3.25,1.79,3.25,1.79,10.0,6.0,6.0,7.0,1.94,3.75,3.8,1.77,2.06,1.94,3.75,3.8,1.82,3.83,4.32,1.77,2.06,1.73,2.12,0.4931307748209157,0.2551129875073537,0.2517562376717306,0.5272892990764406,0.25056567214598485,0.22214502877757453,3.4158524255524902,-0.454731536136882,-2.961120889415608,A Taylor,football-data.co.uk,proxy_shots,,,,,,,,
2020-12-26,Fulham,Southampton,0,0,10.0,3.0,6.0,3.0,2.0,0.0,15.0,12.0,0.73,0.53,0.73,0.53,1.0,2.0,2.0,1.0,3.19,3.32,2.32,1.96,1.85,3.19,3.32,2.32,2.88,3.28,2.55,1.96,1.85,2.11,1.74,0.2997742663656885,0.2880361173814898,0.41218961625282163,0.3325064402251694,0.29195687434405115,0.3755366854307796,3.2732173859480906,0.39207569625613337,-3.665293082204202,D England,football-data.co.uk,proxy_shots,,,,,,,,
2020-12-26,Leicester,Man United,2,2,10.0,9.0,5.0,0.0,2.0,1.0,10.0,17.0,1.11,1.41,1.11,1.41,2.0,4.0,2.0,0.0,3.01,3.55,2.32,1.68,2.2,3.01,3.55,2.32,2.96,3.54,2.36,1.68,2.2,1.73,2.13,0.31793458329955565,0.2695727030230035,0.4124927136774408,0.32358318098720296,0.27056672760511885,0.4058500914076783,0.5648597687647305,0.09940245821153382,-0.6642622269762477,M Dean,football-data.co.uk,proxy_shots,,,,,,,,
2020-12-26,Man City,Newcastle,2,0,11.0,7.0,7.0,3.0,2.0,2.0,5.0,12.0,1.89,0.74,1.89,0.74,6.0,2.0,2.0,4.0,1.12,9.31,23.28,1.36,3.14,1.12,9.31,23.28,1.12,9.74,21.01,1.36,3.14,1.31,3.43,0.8558634262842484,0.10296101368833063,0.041175560027420885,0.8559462333118898,0.09842502888186001,0.045628737806250194,0.008280702764140724,-0.45359848064706193,0.4453177778829309,A Marriner,football-data.co.uk,proxy_shots,,,,,,,,
2020-12-26,Sheffield United,Everton,0,1,10.0,7.0,6.0,3.0,2.0,4.0,11.0,10.0,0.91,1.03,0.91,1.03,2.0,3.0,2.0,2.0,4.2,3.59,1.9,1.95,1.87,4.2,3.59,1.9,3.37,3.28,2.27,1.95,1.87,2.22,1.67,0.22828742595133703,0.2670772114193915,0.5046353626292713,0.28473637716020817,0.29254926555789684,0.422714357281895,5.644895120887114,2.5472054138505342,-8.192100534737634,D Coote,football-data.co.uk,proxy_shots,,,,,,,,
2020-12-27,Leeds,Burnley,1,0,11.0,14.0,4.0,12.0,0.0,3.0,8.0,14.0,1.43,1.85,1.43,1.85,4.0,6.0,6.0,3.0,1.75,3.98,4.5,1.6,2.37,1.75,3.98,4.5,1.7,4.15,4.7,1.6,2.37,1.54,2.48,0.5468702290076336,0.24045801526717558,0.21267175572519087,0.5645441389290883,0.23125904486251803,0.2041968162083936,1.7673909921454678,-0.9198970404657558,-0.8474939516797259,R Jones,football-data.co.uk,proxy_shots,,,,,,,,
2020-12-27,Liverpool,West Brom,1,1,17.0,5.0,8.0,3.0,0.0,1.0,8.0,5.0,1.4,0.92,1.4,0.92,2.0,3.0,2.0,1.0,1.13,9.05,20.61,1.36,3.13,1.13,9.05,20.61,1.13,9.2,20.48,1.36,3.13,1.32,3.36,0.8476805872485585,0.10584299045202995,0.0464764222994115,0.848895088360492,0.10426646193993,0.04683844969957793,0.12145011119334415,-0.15765285120999534,0.036202740016642865,K Friend,football-data.co.uk,proxy_shots,,,,,,,,
2020-12-27,West Ham,Brighton,2,2,11.0,13.0,5.0,4.0,0.0,0.0,6.0,8.0,1.52,1.64,1.52,1.64,4.0,4.0,2.0,2.0,2.37,3.32,3.11,1.94,1.88,2.37,3.32,3.11,2.36,3.32,3.15,1.94,1.88,2.01,1.82,0.4038913641288829,0.2883200400558592,0.3077885958152581,0.4064958487515159,0.2889548804378245,0.30454927081065947,0.26044846226330187,0.06348403819653181,-0.32393250045986144,S Hooper,football-data.co.uk,proxy_shots,,,,,,,,
2020-12-27,Wolves,Tottenham,1,1,11.0,6.0,9.0,2.0,4.0,1.0,20.0,13.0,1.79,0.97,1.79,0.97,6.0,3.0,2.0,5.0,3.62,3.28,2.16,2.2,1.68,3.62,3.28,2.16,3.53,3.34,2.17,2.2,1.68,2.16,1.7,0.2645793499043977,0.292005258126195,0.4434153919694072,0.2714725017885168,0.2869155482974444,0.4416119499140388,0.6893151884119098,-0.5089709828750566,-0.18034420553684205,P Tierney,football-data.co.uk,proxy_shots,,,,,,,,
2020-12-28,Chelsea,Aston Villa,1,1,16.0,10.0,11.0,4.0,3.0,1.0,16.0,3.0,1.88,1.01,1.88,1.01,5.0,2.0,1.0,4.0,1.69,4.18,4.72,1.55,2.45,1.69,4.18,4.72,1.81,3.97,4.2,1.55,2.45,1.62,2.31,0.5674219024118076,0.22941220456362557,0.20316589302456672,0.5299777189408074,0.24162712122993987,0.22839515982925268,-3.7444183471000203,1.2214916666314302,2.5229266804685957,S Attwell,football-data.co.uk,proxy_shots,,,,,,,,
2020-12-28,Crystal Palace,Leicester,1,1,4.0,17.0,2.0,5.0,0.0,1.0,10.0,7.0,0.5,1.58,0.5,1.58,1.0,3.0,2.0,0.0,3.81,3.52,2.01,1.88,1.94,3.81,3.52,2.01,3.35,3.37,2.23,1.88,1.94,2.07,1.76,0.25138837072962744,0.27209934445451156,0.47651228481586105,0.28601603799795244,0.28431861344010106,0.4296653485619465,3.4627667268325,1.2219268985589504,-4.684693625391456,G Scott,football-data.co.uk,proxy_shots,,,,,,,,
2020-12-29,Brighton,Arsenal,0,1,13.0,11.0,5.0,4.0,2.0,0.0,11.0,4.0,1.07,1.25,1.07,1.25,2.0,3.0,2.0,2.0,3.22,3.38,2.29,2.04,1.79,3.22,3.38,2.29,3.64,3.44,2.1,2.04,1.79,1.99,1.83,0.29772748253684955,0.28363387389605194,0.4186386435670985,0.26374974442854215,0.27908403189531794,0.4571662236761398,-3.39777381083074,-0.45498420007339946,3.852758010904128,M Atkinson,football-data.co.uk,proxy_shots,,,,,,,,
2020-12-29,Burnley,Sheffield United,1,0,5.0,7.0,3.0,5.0,1.0,2.0,13.0,17.0,0.92,0.93,0.92,0.93,3.0,3.0,3.0,2.0,2.41,3.15,3.22,2.43,1.57,2.41,3.15,3.22,2.4,3.17,3.22,2.43,1.57,2.46,1.55,0.3978473957332308,0.3043848329260591,0.29776777134071003,0.39961007540108207,0.30254390566643435,0.2978460189324835,0.17626796678512635,-0.18409272596247583,0.007824759177349483,C Kavanagh,football-data.co.uk,proxy_shots,,,,,,,,
2020-12-29,Man United,Wolves,1,0,11.0,9.0,2.0,2.0,1.0,1.0,11.0,7.0,1.25,1.4,1.25,1.4,3.0,5.0,5.0,2.0,1.55,4.21,6.1,1.92,1.9,1.55,4.21,6.1,1.54,4.27,6.2,1.92,1.9,1.72,2.13,0.6164204361340806,0.22694814156955465,0.15663142229636476,0.6214874946593485,0.22414303086074866,0.1543694744799027,0.5067058525267898,-0.28051107088059857,-0.2261947816462051,J Moss,football-data.co.uk,proxy_shots,,,,,,,,
2020-12-29,Southampton,West Ham,0,0,8.0,8.0,4.0,3.0,3.0,1.0,16.0,15.0,0.98,0.98,0.98,0.98,3.0,3.0,3.0,3.0,2.19,3.48,3.33,1.9,1.92,2.19,3.48,3.33,2.03,3.58,3.71,1.9,1.92,1.75,2.09,0.4372601623255341,0.2751723435324481,0.28756749414201793,0.47299015330923594,0.26820391374797453,0.2588059329427894,3.5729990983701834,-0.6968429784473595,-2.876156119922851,A Madley,football-data.co.uk,proxy_shots,,,,,,,,
2020-12-29,West Brom,Leeds,0,5,4.0,14.0,3.0,10.0,0.0,1.0,7.0,10.0,0.4,2.35,0.4,2.35,1.0,6.0,1.0,1.0,3.59,3.67,2.03,1.61,2.32,3.59,3.67,2.03,4.23,3.96,1.81,1.61,2.32,1.64,2.28,0.2669033536224926,0.2610852968677789,0.4720113495097284,0.22700453210956875,0.2424821138443121,0.5305133540461193,-3.989882151292387,-1.8603183023466836,5.850200453639093,L Mason,football-data.co.uk,proxy_shots,,,,,,,,
2020-12-30,Newcastle,Liverpool,0,0,8.0,11.0,5.0,12.0,2.0,3.0,9.0,13.0,0.8,1.32,0.8,1.32,2.0,4.0,4.0,2.0,9.81,5.93,1.29,1.5,2.6,9.81,5.93,1.29,10.36,6.02,1.28,1.5,2.6,1.48,2.65,0.09747584988894961,0.16125431490903808,0.7412698352020122,0.09246690410590686,0.15912909078690948,0.7484040051071836,-0.5008945783042756,-0.2125224122128594,0.7134169905171461,P Tierney,football-data.co.uk,proxy_shots,,,,,,,,
2021-01-01,Everton,West Ham,0,1,10.0,11.0,5.0,4.0,2.0,0.0,9.0,7.0,0.91,1.6,0.91,1.6,2.0,5.0,4.0,2.0,2.15,3.44,3.5,1.96,1.86,2.15,3.44,3.5,2.24,3.45,3.29,1.96,1.86,1.93,1.9,0.4465709728867624,0.2791068580542265,0.2743221690590112,0.4291612630018792,0.27864383452875635,0.2921949024693646,-1.7409709884883218,-0.04630235254701742,1.7872733410353392,K Friend,football-data.co.uk,proxy_shots,,,,,,,,
2021-01-01,Man United,Aston Villa,2,1,19.0,5.0,5.0,10.0,4.0,0.0,22.0,10.0,2.87,1.27,2.87,1.27,9.0,5.0,4.0,7.0,1.74,4.14,4.42,1.54,2.48,1.74,4.14,4.42,1.7,4.12,4.68,1.54,2.48,1.56,2.45,0.5512815877950905,0.23169805863851634,0.21702035356639313,0.5631045278258024,0.23234895565627772,0.20454651651791972,1.1822940030711937,0.06508970177613871,-1.2473837048473406,M Oliver,football-data.co.uk,proxy_shots,,,,,,,,
2021-01-02,Brighton,Wolves,3,3,13.0,11.0,5.0,8.0,2.0,1.0,13.0,8.0,1.74,1.62,1.74,1.62,4.0,4.0,1.0,1.0,2.66,3.15,2.85,2.43,1.56,2.66,3.15,2.85,2.83,3.02,2.78,2.43,1.56,2.6,1.5,0.36,0.304,0.33599999999999997,0.33840126402682835,0.3171111182767961,0.34448761769637565,-2.1598735973171634,1.3111118276796119,0.8487617696375682,A Madley,football-data.co.uk,proxy_shots,,,,,,,,
2021-01-02,Crystal Palace,Sheffield United,2,0,9.0,7.0,3.0,6.0,1.0,3.0,8.0,18.0,1.41,0.74,1.41,0.74,4.0,2.0,2.0,2.0,2.01,3.4,3.93,2.25,1.65,2.01,3.4,3.93,2.08,3.26,3.9,2.25,1.65,2.36,1.6,0.4755955622470663,0.281160905916648,0.24324353183628578,0.4605387078545865,0.2938406479563006,0.24562064418911284,-1.505685439247978,1.2679742039652608,0.237711235282706,S Attwell,football-data.co.uk,proxy_shots,,,,,,,,
2021-01-02,Tottenham,Leeds,3,0,20.0,18.0,3.0,5.0,4.0,1.0,15.0,13.0,2.66,1.89,2.66,1.89,7.0,5.0,5.0,4.0,1.8,4.05,4.15,1.44,2.79,1.8,4.05,4.15,1.85,4.0,3.97,1.44,2.79,1.5,2.6,0.5324305060584462,0.23663578047042055,0.23093371347113328,0.5185390781890317,0.23982432366242715,0.24163659814854122,-1.3891427869414552,0.3188543192006593,1.0702884677407931,D Coote,football-data.co.uk,proxy_shots,,,,,,,,
2021-01-02,West Brom,Arsenal,0,4,7.0,21.0,3.0,5.0,1.0,2.0,7.0,4.0,0.93,3.72,0.93,3.72,3.0,12.0,8.0,3.0,5.78,4.01,1.61,1.84,1.98,5.78,4.01,1.61,5.98,4.01,1.6,1.84,1.98,1.95,1.87,0.16579737388834534,0.2389797558789616,0.5952228702326932,0.160545293490609,0.23941667208823988,0.6000380344211512,-0.5252080397736336,0.04369162092782708,0.48151641884580654,M Atkinson,football-data.co.uk,proxy_shots,,,,,,,,
2021-01-03,Chelsea,Man City,1,3,9.0,18.0,5.0,3.0,3.0,1.0,11.0,10.0,0.95,2.37,0.95,2.37,2.0,6.0,3.0,1.0,3.01,3.66,2.24,1.72,2.12,3.01,3.66,2.24,3.37,3.6,2.14,1.72,2.12,1.68,2.2,0.31584056954856804,0.2597486651205436,0.4244107653308883,0.2848290803688285,0.26663166690082,0.44853925273035145,-3.1011489179739558,0.6883001780276399,2.412848739946316,A Taylor,football-data.co.uk,proxy_shots,,,,,,,,
2021-01-03,Newcastle,Leicester,1,2,8.0,9.0,3.0,6.0,0.0,2.0,10.0,11.0,0.9,1.24,0.9,1.24,2.0,3.0,1.0,1.0,5.19,3.97,1.67,1.86,1.96,5.19,3.97,1.67,6.05,4.07,1.59,1.86,1.96,1.86,1.97,0.18466916424104837,0.24141888221940586,0.5739119535395457,0.15894415475643692,0.23626833815146028,0.6047875070921027,-2.5725009484611454,-0.5150544067945573,3.0875553552557,R Jones,football-data.co.uk,proxy_shots,,,,,,,,
2021-01-04,Southampton,Liverpool,1,0,7.0,17.0,1.0,10.0,1.0,3.0,5.0,12.0,1.03,1.11,1.03,1.11,3.0,1.0,1.0,2.0,4.89,4.24,1.65,1.63,2.29,4.89,4.24,1.65,6.0,4.76,1.5,1.63,2.29,1.44,2.78,0.19542936636301927,0.22538905696112363,0.5791815766758571,0.1597315436241611,0.20134228187919467,0.6389261744966444,-3.569782273885819,-2.4046775081928957,5.974459782078723,A Marriner,football-data.co.uk,proxy_shots,,,,,,,,
2021-01-12,Burnley,Man United,0,1,11.0,13.0,3.0,4.0,1.0,2.0,15.0,13.0,0.6,2.08,0.6,2.08,0.0,7.0,6.0,0.0,7.03,4.56,1.47,1.71,2.17,7.03,4.56,1.47,7.76,4.87,1.41,1.71,2.17,1.65,2.26,0.13653779171020547,0.21049576221990016,0.6529664460698943,0.12350290919882374,0.1967931366289265,0.6797039541722497,-1.3034882511381727,-1.3702625590973656,2.6737508102355423,K Friend,football-data.co.uk,proxy_shots,,,,,,,,
2021-01-12,Sheffield United,Newcastle,1,0,17.0,7.0,5.0,2.0,2.0,5.0,13.0,12.0,1.76,0.93,1.76,0.93,4.0,3.0,3.0,3.0,2.49,3.11,3.13,2.5,1.54,2.49,3.11,3.13,2.34,3.13,3.39,2.5,1.54,2.38,1.59,0.38518275238506006,0.308393907858135,0.30642333975680497,0.4101942592055669,0.3066628008118295,0.28314293998260365,2.5011506820506844,-0.1731107046305469,-2.328039977420132,A Madley,football-data.co.uk,proxy_shots,,,,,,,,
2021-01-12,Wolves,Everton,1,2,12.0,5.0,6.0,5.0,2.0,2.0,6.0,11.0,1.3,1.02,1.3,1.02,3.0,3.0,1.0,2.0,2.5,3.12,3.1,2.39,1.59,2.5,3.12,3.1,2.59,2.93,3.16,2.39,1.59,2.53,1.53,0.38347474427087463,0.30727142970422644,0.30925382602489887,0.36988003307779277,0.32695880057047205,0.3031611663517352,-1.3594711193081865,1.9687370866245613,-0.6092659673163692,M Atkinson,football-data.co.uk,proxy_shots,,,,,,,,
2021-01-13,Man City,Brighton,1,0,16.0,5.0,8.0,4.0,0.0,2.0,4.0,12.0,2.06,0.46,2.06,0.46,6.0,1.0,1.0,5.0,1.18,7.48,15.78,1.48,2.64,1.18,7.48,15.78,1.18,7.62,16.73,1.48,2.64,1.61,2.32,0.8113378223440555,0.12799179550347398,0.060670382152470566,0.8160683055981605,0.12637278223173612,0.05755891217010336,0.4730483254104967,-0.1619013271737857,-0.3111469982367207,D England,football-data.co.uk,proxy_shots,,,,,,,,
2021-01-13,Tottenham,Fulham,1,1,15.0,15.0,6.0,5.0,1.0,2.0,13.0,15.0,2.0,1.65,2.0,1.65,6.0,4.0,3.0,5.0,1.4,4.91,7.98,1.68,2.21,1.4,4.91,7.98,1.63,3.82,6.06,1.68,2.21,2.12,1.74,0.6846637473395797,0.1952198057587396,0.12011644690168063,0.5897344447388265,0.25164061385452546,0.15862494140664807,-9.492930260075315,5.642080809578587,3.850849450496743,P Tierney,football-data.co.uk,proxy_shots,,,,,,,,
2021-01-14,Arsenal,Crystal Palace,0,0,11.0,12.0,7.0,3.0,1.0,1.0,10.0,11.0,1.32,1.02,1.32,1.02,4.0,2.0,2.0,4.0,1.55,4.1,6.37,1.87,1.95,1.55,4.1,6.37,1.7,3.82,5.2,1.87,1.95,1.87,1.96,0.6167597501505473,0.23316527139837764,0.1500749784510751,0.5643502471731349,0.2511506335587249,0.18449911926814022,-5.240950297741243,1.798536216034727,3.442414081706513,A Marriner,football-data.co.uk,proxy_shots,,,,,,,,
2021-01-16,Fulham,Chelsea,0,1,10.0,21.0,1.0,12.0,4.0,3.0,11.0,10.0,1.09,2.34,1.09,2.34,3.0,6.0,5.0,3.0,6.3,4.21,1.55,1.77,2.07,6.3,4.21,1.55,6.09,4.1,1.58,1.77,2.07,1.82,2.01,0.15241687785394792,0.22808226377194107,0.6195008583741108,0.15773377616315878,0.2342923650813749,0.6079738587554664,0.5316898309210866,0.6210101309433835,-1.1526999618644451,P Bankes,football-data.co.uk,proxy_shots,,,,,,,,
2021-01-16,Leeds,Brighton,0,1,7.0,7.0,5.0,2.0,1.0,1.0,8.0,9.0,0.74,0.84,0.74,0.84,2.0,2.0,1.0,2.0,2.17,3.57,3.31,1.62,2.32,2.17,3.57,3.31,2.27,3.53,3.14,1.62,2.32,1.64,2.28,0.4418069041325342,0.2685492946687953,0.28964380119867045,0.42265615765049513,0.2717930532200068,0.30555078912949807,-1.9150746482039072,0.32437585512115064,1.590698793082762,K Friend,football-data.co.uk,proxy_shots,,,,,,,,
2021-01-16,Leicester,Southampton,2,0,16.0,8.0,2.0,5.0,2.0,2.0,10.0,11.0,1.98,0.98,1.98,0.98,5.0,3.0,3.0,3.0,1.8,3.72,4.58,1.88,1.94,1.8,3.72,4.58,1.71,3.82,5.1,1.88,1.94,1.92,1.91,0.5327979585709997,0.25780546382467723,0.209396577604323,0.5608719684930561,0.2510709597180958,0.18805707178884826,2.807400992205644,-0.673450410658144,-2.133950581547475,S Attwell,football-data.co.uk,proxy_shots,,,,,,,,
2021-01-16,West Ham,Burnley,1,0,15.0,10.0,7.0,4.0,2.0,1.0,12.0,9.0,1.65,0.91,1.65,0.91,4.0,2.0,2.0,3.0,1.84,3.49,4.69,2.1,1.74,1.84,3.49,4.69,1.77,3.65,4.89,2.1,1.74,2.02,1.81,0.5209568640930893,0.2746592062840356,0.20438392962287513,0.5414493861541122,0.2625658667103503,0.19598474713553757,2.049252206102292,-1.2093339573685302,-0.8399182487337564,C Kavanagh,football-data.co.uk,proxy_shots,,,,,,,,
2021-01-16,Wolves,West Brom,2,3,23.0,12.0,11.0,0.0,2.0,1.0,10.0,14.0,2.54,1.86,2.54,1.86,6.0,5.0,2.0,4.0,1.61,3.67,6.71,2.28,1.64,1.61,3.67,6.71,1.64,3.69,6.13,2.28,1.64,2.3,1.63,0.595723011793166,0.2613389779256124,0.14293801028122166,0.5841185812599259,0.25960825833774487,0.15627316040232928,-1.1604430533240118,-0.1730719587867524,1.3335150121107615,M Oliver,football-data.co.uk,proxy_shots,,,,,,,,
2021-01-17,Liverpool,Man United,0,0,17.0,8.0,7.0,3.0,2.0,1.0,15.0,6.0,1.48,1.16,1.48,1.16,3.0,4.0,4.0,3.0,1.97,3.84,3.65,1.68,2.21,1.97,3.84,3.65,1.94,3.89,3.72,1.68,2.21,1.53,2.51,0.48715212729351814,0.2499191903042268,0.262928682402255,0.49499558736000987,0.24686155256514627,0.2581428600748438,0.7843460066491725,-0.3057637739080521,-0.4785822327411149,P Tierney,football-data.co.uk,proxy_shots,,,,,,,,
2021-01-17,Man City,Crystal Palace,4,0,13.0,2.0,11.0,1.0,0.0,0.0,9.0,8.0,2.19,0.2,2.19,0.2,6.0,0.0,0.0,2.0,1.17,7.67,17.03,1.49,2.62,1.17,7.67,17.03,1.18,7.39,17.06,1.49,2.62,1.56,2.44,0.8188367411802099,0.1249072995020659,0.056255959317724334,0.81377368574608,0.12993950597839976,0.05628680827552019,-0.5063055434129882,0.5032206476333858,0.00308489577958565,L Mason,football-data.co.uk,proxy_shots,,,,,,,,
2021-01-17,Sheffield United,Tottenham,1,3,15.0,14.0,5.0,7.0,4.0,0.0,13.0,4.0,1.82,1.97,1.82,1.97,5.0,5.0,2.0,4.0,5.96,3.73,1.65,2.04,1.79,5.96,3.73,1.65,4.79,3.6,1.8,2.04,1.79,2.11,1.75,0.16103120674632976,0.2573045555517762,0.5816642377018941,0.20033388981636058,0.26655537006121316,0.5331107401224263,3.930268307003082,0.9250814509436933,-4.855349757946781,A Marriner,football-data.co.uk,proxy_shots,,,,,,,,
2021-01-18,Arsenal,Newcastle,3,0,20.0,4.0,7.0,2.0,0.0,0.0,9.0,8.0,2.48,0.4,2.48,0.4,6.0,1.0,1.0,3.0,1.44,4.61,7.54,1.79,2.05,1.44,4.61,7.54,1.43,4.75,7.71,1.79,2.05,1.72,2.14,0.6651829284628957,0.20777948307734703,0.1270375884597573,0.6727093715501201,0.20252092659298349,0.12476970185689645,0.7526443087224388,-0.5258556484363547,-0.22678866028608413,D Coote,football-data.co.uk,proxy_shots,,,,,,,,
2021-01-19,Leicester,Chelsea,2,0,8.0,9.0,6.0,3.0,1.0,3.0,7.0,16.0,1.72,1.4,1.72,1.4,6.0,5.0,5.0,4.0,2.9,3.41,2.49,1.89,1.94,2.9,3.41,2.49,2.8,3.43,2.53,1.89,1.94,1.81,2.01,0.33166412118323974,0.28206039631419205,0.38627548250256827,0.34210889422413554,0.27927256671358,0.37861853906228443,1.0444773040895805,-0.27878296006120795,-0.7656943440283837,C Pawson,football-data.co.uk,proxy_shots,,,,,,,,
2021-01-19,West Ham,West Brom,2,1,14.0,6.0,3.0,1.0,0.0,1.0,10.0,10.0,2.05,0.79,2.05,0.79,6.0,2.0,1.0,4.0,1.58,4.08,6.09,1.89,1.93,1.58,4.08,6.09,1.53,4.22,6.46,1.89,1.93,1.76,2.08,0.6072764066693063,0.23517076532781958,0.1575528280028742,0.6252339363693076,0.22668434185901437,0.14808172177167814,1.7957529700001307,-0.848642346880521,-0.9471106231196069,G Scott,football-data.co.uk,proxy_shots,,,,,,,,
2021-01-20,Fulham,Man United,1,2,12.0,15.0,2.0,8.0,3.0,1.0,6.0,10.0,1.66,1.92,1.66,1.92,5.0,5.0,3.0,4.0,6.05,4.31,1.55,1.73,2.13,6.05,4.31,1.55,5.44,4.1,1.63,1.73,2.13,1.71,2.15,0.15855554368851388,0.22256636643051256,0.6188780898809735,0.17654579940931256,0.234246133850405,0.5892080667402825,1.7990255720798682,1.1679767419892433,-2.9670023140691004,M Atkinson,football-data.co.uk,proxy_shots,,,,,,,,
2021-01-20,Man City,Aston Villa,2,0,28.0,11.0,16.0,2.0,0.0,2.0,10.0,9.0,3.36,1.32,3.36,1.32,9.0,4.0,4.0,7.0,1.25,6.21,11.36,1.48,2.65,1.25,6.21,11.36,1.31,5.79,9.32,1.48,2.65,1.49,2.62,0.762588357127646,0.15350007188559703,0.08391157098675683,0.7316305321942761,0.16553298742219372,0.10283648038353023,-3.095782493336996,1.2032915536596689,1.8924909396773395,J Moss,football-data.co.uk,proxy_shots,,,,,,,,
2021-01-21,Liverpool,Burnley,0,1,27.0,6.0,12.0,0.0,2.0,1.0,11.0,8.0,2.57,1.15,2.57,1.15,6.0,4.0,3.0,6.0,1.2,7.05,14.89,1.52,2.53,1.2,7.05,14.89,1.33,5.49,9.57,1.52,2.53,1.7,2.19,0.7994859199177472,0.13608270977323356,0.06443137030901924,0.723989962670062,0.17539283248655418,0.10061720484338374,-7.549595724768521,3.9310122713320625,3.61858345343645,M Dean,football-data.co.uk,proxy_shots,,,,,,,,
2021-01-23,Aston Villa,Newcastle,2,0,14.0,7.0,5.0,4.0,0.0,3.0,9.0,18.0,1.87,0.56,1.87,0.56,5.0,1.0,1.0,3.0,1.5,4.53,6.37,1.69,2.2,1.5,4.53,6.37,1.51,4.59,6.24,1.69,2.2,1.6,2.37,0.6383231466549868,0.21136528034933338,0.1503115729956798,0.6365521425761587,0.20941039984531581,0.15403745757852555,-0.17710040788281312,-0.19548805040175699,0.37258845828457565,S Hooper,football-data.co.uk,proxy_shots,,,,,,,,
2021-01-26,Crystal Palace,West Ham,2,3,6.0,17.0,3.0,4.0,0.0,0.0,9.0,8.0,1.07,2.5,1.07,2.5,3.0,7.0,4.0,1.0,3.16,3.27,2.39,2.2,1.69,3.16,3.27,2.39,3.53,3.33,2.18,2.2,1.69,2.11,1.75,0.3040866273165531,0.29385741355361095,0.4020559591298359,0.2717889006615574,0.2881125583589483,0.44009854097949436,-3.2297726654995698,-0.5744855194662668,3.8042581849658474,S Attwell,football-data.co.uk,proxy_shots,,,,,,,,
2021-01-26,Newcastle,Leeds,1,2,22.0,9.0,9.0,5.0,1.0,3.0,10.0,15.0,2.21,1.05,2.21,1.05,5.0,2.0,0.0,4.0,3.83,3.83,1.93,1.67,2.23,3.83,3.83,1.93,4.07,3.94,1.84,1.67,2.23,1.66,2.26,0.2509752925877763,0.2509752925877763,0.49804941482444737,0.23557395480629878,0.24334669950802948,0.5210793456856718,-1.5401337781477509,-0.7628593079746809,2.302993086122446,A Taylor,football-data.co.uk,proxy_shots,,,,,,,,
2021-01-26,Southampton,Arsenal,1,3,13.0,9.0,4.0,5.0,1.0,2.0,11.0,6.0,1.71,1.7,1.71,1.7,5.0,5.0,2.0,4.0,3.49,3.6,2.09,1.78,2.05,3.49,3.6,2.09,3.48,3.65,2.08,1.78,2.05,1.79,2.04,0.27477804843310044,0.26638205250875574,0.4588398990581439,0.2757478461739623,0.2629047958042161,0.46134735802182153,0.09697977408618663,-0.3477256704539633,0.25074589636776556,K Friend,football-data.co.uk,proxy_shots,,,,,,,,
2021-01-26,West Brom,Man City,0,5,4.0,18.0,3.0,8.0,2.0,0.0,8.0,8.0,0.4,2.75,0.4,2.75,1.0,7.0,2.0,1.0,15.44,7.06,1.2,1.57,2.42,15.44,7.06,1.2,19.5,8.28,1.15,1.57,2.42,1.47,2.7,0.062291186297115435,0.13622888334666605,0.8014799303562186,0.04923296468069924,0.11594719942918301,0.8348198358901177,-1.3058221616416197,-2.0281683917483044,3.3339905533899095,C Kavanagh,football-data.co.uk,proxy_shots,,,,,,,,
2021-01-27,Brighton,Fulham,0,0,16.0,10.0,10.0,0.0,2.0,1.0,10.0,14.0,1.78,1.09,1.78,1.09,5.0,3.0,3.0,5.0,2.06,3.38,3.82,2.17,1.71,2.06,3.38,3.82,2.05,3.31,3.95,2.17,1.71,2.32,1.62,0.46539021612191644,0.28364019089087217,0.2509695929872115,0.4676562639721006,0.2896360547259233,0.2427076813019762,0.22660478501841386,0.599586383505113,-0.8261911685235296,C Pawson,football-data.co.uk,proxy_shots,,,,,,,,
2021-01-27,Burnley,Aston Villa,3,2,10.0,18.0,2.0,4.0,1.0,0.0,16.0,7.0,1.75,2.99,1.75,2.99,5.0,10.0,8.0,2.0,3.84,3.53,2.0,1.9,1.92,3.84,3.53,2.0,4.41,3.74,1.82,1.9,1.92,1.85,1.98,0.24951228476914816,0.2714241284740875,0.4790635867567644,0.21728637826242403,0.2562120128709331,0.5265016088666428,-3.222590650672413,-1.5212115603154386,4.743802210987836,P Tierney,football-data.co.uk,proxy_shots,,,,,,,,
2021-01-27,Chelsea,Wolves,0,0,14.0,4.0,13.0,1.0,1.0,1.0,14.0,7.0,1.67,0.22,1.67,0.22,5.0,0.0,0.0,5.0,1.62,4.08,5.53,1.94,1.89,1.62,4.08,5.53,1.65,3.85,5.78,1.94,1.89,2.0,1.82,0.5917137417192491,0.23494516215323125,0.17334109612751963,0.5834174477289114,0.25003604902667625,0.1665465032444124,-0.8296293990337711,1.5090886873445009,-0.6794592883107242,A Madley,football-data.co.uk,proxy_shots,,,,,,,,
2021-01-27,Everton,Leicester,1,1,8.0,19.0,5.0,11.0,1.0,1.0,12.0,10.0,0.9,2.23,0.9,2.23,2.0,6.0,5.0,1.0,2.83,3.25,2.61,2.03,1.8,2.83,3.25,2.61,3.18,3.28,2.37,2.03,1.8,2.03,1.8,0.3384025564203731,0.2946705337445095,0.3669269098351172,0.3019976224330435,0.2927903778466703,0.4052119997202862,-3.640493398732958,-0.1880155897839242,3.828508988516899,M Dean,football-data.co.uk,proxy_shots,,,,,,,,
2021-01-27,Man United,Sheffield United,1,2,16.0,5.0,7.0,2.0,1.0,1.0,10.0,12.0,1.7,1.02,1.7,1.02,4.0,3.0,1.0,3.0,1.28,5.94,10.6,1.66,2.24,1.28,5.94,10.6,1.28,6.02,10.77,1.66,2.24,1.56,2.44,0.7483669142047561,0.16126425087240534,0.09036883492283848,0.7510477651152715,0.15969121916072218,0.08926101572400627,0.26808509105153977,-0.15730317116831594,-0.11078191988322106,P Bankes,football-data.co.uk,proxy_shots,,,,,,,,
2021-01-28,Tottenham,Liverpool,1,3,3.0,14.0,1.0,2.0,1.0,2.0,9.0,11.0,0.62,2.33,0.62,2.33,2.0,7.0,4.0,1.0,3.22,3.54,2.22,1.8,2.04,3.22,3.54,2.22,3.57,3.8,2.01,1.8,2.04,1.64,2.28,0.29761417859577366,0.27071120199954557,0.4316746194046807,0.2691360373788306,0.25284622459011186,0.47801773803105735,-2.8478141216943085,-1.7864977409433713,4.634311862637663,M Atkinson,football-data.co.uk,proxy_shots,,,,,,,,
2021-01-30,Arsenal,Man United,0,0,17.0,14.0,4.0,7.0,1.0,3.0,9.0,16.0,1.48,1.31,1.48,1.31,3.0,3.0,3.0,3.0,2.86,3.4,2.51,1.82,2.01,2.86,3.4,2.51,3.48,3.52,2.13,1.82,2.01,1.82,2.01,0.3355008137880063,0.2822153904216758,0.3822837957903179,0.27605708478769936,0.2729200724605665,0.4510228427517342,-5.944372900030692,-0.9295317961109328,6.873904696141631,M Oliver,football-data.co.uk,proxy_shots,,,,,,,,
2021-01-30,Crystal Palace,Wolves,1,0,11.0,6.0,1.0,6.0,1.0,2.0,7.0,10.0,1.06,1.05,1.06,1.05,2.0,4.0,4.0,1.0,2.96,3.1,2.61,2.46,1.56,2.96,3.1,2.61,2.94,3.09,2.63,2.46,1.56,2.4,1.58,0.32373582580443805,0.3091154981874634,0.36714867600809836,0.3258043177581333,0.3099885741776414,0.36420710806422507,0.20684919536952395,0.08730759901779961,-0.2941567943873291,S Hooper,football-data.co.uk,proxy_shots,,,,,,,,
2021-01-30,Everton,Newcastle,0,2,11.0,13.0,7.0,12.0,3.0,4.0,13.0,6.0,1.15,1.45,1.15,1.45,3.0,3.0,1.0,3.0,1.59,3.95,6.27,1.99,1.84,1.59,3.95,6.27,1.57,4.11,6.22,1.99,1.84,1.82,2.01,0.603820919975717,0.2430570285471873,0.1531220514770957,0.6118428138230781,0.23372097754312232,0.15443620863379948,0.8021893847361183,-0.9336051004064982,0.13141571567037713,S Attwell,football-data.co.uk,proxy_shots,,,,,,,,
2021-01-30,Man City,Sheffield United,1,0,10.0,4.0,10.0,0.0,0.0,3.0,7.0,10.0,1.55,0.4,1.55,0.4,5.0,1.0,1.0,4.0,1.13,8.75,21.73,1.49,2.63,1.13,8.75,21.73,1.18,7.27,16.86,1.49,2.63,1.58,2.4,0.8466363196350164,0.10933703327857924,0.044026647086404434,0.811491364197302,0.13171386654096512,0.05679476926173287,-3.5144955437714454,2.237683326238588,1.2768122175328438,D Coote,football-data.co.uk,proxy_shots,,,,,,,,
2021-01-30,Southampton,Aston Villa,0,1,20.0,8.0,7.0,1.0,1.0,0.0,12.0,11.0,2.0,1.26,2.0,1.26,5.0,4.0,3.0,5.0,2.86,3.59,2.41,1.7,2.18,2.86,3.59,2.41,3.22,3.68,2.18,1.7,2.18,1.66,2.26,0.33519035793568086,0.26703187289583485,0.3977777691684843,0.298323640095792,0.261033185083818,0.44064317482039,-3.6866717839888876,-0.5998687812016845,4.286540565190572,L Mason,football-data.co.uk,proxy_shots,,,,,,,,
2021-01-30,West Brom,Fulham,2,2,5.0,12.0,2.0,3.0,1.0,0.0,9.0,10.0,1.02,2.12,1.02,2.12,3.0,7.0,5.0,1.0,3.33,3.19,2.32,2.18,1.7,3.33,3.19,2.32,3.53,3.29,2.2,2.18,1.7,2.18,1.7,0.28741975447685547,0.3000337875886924,0.4125464579344521,0.2719243210344996,0.2917607456692351,0.4363149332962652,-1.5495433442355877,-0.8273041919457325,2.376847536181309,A Taylor,football-data.co.uk,proxy_shots,,,,,,,,
2021-01-31,Brighton,Tottenham,1,0,16.0,8.0,9.0,2.0,2.0,1.0,11.0,11.0,1.88,1.16,1.88,1.16,5.0,4.0,4.0,4.0,3.12,3.36,2.35,2.04,1.8,3.12,3.36,2.35,3.24,3.32,2.31,2.04,1.8,2.13,1.73,0.30710351908895733,0.2851675534397461,0.4077289274712966,0.29598925527973324,0.2888569840681734,0.41515376065209336,-1.111426380922409,0.3689430628427304,0.7424833180796786,P Bankes,football-data.co.uk,proxy_shots,,,,,,,,
2021-01-31,Chelsea,Burnley,2,0,19.0,1.0,4.0,2.0,0.0,1.0,7.0,9.0,2.69,0.2,2.69,0.2,8.0,0.0,0.0,6.0,1.34,5.15,9.64,1.74,2.11,1.34,5.15,9.64,1.33,5.22,10.0,1.74,2.11,1.77,2.08,0.7146949669327974,0.18595946712426187,0.09934556594294072,0.7205704930524304,0.18359363137159626,0.09583587557597324,0.5875526119632934,-0.2365835752665607,-0.350969036696748,G Scott,football-data.co.uk,proxy_shots,,,,,,,,
2021-01-31,Leicester,Leeds,1,3,18.0,8.0,6.0,4.0,0.0,3.0,17.0,16.0,2.53,2.0,2.53,2.0,8.0,7.0,4.0,7.0,1.82,4.02,4.11,1.61,2.34,1.82,4.02,4.11,1.84,3.83,4.2,1.61,2.34,1.71,2.15,0.5275489482355645,0.2388405686041611,0.23361048316027433,0.521237022539629,0.25041151996681915,0.22835145749355176,-0.6311925695935527,1.157095136265804,-0.5259025666722567,C Kavanagh,football-data.co.uk,proxy_shots,,,,,,,,
2021-01-31,West Ham,Liverpool,1,3,8.0,14.0,6.0,5.0,2.0,0.0,7.0,8.0,0.9,1.97,0.9,1.97,2.0,5.0,2.0,1.0,4.39,3.99,1.77,1.65,2.27,4.39,3.99,1.77,3.45,3.68,2.09,1.65,2.27,1.64,2.28,0.21831789221823442,0.24020439770377167,0.5414777100779938,0.27868989082423534,0.2612717726477206,0.460038336528044,6.037199860600093,2.1067374943948947,-8.143937354994984,J Moss,football-data.co.uk,proxy_shots,,,,,,,,
2021-02-02,Man United,Southampton,9,0,24.0,3.0,5.0,3.0,2.0,7.0,11.0,6.0,4.0,0.34,4.0,0.34,14.0,1.0,1.0,5.0,1.44,4.73,7.22,1.58,2.42,1.44,4.73,7.22,1.45,4.79,6.94,1.58,2.42,1.54,2.49,0.6649441378853785,0.2024354246416374,0.1326204374729841,0.6615297973576698,0.20025432279094388,0.13821587985138634,-0.3414340527708726,-0.21811018506935342,0.5595442378402232,M Dean,football-data.co.uk,proxy_shots,,,,,,,,
2021-02-02,Newcastle,Crystal Palace,1,2,21.0,6.0,9.0,1.0,1.0,3.0,14.0,11.0,2.15,1.07,2.15,1.07,5.0,3.0,1.0,4.0,2.91,3.15,2.63,2.26,1.65,2.91,3.15,2.63,2.96,3.27,2.5,2.26,1.65,2.06,1.78,0.3300032265388798,0.30486012356448894,0.3651366498966313,0.323708531650181,0.2930205668760048,0.3832709014738143,-0.6294694888698826,-1.1839556688484132,1.8134251577183014,D England,football-data.co.uk,proxy_shots,,,,,,,,
2021-02-02,Sheffield United,West Brom,2,1,14.0,8.0,9.0,2.0,2.0,1.0,11.0,9.0,2.05,1.26,2.05,1.26,6.0,4.0,3.0,4.0,2.05,3.3,3.99,2.28,1.64,2.05,3.3,3.99,2.12,3.34,3.7,2.28,1.64,2.13,1.73,0.4683848247158637,0.29096633050530923,0.24064884477882717,0.45295937367132405,0.2875071473602417,0.2595334789684343,-1.5425451044539629,-0.3459183145067546,1.8884634189607148,P Tierney,football-data.co.uk,proxy_shots,,,,,,,,
2021-02-02,Wolves,Arsenal,2,1,11.0,9.0,9.0,6.0,3.0,6.0,11.0,8.0,2.06,1.14,2.06,1.14,7.0,3.0,2.0,5.0,3.63,3.29,2.17,2.27,1.64,3.63,3.29,2.17,3.61,3.26,2.18,2.27,1.64,2.25,1.66,0.2648196712798276,0.2921870537221198,0.4429932749980526,0.26572244739242934,0.29425093100818095,0.44002662159938977,0.09027761126017553,0.20638772860611665,-0.2966653398662811,C Pawson,football-data.co.uk,proxy_shots,,,,,,,,
2021-02-03,Aston Villa,West Ham,1,3,9.0,20.0,7.0,3.0,1.0,1.0,11.0,15.0,0.95,3.2,0.95,3.2,2.0,10.0,7.0,1.0,2.21,3.43,3.33,1.7,2.17,2.21,3.43,3.33,2.36,3.45,3.04,1.7,2.17,1.78,2.04,0.43327959334635735,0.27916848434269664,0.28755192231094584,0.406442312163817,0.2780301033932197,0.3155275844429632,-2.6837281182540362,-0.11383809494769359,2.797566213201735,A Madley,football-data.co.uk,proxy_shots,,,,,,,,
2021-02-03,Burnley,Man City,0,2,2.0,17.0,1.0,3.0,2.0,1.0,8.0,5.0,0.2,2.22,0.2,2.22,0.0,6.0,4.0,0.0,14.33,6.54,1.22,1.63,2.29,14.33,6.54,1.22,15.35,6.88,1.2,1.63,2.29,1.56,2.45,0.0669476991028666,0.14669121225444623,0.7863610886426872,0.062411175954763996,0.13924586495721328,0.7983429590880228,-0.4536523148102607,-0.7445347297232952,1.1981870445335607,M Atkinson,football-data.co.uk,proxy_shots,,,,,,,,
2021-02-03,Fulham,Leicester,0,2,8.0,9.0,5.0,2.0,3.0,1.0,17.0,10.0,0.62,1.59,0.62,1.59,1.0,5.0,3.0,1.0,4.0,3.49,1.97,2.0,1.83,4.0,3.49,1.97,3.79,3.33,2.08,2.0,1.83,2.14,1.73,0.23942985098536318,0.2744181673184678,0.48615198169616886,0.252509086666934,0.287390221762066,0.46010069157099986,1.3079235681570822,1.2972054443598224,-2.6051290125168993,R Jones,football-data.co.uk,proxy_shots,,,,,,,,
2021-02-03,Leeds,Everton,1,2,16.0,10.0,7.0,1.0,2.0,3.0,12.0,12.0,2.24,1.83,2.24,1.83,7.0,6.0,4.0,6.0,2.47,3.63,2.75,1.65,2.26,2.47,3.63,2.75,2.58,3.48,2.72,1.65,2.26,1.72,2.14,0.38780394000256396,0.2638776120678603,0.34831844792957567,0.3717598265623527,0.2756150438307097,0.3526251296069375,-1.6044113440211283,1.1737431762849415,0.4306681677361812,M Oliver,football-data.co.uk,proxy_shots,,,,,,,,
2021-02-03,Liverpool,Brighton,0,1,11.0,13.0,6.0,3.0,1.0,0.0,12.0,6.0,0.78,1.54,0.78,1.54,1.0,4.0,3.0,1.0,1.36,5.23,8.38,1.63,2.3,1.36,5.23,8.38,1.5,4.57,6.38,1.63,2.3,1.62,2.32,0.7030720118067921,0.1828256091887643,0.11410237900444359,0.6396572301103953,0.2099531389859066,0.150389630903698,-6.3414781696396805,2.712752979714228,3.6287251899254414,K Friend,football-data.co.uk,proxy_shots,,,,,,,,
2021-02-04,Tottenham,Chelsea,0,1,7.0,18.0,2.0,7.0,2.0,3.0,20.0,14.0,0.74,1.45,0.74,1.45,2.0,2.0,1.0,2.0,3.48,3.43,2.16,1.96,1.86,3.48,3.43,2.16,3.98,3.48,1.98,1.96,1.86,2.04,1.8,0.2758096939915122,0.2798302434666071,0.4443600625418807,0.24074462286696574,0.2753343675317597,0.48392100960127465,-3.506507112454643,-0.4495875934847404,3.9560947059393947,A Marriner,football-data.co.uk,proxy_shots,,,,,,,,
2021-02-06,Aston Villa,Arsenal,1,0,12.0,14.0,3.0,7.0,3.0,2.0,12.0,12.0,2.2,1.31,2.2,1.31,8.0,3.0,3.0,7.0,2.74,3.47,2.56,1.69,2.19,2.74,3.47,2.56,2.98,3.46,2.4,1.69,2.19,1.72,2.14,0.34965794673573336,0.27609878214867706,0.37424327111558964,0.32227517580762843,0.27756648089789965,0.400158343294472,-2.7382770928104927,0.146769874922259,2.5915072178882337,C Kavanagh,football-data.co.uk,proxy_shots,,,,,,,,
2021-02-06,Burnley,Brighton,1,1,20.0,10.0,8.0,7.0,2.0,0.0,8.0,10.0,2.46,1.01,2.46,1.01,7.0,2.0,1.0,6.0,3.58,3.17,2.22,2.43,1.57,3.58,3.17,2.22,3.64,3.15,2.21,2.43,1.57,2.47,1.55,0.267240331743476,0.30180453868821583,0.43095512956830817,0.26297696803025095,0.30388449639051224,0.4331385355792369,-0.42633637132250546,0.2079957702296409,0.21834060109287567,A Taylor,football-data.co.uk,proxy_shots,,,,,,,,
2021-02-06,Fulham,West Ham,0,0,20.0,8.0,7.0,3.0,1.0,4.0,11.0,10.0,1.46,0.62,1.46,0.62,2.0,1.0,1.0,2.0,3.57,3.46,2.1,1.99,1.83,3.57,3.46,2.1,4.1,3.63,1.91,1.99,1.83,1.96,1.86,0.2679677819083024,0.27648698884758366,0.455545229244114,0.2338594070960931,0.2641387242683145,0.5020018686355925,-3.4108374812209297,-1.2348264579269186,4.645663939147848,M Dean,football-data.co.uk,proxy_shots,,,,,,,,
2021-02-06,Man United,Everton,3,3,14.0,6.0,5.0,1.0,2.0,1.0,14.0,10.0,1.97,1.17,1.97,1.17,5.0,3.0,0.0,2.0,1.56,4.26,5.99,1.69,2.2,1.56,4.26,5.99,1.62,4.15,5.45,1.69,2.2,1.67,2.23,0.6147674872432385,0.2251261220890733,0.16010639066768817,0.5925542645305807,0.23131033940711823,0.17613539606230105,-2.22132227126578,0.6184217318044943,1.6029005394612883,J Moss,football-data.co.uk,proxy_shots,,,,,,,,
2021-02-06,Newcastle,Southampton,3,2,6.0,14.0,0.0,7.0,4.0,1.0,11.0,14.0,1.35,1.87,1.35,1.87,4.0,5.0,3.0,1.0,2.99,3.27,2.47,1.99,1.83,2.99,3.27,2.47,3.28,3.47,2.23,1.99,1.83,1.84,1.98,0.3200103013134175,0.2926088076229719,0.3873808910636106,0.29273173665833147,0.2767031977634949,0.4305650655781737,-2.7278564655086046,-1.5905609859477032,4.318417451456308,C Pawson,football-data.co.uk,proxy_shots,,,,,,,,
2021-02-07,Liverpool,Man City,1,4,8.0,8.0,6.0,1.0,2.0,1.0,13.0,8.0,1.08,1.74,1.08,1.74,3.0,5.0,1.0,2.0,3.37,3.63,2.12,1.7,2.17,3.37,3.63,2.12,3.13,3.6,2.25,1.7,2.17,1.74,2.12,0.2842526345339101,0.26389294170228017,0.45185442376380985,0.3066962003748509,0.26665530754813427,0.4266484920770148,2.2443565840940813,0.2762365845854098,-2.520593168679508,M Oliver,football-data.co.uk,proxy_shots,,,,,,,,
2021-02-07,Sheffield United,Chelsea,1,2,8.0,9.0,1.0,8.0,1.0,0.0,8.0,8.0,1.08,1.24,1.08,1.24,3.0,3.0,1.0,2.0,7.18,4.38,1.48,1.88,1.94,7.18,4.38,1.48,6.99,4.27,1.5,1.88,1.94,1.95,1.87,0.1335002842009012,0.2188429316352673,0.6476567841638315,0.13704257627205677,0.22433901830015854,0.6386184054277846,0.3542292071155556,0.5496086664891237,-0.9038378736046959,K Friend,football-data.co.uk,proxy_shots,,,,,,,,
2021-02-07,Tottenham,West Brom,2,0,13.0,4.0,8.0,0.0,1.0,2.0,16.0,12.0,1.99,0.4,1.99,0.4,6.0,1.0,1.0,4.0,1.46,4.51,7.23,1.75,2.1,1.46,4.51,7.23,1.39,4.93,8.25,1.75,2.1,1.68,2.19,0.6554534179469603,0.21218669405821777,0.13235988799482185,0.689449711574483,0.1943884582329678,0.11616183019254923,3.3996293627522656,-1.7798235825249975,-1.6198057802272612,S Attwell,football-data.co.uk,proxy_shots,,,,,,,,
2021-02-07,Wolves,Leicester,0,0,13.0,13.0,8.0,2.0,1.0,3.0,11.0,15.0,0.9,1.25,0.9,1.25,1.0,3.0,3.0,1.0,3.52,3.37,2.16,2.22,1.67,3.52,3.37,2.16,3.36,3.22,2.31,2.22,1.67,2.27,1.64,0.27217253447399126,0.2842870389758009,0.44354042655020787,0.2858757062146893,0.29830508474576267,0.41581920903954805,1.3703171740698017,1.4018045769961796,-2.7721217510659812,M Atkinson,football-data.co.uk,proxy_shots,,,,,,,,
2021-02-08,Leeds,Crystal Palace,2,0,17.0,8.0,5.0,3.0,0.0,2.0,7.0,8.0,2.4,0.98,2.4,0.98,7.0,3.0,3.0,5.0,1.86,3.82,4.06,1.65,2.26,1.86,3.82,4.06,1.82,3.71,4.48,1.65,2.26,1.86,1.97,0.5141284890273817,0.2503348140290393,0.23553669694357887,0.5271992539633198,0.25862604911408144,0.2141746969225987,1.3070764935938062,0.8291235085042148,-2.1362000020980183,A Marriner,football-data.co.uk,proxy_shots,,,,,,,,
2021-02-13,Brighton,Aston Villa,0,0,26.0,4.0,9.0,2.0,2.0,3.0,16.0,12.0,3.05,0.4,3.05,0.4,9.0,1.0,1.0,9.0,2.77,3.4,2.56,1.78,2.06,2.77,3.4,2.56,2.88,3.36,2.51,1.78,2.06,1.93,1.9,0.3452159979693177,0.2812495042279441,0.37353449780273823,0.33282818715665846,0.2852813032771358,0.38189050956620574,-1.2387810812659217,0.4031799049191709,0.8356011763467508,D England,football-data.co.uk,proxy_shots,,,,,,,,
2021-02-13,Crystal Palace,Burnley,0,3,13.0,16.0,7.0,4.0,0.0,0.0,15.0,14.0,1.25,1.9,1.25,1.9,3.0,4.0,1.0,3.0,2.42,3.11,3.22,2.4,1.58,2.42,3.11,3.22,2.84,3.14,2.69,2.4,1.58,2.26,1.65,0.39530569064611887,0.3076012126571086,0.29709309669677253,0.33781265247682357,0.3055375582911397,0.3566497892320368,-5.74930381692953,-0.20636543659688922,5.955669253526424,M Oliver,football-data.co.uk,proxy_shots,,,,,,,,
2021-02-13,Leicester,Liverpool,3,1,11.0,15.0,2.0,12.0,1.0,2.0,9.0,6.0,1.99,1.65,1.99,1.65,6.0,4.0,3.0,3.0,3.45,3.49,2.14,1.73,2.13,3.45,3.49,2.14,3.74,3.83,1.94,1.73,2.13,1.64,2.28,0.27772468494464914,0.2745415939997248,0.447733721055626,0.2561254739744915,0.25010685970355045,0.49376766632195795,-2.159921097015766,-2.4434734296174323,4.603394526633197,A Taylor,football-data.co.uk,proxy_shots,,,,,,,,
2021-02-13,Man City,Tottenham,3,0,15.0,7.0,4.0,2.0,1.0,3.0,12.0,13.0,2.21,0.93,2.21,0.93,6.0,3.0,3.0,3.0,1.33,5.56,8.65,1.62,2.33,1.33,5.56,8.65,1.34,5.62,8.46,1.62,2.33,1.56,2.46,0.7178926847908672,0.1717261278366643,0.1103811873724686,0.7159084749233576,0.17069703850485754,0.11339448657178477,-0.19842098675095787,-0.10290893318067595,0.3013299199316172,P Tierney,football-data.co.uk,proxy_shots,,,,,,,,
2021-02-14,Arsenal,Leeds,4,2,13.0,9.0,4.0,5.0,0.0,2.0,8.0,17.0,2.01,1.59,2.01,1.59,5.0,5.0,3.0,1.0,1.89,3.77,3.98,1.59,2.38,1.89,3.77,3.98,1.81,3.87,4.23,1.59,2.38,1.63,2.29,0.5060214959480105,0.2536818640163766,0.24029664003561296,0.527538501696685,0.24672989355839786,0.22573160474491719,2.1517005748674545,-0.695197045797874,-1.4565035290695776,S Attwell,football-data.co.uk,proxy_shots,,,,,,,,
2021-02-14,Everton,Fulham,0,2,7.0,12.0,5.0,4.0,1.0,1.0,7.0,16.0,0.74,1.4,0.74,1.4,2.0,3.0,1.0,2.0,1.93,3.53,4.09,1.99,1.84,1.93,3.53,4.09,2.04,3.37,3.92,1.99,1.84,2.13,1.72,0.49538674800904464,0.2708488452287411,0.2337644067622142,0.4704223345915533,0.2847660423046791,0.24481162310376753,-2.496441341749134,1.3917197075938026,1.104721634155334,A Madley,football-data.co.uk,proxy_shots,,,,,,,,
2021-02-14,Southampton,Wolves,1,2,7.0,10.0,4.0,6.0,2.0,2.0,10.0,9.0,1.03,1.47,1.03,1.47,3.0,4.0,2.0,2.0,2.42,3.21,3.12,2.29,1.63,2.42,3.21,3.12,2.23,3.24,3.49,2.29,1.63,2.2,1.68,0.3953295597186368,0.2980366151149847,0.3066338251663785,0.429693526628793,0.2957458532043853,0.27456062016682187,3.4363966910156196,-0.22907619105994037,-3.207320499955663,G Scott,football-data.co.uk,proxy_shots,,,,,,,,
2021-02-14,West Brom,Man United,1,1,7.0,10.0,4.0,5.0,5.0,0.0,13.0,10.0,1.03,1.91,1.03,1.91,3.0,7.0,6.0,2.0,9.19,5.52,1.33,1.54,2.48,9.19,5.52,1.33,9.63,5.82,1.3,1.54,2.48,1.5,2.61,0.1044426835635361,0.17388193151248132,0.7216753849239825,0.0993805463171666,0.16443894519489938,0.736180508487934,-0.5062137246369502,-0.9442986317581947,1.4505123563951505,C Pawson,football-data.co.uk,proxy_shots,,,,,,,,
2021-02-15,Chelsea,Newcastle,2,0,18.0,10.0,10.0,5.0,0.0,0.0,9.0,13.0,2.09,1.27,2.09,1.27,5.0,4.0,4.0,3.0,1.24,6.36,11.97,1.6,2.36,1.24,6.36,11.97,1.29,5.74,10.69,1.6,2.36,1.69,2.19,0.7700832706173678,0.15014202131533586,0.07977470806729624,0.743266634607348,0.1670407593455538,0.08969260604709813,-2.6816636010019823,1.6898738030217935,0.9917897979801887,P Bankes,football-data.co.uk,proxy_shots,,,,,,,,
2021-02-15,West Ham,Sheffield United,3,0,13.0,8.0,7.0,7.0,0.0,2.0,11.0,12.0,2.63,1.34,2.63,1.34,9.0,5.0,5.0,6.0,1.73,3.74,5.04,2.03,1.79,1.73,3.74,5.04,2.03,3.27,4.07,2.03,1.79,2.36,1.6,0.5537647992009166,0.2561532359940068,0.1900819648050765,0.47179456274748227,0.2928877560787122,0.2353176811738056,-8.197023645343432,3.67345200847054,4.523571636872911,S Hooper,football-data.co.uk,proxy_shots,,,,,,,,
2021-02-17,Burnley,Fulham,1,1,8.0,8.0,5.0,5.0,1.0,1.0,7.0,13.0,1.08,1.08,1.08,1.08,3.0,3.0,2.0,2.0,2.77,3.15,2.72,2.29,1.63,2.77,3.15,2.72,2.96,3.13,2.59,2.29,1.63,2.33,1.61,0.3450956383745706,0.30346505342779695,0.35143930819763247,0.3237771538347864,0.3061918132111718,0.3700310329540416,-2.131848453978419,0.27267597833748325,1.8591724756409134,J Moss,football-data.co.uk,proxy_shots,,,,,,,,
2021-02-17,Everton,Man City,1,3,3.0,16.0,0.0,10.0,2.0,1.0,8.0,8.0,0.62,2.44,0.62,2.44,2.0,7.0,4.0,1.0,8.56,5.33,1.35,1.64,2.27,8.56,5.33,1.35,10.79,5.8,1.29,1.64,2.27,1.64,2.27,0.11177250012815275,0.17950705461481942,0.7087204452570278,0.08908935250068171,0.16573691611764751,0.7451737313816709,-2.2683147627471034,-1.3770138497171902,3.6453286124643047,A Marriner,football-data.co.uk,proxy_shots,,,,,,,,
2021-02-19,Wolves,Leeds,1,0,15.0,18.0,7.0,9.0,1.0,0.0,13.0,8.0,1.82,2.25,1.82,2.25,5.0,7.0,7.0,4.0,2.38,3.36,3.08,1.88,1.94,2.38,3.36,3.08,2.3,3.36,3.21,1.88,1.94,1.94,1.88,0.40305343511450387,0.2854961832061069,0.3114503816793893,0.41648710641551406,0.2850953407010959,0.29841755288339006,1.3433671301010197,-0.040084250501104535,-1.3032828795999263,D Coote,football-data.co.uk,proxy_shots,,,,,,,,
2021-02-20,Burnley,West Brom,0,0,6.0,10.0,5.0,5.0,3.0,2.0,16.0,10.0,0.51,1.09,0.51,1.09,1.0,3.0,3.0,1.0,2.04,3.31,3.96,2.2,1.68,2.04,3.31,3.96,2.16,3.26,3.67,2.2,1.68,2.3,1.63,0.4691607250236234,0.2891504166308736,0.24168885834550297,0.4442208443173802,0.29433037537593293,0.261448780306687,-2.49398807062432,0.5179958745059332,1.9759921961184035,M Dean,football-data.co.uk,proxy_shots,,,,,,,,
2021-02-20,Fulham,Sheffield United,1,0,15.0,4.0,6.0,4.0,1.0,2.0,11.0,14.0,2.19,0.58,2.19,0.58,7.0,2.0,2.0,6.0,2.2,3.19,3.61,2.36,1.6,2.2,3.19,3.61,1.97,3.34,4.2,2.36,1.6,2.28,1.64,0.4349578295733101,0.2999709169471104,0.2650712534795796,0.48570379962467713,0.28647798959898624,0.22781821077633665,5.074597005136705,-1.3492927348124184,-3.725304270324295,M Atkinson,football-data.co.uk,proxy_shots,,,,,,,,
2021-02-20,Liverpool,Everton,0,2,15.0,9.0,7.0,2.0,2.0,1.0,10.0,10.0,1.91,1.78,1.91,1.78,6.0,6.0,4.0,6.0,1.47,4.59,6.79,1.6,2.36,1.47,4.59,6.79,1.37,5.27,7.97,1.6,2.36,1.56,2.43,0.6507212697855921,0.20840092953917658,0.14087780067523129,0.6983939328940301,0.18155591803886553,0.1200501490671043,4.767266310843798,-2.6845011500311045,-2.082765160812698,C Kavanagh,football-data.co.uk,proxy_shots,,,,,,,,
2021-02-20,Southampton,Chelsea,1,1,4.0,9.0,3.0,6.0,1.0,1.0,10.0,10.0,0.5,1.14,0.5,1.14,1.0,3.0,2.0,0.0,4.93,3.76,1.74,1.88,1.95,4.93,3.76,1.74,4.62,3.77,1.78,1.88,1.95,1.84,1.98,0.19438221609512324,0.254868171635361,0.5507496122695157,0.2074271442525254,0.2541945375190099,0.5383783182284648,1.3044928157402158,-0.06736341163511295,-1.2371294041050862,A Taylor,football-data.co.uk,proxy_shots,,,,,,,,
2021-02-21,Arsenal,Man City,0,1,7.0,15.0,1.0,3.0,2.0,2.0,11.0,9.0,0.56,1.47,0.56,1.47,1.0,3.0,2.0,1.0,6.27,4.36,1.53,1.76,2.08,6.27,4.36,1.53,6.84,4.59,1.47,1.76,2.08,1.67,2.23,0.15299614000564207,0.2200196784026091,0.6269841815917488,0.13999215730211195,0.20861576382275507,0.6513920788751332,-1.300398270353012,-1.140391457985404,2.4407897283384328,J Moss,football-data.co.uk,proxy_shots,,,,,,,,
2021-02-21,Aston Villa,Leicester,1,2,11.0,16.0,7.0,8.0,2.0,1.0,11.0,12.0,1.06,2.34,1.06,2.34,2.0,7.0,5.0,1.0,2.87,3.5,2.44,1.76,2.07,2.87,3.5,2.44,3.69,3.63,2.01,1.76,2.07,1.86,1.95,0.3337528040706899,0.27367729933796575,0.39256989659134434,0.259581825750056,0.2638724344401396,0.4765457398098043,-7.417097832063391,-0.9804864897826171,8.397584321845997,M Oliver,football-data.co.uk,proxy_shots,,,,,,,,
2021-02-21,Man United,Newcastle,3,1,15.0,10.0,6.0,4.0,1.0,2.0,9.0,11.0,2.38,1.73,2.38,1.73,7.0,6.0,5.0,4.0,1.3,5.75,10.27,1.56,2.43,1.3,5.75,10.27,1.33,5.37,9.41,1.56,2.43,1.65,2.26,0.7392790300268532,0.16714134591911467,0.09357962405403207,0.7199365713479728,0.17830831282919998,0.1017551158228272,-1.9342458678880403,1.1166966910085314,0.8175491768795131,P Tierney,football-data.co.uk,proxy_shots,,,,,,,,
2021-02-21,West Ham,Tottenham,2,1,4.0,20.0,5.0,7.0,4.0,3.0,14.0,7.0,1.14,1.92,1.14,1.92,4.0,4.0,3.0,2.0,2.64,3.33,2.73,1.98,1.84,2.64,3.33,2.73,3.01,3.43,2.39,1.98,1.84,1.81,2.02,0.36234171539261756,0.28726190049144457,0.3503963841159378,0.3187794321800909,0.27974521599477364,0.4014753518251354,-4.356228321252664,-0.7516684496670922,5.107896770919757,C Pawson,football-data.co.uk,proxy_shots,,,,,,,,
2021-02-22,Brighton,Crystal Palace,1,2,25.0,3.0,13.0,0.0,2.0,0.0,11.0,6.0,2.38,0.73,2.38,0.73,5.0,2.0,0.0,4.0,1.74,3.53,5.36,2.21,1.67,1.74,3.53,5.36,1.76,3.49,5.27,2.21,1.67,2.32,1.62,0.550192791964966,0.27119984646431755,0.17860736157071658,0.5439915527700467,0.27433384896139884,0.18167459826855448,-0.6201239194919217,0.31340024970812896,0.30672366978378995,K Friend,football-data.co.uk,proxy_shots,,,,,,,,
2021-02-23,Leeds,Southampton,3,0,11.0,13.0,2.0,4.0,1.0,2.0,11.0,13.0,2.17,1.61,2.17,1.61,7.0,5.0,5.0,4.0,2.34,3.47,3.06,1.66,2.24,2.34,3.47,3.06,2.16,3.58,3.31,1.66,2.24,1.76,2.08,0.4099944398109536,0.2764804003336114,0.3135251598554351,0.44327814396121534,0.26745273490397353,0.28926912113481124,3.3283704150261717,-0.9027665429637843,-2.4256038720623874,A Marriner,football-data.co.uk,proxy_shots,,,,,,,,
2021-02-27,Leeds,Aston Villa,0,1,13.0,9.0,7.0,5.0,3.0,2.0,14.0,14.0,1.25,1.31,1.25,1.31,3.0,4.0,3.0,3.0,2.23,3.63,3.12,1.61,2.34,2.23,3.63,3.12,2.04,3.8,3.45,1.61,2.34,1.61,2.32,0.4293561704595858,0.2637642589875692,0.3068795705528449,0.4698924731182796,0.25225806451612903,0.27784946236559144,4.053630265869379,-1.150619447144019,-2.903010818725349,P Bankes,football-data.co.uk,proxy_shots,,,,,,,,
2021-02-27,Man City,West Ham,2,1,10.0,9.0,4.0,2.0,1.0,1.0,8.0,11.0,1.29,1.14,1.29,1.14,3.0,3.0,2.0,1.0,1.23,6.55,12.55,1.53,2.51,1.23,6.55,12.55,1.26,6.18,11.14,1.53,2.51,1.62,2.32,0.7777294208362703,0.14604689887459732,0.07622368028913247,0.7593075426499198,0.15481027568590602,0.08588218166417406,-1.8421878186350438,0.8763376811308704,0.9658501375041595,M Oliver,football-data.co.uk,proxy_shots,,,,,,,,
2021-02-27,Newcastle,Wolves,1,1,19.0,14.0,3.0,5.0,2.0,0.0,11.0,13.0,2.4,1.59,2.4,1.59,7.0,4.0,3.0,6.0,3.51,3.12,2.28,2.35,1.6,3.51,3.12,2.28,3.65,3.15,2.21,2.35,1.6,2.45,1.56,0.27289048473967686,0.30700179533213645,0.42010771992818674,0.2624455712427664,0.3041035984241579,0.43345083033307574,-1.0444913496910457,-0.2898196907978545,1.3343110404889003,M Dean,football-data.co.uk,proxy_shots,,,,,,,,
2021-02-27,West Brom,Brighton,1,0,6.0,15.0,7.0,4.0,0.0,0.0,11.0,12.0,0.79,1.91,0.79,1.91,2.0,6.0,6.0,1.0,4.14,3.44,1.96,2.14,1.72,4.14,3.44,1.96,4.49,3.54,1.85,2.14,1.72,2.05,1.78,0.23171033458884335,0.2788606933714568,0.4894289720396997,0.21297491715474096,0.27012920283186076,0.5168958800133983,-1.8735417434102397,-0.8731490539596043,2.746690797369855,L Mason,football-data.co.uk,proxy_shots,,,,,,,,
2021-02-28,Chelsea,Man United,0,0,18.0,11.0,3.0,4.0,1.0,2.0,11.0,12.0,2.07,1.32,2.07,1.32,6.0,4.0,4.0,6.0,2.27,3.29,3.35,1.93,1.89,2.27,3.29,3.35,2.36,3.32,3.15,1.93,1.89,1.9,1.92,0.4223719356334525,0.2914237975343274,0.28620426683222006,0.4064958487515159,0.2889548804378245,0.30454927081065947,-1.587608688193659,-0.24689170965028762,1.8345003978439411,S Attwell,football-data.co.uk,proxy_shots,,,,,,,,
2021-02-28,Crystal Palace,Fulham,0,0,3.0,16.0,1.0,3.0,1.0,1.0,10.0,14.0,0.2,1.6,0.2,1.6,0.0,4.0,4.0,0.0,3.49,3.17,2.26,2.34,1.6,3.49,3.17,2.26,3.45,3.2,2.27,2.34,1.6,2.34,1.61,0.2743338094344608,0.30202681227957984,0.4236393782859594,0.27793614049855564,0.2996499014750053,0.42241395802643916,0.36023310640948547,-0.2376910804574528,-0.12254202595202157,A Taylor,football-data.co.uk,proxy_shots,,,,,,,,
2021-02-28,Leicester,Arsenal,1,3,8.0,12.0,2.0,7.0,2.0,1.0,15.0,3.0,1.08,1.68,1.08,1.68,3.0,4.0,1.0,2.0,2.51,3.34,2.89,1.97,1.86,2.51,3.34,2.89,2.34,3.33,3.18,1.97,1.86,2.11,1.74,0.3816780612022982,0.2868299202448409,0.331492018552861,0.4100794646591384,0.28816394813885404,0.3017565872020075,2.8401403456840226,0.13340278940131567,-2.9735431350853494,P Tierney,football-data.co.uk,proxy_shots,,,,,,,,
2021-02-28,Sheffield United,Liverpool,0,2,8.0,16.0,4.0,3.0,0.0,0.0,9.0,9.0,0.8,2.52,0.8,2.52,2.0,8.0,6.0,2.0,7.56,4.94,1.41,1.66,2.24,7.56,4.94,1.41,8.15,5.32,1.37,1.66,2.24,1.54,2.48,0.1267095253168011,0.1939117431973717,0.6793787314858272,0.11791257023323988,0.1806367382332528,0.7014506915335073,-0.8796955083561222,-1.3275004964118904,2.2071960047680084,J Moss,football-data.co.uk,proxy_shots,,,,,,,,
2021-02-28,Tottenham,Burnley,4,0,16.0,10.0,3.0,4.0,0.0,0.0,6.0,10.0,2.54,1.09,2.54,1.09,7.0,3.0,3.0,3.0,1.55,4.04,6.66,1.87,1.96,1.55,4.04,6.66,1.5,4.27,7.04,1.87,1.96,1.82,2.0,0.6186602408752074,0.23735727063281475,0.14398248849197773,0.6392405870819848,0.22455758328406963,0.13620182963394564,2.05803462067774,-1.2799687348745121,-0.7780658858032086,K Friend,football-data.co.uk,proxy_shots,,,,,,,,
2021-03-01,Everton,Southampton,1,0,7.0,9.0,4.0,10.0,0.0,2.0,13.0,9.0,0.66,0.68,0.66,0.68,1.0,1.0,1.0,0.0,2.19,3.45,3.34,1.96,1.86,2.19,3.45,3.34,2.14,3.45,3.48,1.96,1.86,1.93,1.88,0.43659138183843504,0.27714061629744136,0.2862680018641236,0.4473807767120531,0.2775057571489257,0.27511346613902116,1.0789394873618074,0.0365140851484369,-1.1154535725102444,M Atkinson,football-data.co.uk,proxy_shots,,,,,,,,
2021-03-02,Man City,Wolves,4,1,22.0,6.0,10.0,2.0,0.0,1.0,9.0,5.0,3.41,0.61,3.41,0.61,10.0,1.0,0.0,6.0,1.22,6.41,15.26,1.72,2.14,1.22,6.41,15.26,1.22,6.53,14.46,1.72,2.14,1.74,2.11,0.7872309945756274,0.14983179615947978,0.06293720926489288,0.786657846767018,0.14697129755830962,0.06637085567467232,-0.057314780860939774,-0.28604986011701583,0.3433646409779445,C Kavanagh,football-data.co.uk,proxy_shots,,,,,,,,
2021-03-03,Burnley,Leicester,1,1,12.0,15.0,5.0,8.0,0.0,2.0,6.0,12.0,2.02,1.65,2.02,1.65,7.0,4.0,3.0,6.0,3.97,3.3,2.05,2.1,1.75,3.97,3.3,2.05,3.85,3.12,2.17,2.1,1.75,2.48,1.54,0.24156831937724293,0.29061400846292557,0.4678176721598315,0.24949054608300872,0.30786493667294346,0.44264451724404774,0.7922226705765784,1.725092821001789,-2.5173154915783758,A Madley,football-data.co.uk,proxy_shots,,,,,,,,
2021-03-03,Crystal Palace,Man United,0,0,8.0,11.0,4.0,6.0,1.0,0.0,4.0,13.0,0.8,0.78,0.8,0.78,2.0,1.0,1.0,2.0,7.56,4.6,1.44,1.77,2.07,7.56,4.6,1.44,7.61,4.62,1.44,1.77,2.07,1.81,2.01,0.1266868631231066,0.20820710548058385,0.6651060313963094,0.126073065071803,0.20766580631957157,0.6662611286086254,-0.0613798051303599,-0.05412991610122819,0.1155097212315992,A Marriner,football-data.co.uk,proxy_shots,,,,,,,,
2021-03-03,Sheffield United,Aston Villa,1,0,9.0,16.0,2.0,7.0,3.0,0.0,13.0,6.0,0.95,1.6,0.95,1.6,2.0,4.0,4.0,1.0,3.73,3.44,2.07,2.16,1.71,3.73,3.44,2.07,3.55,3.38,2.15,2.16,1.71,2.11,1.74,0.2573184789560981,0.2790110251471645,0.4636704958967372,0.27016376377864937,0.2837518820752087,0.446084354146142,1.2845284822551262,0.4740856928044157,-1.7586141750595197,R Jones,football-data.co.uk,proxy_shots,,,,,,,,
2021-03-04,Fulham,Tottenham,0,1,11.0,9.0,4.0,1.0,2.0,1.0,13.0,9.0,1.15,0.95,1.15,0.95,3.0,2.0,1.0,3.0,3.95,3.57,1.96,2.01,1.81,3.95,3.57,1.96,3.91,3.44,2.02,2.01,1.81,2.02,1.8,0.24261547049828888,0.2684400864056698,0.48894444309604146,0.24556319661877063,0.27911398220331196,0.4753228211779174,0.29477261204817473,1.0673895797642163,-1.362162191812405,D Coote,football-data.co.uk,proxy_shots,,,,,,,,
2021-03-04,Liverpool,Chelsea,0,1,7.0,11.0,5.0,2.0,0.0,0.0,9.0,8.0,0.56,1.6,0.56,1.6,1.0,5.0,4.0,1.0,2.26,3.59,3.1,1.78,2.05,2.26,3.59,3.1,2.2,3.48,3.33,1.78,2.05,1.9,1.93,0.42398774782462934,0.26691150698709254,0.3091007451882781,0.43613946346310173,0.27572035046517923,0.2881401860717189,1.2151715638472393,0.8808843478086692,-2.096055911655925,M Atkinson,football-data.co.uk,proxy_shots,,,,,,,,
2021-03-04,West Brom,Everton,0,1,11.0,11.0,3.0,3.0,3.0,1.0,9.0,7.0,1.15,1.25,1.15,1.25,3.0,3.0,2.0,3.0,4.43,3.67,1.84,1.95,1.87,4.43,3.67,1.84,3.93,3.47,2.0,1.95,1.87,2.02,1.81,0.21669913131656726,0.26157415578539317,0.5217267128980396,0.24404738879843585,0.2763994922126377,0.47955311898892644,2.734825748186859,1.482533642724454,-4.2173593909113185,D England,football-data.co.uk,proxy_shots,,,,,,,,
2021-03-06,Aston Villa,Wolves,0,0,9.0,10.0,5.0,3.0,1.0,0.0,13.0,13.0,0.68,0.91,0.68,0.91,1.0,2.0,2.0,1.0,2.42,3.2,3.14,2.13,1.73,2.42,3.2,3.14,2.62,3.11,2.94,2.13,1.73,2.38,1.59,0.395733887864896,0.2992737526978276,0.30499235943727654,0.36581794321928107,0.3081810325512915,0.3260010242294274,-2.9915944645614925,0.8907279853463901,2.1008664792150853,A Madley,football-data.co.uk,proxy_shots,,,,,,,,
2021-03-06,Brighton,Leicester,1,2,7.0,8.0,6.0,6.0,0.0,1.0,14.0,8.0,0.84,1.36,0.84,1.36,2.0,4.0,2.0,1.0,2.56,3.24,2.9,2.2,1.68,2.56,3.24,2.9,2.53,3.17,3.02,2.2,1.68,2.39,1.58,0.37412799031631255,0.2956073009906667,0.3302647086930207,0.37938345334289714,0.302788686737391,0.3178278599197118,0.5255463026584584,0.7181385746724334,-1.2436848773308917,M Oliver,football-data.co.uk,proxy_shots,,,,,,,,
2021-03-06,Burnley,Arsenal,1,1,9.0,15.0,2.0,4.0,1.0,1.0,5.0,12.0,1.5,1.47,1.5,1.47,5.0,3.0,2.0,4.0,5.48,3.94,1.64,1.93,1.9,5.48,3.94,1.64,4.93,3.61,1.78,1.93,1.9,2.04,1.79,0.17444924406047518,0.24263498920086396,0.582915766738661,0.1947300634877343,0.26593329999848475,0.5393366365137809,2.0280819427259122,2.329831079762079,-4.3579130224880025,A Marriner,football-data.co.uk,proxy_shots,,,,,,,,
2021-03-06,Sheffield United,Southampton,0,2,8.0,15.0,7.0,3.0,4.0,3.0,17.0,11.0,0.8,1.92,0.8,1.92,2.0,5.0,3.0,2.0,3.67,3.4,2.09,2.23,1.66,3.67,3.4,2.09,3.75,3.33,2.1,2.23,1.66,2.19,1.69,0.2607294995652062,0.2814344892365608,0.4578360111982329,0.2556341503536766,0.28787629544332954,0.4564895542029939,-0.5095349211529598,0.6441806206768763,-0.13464569952389982,P Tierney,football-data.co.uk,proxy_shots,,,,,,,,
2021-03-07,Liverpool,Fulham,0,1,16.0,10.0,9.0,4.0,2.0,3.0,10.0,8.0,1.42,1.19,1.42,1.19,3.0,3.0,2.0,3.0,1.38,4.98,8.39,1.69,2.18,1.38,4.98,8.39,1.64,3.96,5.6,1.69,2.18,1.89,1.93,0.6936785273140217,0.1922241702195481,0.11409730246643024,0.5858235766515913,0.2426138044718712,0.17156261887653748,-10.785495066243033,5.03896342523231,5.746531641010725,K Friend,football-data.co.uk,proxy_shots,,,,,,,,
2021-03-07,Man City,Man United,0,2,23.0,8.0,6.0,2.0,0.0,3.0,9.0,12.0,2.34,1.72,2.34,1.72,6.0,6.0,4.0,6.0,1.5,4.35,6.74,1.72,2.14,1.5,4.35,6.74,1.5,4.39,6.76,1.72,2.14,1.86,1.96,0.6380075727901814,0.22000261130695914,0.14198981590285936,0.6395582891895503,0.2185278892447211,0.14191382156572863,0.15507163993688788,-0.1474722062238032,-0.007599433713073589,A Taylor,football-data.co.uk,proxy_shots,,,,,,,,
2021-03-07,Tottenham,Crystal Palace,4,1,12.0,5.0,1.0,5.0,2.0,3.0,8.0,17.0,1.96,0.56,1.96,0.56,5.0,1.0,0.0,1.0,1.47,4.48,7.11,1.84,1.98,1.47,4.48,7.11,1.54,4.15,6.55,1.84,1.98,1.95,1.87,0.6515184055667712,0.21377947682659681,0.13470211760663203,0.6225879227219111,0.23103262674499833,0.14637945053309057,-2.8930482844860106,1.7253149918401518,1.1677332926458535,S Attwell,football-data.co.uk,proxy_shots,,,,,,,,
2021-03-07,West Brom,Newcastle,0,0,13.0,9.0,9.0,7.0,0.0,0.0,11.0,10.0,1.25,1.4,1.25,1.4,3.0,5.0,5.0,3.0,2.45,3.2,3.09,2.25,1.65,2.45,3.2,3.09,2.31,3.18,3.38,2.25,1.65,2.43,1.56,0.3908532126410656,0.29924699092831586,0.30989979643061843,0.41496409543664586,0.30143618253416726,0.283599722029187,2.411088279558027,0.21891916058514038,-2.630007440143145,M Atkinson,football-data.co.uk,proxy_shots,,,,,,,,
2021-03-08,Chelsea,Everton,2,0,19.0,7.0,7.0,3.0,0.0,3.0,11.0,12.0,2.87,0.56,2.87,0.56,9.0,1.0,1.0,7.0,1.55,4.14,6.29,1.93,1.89,1.55,4.14,6.29,1.62,3.89,5.92,1.93,1.89,2.07,1.77,0.6169720260335346,0.23099194211400453,0.15203603185246084,0.5916805837465636,0.24640682407954576,0.1619125921738907,-2.5291442286971,1.541488196554122,0.9876560321429861,D Coote,football-data.co.uk,proxy_shots,,,,,,,,
2021-03-08,West Ham,Leeds,2,0,16.0,17.0,6.0,6.0,1.0,1.0,9.0,9.0,1.98,1.29,1.98,1.29,5.0,2.0,2.0,3.0,2.09,3.59,3.46,1.66,2.24,2.09,3.59,3.46,2.25,3.55,3.15,1.66,2.24,1.75,2.1,0.4574107284236575,0.2662920396672546,0.2762972319090879,0.42587832047986285,0.2699228791773779,0.3041988003427592,-3.153240794379464,0.3630839510123274,2.790156843367131,M Dean,football-data.co.uk,proxy_shots,,,,,,,,
2021-03-10,Man City,Southampton,5,2,17.0,11.0,5.0,5.0,1.0,0.0,6.0,4.0,3.23,1.89,3.23,1.89,10.0,6.0,4.0,5.0,1.21,6.91,14.17,1.51,2.59,1.21,6.91,14.17,1.18,7.38,16.25,1.51,2.59,1.59,2.38,0.7933358450513078,0.1389198802477688,0.06774427470092326,0.8113544291122833,0.12972875695833255,0.058916813929384255,1.801858406097545,-0.9191123289436248,-0.8827460771539002,J Moss,football-data.co.uk,proxy_shots,,,,,,,,
2021-03-12,Newcastle,Aston Villa,1,1,12.0,15.0,2.0,2.0,2.0,3.0,10.0,10.0,1.3,2.0,1.3,2.0,3.0,6.0,5.0,2.0,3.8,3.33,2.09,2.26,1.65,3.8,3.33,2.09,3.66,3.35,2.12,2.26,1.65,2.2,1.68,0.2525684341170792,0.2882162311245949,0.4592153347583259,0.2618519146676892,0.2860829873682813,0.45206509796402944,0.9283480550610013,-0.21332437563135742,-0.7150236794296438,P Tierney,football-data.co.uk,proxy_shots,,,,,,,,
2021-03-13,Crystal Palace,West Brom,1,0,6.0,12.0,3.0,2.0,3.0,1.0,16.0,15.0,1.15,0.84,1.15,0.84,4.0,1.0,1.0,3.0,2.24,3.17,3.55,2.37,1.6,2.24,3.17,3.55,2.34,3.11,3.4,2.37,1.6,2.44,1.56,0.42778726008598694,0.3022850039724324,0.26992773594158054,0.40972744251648757,0.30828367057510636,0.2819888869084061,-1.805981756949937,0.5998666602673952,1.2061150966825585,S Hooper,football-data.co.uk,proxy_shots,,,,,,,,
2021-03-13,Everton,Burnley,1,2,14.0,14.0,7.0,4.0,0.0,4.0,9.0,6.0,1.59,1.87,1.59,1.87,4.0,5.0,3.0,3.0,1.88,3.49,4.42,2.09,1.76,1.88,3.49,4.42,1.99,3.3,4.2,2.09,1.76,2.33,1.61,0.5091594436339392,0.2742750011552451,0.21656555521081575,0.4815007816571131,0.2903595622720167,0.22813965607087025,-2.7658661976826093,1.608456111677159,1.1574100860054504,J Moss,football-data.co.uk,proxy_shots,,,,,,,,
2021-03-13,Fulham,Man City,0,3,3.0,8.0,4.0,2.0,0.0,0.0,14.0,13.0,0.2,2.0,0.2,2.0,0.0,7.0,4.0,0.0,9.63,4.98,1.35,1.78,2.06,9.63,4.98,1.35,8.31,4.7,1.41,1.78,2.06,1.92,1.9,0.09933378545498066,0.19208521163282402,0.7085810029121954,0.11545074920167034,0.20412675018422993,0.6804225006140997,1.611696374668968,1.204153855140591,-2.815850229809569,A Marriner,football-data.co.uk,proxy_shots,,,,,,,,
2021-03-13,Leeds,Chelsea,0,0,7.0,15.0,8.0,5.0,3.0,0.0,16.0,6.0,1.1,2.26,1.1,2.26,4.0,8.0,8.0,4.0,4.57,3.9,1.76,1.77,2.07,4.57,3.9,1.76,5.0,3.93,1.7,1.77,2.07,1.78,2.05,0.20971457552963318,0.24574246414626252,0.5445429603241044,0.19181189170566448,0.24403548563061636,0.564152622663719,-1.7902683823968701,-0.17069785156461625,1.9609662339614586,K Friend,football-data.co.uk,proxy_shots,,,,,,,,
2021-03-14,Arsenal,Tottenham,2,1,13.0,6.0,6.0,3.0,1.0,4.0,12.0,14.0,1.45,0.97,1.45,0.97,3.0,3.0,2.0,1.0,2.56,3.34,2.82,1.91,1.92,2.56,3.34,2.82,2.66,3.3,2.75,1.91,1.92,1.92,1.9,0.37393403312635975,0.28660812119864704,0.33945784567499326,0.3605769230769231,0.2906468531468532,0.3487762237762238,-1.3357110049436682,0.40387319482061423,0.931837810123054,M Oliver,football-data.co.uk,proxy_shots,,,,,,,,
2021-03-14,Leicester,Sheffield United,5,0,19.0,1.0,9.0,1.0,0.0,2.0,10.0,9.0,3.34,0.2,3.34,0.2,10.0,0.0,0.0,5.0,1.54,4.12,6.6,2.01,1.82,1.54,4.12,6.6,1.52,4.0,7.36,2.01,1.82,2.17,1.7,0.6222311719693919,0.23258155457108337,0.14518727345952478,0.6303096738832557,0.23951767607563715,0.13017265004110715,0.8078501913863723,0.6936121504553777,-1.5014623418417639,P Bankes,football-data.co.uk,proxy_shots,,,,,,,,
2021-03-14,Man United,West Ham,1,0,15.0,7.0,6.0,3.0,4.0,0.0,12.0,2.0,1.65,0.39,1.65,0.39,4.0,0.0,0.0,3.0,1.86,3.57,4.42,1.89,1.94,1.86,3.57,4.42,1.79,3.6,4.83,1.89,1.94,2.02,1.81,0.5149800266311585,0.26830892143808255,0.216711051930759,0.5353827395412852,0.26620419549413904,0.19841306496457567,2.040271291012674,-0.21047259439435084,-1.8297986966183344,M Atkinson,football-data.co.uk,proxy_shots,,,,,,,,
2021-03-14,Southampton,Brighton,1,2,9.0,8.0,4.0,5.0,0.0,0.0,11.0,10.0,1.31,1.72,1.31,1.72,4.0,6.0,4.0,3.0,2.98,3.07,2.6,2.34,1.61,2.98,3.07,2.6,3.24,3.18,2.38,2.34,1.61,2.21,1.67,0.3208379892759239,0.31143231532320953,0.36772969540086653,0.2958393920915615,0.3014212674140438,0.4027393404943947,-2.499859718436237,-1.0011047909165738,3.5009645093528166,S Attwell,football-data.co.uk,proxy_shots,,,,,,,,
2021-03-15,Wolves,Liverpool,0,1,10.0,12.0,3.0,2.0,2.0,1.0,17.0,10.0,1.45,1.48,1.45,1.48,5.0,4.0,3.0,5.0,4.81,3.74,1.76,1.96,1.86,4.81,3.74,1.76,5.67,3.89,1.64,1.96,1.86,1.99,1.83,0.19924086035826064,0.25624292468535653,0.5445162149563827,0.16906454801548707,0.24642570366267652,0.5845097483218364,-3.0176312342773572,-0.9817221022680012,3.999353336545375,C Pawson,football-data.co.uk,proxy_shots,,,,,,,,
2021-03-19,Fulham,Leeds,1,2,13.0,13.0,13.0,7.0,2.0,2.0,13.0,12.0,1.9,1.64,1.9,1.64,6.0,4.0,2.0,5.0,2.43,3.35,3.0,2.05,1.79,2.43,3.35,3.0,2.57,3.29,2.84,2.05,1.79,2.11,1.74,0.39441926178842646,0.2861011361629482,0.31947960204862547,0.37228909421978906,0.29081549305314824,0.33689541272706264,-2.2130167568637393,0.47143568902000554,1.7415810678437171,D Coote,football-data.co.uk,proxy_shots,,,,,,,,
2021-03-20,Brighton,Newcastle,3,0,11.0,3.0,3.0,1.0,0.0,1.0,12.0,5.0,1.99,0.34,1.99,0.34,6.0,1.0,1.0,3.0,1.66,3.54,6.24,2.26,1.65,1.66,3.54,6.24,1.72,3.53,5.57,2.26,1.65,2.24,1.66,0.576384757491311,0.2702821179196543,0.15333312458903464,0.5567776044129682,0.27129107070546893,0.17193132488156287,-1.960715307834282,0.1008952785814643,1.8598200292528233,A Taylor,football-data.co.uk,proxy_shots,,,,,,,,
2021-03-21,Aston Villa,Tottenham,0,2,8.0,9.0,5.0,8.0,3.0,2.0,18.0,13.0,0.62,1.24,0.62,1.24,1.0,3.0,1.0,1.0,2.97,3.38,2.42,1.85,1.97,2.97,3.38,2.42,3.05,3.42,2.36,1.85,1.97,1.9,1.92,0.3219605126428819,0.2829061309317631,0.3951333564253551,0.31405203072349636,0.280075641434697,0.4058723278418067,-0.7908481919385535,-0.2830489497066102,1.0738971416451637,M Dean,football-data.co.uk,proxy_shots,,,,,,,,
2021-03-21,West Ham,Arsenal,3,3,15.0,16.0,3.0,5.0,3.0,1.0,18.0,8.0,2.02,2.44,2.02,2.44,5.0,7.0,4.0,2.0,2.83,3.43,2.5,1.95,1.87,2.83,3.43,2.5,3.49,3.47,2.13,1.95,1.87,1.91,1.91,0.338172252917352,0.27901675678020577,0.3828109903024424,0.27440403042869704,0.2759856098547991,0.4496103597165037,-6.376822248865493,-0.30311469254066803,6.679936941406128,J Moss,football-data.co.uk,proxy_shots,,,,,,,,
2021-04-03,Arsenal,Liverpool,0,3,3.0,16.0,1.0,2.0,1.0,1.0,10.0,10.0,0.53,2.44,0.53,2.44,2.0,7.0,4.0,2.0,3.13,3.56,2.26,1.78,2.06,3.13,3.56,2.26,2.84,3.58,2.42,1.78,2.06,1.72,2.13,0.30635666471201956,0.2693529102664667,0.4242904250215138,0.3370578440374111,0.26738666957157753,0.3955554863910114,3.0701179325391568,-0.19662406948891542,-2.873493863050242,S Attwell,football-data.co.uk,proxy_shots,,,,,,,,
2021-04-03,Chelsea,West Brom,2,5,18.0,14.0,10.0,3.0,3.0,1.0,11.0,6.0,2.63,2.53,2.63,2.53,8.0,7.0,2.0,6.0,1.22,6.33,14.99,1.73,2.12,1.22,6.33,14.99,1.28,5.57,11.9,1.73,2.12,1.87,1.94,0.7848550544223145,0.15126748284284736,0.06387746273483814,0.7477387229453346,0.17183223794794045,0.08042903910672505,-3.7116331476979902,2.0564755105093093,1.655157637188691,D Coote,football-data.co.uk,proxy_shots,,,,,,,,
2021-04-03,Leeds,Sheffield United,2,1,23.0,9.0,5.0,7.0,1.0,2.0,12.0,13.0,2.91,0.78,2.91,0.78,8.0,1.0,0.0,6.0,1.52,4.4,6.36,1.81,2.02,1.52,4.4,6.36,1.56,4.17,6.2,1.81,2.02,1.88,1.94,0.6311345265588915,0.21802829099307158,0.15083718244803693,0.615114486381545,0.2301147718837435,0.15477074173471134,-1.6020040177346484,1.2086480890671907,0.39335592866744096,G Scott,football-data.co.uk,proxy_shots,,,,,,,,
2021-04-03,Leicester,Man City,0,2,5.0,11.0,1.0,1.0,2.0,3.0,13.0,12.0,0.64,1.52,0.64,1.52,2.0,4.0,2.0,2.0,6.16,4.07,1.57,1.91,1.92,6.16,4.07,1.57,5.25,3.88,1.68,1.91,1.92,1.91,1.91,0.15534993180541812,0.2351242211109031,0.6095258470836787,0.18254528346271465,0.24700070571630206,0.5704540108209832,2.7195351657296527,1.1876484605398974,-3.9071836262695503,A Taylor,football-data.co.uk,proxy_shots,,,,,,,,
2021-04-04,Aston Villa,Fulham,3,1,14.0,15.0,4.0,4.0,1.0,2.0,14.0,20.0,1.79,2.19,1.79,2.19,4.0,7.0,6.0,1.0,2.28,3.29,3.32,2.2,1.68,2.28,3.29,3.32,2.53,3.19,2.99,2.2,1.68,2.14,1.71,0.4202111288932661,0.29121014403545487,0.28857872707127913,0.37889447236180906,0.3005025125628141,0.32060301507537686,-4.131665653145705,0.9292368527359207,3.2024288004097734,A Madley,football-data.co.uk,proxy_shots,,,,,,,,
2021-04-04,Man United,Brighton,2,1,15.0,5.0,5.0,6.0,2.0,2.0,14.0,7.0,2.29,0.92,2.29,0.92,7.0,3.0,2.0,5.0,1.64,3.97,5.39,1.92,1.9,1.64,3.97,5.39,1.66,3.91,5.39,1.92,1.9,1.88,1.93,0.582287264583509,0.24054184229646217,0.17717089312002873,0.5771905271835434,0.24504764069684962,0.17776183211960705,-0.5096737399965634,0.45057984003874507,0.05909389995783221,M Dean,football-data.co.uk,proxy_shots,,,,,,,,
2021-04-04,Newcastle,Tottenham,2,2,22.0,11.0,7.0,3.0,3.0,2.0,13.0,14.0,2.49,1.7,2.49,1.7,6.0,5.0,3.0,4.0,5.56,4.03,1.62,1.88,1.94,5.56,4.03,1.62,5.37,3.83,1.68,1.88,1.94,1.94,1.89,0.1720651721284256,0.23739016303574345,0.5905446648358309,0.1786187196548881,0.25043930144823734,0.5709419788968745,0.6553547526462505,1.3049138412493888,-1.9602685938956421,C Pawson,football-data.co.uk,proxy_shots,,,,,,,,
2021-04-04,Southampton,Burnley,3,2,24.0,7.0,6.0,7.0,0.0,0.0,11.0,10.0,3.24,1.48,3.24,1.48,9.0,5.0,3.0,6.0,2.1,3.29,3.78,2.14,1.71,2.1,3.29,3.78,2.01,3.37,4.04,2.14,1.71,2.11,1.73,0.4558189655172413,0.2909482758620689,0.25323275862068967,0.4775631469470938,0.2848373665767532,0.23759948647615306,2.174418142985246,-0.6110909285315713,-1.5633272144536607,A Marriner,football-data.co.uk,proxy_shots,,,,,,,,
2021-04-05,Everton,Crystal Palace,1,1,15.0,13.0,3.0,4.0,2.0,0.0,10.0,10.0,2.19,1.9,2.19,1.9,7.0,6.0,5.0,6.0,1.8,3.46,4.91,2.31,1.62,1.8,3.46,4.91,1.84,3.46,4.72,2.31,1.62,2.1,1.74,0.5299894554915676,0.2757170577701797,0.19429348673825286,0.520393596410727,0.2767411032935658,0.20286530029570715,-0.9595859080840596,0.10240455233861412,0.8571813557454289,K Friend,football-data.co.uk,proxy_shots,,,,,,,,
2021-04-05,Wolves,West Ham,2,3,20.0,9.0,4.0,2.0,1.0,4.0,9.0,9.0,2.2,1.88,2.2,1.88,5.0,6.0,3.0,3.0,2.95,3.13,2.58,2.4,1.58,2.95,3.13,2.58,2.89,3.16,2.63,2.4,1.58,2.26,1.64,0.32405426988069774,0.3054185610696672,0.370527169049635,0.33184927267717884,0.3034950626699515,0.3646556646528696,0.7795002796481099,-0.1923498399715673,-0.5871504396765426,M Oliver,football-data.co.uk,proxy_shots,,,,,,,,
2021-04-09,Fulham,Wolves,0,1,14.0,7.0,3.0,4.0,0.0,0.0,11.0,8.0,1.31,1.03,1.31,1.03,3.0,3.0,2.0,3.0,2.57,3.01,3.14,2.61,1.5,2.57,3.01,3.14,2.64,3.09,2.94,2.61,1.5,2.42,1.57,0.3742106117536198,0.31950872830790794,0.30628065993847226,0.363328774026348,0.31041681664387016,0.3262544093297819,-1.0881837727271804,-0.9091911664037777,1.9973749391309636,J Moss,football-data.co.uk,proxy_shots,,,,,,,,
2021-04-10,Crystal Palace,Chelsea,1,4,1.0,23.0,0.0,8.0,1.0,0.0,7.0,12.0,0.33,3.46,0.33,3.46,1.0,10.0,6.0,0.0,6.95,3.98,1.54,2.08,1.76,6.95,3.98,1.54,7.34,4.2,1.5,2.08,1.76,1.99,1.84,0.13775588179766796,0.24055361268688247,0.6216905055154496,0.1308737380032407,0.22871743736756825,0.6404088246291911,-0.6882143794427253,-1.183617531931422,1.8718319113741555,M Oliver,football-data.co.uk,proxy_shots,,,,,,,,
2021-04-10,Liverpool,Aston Villa,2,1,23.0,9.0,7.0,0.0,2.0,4.0,16.0,11.0,3.26,1.5,3.26,1.5,10.0,5.0,4.0,8.0,1.52,4.51,6.22,1.62,2.33,1.52,4.51,6.22,1.46,4.67,6.96,1.62,2.33,1.68,2.22,0.6323503554860264,0.2131202971926297,0.15452934732134405,0.6568558899015823,0.2053553745730857,0.1377887355253319,2.450553441555592,-0.7764922619544007,-1.6740611796012135,P Tierney,football-data.co.uk,proxy_shots,,,,,,,,
2021-04-10,Man City,Leeds,1,2,29.0,2.0,9.0,3.0,3.0,3.0,12.0,15.0,2.96,0.67,2.96,0.67,7.0,2.0,0.0,6.0,1.3,5.92,9.56,1.47,2.69,1.3,5.92,9.56,1.38,5.24,7.9,1.47,2.69,1.55,2.45,0.7376927809466209,0.16199334716733232,0.10031387188604679,0.695389825497403,0.18313701511191144,0.12147315939068555,-4.230295544921791,2.1143667944579114,2.115928750463876,A Marriner,football-data.co.uk,proxy_shots,,,,,,,,
2021-04-11,Burnley,Newcastle,1,2,24.0,10.0,13.0,3.0,1.0,0.0,11.0,12.0,2.14,1.65,2.14,1.65,4.0,5.0,3.0,3.0,2.34,3.12,3.39,2.39,1.59,2.34,3.12,3.39,2.27,3.34,3.31,2.39,1.59,1.96,1.87,0.40979147778785135,0.3073436083408885,0.2828649138712602,0.42275409259337154,0.28732089526555493,0.2899250121410735,1.296261480552019,-2.0022713075333542,0.7060098269813297,A Taylor,football-data.co.uk,proxy_shots,,,,,,,,
2021-04-11,Sheffield United,Arsenal,0,3,7.0,14.0,2.0,4.0,1.0,1.0,9.0,6.0,0.74,1.97,0.74,1.97,2.0,5.0,2.0,2.0,6.15,3.97,1.59,2.01,1.82,6.15,3.97,1.59,5.52,3.89,1.66,2.01,1.82,1.92,1.91,0.15583501825641938,0.24140689226120382,0.6027580894823769,0.17408487763321775,0.2470304690322267,0.5788846533345554,1.8249859376798376,0.5623576771022876,-2.3873436147821447,P Bankes,football-data.co.uk,proxy_shots,,,,,,,,
2021-04-11,Tottenham,Man United,1,3,12.0,12.0,7.0,5.0,1.0,5.0,11.0,15.0,1.3,2.22,1.3,2.22,3.0,7.0,4.0,2.0,2.87,3.44,2.49,1.86,1.96,2.87,3.44,2.49,2.94,3.52,2.4,1.86,1.96,1.86,1.97,0.3347938416319128,0.27931928066383427,0.3858868777042529,0.32677311548458965,0.27292981804678795,0.40029706646862234,-0.8020726147323132,-0.6389462617046315,1.4410188764369447,C Kavanagh,football-data.co.uk,proxy_shots,,,,,,,,
2021-04-11,West Ham,Leicester,3,2,4.0,15.0,1.0,9.0,3.0,3.0,7.0,13.0,1.24,1.92,1.24,1.92,4.0,5.0,3.0,1.0,3.01,3.38,2.41,1.96,1.87,3.01,3.38,2.41,3.18,3.23,2.39,1.96,1.87,2.17,1.7,0.31852254464547564,0.2836546921251129,0.39782276322941146,0.3016532962373932,0.29698374056808374,0.40136296319452314,-1.686924840808246,1.3329048442970837,0.3540199965111679,M Dean,football-data.co.uk,proxy_shots,,,,,,,,
2021-04-12,Brighton,Everton,0,0,23.0,8.0,10.0,3.0,1.0,2.0,12.0,7.0,1.8,0.62,1.8,0.62,3.0,1.0,1.0,3.0,2.3,3.26,3.31,2.21,1.68,2.3,3.26,3.31,2.15,3.45,3.52,2.21,1.68,2.1,1.75,0.4165997467337925,0.2939200667140254,0.28948018655218205,0.44763080779225567,0.27895832949372457,0.2734108627140198,3.103106105846315,-1.4961737220300808,-1.606932383816223,D England,football-data.co.uk,proxy_shots,,,,,,,,
2021-04-12,West Brom,Southampton,3,0,15.0,14.0,5.0,10.0,0.0,1.0,12.0,11.0,2.21,1.49,2.21,1.49,6.0,4.0,4.0,3.0,3.55,3.28,2.19,2.03,1.8,3.55,3.28,2.19,3.57,3.56,2.08,2.03,1.8,1.8,2.03,0.2700278553626272,0.2922557580906483,0.43771638654672446,0.26887826983688945,0.2696335458757571,0.46148818428735344,-0.11495855257377396,-2.262221221489119,2.3771797740628986,S Hooper,football-data.co.uk,proxy_shots,,,,,,,,
2021-04-16,Everton,Tottenham,2,2,18.0,12.0,6.0,3.0,1.0,1.0,8.0,8.0,2.45,1.4,2.45,1.4,7.0,3.0,1.0,5.0,3.42,3.47,2.17,1.87,1.96,3.42,3.47,2.17,3.5,3.45,2.15,1.87,1.96,1.97,1.86,0.2807705071461331,0.27672482260512254,0.44250467024874435,0.2745442768575923,0.27852317942074584,0.4469325437216619,-0.6226230288540802,0.1798356815623292,0.4427873472917565,M Oliver,football-data.co.uk,proxy_shots,,,,,,,,
2021-04-17,Newcastle,West Ham,3,2,16.0,16.0,3.0,8.0,2.0,2.0,9.0,7.0,2.62,2.16,2.62,2.16,8.0,6.0,4.0,5.0,3.65,3.45,2.08,1.89,1.94,3.65,3.45,2.08,3.43,3.39,2.2,1.89,1.94,1.94,1.88,0.26227590870049894,0.2774803092048757,0.4602437820946255,0.28004220534175434,0.28334653814814675,0.43661125651009886,1.7766296641255397,0.5866228943271046,-2.3632525584526665,K Friend,football-data.co.uk,proxy_shots,,,,,,,,
2021-04-17,Wolves,Sheffield United,1,0,10.0,8.0,3.0,3.0,1.0,2.0,8.0,15.0,1.55,0.8,1.55,0.8,5.0,2.0,2.0,4.0,1.69,3.55,5.81,2.33,1.61,1.69,3.55,5.81,1.79,3.44,5.24,2.33,1.61,2.3,1.63,0.5659520523324891,0.26942506153293144,0.16462288613457945,0.5370708045812626,0.27946416866292445,0.18346502675581297,-2.888124775122658,1.0039107129993008,1.8842140621233516,R Jones,football-data.co.uk,proxy_shots,,,,,,,,
2021-04-18,Arsenal,Fulham,1,1,18.0,3.0,11.0,1.0,0.0,3.0,9.0,11.0,1.99,0.44,1.99,0.44,5.0,1.0,0.0,4.0,1.75,3.72,4.91,2.04,1.79,1.75,3.72,4.91,1.84,3.66,4.43,2.04,1.79,1.95,1.87,0.5473916392199643,0.2575095076975638,0.195098853082472,0.5213541097255895,0.26210151964346573,0.21654437063094467,-2.6037529494374767,0.45920119459019193,2.144551754847268,C Pawson,football-data.co.uk,proxy_shots,,,,,,,,
2021-04-18,Man United,Burnley,3,1,17.0,10.0,8.0,3.0,1.0,2.0,9.0,12.0,2.85,1.19,2.85,1.19,9.0,3.0,2.0,6.0,1.36,5.05,9.25,1.76,2.09,1.36,5.05,9.25,1.36,5.17,8.77,1.76,2.09,1.64,2.27,0.7060481707363154,0.19014366578245329,0.10380816348123126,0.7051538663717957,0.18549502094113005,0.10935111268707437,-0.08943043645197601,-0.46486448413232406,0.5542949205843112,J Moss,football-data.co.uk,proxy_shots,,,,,,,,
2021-04-19,Leeds,Liverpool,1,1,12.0,17.0,10.0,8.0,2.0,1.0,17.0,15.0,1.66,2.3,1.66,2.3,5.0,7.0,6.0,4.0,4.7,4.26,1.68,1.52,2.53,4.7,4.26,1.68,5.19,4.46,1.6,1.52,2.53,1.52,2.54,0.20404392897464846,0.2251188887748469,0.5708371822505046,0.1849308323442367,0.21519978023914543,0.5998693874166179,-1.9113096630411746,-0.9919108535701465,2.9032205166113267,A Taylor,football-data.co.uk,proxy_shots,,,,,,,,
2021-04-20,Chelsea,Brighton,0,0,7.0,11.0,0.0,3.0,2.0,2.0,8.0,9.0,1.1,0.96,1.1,0.96,4.0,2.0,2.0,4.0,1.61,3.85,6.26,2.16,1.71,1.61,3.85,6.26,1.68,3.72,5.72,2.16,1.71,2.25,1.66,0.5968829637848239,0.24960560303728999,0.15351143317788601,0.5729610960320537,0.25875662401447586,0.16828227995347034,-2.3921867752770165,0.915102097718587,1.4770846775584323,S Attwell,football-data.co.uk,proxy_shots,,,,,,,,
2021-04-21,Aston Villa,Man City,1,2,8.0,13.0,1.0,11.0,2.0,3.0,12.0,7.0,1.08,1.45,1.08,1.45,3.0,3.0,1.0,2.0,8.68,4.88,1.38,1.68,2.21,8.68,4.88,1.38,9.77,5.28,1.33,1.68,2.21,1.72,2.14,0.11027128990424291,0.19613827794443206,0.6935904321513251,0.09807533577925787,0.18147652094002828,0.7204481432807137,-1.2195954124985044,-1.466175700440378,2.6857711129388617,P Bankes,football-data.co.uk,proxy_shots,,,,,,,,
2021-04-21,Tottenham,Southampton,2,1,12.0,10.0,5.0,5.0,2.0,1.0,10.0,14.0,1.4,1.55,1.4,1.55,3.0,5.0,4.0,1.0,1.8,3.79,4.42,1.75,2.1,1.8,3.79,4.42,1.86,3.81,4.18,1.75,2.1,1.73,2.13,0.5313005474186325,0.25233271381359856,0.2163667387677689,0.517286404739632,0.25253352042407234,0.23018007483629566,-1.4014142679000474,0.020080661047378046,1.381333606852675,D Coote,football-data.co.uk,proxy_shots,,,,,,,,
2021-04-22,Leicester,West Brom,3,0,17.0,4.0,7.0,3.0,0.0,2.0,13.0,12.0,2.5,0.4,2.5,0.4,7.0,1.0,1.0,4.0,1.59,4.08,5.94,1.93,1.9,1.59,4.08,5.94,1.64,3.93,5.62,1.93,1.9,1.83,2.0,0.6033609679587721,0.23513331839569795,0.1615057136455299,0.5850971956575872,0.24416269742454025,0.17074010691787245,-1.8263772301184922,0.9029379028842294,0.9234393272342545,A Madley,football-data.co.uk,proxy_shots,,,,,,,,
2021-04-23,Arsenal,Everton,0,1,14.0,8.0,7.0,3.0,1.0,3.0,13.0,10.0,1.31,0.72,1.31,0.72,3.0,1.0,0.0,3.0,2.06,3.46,3.77,2.0,1.84,2.06,3.46,3.77,2.03,3.55,3.76,2.0,1.84,1.93,1.9,0.46689813157706345,0.2779798124418355,0.255122055981101,0.47354659722641046,0.2707886175689051,0.25566478520468433,0.6648465649347013,-0.7191194872930406,0.05427292235833381,J Moss,football-data.co.uk,proxy_shots,,,,,,,,
2021-04-24,Liverpool,Newcastle,1,1,22.0,7.0,6.0,3.0,2.0,1.0,9.0,7.0,2.93,1.21,2.93,1.21,9.0,4.0,3.0,8.0,1.24,6.38,12.06,1.54,2.5,1.24,6.38,12.06,1.22,7.17,12.58,1.54,2.5,1.37,3.14,0.7709050540836242,0.14983107634227177,0.07926386957410397,0.7891832963525516,0.1342822345258177,0.0765344691216306,1.827824226892738,-1.554884181645408,-0.2729400452473371,A Marriner,football-data.co.uk,proxy_shots,,,,,,,,
2021-04-24,Sheffield United,Brighton,1,0,7.0,17.0,2.0,12.0,3.0,0.0,13.0,7.0,1.03,1.66,1.03,1.66,3.0,4.0,4.0,2.0,5.33,3.56,1.74,2.35,1.6,5.33,3.56,1.74,6.31,3.96,1.59,2.35,1.6,2.16,1.71,0.17984287265484825,0.26925913237369137,0.5508979949714604,0.15239284651074989,0.2428279953239474,0.6047791581653029,-2.7450026144098363,-2.643113704974398,5.388116319384251,K Friend,football-data.co.uk,proxy_shots,,,,,,,,
2021-04-24,West Ham,Chelsea,0,1,9.0,17.0,4.0,2.0,2.0,4.0,9.0,11.0,0.85,2.12,0.85,2.12,2.0,6.0,5.0,2.0,4.74,3.75,1.77,2.0,1.84,4.74,3.75,1.77,5.25,3.93,1.68,2.0,1.84,1.94,1.88,0.20234861579828242,0.255768650369029,0.5418827338326886,0.183120740870173,0.24462694391053644,0.5722523152192907,-1.9227874928109427,-1.1141706458492577,3.0369581386602063,C Kavanagh,football-data.co.uk,proxy_shots,,,,,,,,
2021-04-25,Aston Villa,West Brom,2,2,24.0,10.0,11.0,4.0,0.0,2.0,14.0,9.0,3.5,1.47,3.5,1.47,11.0,4.0,2.0,9.0,1.88,3.67,4.19,1.94,1.88,1.88,3.67,4.19,2.08,3.48,3.66,1.94,1.88,1.91,1.92,0.5099571865849089,0.26123147432687427,0.22881133908821683,0.4616789908655937,0.27594606350587214,0.26237494562853414,-4.827819571931514,1.4714589178997872,3.3563606540317314,S Attwell,football-data.co.uk,proxy_shots,,,,,,,,
2021-04-25,Leeds,Man United,0,0,6.0,16.0,2.0,6.0,4.0,1.0,21.0,11.0,0.87,1.6,0.87,1.6,3.0,4.0,4.0,3.0,4.05,4.05,1.82,1.59,2.4,4.05,4.05,1.82,4.35,3.91,1.8,1.59,2.4,1.79,2.05,0.23667100130039012,0.23667100130039012,0.5266579973992197,0.2207896099007106,0.24563549950590563,0.5335748905933839,-1.5881391399679534,0.8964498205515509,0.691689319416422,C Pawson,football-data.co.uk,proxy_shots,,,,,,,,
2021-04-25,Wolves,Burnley,0,4,12.0,14.0,8.0,5.0,1.0,2.0,8.0,9.0,1.02,2.43,1.02,2.43,2.0,7.0,3.0,2.0,2.07,3.31,3.88,2.31,1.62,2.07,3.31,3.88,2.35,3.09,3.42,2.31,1.62,2.43,1.57,0.46320254200915384,0.2896765141869935,0.24712094380385272,0.40855476044119177,0.3107131673258255,0.28073207223298263,-5.464778156796207,2.1036653138832015,3.3611128429129917,D England,football-data.co.uk,proxy_shots,,,,,,,,
2021-04-26,Leicester,Crystal Palace,2,1,13.0,4.0,7.0,2.0,0.0,1.0,13.0,12.0,1.81,0.68,1.81,0.68,5.0,2.0,1.0,3.0,1.47,4.26,7.71,2.04,1.79,1.47,4.26,7.71,1.43,4.64,7.95,2.04,1.79,1.76,2.09,0.6511553216165582,0.2246944419662771,0.1241502364171648,0.6720141660761099,0.2071078141139735,0.1208780198099166,2.085884445955166,-1.758662785230361,-0.32722166072482045,G Scott,football-data.co.uk,proxy_shots,,,,,,,,
2021-04-30,Southampton,Leicester,1,1,5.0,23.0,0.0,10.0,3.0,0.0,9.0,13.0,0.92,2.98,0.92,2.98,3.0,9.0,8.0,2.0,3.82,3.81,1.94,1.86,1.97,3.82,3.81,1.94,4.11,3.75,1.89,1.86,1.97,1.98,1.86,0.25178155359649007,0.25244239756918424,0.4957760488343258,0.23415896048288778,0.256638220689245,0.5092028188278672,-1.7622593113602285,0.4195823120060782,1.342676999354142,R Jones,football-data.co.uk,proxy_shots,,,,,,,,
2021-05-01,Brighton,Leeds,2,0,17.0,11.0,2.0,9.0,1.0,1.0,17.0,6.0,2.04,0.96,2.04,0.96,5.0,2.0,2.0,3.0,2.16,3.45,3.43,1.91,1.92,2.16,3.45,3.43,2.08,3.5,3.69,1.91,1.92,1.98,1.85,0.443296883604365,0.27754239669142855,0.27916071970420653,0.4633981815702793,0.27539091933319454,0.26121089909652606,2.010129796591431,-0.21514773582340108,-1.7949820607680467,C Kavanagh,football-data.co.uk,proxy_shots,,,,,,,,
2021-05-01,Chelsea,Fulham,2,0,9.0,10.0,1.0,8.0,1.0,1.0,15.0,8.0,1.59,1.09,1.59,1.09,5.0,3.0,3.0,3.0,1.48,4.27,7.59,2.03,1.8,1.48,4.27,7.59,1.49,4.2,7.85,2.03,1.8,2.06,1.78,0.6486776976948527,0.22483442449376628,0.12648787781138104,0.6474290371039481,0.22968315840116252,0.1228878044948895,-0.12486605909046711,0.48487339073962354,-0.36000733164915505,K Friend,football-data.co.uk,proxy_shots,,,,,,,,
2021-05-01,Crystal Palace,Man City,0,2,9.0,20.0,2.0,6.0,2.0,0.0,9.0,10.0,1.21,1.84,1.21,1.84,4.0,3.0,1.0,4.0,10.1,5.14,1.34,1.72,2.15,10.1,5.14,1.34,9.74,5.43,1.33,1.72,2.15,1.66,2.25,0.0952172927299974,0.18710012773793264,0.7176825795320699,0.09884307384043917,0.17729862600476567,0.7238583001547951,0.36257811104417614,-0.9801501733166962,0.61757206227252,D Coote,football-data.co.uk,proxy_shots,,,,,,,,
2021-05-01,Everton,Aston Villa,1,2,16.0,13.0,3.0,6.0,0.0,2.0,10.0,13.0,1.52,1.81,1.52,1.81,3.0,5.0,3.0,2.0,2.02,3.62,3.69,1.91,1.92,2.02,3.62,3.69,1.98,3.73,3.77,1.91,1.92,1.8,2.03,0.47496088749822213,0.26503342341061015,0.26000568909116767,0.48637421702332234,0.2581825602429432,0.25544322273373427,1.1413329525100213,-0.6850863167666921,-0.45624663574334035,S Hooper,football-data.co.uk,proxy_shots,,,,,,,,
2021-05-02,Newcastle,Arsenal,0,2,5.0,19.0,3.0,7.0,4.0,1.0,10.0,9.0,0.46,2.15,0.46,2.15,1.0,5.0,3.0,1.0,3.64,3.57,2.05,1.78,2.06,3.64,3.57,2.05,3.74,3.63,2.02,1.78,2.06,1.73,2.14,0.2634895032636911,0.26865596411199877,0.46785453262431015,0.2576132323388468,0.2654196939248725,0.4769670737362808,-0.5876270924844273,-0.32362701871262445,0.9112541111970629,M Dean,football-data.co.uk,proxy_shots,,,,,,,,
2021-05-02,Tottenham,Sheffield United,4,0,20.0,8.0,6.0,6.0,1.0,1.0,8.0,9.0,3.48,0.62,3.48,0.62,11.0,1.0,1.0,7.0,1.29,5.73,11.16,1.69,2.19,1.29,5.73,11.16,1.32,5.46,9.91,1.69,2.19,1.65,2.27,0.7458666190781117,0.16791761581339687,0.08621576510849141,0.7272954554619138,0.1758296705512319,0.0968748739868543,-1.8571163616197928,0.7912054737835017,1.0659108878362897,A Marriner,football-data.co.uk,proxy_shots,,,,,,,,
2021-05-03,Burnley,West Ham,1,2,8.0,22.0,5.0,4.0,2.0,1.0,4.0,8.0,1.08,2.13,1.08,2.13,3.0,4.0,2.0,2.0,3.17,3.49,2.26,1.9,1.92,3.17,3.49,2.26,3.02,3.55,2.35,1.9,1.92,1.71,2.16,0.30202681227957984,0.2743338094344608,0.4236393782859594,0.31889681007626003,0.2712868637831846,0.40981632614055546,1.6869997796680192,-0.3046945651276167,-1.3823052145403913,A Taylor,football-data.co.uk,proxy_shots,,,,,,,,
2021-05-03,West Brom,Wolves,1,1,10.0,20.0,5.0,6.0,2.0,0.0,17.0,11.0,1.37,3.0,1.37,3.0,4.0,10.0,9.0,3.0,2.91,3.19,2.58,2.2,1.69,2.91,3.19,2.58,2.55,3.11,3.06,2.2,1.69,2.39,1.59,0.32893301200196634,0.3000611488795367,0.3710058391184969,0.3768935568572006,0.3090284790951323,0.31407796404766714,4.796054485523427,0.8967330215595593,-5.692787507082975,P Tierney,football-data.co.uk,proxy_shots,,,,,,,,
2021-05-07,Leicester,Newcastle,2,4,25.0,14.0,9.0,6.0,1.0,1.0,12.0,9.0,3.2,2.25,3.2,2.25,9.0,6.0,2.0,7.0,1.42,4.8,7.83,1.73,2.13,1.42,4.8,7.83,1.4,4.94,8.28,1.73,2.13,1.7,2.18,0.676962315332159,0.2002680182857637,0.12276966638207737,0.6884762469029407,0.19511472584293868,0.11640902725412043,1.1513931570781732,-0.515329244282503,-0.6360639127956937,D England,football-data.co.uk,proxy_shots,,,,,,,,
2021-05-08,Leeds,Tottenham,3,1,16.0,11.0,8.0,6.0,1.0,2.0,12.0,10.0,2.44,1.25,2.44,1.25,7.0,3.0,2.0,4.0,3.46,3.8,2.04,1.64,2.29,3.46,3.8,2.04,4.03,3.97,1.86,1.64,2.29,1.66,2.24,0.27726908549845486,0.2524607989012247,0.4702701156003205,0.2391326172071077,0.24274671217749222,0.5181206706154,-3.813646829134715,-0.9714086723732474,4.7850555015079514,M Oliver,football-data.co.uk,proxy_shots,,,,,,,,
2021-05-08,Liverpool,Southampton,2,0,14.0,12.0,8.0,4.0,0.0,1.0,10.0,6.0,2.05,1.74,2.05,1.74,6.0,6.0,6.0,4.0,1.29,5.97,10.14,1.47,2.69,1.29,5.97,10.14,1.31,5.93,9.28,1.47,2.69,1.39,3.0,0.7444357132579992,0.160857968191427,0.09470631855057386,0.7341742767375309,0.1621868975592185,0.10363882570325061,-1.0261436520468292,0.13289293677914982,0.8932507152676752,K Friend,football-data.co.uk,proxy_shots,,,,,,,,
2021-05-08,Man City,Chelsea,1,2,16.0,12.0,6.0,2.0,2.0,0.0,12.0,10.0,1.7,1.76,1.7,1.76,4.0,5.0,3.0,3.0,1.94,3.45,4.26,2.22,1.68,1.94,3.45,4.26,2.04,3.35,4.01,2.22,1.68,2.26,1.65,0.4956094205244415,0.2786905147296859,0.22570006474587243,0.4722141177380404,0.28755725378674696,0.2402286284752126,-2.3395302786401118,0.8866739057061035,1.4528563729340167,A Taylor,football-data.co.uk,proxy_shots,,,,,,,,
2021-05-08,Sheffield United,Crystal Palace,0,2,7.0,21.0,5.0,11.0,1.0,1.0,11.0,8.0,0.39,2.79,0.39,2.79,0.0,8.0,6.0,0.0,2.97,3.25,2.52,2.29,1.63,2.97,3.25,2.52,2.96,3.19,2.58,2.29,1.63,2.28,1.64,0.3233715930492875,0.2955118865711951,0.38111652037951743,0.3251835286494346,0.30173769429540015,0.37307877705516523,0.1811935600147141,0.6225807724205057,-0.8037743324352198,S Hooper,football-data.co.uk,proxy_shots,,,,,,,,
2021-05-09,Arsenal,West Brom,3,1,15.0,12.0,6.0,6.0,1.0,2.0,7.0,9.0,2.38,0.94,2.38,0.94,7.0,1.0,0.0,4.0,1.47,4.53,7.01,1.76,2.09,1.47,4.53,7.01,1.5,4.5,6.74,1.76,2.09,1.76,2.1,0.651803912633854,0.21151252794078707,0.13668355942535884,0.6427209154481882,0.21424030514939604,0.14303877940241577,-0.9082997185665742,0.2727777208608978,0.6355219977056931,P Bankes,football-data.co.uk,proxy_shots,,,,,,,,
2021-05-09,Aston Villa,Man United,1,3,11.0,18.0,5.0,6.0,3.0,1.0,13.0,18.0,1.6,2.55,1.6,2.55,5.0,7.0,4.0,4.0,4.38,3.81,1.82,1.73,2.13,4.38,3.81,1.82,4.43,3.94,1.78,1.73,2.13,1.71,2.16,0.219481160741416,0.25231692494682467,0.5282019143117593,0.21677258228035903,0.24373160901065746,0.5394958087089834,-0.27085784610569597,-0.8585315936167209,1.1293894397224058,C Kavanagh,football-data.co.uk,proxy_shots,,,,,,,,
2021-05-09,West Ham,Everton,0,1,11.0,9.0,5.0,6.0,2.0,1.0,8.0,10.0,0.6,1.14,0.6,1.14,0.0,3.0,2.0,0.0,2.27,3.44,3.22,1.9,1.92,2.27,3.44,3.22,2.14,3.53,3.46,1.9,1.92,1.84,1.99,0.4228593242985303,0.2790379843481581,0.29810269135331174,0.44949286776287706,0.2724970926381181,0.27801003959900494,2.6633543464346765,-0.6540891710039964,-2.00926517543068,S Attwell,football-data.co.uk,proxy_shots,,,,,,,,
2021-05-09,Wolves,Brighton,2,1,16.0,5.0,10.0,5.0,2.0,6.0,12.0,7.0,2.16,0.92,2.16,0.92,6.0,3.0,2.0,4.0,3.35,3.3,2.27,2.34,1.61,3.35,3.3,2.27,3.96,3.3,2.06,2.34,1.61,2.32,1.62,0.286457237911321,0.2907974990917956,0.4227452629968834,0.24258125294394725,0.29109750353273667,0.46632124352331605,-4.3875984967373745,0.03000044409410818,4.357598052643263,J Moss,football-data.co.uk,proxy_shots,,,,,,,,
2021-05-10,Fulham,Burnley,0,2,21.0,14.0,8.0,4.0,2.0,0.0,11.0,10.0,1.7,1.87,1.7,1.87,3.0,5.0,3.0,3.0,2.21,3.41,3.35,2.04,1.79,2.21,3.41,3.35,2.23,3.42,3.35,2.04,1.79,2.06,1.79,0.433313988112172,0.28082812719293254,0.28585788469489554,0.4314587954402522,0.2813313198338486,0.28720988472589914,-0.1855192671919803,0.05031926409160836,0.13520000310036084,D Coote,football-data.co.uk,proxy_shots,,,,,,,,
2021-05-11,Man United,Leicester,1,2,4.0,12.0,3.0,4.0,0.0,0.0,9.0,12.0,0.5,1.4,0.5,1.4,1.0,3.0,1.0,0.0,2.54,3.37,2.88,1.95,1.88,2.54,3.37,2.88,3.71,3.55,2.05,1.95,1.88,1.92,1.91,0.37941252355300503,0.2859667091467753,0.3346207673002197,0.2594150462509134,0.2711069919974335,0.4694779617516531,-11.999747730209165,-1.4859717149341811,13.485719445143335,C Pawson,football-data.co.uk,proxy_shots,,,,,,,,
2021-05-11,Southampton,Crystal Palace,3,1,13.0,11.0,12.0,8.0,2.0,3.0,20.0,13.0,2.09,1.43,2.09,1.43,6.0,4.0,3.0,3.0,2.1,3.56,3.56,1.93,1.91,2.1,3.56,3.56,1.88,3.78,4.09,1.93,1.91,1.84,2.0,0.45876288659793807,0.2706185567010309,0.2706185567010309,0.5109830181320606,0.25413970213975506,0.23487727972818434,5.222013153412252,-1.6478854561275846,-3.574127697284657,A Madley,football-data.co.uk,proxy_shots,,,,,,,,
2021-05-12,Chelsea,Arsenal,0,1,19.0,5.0,9.0,1.0,0.0,1.0,7.0,6.0,1.94,0.73,1.94,0.73,5.0,2.0,1.0,5.0,1.73,3.8,5.04,2.04,1.8,1.73,3.8,5.04,1.95,3.4,4.29,2.04,1.8,2.22,1.68,0.5560136100240382,0.2531325119319963,0.19085387804396547,0.4930784442979566,0.2827949901120633,0.22412656558998023,-6.293516572608154,2.9662478180067007,3.3272687546014756,A Marriner,football-data.co.uk,proxy_shots,,,,,,,,
2021-05-13,Aston Villa,Everton,0,0,13.0,15.0,9.0,1.0,2.0,0.0,9.0,12.0,1.07,1.72,1.07,1.72,2.0,5.0,5.0,2.0,2.72,3.44,2.61,1.84,2.0,2.72,3.44,2.61,3.04,3.32,2.45,1.84,2.0,2.08,1.76,0.3530022331959865,0.2791180448526405,0.367879721951373,0.31680869958091207,0.2900898935921604,0.3931014068269275,-3.619353361507444,1.0971848739519896,2.522168487555454,M Atkinson,football-data.co.uk,proxy_shots,,,,,,,,
2021-05-13,Man United,Liverpool,2,4,18.0,17.0,6.0,4.0,3.0,0.0,10.0,12.0,1.73,2.77,1.73,2.77,3.0,8.0,4.0,1.0,3.15,3.76,2.18,1.69,2.19,3.15,3.76,2.18,2.79,3.72,2.43,1.69,2.19,1.63,2.31,0.30462542459807196,0.2552048105010443,0.4401697649008838,0.34504792332268375,0.25878594249201275,0.3961661341853035,4.042249872461179,0.35811319909684336,-4.4003630715580275,A Taylor,football-data.co.uk,proxy_shots,,,,,,,,
2021-05-14,Newcastle,Man City,3,4,11.0,15.0,4.0,5.0,2.0,2.0,11.0,10.0,1.8,2.31,1.8,2.31,5.0,6.0,2.0,2.0,10.52,5.8,1.3,1.54,2.51,10.52,5.8,1.3,8.51,5.76,1.34,1.54,2.51,1.43,2.83,0.09169179881311411,0.16630995232999318,0.7419982488568926,0.11327367132672142,0.1673539831580554,0.7193723455152232,2.158187251360731,0.10440308280622312,-2.2625903341669362,K Friend,football-data.co.uk,proxy_shots,,,,,,,,
2021-05-15,Brighton,West Ham,1,1,10.0,15.0,3.0,3.0,1.0,1.0,7.0,5.0,1.01,1.47,1.01,1.47,2.0,3.0,2.0,1.0,2.98,3.49,2.39,2.02,1.81,2.98,3.49,2.39,3.49,3.55,2.12,2.02,1.81,1.88,1.95,0.32250468807392657,0.2753764958338972,0.4021188160921762,0.2755333286959578,0.2708764273658853,0.45359024393815695,-4.697135937796876,-0.4500068468011875,5.147142784598074,A Marriner,football-data.co.uk,proxy_shots,,,,,,,,
2021-05-15,Burnley,Leeds,0,4,16.0,16.0,6.0,8.0,1.0,1.0,10.0,10.0,1.6,2.36,1.6,2.36,4.0,6.0,2.0,4.0,3.14,3.64,2.23,1.67,2.24,3.14,3.64,2.23,3.49,3.8,2.05,1.67,2.24,1.63,2.31,0.30574409582281814,0.26374628046254095,0.43050962371464085,0.27617747682271815,0.2536472089766543,0.4701753142006275,-2.9566619000099994,-1.0099071485886624,3.966569048598667,G Scott,football-data.co.uk,proxy_shots,,,,,,,,
2021-05-15,Southampton,Fulham,3,1,11.0,10.0,6.0,5.0,0.0,1.0,9.0,15.0,2.17,1.19,2.17,1.19,7.0,3.0,2.0,4.0,2.02,3.58,3.73,1.97,1.86,2.02,3.58,3.73,1.87,3.74,4.21,1.97,1.86,1.85,1.99,0.4748787322721518,0.26794833496920295,0.2571729327586452,0.5143555284056199,0.25717776420280997,0.22846670739156996,3.9476796133468106,-1.0770570766392984,-2.870622536707526,C Pawson,football-data.co.uk,proxy_shots,,,,,,,,
2021-05-16,Crystal Palace,Aston Villa,3,2,23.0,19.0,7.0,7.0,3.0,2.0,23.0,13.0,3.0,2.15,3.0,2.15,8.0,5.0,3.0,5.0,3.05,3.5,2.33,1.94,1.89,3.05,3.5,2.33,3.1,3.51,2.3,1.94,1.89,1.8,2.04,0.3144217608389721,0.2739961058739614,0.4115821332870665,0.3095000766753565,0.2733476460665542,0.4171522772580893,-0.4921684163615603,-0.06484598074071868,0.557014397102279,D Coote,football-data.co.uk,proxy_shots,,,,,,,,
2021-05-16,Everton,Sheffield United,0,1,16.0,10.0,11.0,4.0,1.0,3.0,8.0,12.0,1.96,1.19,1.96,1.19,6.0,3.0,2.0,6.0,1.4,4.73,8.34,1.84,1.98,1.4,4.73,8.34,1.36,5.1,9.07,1.84,1.98,1.8,2.04,0.6831306648749182,0.20219512279595886,0.11467421232912296,0.7059098220308203,0.18824261920821878,0.10584755876096093,2.2779157155902063,-1.3952503587740084,-0.8826653568162035,A Moss,football-data.co.uk,proxy_shots,,,,,,,,
2021-05-16,Tottenham,Wolves,2,0,24.0,15.0,10.0,3.0,1.0,0.0,8.0,11.0,3.86,1.36,3.86,1.36,13.0,3.0,3.0,11.0,1.54,4.28,6.27,1.85,1.98,1.54,4.28,6.27,1.54,4.49,5.95,1.85,1.98,1.69,2.2,0.6228871980799673,0.22412296379512842,0.15298983812490427,0.6242945708537123,0.21412330492532672,0.16158212422096083,0.14073727737450303,-0.9999658869801697,0.8592286096056556,M Atkinson,football-data.co.uk,proxy_shots,,,,,,,,
2021-05-16,West Brom,Liverpool,1,2,10.0,26.0,9.0,13.0,0.0,0.0,7.0,14.0,1.19,2.71,1.19,2.71,3.0,6.0,4.0,2.0,12.37,6.75,1.23,1.43,2.83,12.37,6.75,1.23,12.27,7.13,1.22,1.43,2.83,1.39,2.99,0.0775825093841897,0.14217713201221135,0.7802403586035989,0.07825782636741575,0.13467370680619792,0.7870684668263863,0.06753169832260514,-0.7503425206013437,0.6828108222787455,M Dean,football-data.co.uk,proxy_shots,,,,,,,,
2021-05-18,Brighton,Man City,3,2,19.0,8.0,5.0,3.0,3.0,5.0,13.0,11.0,2.42,1.36,2.42,1.36,6.0,4.0,2.0,3.0,6.93,4.49,1.49,1.78,2.07,6.93,4.49,1.49,7.26,4.66,1.45,1.78,2.07,1.76,2.1,0.1389962914099914,0.21453102438112254,0.646472684208886,0.1321905641330631,0.20594495613863478,0.6618644797283022,-0.6805727276928297,-0.8586068242487754,1.5391795519416163,S Attwell,football-data.co.uk,proxy_shots,,,,,,,,
2021-05-18,Chelsea,Leicester,2,1,17.0,7.0,6.0,5.0,2.0,4.0,15.0,16.0,2.22,1.03,2.22,1.03,6.0,3.0,2.0,4.0,1.72,3.71,5.37,2.14,1.73,1.72,3.71,5.37,1.7,3.81,5.32,2.14,1.73,2.13,1.73,0.5605664555448322,0.2598852570180893,0.17954828743707849,0.5663338008728647,0.2526948717805433,0.18097132734659208,0.5767345328032469,-0.7190385237546004,0.14230399095135904,M Dean,football-data.co.uk,proxy_shots,,,,,,,,
2021-05-18,Man United,Fulham,1,1,13.0,8.0,6.0,1.0,2.0,3.0,10.0,15.0,1.9,1.44,1.9,1.44,6.0,5.0,4.0,5.0,1.32,5.71,9.38,1.59,2.41,1.32,5.71,9.38,1.3,5.82,9.97,1.59,2.41,1.55,2.47,0.7289169907973206,0.16850620452757675,0.10257680467510269,0.7386839867400614,0.16499814136805496,0.09631787189188364,0.9766995942740775,-0.35080631595217904,-0.6258932783219053,L Mason,football-data.co.uk,proxy_shots,,,,,,,,
2021-05-18,Southampton,Leeds,0,2,18.0,15.0,4.0,5.0,0.0,3.0,10.0,12.0,1.53,2.29,1.53,2.29,3.0,7.0,5.0,3.0,2.6,3.81,2.54,1.5,2.6,2.6,3.81,2.54,2.65,3.8,2.5,1.5,2.6,1.56,2.45,0.36954413191076624,0.2521823472356935,0.3782735208535402,0.36266463065470506,0.25291086085130743,0.38442450849398735,-0.6879501256061182,0.07285136156139349,0.6150987640447136,P Bankes,football-data.co.uk,proxy_shots,,,,,,,,
2021-05-19,Burnley,Liverpool,0,3,10.0,20.0,6.0,7.0,0.0,0.0,10.0,7.0,1.27,1.94,1.27,1.94,4.0,3.0,0.0,4.0,10.82,6.67,1.25,1.35,3.23,10.82,6.67,1.25,9.9,6.3,1.28,1.35,3.23,1.38,3.08,0.08866671842215249,0.14383416691569564,0.7674991146621519,0.09703270521983971,0.1524799653454624,0.7504873294346978,0.8365986797687228,0.864579842976676,-1.7011785227454168,C Kavanagh,football-data.co.uk,proxy_shots,,,,,,,,
2021-05-19,Crystal Palace,Arsenal,1,3,12.0,6.0,6.0,7.0,2.0,1.0,7.0,7.0,1.84,1.17,1.84,1.17,6.0,3.0,0.0,5.0,6.14,4.41,1.53,1.74,2.13,6.14,4.41,1.53,5.92,4.09,1.59,1.74,2.13,1.99,1.84,0.15611919785094025,0.21736323691718207,0.6265175652318777,0.1620560845479669,0.23456528619167827,0.6033786292603548,0.5936886697026661,1.72020492744962,-2.3138935971522945,A Taylor,football-data.co.uk,proxy_shots,,,,,,,,
2021-05-19,Everton,Wolves,1,0,14.0,9.0,7.0,12.0,0.0,2.0,11.0,11.0,1.59,1.04,1.59,1.04,4.0,3.0,3.0,3.0,1.89,3.61,4.25,2.1,1.76,1.89,3.61,4.25,1.79,3.66,4.77,2.1,1.76,2.05,1.79,0.5080651303567467,0.26599531755519423,0.2259395520880591,0.5363848358880295,0.26233028859004726,0.2012848755219231,2.8319705531282824,-0.3665028965146977,-2.465467656613601,A Madley,football-data.co.uk,proxy_shots,,,,,,,,
2021-05-19,Newcastle,Sheffield United,1,0,16.0,11.0,5.0,2.0,0.0,2.0,7.0,7.0,1.88,0.78,1.88,0.78,5.0,1.0,1.0,4.0,1.75,3.83,4.75,1.81,2.03,1.75,3.83,4.75,1.85,3.75,4.29,1.81,2.03,1.78,2.07,0.5478431077316871,0.2503199578408492,0.20183693442746367,0.5195969187539363,0.25633447991860864,0.2240686013274551,-2.8246188977750775,0.6014522077759432,2.2231666899991427,R Jones,football-data.co.uk,proxy_shots,,,,,,,,
2021-05-19,Tottenham,Aston Villa,1,2,10.0,20.0,4.0,5.0,1.0,1.0,14.0,13.0,1.37,2.02,1.37,2.02,4.0,4.0,2.0,3.0,1.53,4.65,5.85,1.54,2.51,1.53,4.65,5.85,1.62,4.44,5.15,1.54,2.51,1.56,2.44,0.6287051482059283,0.20686427457098283,0.16443057722308893,0.5954408387106854,0.21725544115119602,0.18730372013811855,-3.326430949524284,1.0391166580213191,2.287314291502962,C Pawson,football-data.co.uk,proxy_shots,,,,,,,,
2021-05-19,West Brom,West Ham,1,3,14.0,21.0,6.0,8.0,2.0,2.0,8.0,11.0,1.59,3.08,1.59,3.08,4.0,9.0,6.0,3.0,5.26,4.25,1.62,1.62,2.33,5.26,4.25,1.62,5.07,4.28,1.64,1.62,2.33,1.63,2.29,0.18233001069881255,0.22566020147664798,0.5920097878245395,0.1895359889397736,0.2245204354964141,0.5859435755638124,0.7205978240961058,-0.11397659802338811,-0.6066212260727122,M Oliver,football-data.co.uk,proxy_shots,,,,,,,,
2021-05-23,Arsenal,Brighton,2,0,16.0,5.0,11.0,3.0,0.0,0.0,10.0,8.0,1.98,0.46,1.98,0.46,5.0,1.0,1.0,3.0,1.62,4.29,5.23,1.71,2.17,1.62,4.29,5.23,1.67,4.19,4.93,1.71,2.17,1.68,2.22,0.5926369089598009,0.22379295862817655,0.18357013241202247,0.5756023752267528,0.22941669847939788,0.19498092629384936,-1.7034533733048085,0.5623739851221332,1.141079388182689,J Moss,football-data.co.uk,proxy_shots,,,,,,,,
2021-05-23,Aston Villa,Chelsea,2,1,6.0,23.0,2.0,9.0,3.0,5.0,11.0,12.0,1.07,2.62,1.07,2.62,3.0,7.0,6.0,1.0,6.62,4.56,1.49,1.68,2.22,6.62,4.56,1.49,6.97,4.85,1.44,1.68,2.22,1.61,2.33,0.14503878715946494,0.21056069539378466,0.6444005174467504,0.1374118795166974,0.19747645365595484,0.6651116668273478,-0.762690764276755,-1.3084241737829823,2.071114938059737,S Attwell,football-data.co.uk,proxy_shots,,,,,,,,
2021-05-23,Fulham,Newcastle,0,2,14.0,10.0,5.0,4.0,1.0,0.0,12.0,6.0,0.77,1.47,0.77,1.47,0.0,4.0,2.0,0.0,2.09,3.81,3.32,1.65,2.27,2.09,3.81,3.32,2.48,3.44,2.89,1.65,2.27,1.81,2.04,0.45912111764044006,0.251853841435307,0.2890250409242529,0.38773790951638065,0.27953198127925116,0.33273010920436813,-7.13832081240594,2.7678139843944183,4.370506828011522,C Kavanagh,football-data.co.uk,proxy_shots,,,,,,,,
2021-05-23,Leeds,West Brom,3,1,17.0,14.0,8.0,3.0,2.0,1.0,12.0,12.0,2.85,1.77,2.85,1.77,9.0,5.0,4.0,6.0,1.44,5.18,6.51,1.41,2.91,1.44,5.18,6.51,1.54,4.69,5.59,1.41,2.91,1.5,2.6,0.6670266677743624,0.1854282628561934,0.14754506936944423,0.6234996420782766,0.20473122575704603,0.1717691321646773,-4.35270256960858,1.9302962900852623,2.4224062795233063,D Coote,football-data.co.uk,proxy_shots,,,,,,,,
2021-05-23,Leicester,Tottenham,2,4,10.0,11.0,8.0,7.0,0.0,2.0,9.0,8.0,1.83,1.73,1.83,1.73,6.0,4.0,0.0,4.0,2.04,4.02,3.33,1.6,2.37,2.04,4.02,3.33,1.79,4.19,4.14,1.6,2.37,1.55,2.47,0.4716813598021184,0.23936069004883623,0.2889579501490455,0.5377573448490729,0.22973404469685932,0.23250861045406782,6.60759850469545,-0.9626645351976909,-5.64493396949777,A Taylor,football-data.co.uk,proxy_shots,,,,,,,,
2021-05-23,Liverpool,Crystal Palace,2,0,19.0,5.0,14.0,1.0,2.0,2.0,10.0,8.0,2.15,0.99,2.15,0.99,5.0,4.0,4.0,3.0,1.16,8.28,17.35,1.37,3.1,1.16,8.28,17.35,1.16,8.57,16.09,1.37,3.1,1.31,3.49,0.8285310239185,0.1160743946552488,0.055394581426251296,0.8281913957557168,0.11210058565654976,0.05970801858773346,-0.033962816278321206,-0.39738089986990355,0.4313437161482164,C Pawson,football-data.co.uk,proxy_shots,,,,,,,,
2021-05-23,Man City,Everton,5,0,21.0,8.0,7.0,5.0,2.0,2.0,8.0,10.0,3.63,0.98,3.63,0.98,11.0,3.0,3.0,6.0,1.44,4.94,6.83,1.62,2.31,1.44,4.94,6.83,1.3,6.12,9.6,1.62,2.31,1.45,2.77,0.6656315965988676,0.1940302629761881,0.14033814042494427,0.7419305955447796,0.1575996363085316,0.10046976814668891,7.629899894591197,-3.6430626667656507,-3.986837227825536,M Oliver,football-data.co.uk,proxy_shots,,,,,,,,
2021-05-23,Sheffield United,Burnley,1,0,12.0,10.0,8.0,9.0,3.0,1.0,11.0,1.0,1.3,1.09,1.3,1.09,3.0,3.0,3.0,2.0,2.84,3.63,2.41,1.74,2.12,2.84,3.63,2.41,2.8,3.47,2.53,1.74,2.12,1.79,2.05,0.3377474239341516,0.264243163628923,0.39800941243692545,0.34321379563784493,0.276944849506042,0.379841354856113,0.5466371703693351,1.2701685877119007,-1.816805758081247,K Friend,football-data.co.uk,proxy_shots,,,,,,,,
2021-05-23,West Ham,Southampton,3,0,14.0,17.0,2.0,3.0,0.0,3.0,5.0,9.0,2.33,1.83,2.33,1.83,7.0,5.0,5.0,4.0,1.72,4.0,4.76,1.63,2.31,1.72,4.0,4.76,1.78,3.85,4.57,1.63,2.31,1.73,2.14,0.5582399024252943,0.24004315804287657,0.20171693953182904,0.5400050948220035,0.24966469319043277,0.21033021198756374,-1.823480760329077,0.9621535147556204,0.8613272455734705,M Atkinson,football-data.co.uk,proxy_shots,,,,,,,,
2021-05-23,Wolves,Man United,1,2,14.0,9.0,6.0,2.0,4.0,1.0,14.0,3.0,1.59,1.41,1.59,1.41,4.0,4.0,2.0,3.0,2.53,3.63,2.69,1.74,2.13,2.53,3.63,2.69,2.34,3.25,3.26,1.74,2.13,2.32,1.62,0.37914833639431084,0.2642549011233075,0.3565967624823816,0.4102073686329777,0.2953493054157439,0.2944433259512784,3.105903223866685,3.1094404292436373,-6.215343653110317,M Dean,football-data.co.uk,proxy_shots,,,,,,,,
2021-08-13,Brentford,Arsenal,2,0,8.0,22.0,2.0,5.0,0.0,0.0,12.0,8.0,1.18,1.93,1.18,1.93,3.0,4.0,4.0,1.0,4.02,3.43,2.02,2.16,1.73,4.02,3.43,2.02,3.89,3.28,2.1,2.16,1.73,2.33,1.62,0.2402627125697007,0.2815907010292118,0.4781465864010874,0.24762548442993654,0.29367778488794305,0.4586967306821206,0.7362771860235845,1.2087083858731251,-1.9449855718966846,M Oliver,football-data.co.uk,proxy_shots,,,,,,,,
2021-08-14,Burnley,Brighton,1,2,14.0,14.0,7.0,6.0,2.0,1.0,10.0,7.0,1.41,2.41,1.41,2.41,3.0,8.0,6.0,2.0,3.19,3.09,2.49,2.46,1.57,3.19,3.09,2.49,3.19,3.1,2.48,2.46,1.57,2.34,1.62,0.3017968722420306,0.311563761311352,0.38663936644661745,0.30162977377766964,0.31038676720992453,0.3879834590124057,-0.016709846436097076,-0.11769941014274643,0.13440925657882685,D Coote,football-data.co.uk,proxy_shots,,,,,,,,
2021-08-14,Chelsea,Crystal Palace,3,0,13.0,4.0,5.0,2.0,0.0,0.0,15.0,11.0,2.09,0.4,2.09,0.4,6.0,1.0,1.0,3.0,1.26,5.92,12.8,1.79,2.06,1.26,5.92,12.8,1.33,5.17,10.58,1.79,2.06,1.9,1.94,0.7626163408585874,0.1623136130881453,0.07507004605326721,0.7230855258896361,0.18601619911667625,0.09089827499368773,-3.9530814968951278,2.370258602853095,1.582822894042052,J Moss,football-data.co.uk,proxy_shots,,,,,,,,
2021-08-14,Everton,Southampton,3,1,14.0,6.0,6.0,8.0,2.0,0.0,13.0,15.0,2.15,0.97,2.15,0.97,6.0,3.0,2.0,3.0,1.97,3.53,4.04,2.07,1.79,1.97,3.53,4.04,2.04,3.39,3.95,2.07,1.79,2.24,1.67,0.48883084653853925,0.2728036169067769,0.23836553655468376,0.4720932446296551,0.2840915100426243,0.24381524532772056,-1.673760190888418,1.1287893135847382,0.5449708773036799,A Madley,football-data.co.uk,proxy_shots,,,,,,,,
2021-08-14,Leicester,Wolves,1,0,9.0,17.0,5.0,4.0,1.0,2.0,6.0,10.0,1.5,1.48,1.5,1.48,5.0,3.0,3.0,4.0,1.71,3.75,5.32,2.04,1.81,1.71,3.75,5.32,1.74,3.72,5.06,2.04,1.81,2.06,1.79,0.562610512779296,0.25655039382735895,0.1808390933933451,0.5519935250026393,0.258190519759299,0.18981595523806177,-1.061698777665665,0.1640125931940073,0.897686184471666,C Pawson,football-data.co.uk,proxy_shots,,,,,,,,
2021-08-14,Man United,Leeds,5,1,16.0,10.0,5.0,4.0,1.0,2.0,11.0,9.0,2.82,1.19,2.82,1.19,8.0,3.0,2.0,3.0,1.55,4.48,5.87,1.65,2.29,1.55,4.48,5.87,1.64,4.19,5.22,1.65,2.29,1.67,2.25,0.6211038707986047,0.21489084815576723,0.16400528104562814,0.5863093163772444,0.2294862240712842,0.1842044595514714,-3.479455442136037,1.4595375915516962,2.019917850584327,P Tierney,football-data.co.uk,proxy_shots,,,,,,,,
2021-08-14,Norwich,Liverpool,0,3,14.0,19.0,3.0,11.0,1.0,1.0,4.0,14.0,1.31,2.79,1.31,2.79,3.0,8.0,5.0,3.0,8.78,5.71,1.33,1.52,2.59,8.78,5.71,1.33,6.8,4.85,1.46,1.52,2.59,1.55,2.48,0.10941928233353265,0.16824891399096614,0.7223318036755012,0.1416511632559163,0.19860369281241877,0.659745143931665,3.2231880922383658,3.035477882145263,-6.258665974383626,A Marriner,football-data.co.uk,proxy_shots,,,,,,,,
2021-08-14,Watford,Aston Villa,3,2,13.0,11.0,2.0,4.0,3.0,1.0,18.0,13.0,2.28,1.17,2.28,1.17,7.0,2.0,0.0,4.0,3.14,3.26,2.41,2.03,1.82,3.14,3.26,2.41,3.49,3.3,2.22,2.03,1.82,2.12,1.74,0.3061760533740706,0.2949057692007919,0.39891817742513763,0.27550882260029785,0.29137145178031504,0.43311972561938716,-3.066723077377276,-0.35343174204768846,3.420154819424953,M Dean,football-data.co.uk,proxy_shots,,,,,,,,
2021-08-15,Newcastle,West Ham,2,4,17.0,8.0,7.0,6.0,1.0,0.0,4.0,3.0,1.68,2.46,1.68,2.46,3.0,9.0,5.0,1.0,3.2,3.51,2.26,1.95,1.9,3.2,3.51,2.26,3.36,3.5,2.19,1.95,1.9,1.88,1.95,0.3005159755423047,0.2739746785570869,0.42550934590060846,0.2861847263603576,0.27473733730594324,0.4390779363336993,-1.4331249181947114,0.07626587488563374,1.3568590433090832,M Atkinson,football-data.co.uk,proxy_shots,,,,,,,,
2021-08-15,Tottenham,Man City,1,0,13.0,18.0,3.0,11.0,2.0,1.0,11.0,8.0,1.35,1.71,1.35,1.71,3.0,4.0,4.0,2.0,5.49,4.1,1.64,1.85,2.01,5.49,4.1,1.64,5.88,4.12,1.6,1.85,2.01,1.85,1.99,0.17585245550075057,0.23547072699978558,0.5886768174994639,0.16387574082176526,0.2338809116582475,0.6022433475199873,-1.1976714678985312,-0.158981534153807,1.3566530020523437,A Taylor,football-data.co.uk,proxy_shots,,,,,,,,
2021-08-21,Aston Villa,Newcastle,2,0,10.0,9.0,3.0,4.0,3.0,4.0,8.0,18.0,1.11,0.68,1.11,0.68,2.0,1.0,1.0,0.0,1.82,3.92,4.25,1.77,2.09,1.82,3.92,4.25,1.84,3.88,4.21,1.77,2.09,1.68,2.23,0.5283957195506416,0.2453265840770836,0.22627769637227474,0.5232091837388374,0.24811981909264455,0.22867099716851802,-0.5186535811804172,0.27932350155609464,0.23933007962432806,D Coote,football-data.co.uk,proxy_shots,,,,,,,,
2021-08-21,Brighton,Watford,2,0,13.0,10.0,7.0,2.0,4.0,0.0,11.0,6.0,1.45,0.73,1.45,0.73,3.0,1.0,1.0,1.0,1.74,3.52,5.53,2.24,1.67,1.74,3.52,5.53,1.74,3.58,5.41,2.24,1.67,2.16,1.72,0.5528021219677047,0.27326013983630865,0.17393773819598668,0.5532013344606175,0.2688743916093504,0.17792427393003224,0.03992124929127483,-0.43857482269582526,0.398653573404556,A Taylor,football-data.co.uk,proxy_shots,,,,,,,,
2021-08-21,Crystal Palace,Brentford,0,0,7.0,14.0,3.0,5.0,3.0,1.0,12.0,9.0,0.74,1.31,0.74,1.31,2.0,3.0,3.0,2.0,2.61,3.18,2.9,2.32,1.62,2.61,3.18,2.9,2.65,3.16,2.9,2.32,1.62,2.32,1.63,0.36754507628294036,0.3016643550624133,0.33079056865464634,0.363319192800222,0.30468223446854054,0.33199857273123734,-0.4225883482718351,0.3017879406127244,0.1208004076590996,M Atkinson,football-data.co.uk,proxy_shots,,,,,,,,
2021-08-21,Leeds,Everton,2,2,17.0,17.0,8.0,5.0,2.0,4.0,6.0,13.0,1.85,2.58,1.85,2.58,4.0,8.0,6.0,2.0,2.37,3.47,3.03,1.7,2.2,2.37,3.47,3.03,2.13,3.49,3.53,1.7,2.2,1.82,2.02,0.40565065916640625,0.27705823118858297,0.31729110964501084,0.45172941042743,0.27569731925800167,0.27257327031456824,4.607875126102373,-0.1360911930581299,-4.47178393304426,D England,football-data.co.uk,proxy_shots,,,,,,,,
2021-08-21,Liverpool,Burnley,2,0,27.0,9.0,8.0,4.0,0.0,0.0,6.0,12.0,3.31,1.04,3.31,1.04,9.0,3.0,3.0,7.0,1.21,6.97,14.41,1.54,2.5,1.21,6.97,14.41,1.24,6.57,12.29,1.54,2.5,1.47,2.7,0.7951839756150664,0.13804485086000434,0.06677117352492924,0.7754151713647238,0.14634928652850188,0.07823554210677441,-1.9768804250342553,0.8304435668497534,1.1464368581845172,M Dean,football-data.co.uk,proxy_shots,,,,,,,,
2021-08-21,Man City,Norwich,5,0,16.0,1.0,6.0,1.0,1.0,0.0,13.0,7.0,2.1,0.2,2.1,0.2,4.0,0.0,0.0,0.0,1.11,10.58,25.64,1.34,3.29,1.11,10.58,25.64,1.12,9.88,23.15,1.34,3.29,1.36,3.18,0.8709233538186322,0.09137286604335366,0.03770378013801411,0.8607774628211516,0.0975780119797257,0.04164452519912268,-1.0145890997480533,0.6205145936372031,0.3940745061108565,G Scott,football-data.co.uk,proxy_shots,,,,,,,,
2021-08-22,Arsenal,Chelsea,0,2,6.0,22.0,9.0,8.0,3.0,0.0,10.0,4.0,0.87,2.31,0.87,2.31,3.0,5.0,3.0,3.0,4.76,3.74,1.78,2.07,1.79,4.76,3.74,1.78,4.51,3.54,1.88,2.07,1.79,2.13,1.74,0.20214742927937232,0.2572785463555647,0.5405740243650631,0.2139976977047789,0.2726354849289697,0.5133668173662514,1.185026842540657,1.5356938573405032,-2.720720699881163,P Tierney,football-data.co.uk,proxy_shots,,,,,,,,
2021-08-22,Southampton,Man United,1,1,8.0,15.0,7.0,7.0,2.0,3.0,12.0,10.0,1.08,1.65,1.08,1.65,3.0,4.0,3.0,2.0,5.36,4.26,1.61,1.72,2.16,5.36,4.26,1.61,5.39,4.28,1.62,1.72,2.16,1.68,2.23,0.178973847783768,0.225187752141079,0.5958384000751531,0.17900275206146446,0.22542636299329283,0.5955708849452428,0.002890427769647319,0.02386108522138275,-0.02675151299103007,C Pawson,football-data.co.uk,proxy_shots,,,,,,,,
2021-08-22,Wolves,Tottenham,0,1,25.0,8.0,5.0,4.0,1.0,4.0,9.0,7.0,2.46,1.62,2.46,1.62,6.0,6.0,5.0,6.0,3.2,3.15,2.43,2.24,1.67,3.2,3.15,2.43,2.93,3.06,2.7,2.24,1.67,2.32,1.63,0.30005291938613515,0.304815664138296,0.3951314164755689,0.32865530574251756,0.314692825433195,0.3566518688242876,2.8602386356382405,0.9877161294898962,-3.8479547651281254,S Attwell,football-data.co.uk,proxy_shots,,,,,,,,
2021-08-23,West Ham,Leicester,4,1,13.0,5.0,10.0,0.0,0.0,3.0,8.0,8.0,2.38,0.56,2.38,0.56,7.0,1.0,0.0,3.0,2.58,3.44,2.75,1.8,2.04,2.58,3.44,2.75,2.46,3.47,2.9,1.8,2.04,1.78,2.08,0.37199864727764625,0.2789989854582347,0.34900236726411904,0.39105124897020194,0.2772294156964544,0.33171933533334375,1.9052601692555682,-0.1769569761780332,-1.7283031930775294,M Oliver,football-data.co.uk,proxy_shots,,,,,,,,
2021-08-28,Aston Villa,Brentford,1,1,7.0,9.0,3.0,2.0,3.0,3.0,15.0,14.0,1.39,0.95,1.39,0.95,5.0,2.0,1.0,4.0,2.0,3.57,3.84,1.97,1.88,2.0,3.57,3.84,2.09,3.3,3.9,1.97,1.88,2.22,1.68,0.4805249432152772,0.2692016488600993,0.25027340792462355,0.4609929078014185,0.2919621749408984,0.24704491725768324,-1.9532035413858728,2.276052608079909,-0.3228490666940309,P Bankes,football-data.co.uk,proxy_shots,,,,,,,,
2021-08-28,Brighton,Everton,0,2,14.0,14.0,4.0,5.0,1.0,2.0,7.0,9.0,1.31,1.87,1.31,1.87,3.0,5.0,3.0,3.0,2.35,3.25,3.27,2.23,1.68,2.35,3.25,3.27,2.31,3.23,3.36,2.23,1.68,2.24,1.67,0.40954546330372454,0.29613287346577005,0.29432166323050535,0.4162035918498832,0.29765643875332204,0.2861399693967947,0.6658128546158659,0.15235652875519867,-0.8181693833710646,J Moss,football-data.co.uk,proxy_shots,,,,,,,,
2021-08-28,Liverpool,Chelsea,1,1,24.0,6.0,12.0,3.0,0.0,4.0,13.0,4.0,2.68,0.97,2.68,0.97,7.0,3.0,2.0,6.0,2.5,3.33,2.95,2.02,1.83,2.5,3.33,2.95,2.43,3.32,3.07,2.02,1.83,2.02,1.82,0.38488060023115955,0.2889493995729426,0.32617000019589787,0.3962815074591467,0.2900494166041345,0.3136690759367188,1.1400907227987145,0.11000170311919466,-1.2500924259179091,A Taylor,football-data.co.uk,proxy_shots,,,,,,,,
2021-08-28,Man City,Arsenal,5,0,25.0,1.0,14.0,0.0,1.0,4.0,5.0,7.0,3.67,0.2,3.67,0.2,10.0,0.0,0.0,5.0,1.26,6.16,11.99,1.57,2.45,1.26,6.16,11.99,1.34,5.24,9.86,1.57,2.45,1.77,2.1,0.7635726795096323,0.1561853208087884,0.08024199968157937,0.718582928606795,0.18375975655211935,0.09765731484108575,-4.49897509028373,2.7574435743330934,1.7415315159506382,M Atkinson,football-data.co.uk,proxy_shots,,,,,,,,
2021-08-28,Newcastle,Southampton,2,2,10.0,22.0,4.0,4.0,3.0,3.0,11.0,6.0,1.65,2.49,1.65,2.49,5.0,6.0,4.0,3.0,2.52,3.47,2.82,1.83,2.03,2.52,3.47,2.82,2.44,3.54,2.86,1.83,2.03,1.73,2.14,0.3817024363985302,0.277201769372996,0.3410957942284738,0.39332722102220635,0.27110689810570154,0.33556588087209216,1.1624784623676165,-0.6094871267294466,-0.5529913356381644,P Tierney,football-data.co.uk,proxy_shots,,,,,,,,
2021-08-28,Norwich,Leicester,1,2,14.0,9.0,9.0,9.0,2.0,1.0,8.0,9.0,1.59,1.24,1.59,1.24,4.0,3.0,1.0,3.0,4.34,3.55,1.9,1.8,2.06,4.34,3.55,1.9,4.21,3.63,1.9,1.8,2.06,1.87,1.97,0.2218895979998684,0.2712678465688532,0.5068425554312783,0.22854170049340092,0.26505800525543194,0.5064002942511673,0.6652102493532513,-0.6209841313421283,-0.044226118011103654,R Jones,football-data.co.uk,proxy_shots,,,,,,,,
2021-08-28,West Ham,Crystal Palace,2,2,14.0,9.0,5.0,3.0,1.0,0.0,10.0,7.0,1.69,1.05,1.69,1.05,4.0,2.0,0.0,2.0,1.58,4.02,6.29,1.89,1.96,1.58,4.02,6.29,1.57,4.12,6.39,1.89,1.96,1.8,2.05,0.6081884566909436,0.23903924417206246,0.1527722991369938,0.6147171793824061,0.23424902224038294,0.15103379837721093,0.6528722691462541,-0.47902219316795225,-0.17385007597828794,S Attwell,football-data.co.uk,proxy_shots,,,,,,,,
2021-08-29,Burnley,Leeds,1,1,12.0,12.0,5.0,5.0,4.0,3.0,13.0,9.0,1.3,1.12,1.3,1.12,3.0,2.0,1.0,2.0,3.07,3.51,2.33,1.77,2.09,3.07,3.51,2.33,3.27,3.54,2.22,1.77,2.09,1.76,2.11,0.31325961137008707,0.2739906002581673,0.4127497883717456,0.2944032366824006,0.2719487525286582,0.4336480107889414,-1.8856374687686472,-0.20418477295091053,2.08982224171958,M Oliver,football-data.co.uk,proxy_shots,,,,,,,,
2021-08-29,Tottenham,Watford,1,0,15.0,9.0,10.0,3.0,3.0,3.0,8.0,14.0,2.36,0.85,2.36,0.85,8.0,2.0,2.0,7.0,1.44,4.48,8.42,1.85,2.0,1.44,4.48,8.42,1.47,4.45,7.65,1.85,2.0,1.8,2.05,0.6700392201443756,0.21536974933212072,0.11459103052350367,0.6568170636413626,0.21697103001186582,0.12621190634677165,-1.322215650301295,0.1601280679745104,1.1620875823267984,A Marriner,football-data.co.uk,proxy_shots,,,,,,,,
2021-08-29,Wolves,Man United,0,1,15.0,10.0,5.0,7.0,3.0,4.0,7.0,9.0,1.91,1.19,1.91,1.19,6.0,3.0,2.0,6.0,4.91,3.48,1.82,2.01,1.83,4.91,3.48,1.82,4.88,3.71,1.77,2.01,1.83,2.02,1.82,0.19574368135094541,0.276178584894581,0.5280777337544735,0.19714432392349238,0.25931652311230263,0.543539152964205,0.14006425725469618,-1.6862061782278392,1.546141920973143,M Dean,football-data.co.uk,proxy_shots,,,,,,,,
2021-09-11,Arsenal,Norwich,1,0,30.0,10.0,8.0,4.0,1.0,2.0,9.0,11.0,3.01,0.73,3.01,0.73,7.0,1.0,1.0,6.0,1.52,4.48,6.4,1.71,2.17,1.52,4.48,6.4,1.42,4.89,7.72,1.71,2.17,1.63,2.33,0.6342015855039639,0.21517553793884484,0.1506228765571914,0.678275868264549,0.19696354456761953,0.12476058716783156,4.4074282760585115,-1.821199337122531,-2.5862289389359834,M Oliver,football-data.co.uk,proxy_shots,,,,,,,,
2021-09-11,Brentford,Brighton,0,1,7.0,4.0,1.0,6.0,3.0,2.0,9.0,12.0,0.56,0.68,0.56,0.68,1.0,2.0,1.0,1.0,2.86,3.14,2.69,2.46,1.57,2.86,3.14,2.69,3.01,3.01,2.67,2.46,1.57,2.57,1.52,0.33624464578589514,0.3062610467986178,0.357494307415487,0.3197604790419162,0.3197604790419162,0.3604790419161677,-1.6484166743978956,1.349943224329836,0.2984734500680708,G Scott,football-data.co.uk,proxy_shots,,,,,,,,
2021-09-11,Chelsea,Aston Villa,3,0,12.0,18.0,4.0,11.0,1.0,4.0,11.0,11.0,1.68,2.07,1.68,2.07,4.0,6.0,6.0,1.0,1.3,5.46,11.28,1.78,2.07,1.3,5.46,11.28,1.34,5.29,9.78,1.78,2.07,1.67,2.23,0.7389107243121841,0.1759311248362343,0.08515815085158152,0.719257611566801,0.18219379952731823,0.09854858890588072,-1.9653112745383061,0.6262674691083936,1.3390438054299207,S Attwell,football-data.co.uk,proxy_shots,,,,,,,,
2021-09-11,Crystal Palace,Tottenham,3,0,18.0,2.0,8.0,2.0,2.0,3.0,13.0,15.0,2.01,0.29,2.01,0.29,4.0,1.0,1.0,1.0,4.25,3.44,1.95,2.1,1.77,4.25,3.44,1.95,3.95,3.32,2.07,2.1,1.77,2.28,1.65,0.22650301362462222,0.27983657206530366,0.4936604143100741,0.24402316522801268,0.2903287658586296,0.46564806891335764,1.7520151603390461,1.0492193793325943,-2.8012345396716487,J Moss,football-data.co.uk,proxy_shots,,,,,,,,
2021-09-11,Leicester,Man City,0,1,6.0,25.0,5.0,8.0,1.0,2.0,4.0,11.0,0.51,2.92,0.51,2.92,1.0,8.0,7.0,1.0,5.7,4.22,1.6,1.74,2.14,5.7,4.22,1.6,5.58,4.04,1.63,1.74,2.14,1.81,2.04,0.16911285878875917,0.2284225817762861,0.6024645594349546,0.17228009774015143,0.23795122410644678,0.5897686781534018,0.31672389513922594,0.952864233016068,-1.2695881281552746,P Tierney,football-data.co.uk,proxy_shots,,,,,,,,
2021-09-11,Man United,Newcastle,4,1,21.0,12.0,7.0,3.0,1.0,0.0,9.0,2.0,2.81,1.3,2.81,1.3,7.0,3.0,2.0,3.0,1.2,7.27,14.77,1.44,2.79,1.2,7.27,14.77,1.19,7.42,15.77,1.44,2.79,1.44,2.8,0.8023700942792089,0.13244073083013078,0.06518917489066016,0.8091681390226783,0.12977224871118426,0.06105961226613743,0.6798044743469345,-0.2668482118946519,-0.41295626245227285,A Taylor,football-data.co.uk,proxy_shots,,,,,,,,
2021-09-11,Southampton,West Ham,0,0,11.0,13.0,5.0,4.0,3.0,3.0,10.0,12.0,1.15,1.25,1.15,1.25,3.0,3.0,3.0,3.0,2.89,3.46,2.47,1.72,2.15,2.89,3.46,2.47,3.06,3.53,2.33,1.72,2.15,1.69,2.21,0.3327454163892555,0.2779289749609678,0.3893256086497767,0.3144495632060864,0.2725823409095253,0.4129680958843882,-1.8295853183169064,-0.5346634051442478,2.3642487234611487,D Coote,football-data.co.uk,proxy_shots,,,,,,,,
2021-09-11,Watford,Wolves,0,2,6.0,14.0,6.0,8.0,3.0,3.0,15.0,13.0,0.69,1.87,0.69,1.87,2.0,5.0,3.0,2.0,3.36,3.19,2.33,2.3,1.64,3.36,3.19,2.33,3.57,3.17,2.25,2.3,1.64,2.33,1.62,0.28609424978541104,0.30134065181159286,0.4125650984029962,0.2693349042175977,0.30332038109048065,0.42734471469192165,-1.6759345567813333,0.19797292788877874,1.4779616288925435,P Bankes,football-data.co.uk,proxy_shots,,,,,,,,
2021-09-12,Leeds,Liverpool,0,3,9.0,30.0,2.0,11.0,4.0,1.0,9.0,8.0,1.21,3.57,1.21,3.57,4.0,9.0,6.0,4.0,4.34,4.05,1.78,1.57,2.44,4.34,4.05,1.78,4.86,4.31,1.67,1.57,2.44,1.53,2.53,0.2217389699549694,0.23761657521100424,0.5406444548340265,0.1984997449014768,0.22383033879841702,0.5776699163001062,-2.3239225053492603,-1.3786236412587223,3.7025461466079768,C Pawson,football-data.co.uk,proxy_shots,,,,,,,,
2021-09-13,Everton,Burnley,3,1,14.0,11.0,4.0,6.0,1.0,1.0,3.0,6.0,2.15,1.79,2.15,1.79,6.0,6.0,5.0,3.0,1.75,3.71,5.01,1.99,1.85,1.75,3.71,5.01,1.78,3.52,5.23,1.99,1.85,2.23,1.68,0.5491489669720596,0.25903253159059414,0.1918185014373462,0.5417041836596576,0.2739299565097132,0.18436585983062911,-0.7444783312402059,1.489742491911905,-0.7452641606717075,M Atkinson,football-data.co.uk,proxy_shots,,,,,,,,
2021-09-17,Newcastle,Leeds,1,1,17.0,22.0,4.0,5.0,2.0,2.0,9.0,11.0,2.3,2.93,2.3,2.93,7.0,9.0,8.0,6.0,3.01,3.62,2.33,1.65,2.29,3.01,3.62,2.33,3.09,3.67,2.26,1.65,2.29,1.62,2.34,0.320170360725931,0.26621900159808076,0.4136106376759881,0.31160234278436694,0.2623572858865651,0.4260403713290681,-0.8568017941564088,-0.38617157115156675,1.2429733653079977,M Dean,football-data.co.uk,proxy_shots,,,,,,,,
2021-09-18,Aston Villa,Everton,3,0,15.0,11.0,5.0,4.0,1.0,1.0,7.0,10.0,1.67,0.78,1.67,0.78,3.0,1.0,1.0,0.0,2.4,3.36,3.06,2.0,1.84,2.4,3.36,3.06,2.18,3.36,3.52,2.0,1.84,2.05,1.79,0.40022421524663676,0.2858744394618834,0.3139013452914798,0.4408922819992842,0.2860551115352499,0.2730526064654658,4.066806675264745,0.01806720733664724,-4.084873882601397,C Pawson,football-data.co.uk,proxy_shots,,,,,,,,
2021-09-18,Burnley,Arsenal,0,1,18.0,13.0,8.0,3.0,2.0,1.0,9.0,8.0,1.53,1.35,1.53,1.35,3.0,3.0,2.0,3.0,3.82,3.5,2.03,2.03,1.82,3.82,3.5,2.03,3.76,3.63,2.01,2.03,1.82,1.85,1.99,0.2516861733782979,0.27469748065859945,0.4736163459631026,0.2559862749844751,0.2651538275321285,0.47885989748339636,0.430010160617722,-0.954365312647093,0.5243551520293765,A Taylor,football-data.co.uk,proxy_shots,,,,,,,,
2021-09-18,Liverpool,Crystal Palace,3,0,25.0,13.0,10.0,5.0,3.0,1.0,17.0,11.0,3.47,1.07,3.47,1.07,10.0,2.0,2.0,7.0,1.22,6.84,14.04,1.5,2.6,1.22,6.84,14.04,1.27,6.16,11.26,1.5,2.6,1.51,2.6,0.7903531642569329,0.1409694240341313,0.06867741170893576,0.7581745641361971,0.15631196370989778,0.085513472153905,-3.217860012073581,1.5342539675766487,1.683606044496924,A Madley,football-data.co.uk,proxy_shots,,,,,,,,
2021-09-18,Man City,Southampton,0,0,18.0,10.0,8.0,5.0,0.0,2.0,5.0,12.0,1.17,0.91,1.17,0.91,1.0,2.0,2.0,1.0,1.15,8.46,18.55,1.4,2.99,1.15,8.46,18.55,1.17,8.1,16.62,1.4,2.99,1.37,3.15,0.834774421592121,0.11347406440082022,0.051751514007058706,0.8231526117678135,0.11889982169979528,0.0579475665323912,-1.1621809824307494,0.5425757298975056,0.6196052525332494,J Moss,football-data.co.uk,proxy_shots,,,,,,,,
2021-09-18,Norwich,Watford,1,3,12.0,12.0,4.0,8.0,1.0,1.0,10.0,14.0,1.66,2.4,1.66,2.4,5.0,8.0,5.0,4.0,2.18,3.39,3.47,2.11,1.76,2.18,3.39,3.47,2.3,3.3,3.34,2.11,1.76,2.07,1.79,0.44027457042229795,0.28312641991758397,0.276599009660118,0.4191830835932151,0.29215790674678627,0.2886590096599984,-2.109148682908285,0.9031486829202295,1.2059999999880389,R Jones,football-data.co.uk,proxy_shots,,,,,,,,
2021-09-18,Wolves,Brentford,0,2,11.0,9.0,4.0,2.0,4.0,4.0,10.0,7.0,0.6,1.24,0.6,1.24,0.0,3.0,1.0,0.0,1.9,3.27,4.83,2.49,1.56,1.9,3.27,4.83,1.83,3.35,5.1,2.49,1.56,2.4,1.58,0.5064792634708072,0.29428458733777785,0.19923614919141483,0.5249089819807364,0.28674132448499934,0.18834969353426428,1.842971850992925,-0.754326285277851,-1.0886455657150544,D England,football-data.co.uk,proxy_shots,,,,,,,,
2021-09-19,Brighton,Leicester,2,1,12.0,14.0,4.0,9.0,2.0,1.0,8.0,10.0,1.76,1.41,1.76,1.41,5.0,3.0,2.0,3.0,2.75,3.23,2.73,2.17,1.71,2.75,3.23,2.73,2.52,3.22,3.02,2.17,1.71,2.06,1.79,0.3498070049468619,0.29782330142534685,0.3523696936277913,0.38211024315106173,0.2990427989877874,0.31884695786115086,3.230323820419984,0.12194975624405524,-3.3522735766640444,S Attwell,football-data.co.uk,proxy_shots,,,,,,,,
2021-09-19,Tottenham,Chelsea,0,3,8.0,20.0,5.0,11.0,0.0,1.0,4.0,15.0,0.8,3.2,0.8,3.2,2.0,10.0,7.0,2.0,4.89,3.83,1.74,2.09,1.77,4.89,3.83,1.74,4.2,3.41,1.97,2.09,1.77,2.15,1.73,0.19657537277111634,0.2509800451307464,0.5524445820981373,0.2291658848934116,0.28225710162824885,0.4885770134783395,3.259051212229527,3.1277056497502453,-6.386756861979781,P Tierney,football-data.co.uk,proxy_shots,,,,,,,,
2021-09-19,West Ham,Man United,1,2,13.0,17.0,2.0,11.0,0.0,0.0,5.0,8.0,1.54,2.94,1.54,2.94,4.0,10.0,8.0,3.0,4.51,3.9,1.78,1.69,2.21,4.51,3.9,1.78,4.38,3.77,1.83,1.69,2.21,1.86,1.97,0.21321424622529087,0.2465631411477082,0.540222612627001,0.21952709604131468,0.2550473954007847,0.5254255085579006,0.6312849816023813,0.8484254253076501,-1.4797104069100397,M Atkinson,football-data.co.uk,proxy_shots,,,,,,,,
2021-09-25,Brentford,Liverpool,3,3,12.0,16.0,2.0,11.0,1.0,1.0,8.0,7.0,1.68,2.26,1.68,2.26,4.0,6.0,3.0,1.0,6.96,4.48,1.49,1.75,2.12,6.96,4.48,1.49,7.58,4.86,1.42,1.75,2.12,1.75,2.12,0.13841381484000465,0.21503574805500722,0.6465504371049883,0.12661915910141716,0.19748420287834195,0.6758966380202409,-1.1794655738587485,-1.7551545176665266,2.934620091525264,S Attwell,football-data.co.uk,proxy_shots,,,,,,,,
2021-09-25,Chelsea,Man City,0,1,5.0,15.0,4.0,13.0,3.0,2.0,12.0,10.0,0.28,1.65,0.28,1.65,0.0,4.0,3.0,0.0,2.66,3.26,2.79,2.13,1.75,2.66,3.26,2.79,2.89,3.18,2.64,2.13,1.75,2.12,1.75,0.36109478966508396,0.294635625923044,0.34426958441187216,0.3329446757882213,0.3025817965496728,0.3644735276621059,-2.8150113876862672,0.7946170626628835,2.0203943250233722,M Oliver,football-data.co.uk,proxy_shots,,,,,,,,
2021-09-25,Everton,Norwich,2,0,11.0,10.0,6.0,4.0,2.0,3.0,12.0,9.0,1.52,0.91,1.52,0.91,4.0,2.0,2.0,2.0,1.63,3.86,5.96,1.89,1.95,1.63,3.86,5.96,1.69,3.76,5.53,1.89,1.95,1.98,1.85,0.5897027083835312,0.2490195374780197,0.161277754138449,0.5697765866785046,0.25609639135283846,0.1741270219686569,-1.9926121705026612,0.7076853874818767,1.28492678302079,D Coote,football-data.co.uk,proxy_shots,,,,,,,,
2021-09-25,Leeds,West Ham,1,2,15.0,20.0,5.0,7.0,3.0,2.0,10.0,6.0,1.82,2.56,1.82,2.56,5.0,7.0,5.0,4.0,3.04,3.67,2.29,1.61,2.37,3.04,3.67,2.29,2.95,3.6,2.36,1.61,2.37,1.61,2.35,0.3168719625075878,0.26247704796268856,0.4206509895297235,0.32579185520361986,0.2669683257918552,0.4072398190045249,0.891989269603205,0.449127782916664,-1.3411170525198635,K Friend,football-data.co.uk,proxy_shots,,,,,,,,
2021-09-25,Leicester,Burnley,2,2,22.0,9.0,8.0,4.0,2.0,4.0,10.0,8.0,2.31,1.24,2.31,1.24,5.0,3.0,1.0,3.0,1.59,4.05,6.12,1.86,1.98,1.59,4.05,6.12,1.68,3.86,5.32,1.86,1.98,1.86,1.98,0.6051816204100469,0.23758982134616655,0.15722855824378668,0.5710948450397134,0.24855941442142973,0.18034574053885688,-3.4086775370333444,1.0969593075263184,2.3117182295070204,C Kavanagh,football-data.co.uk,proxy_shots,,,,,,,,
2021-09-25,Man United,Aston Villa,0,1,28.0,7.0,5.0,5.0,2.0,2.0,9.0,13.0,2.26,1.03,2.26,1.03,4.0,3.0,2.0,4.0,1.4,5.08,7.84,1.6,2.39,1.4,5.08,7.84,1.4,4.99,7.82,1.6,2.39,1.62,2.33,0.6876812995552117,0.18951846838135755,0.12280023206343066,0.6851242542462751,0.19221922964825353,0.12265651610547126,-0.2557045308936634,0.27007612668959735,-0.014371595795939496,M Dean,football-data.co.uk,proxy_shots,,,,,,,,
2021-09-25,Watford,Newcastle,1,1,15.0,20.0,5.0,6.0,4.0,3.0,19.0,12.0,1.65,2.28,1.65,2.28,4.0,6.0,5.0,3.0,2.27,3.37,3.32,2.04,1.81,2.27,3.37,3.32,2.13,3.48,3.52,2.04,1.81,1.95,1.89,0.4242095644689798,0.28574353452361545,0.2900469010074049,0.4510228427517342,0.27605708478769936,0.2729200724605665,2.6813278282754425,-0.9686449735916092,-1.712682854683839,J Gillett,football-data.co.uk,proxy_shots,,,,,,,,
2021-09-26,Arsenal,Tottenham,3,1,12.0,10.0,4.0,4.0,2.0,1.0,12.0,13.0,2.22,1.37,2.22,1.37,7.0,4.0,3.0,4.0,2.28,3.31,3.35,2.07,1.79,2.28,3.31,3.35,2.2,3.39,3.45,2.07,1.79,1.94,1.9,0.4220444329414273,0.29071338583276557,0.2872421812258072,0.4373212182399462,0.2838072802737114,0.2788715014863425,1.5276785298518891,-0.6906105559054188,-0.8370679739464704,C Pawson,football-data.co.uk,proxy_shots,,,,,,,,
2021-09-26,Southampton,Wolves,0,1,18.0,5.0,5.0,5.0,0.0,0.0,12.0,8.0,2.07,0.92,2.07,0.92,6.0,3.0,2.0,6.0,2.65,3.24,2.83,2.12,1.75,2.65,3.24,2.83,2.21,3.3,3.52,2.12,1.75,2.12,1.75,0.3630690524931993,0.2969546262675858,0.3399763212392149,0.43524853680652875,0.29148462616437226,0.27326683702909904,7.217948431332943,-0.5470000103213524,-6.670948421011586,A Madley,football-data.co.uk,proxy_shots,,,,,,,,
2021-09-27,Crystal Palace,Brighton,1,1,8.0,8.0,6.0,5.0,2.0,3.0,12.0,10.0,1.08,1.26,1.08,1.26,3.0,4.0,3.0,2.0,3.04,3.15,2.54,2.31,1.63,3.04,3.15,2.54,2.9,3.09,2.69,2.31,1.63,2.32,1.62,0.31626255998355646,0.3052184705873052,0.3785189694291384,0.3315014297621849,0.3111178467023742,0.357380723535441,1.5238869778628428,0.5899376115068966,-2.1138245893697394,A Marriner,football-data.co.uk,proxy_shots,,,,,,,,
2021-10-02,Brighton,Arsenal,0,0,21.0,8.0,8.0,5.0,2.0,1.0,8.0,5.0,1.52,0.8,1.52,0.8,2.0,2.0,2.0,2.0,3.05,3.22,2.5,2.06,1.8,3.05,3.22,2.5,3.24,3.29,2.35,2.06,1.8,2.08,1.78,0.3157358016943834,0.2990665202384687,0.3851976780671477,0.2973070666907645,0.29278872221218144,0.40990421109705405,-1.8428735003618912,-0.6277798026287251,2.470653302990633,J Moss,football-data.co.uk,proxy_shots,,,,,,,,
2021-10-02,Burnley,Norwich,0,0,14.0,10.0,9.0,5.0,5.0,2.0,13.0,3.0,1.49,0.91,1.49,0.91,4.0,2.0,2.0,4.0,1.88,3.61,4.33,1.9,1.94,1.88,3.61,4.33,1.96,3.54,4.01,1.9,1.94,1.96,1.87,0.5115205262038385,0.2663874208485364,0.22209205294762502,0.4896079797471149,0.2710823842667642,0.23930963598612098,-2.191254645672358,0.4694963418227782,1.7217583038495965,K Friend,football-data.co.uk,proxy_shots,,,,,,,,
2021-10-02,Chelsea,Southampton,3,1,20.0,6.0,7.0,2.0,1.0,5.0,11.0,13.0,3.02,0.79,3.02,0.79,9.0,2.0,1.0,6.0,1.38,4.9,8.92,1.79,2.06,1.38,4.9,8.92,1.42,4.73,7.94,1.79,2.06,1.72,2.14,0.6962134196458721,0.19607643247169457,0.10771014788243313,0.6761084187255615,0.20297546608674358,0.12091611518769488,-2.0105000920310645,0.6899033615049011,1.3205967305261745,M Atkinson,football-data.co.uk,proxy_shots,,,,,,,,
2021-10-02,Leeds,Watford,1,0,20.0,5.0,6.0,3.0,0.0,3.0,10.0,16.0,1.92,0.46,1.92,0.46,4.0,1.0,1.0,3.0,1.76,3.9,4.63,1.69,2.22,1.76,3.9,4.63,1.76,3.95,4.6,1.69,2.22,1.64,2.28,0.5460268885811224,0.24641213433404496,0.20756097708483268,0.5469925943765429,0.2437232825576494,0.2092841230658077,0.09657057954205461,-0.2688851776395551,0.17231459809750327,S Hooper,football-data.co.uk,proxy_shots,,,,,,,,
2021-10-02,Man United,Everton,1,1,13.0,12.0,10.0,1.0,1.0,1.0,10.0,9.0,1.9,1.12,1.9,1.12,6.0,2.0,1.0,5.0,1.5,4.38,7.08,1.81,2.05,1.5,4.38,7.08,1.54,4.24,6.48,1.81,2.05,1.79,2.05,0.6433639554858467,0.22033012174172834,0.13630592277242515,0.6246635140050928,0.22688250272826482,0.14845398326664244,-1.8700441480753893,0.6552380986536488,1.2148060494217294,M Oliver,football-data.co.uk,proxy_shots,,,,,,,,
2021-10-02,Wolves,Newcastle,2,1,7.0,8.0,0.0,4.0,0.0,2.0,15.0,5.0,1.12,0.9,1.12,0.9,3.0,2.0,1.0,1.0,1.69,4.0,5.02,1.93,1.91,1.69,4.0,5.02,1.78,3.71,4.75,1.93,1.91,1.91,1.93,0.5684552624576066,0.24017234838833876,0.1913723891540548,0.5392227359376769,0.25871063880567785,0.2020666252566452,-2.923252651992969,1.8538290417339094,1.0694236102590404,G Scott,football-data.co.uk,proxy_shots,,,,,,,,
2021-10-03,Crystal Palace,Leicester,2,2,18.0,9.0,1.0,3.0,2.0,3.0,15.0,11.0,1.91,1.59,1.91,1.59,4.0,5.0,3.0,2.0,3.11,3.41,2.36,2.02,1.83,3.11,3.41,2.36,2.82,3.25,2.64,2.02,1.83,2.14,1.73,0.30961477052819486,0.28237593441134484,0.40800929506046024,0.340614058071124,0.2955481980801753,0.3638377438487006,3.0999287542929133,1.3172263668830453,-4.4171551211759645,A Taylor,football-data.co.uk,proxy_shots,,,,,,,,
2021-10-03,Liverpool,Man City,2,2,6.0,12.0,3.0,4.0,3.0,3.0,10.0,12.0,1.25,1.4,1.25,1.4,4.0,3.0,1.0,2.0,2.9,3.53,2.43,1.73,2.14,2.9,3.53,2.43,3.02,3.56,2.35,1.73,2.14,1.73,2.15,0.33168096698231764,0.2724857802404309,0.3958332527772514,0.3191400080872199,0.2707311304560124,0.4101288614567677,-1.2540958895097765,-0.17546497844185271,1.4295608679516292,P Tierney,football-data.co.uk,proxy_shots,,,,,,,,
2021-10-03,Tottenham,Aston Villa,2,1,17.0,14.0,5.0,8.0,2.0,1.0,11.0,14.0,2.58,1.41,2.58,1.41,8.0,3.0,2.0,6.0,2.12,3.53,3.5,1.89,1.95,2.12,3.53,3.5,2.11,3.44,3.65,1.89,1.95,1.99,1.84,0.4532514509182422,0.2722076702398509,0.27454087884190675,0.45631798342049507,0.2798927165747804,0.2637893000047245,0.3066532502252861,0.7685046334929502,-1.0751578837182252,C Kavanagh,football-data.co.uk,proxy_shots,,,,,,,,
2021-10-03,West Ham,Brentford,1,2,18.0,13.0,11.0,6.0,2.0,3.0,16.0,13.0,1.99,1.99,1.99,1.99,5.0,6.0,4.0,4.0,1.82,3.62,4.67,1.92,1.92,1.82,3.62,4.67,1.78,3.72,4.81,1.92,1.92,1.93,1.9,0.52840603628271,0.26566270332445646,0.20593126039283347,0.5409624931220258,0.2588476445583887,0.20018986231958547,1.2556456839315833,-0.681505876606775,-0.5741398073248,P Bankes,football-data.co.uk,proxy_shots,,,,,,,,
2021-10-16,Aston Villa,Wolves,2,3,14.0,9.0,6.0,7.0,2.0,3.0,8.0,17.0,1.87,1.51,1.87,1.51,5.0,4.0,1.0,3.0,2.25,3.28,3.42,2.12,1.76,2.25,3.28,3.42,2.13,3.2,3.84,2.12,1.76,2.37,1.6,0.4266447593619498,0.292667898952557,0.28068734168549325,0.4503870513722731,0.2997888810696693,0.24982406755805772,2.3742292010323296,0.7120982117112262,-3.086327412743553,M Oliver,football-data.co.uk,proxy_shots,,,,,,,,
2021-10-16,Brentford,Chelsea,0,1,17.0,5.0,5.0,5.0,1.0,1.0,13.0,8.0,2.2,0.56,2.2,0.56,7.0,1.0,0.0,7.0,6.37,3.84,1.6,2.04,1.81,6.37,3.84,1.6,5.58,3.83,1.66,2.04,1.81,1.97,1.88,0.1506000470625147,0.24982351556984864,0.5995764373676367,0.17186959342560554,0.2504000865051903,0.5777303200692042,2.1269546363090837,0.05765709353416637,-2.1846117298432444,A Taylor,football-data.co.uk,proxy_shots,,,,,,,,
2021-10-16,Leicester,Man United,4,2,22.0,18.0,4.0,3.0,0.0,3.0,5.0,17.0,3.59,2.27,3.59,2.27,11.0,6.0,4.0,7.0,3.49,3.59,2.1,1.77,2.11,3.49,3.59,2.1,3.66,3.75,2.0,1.77,2.11,1.68,2.23,0.2751751097743922,0.2675100649338799,0.45731482529172796,0.26274303730951126,0.256437204414083,0.48081975827640566,-1.2432072464880928,-1.107286051979689,2.3504932984677707,C Pawson,football-data.co.uk,proxy_shots,,,,,,,,
2021-10-16,Man City,Burnley,2,0,15.0,7.0,6.0,2.0,1.0,0.0,11.0,5.0,2.1,0.74,2.1,0.74,6.0,2.0,2.0,4.0,1.12,9.47,22.12,1.39,3.04,1.12,9.47,22.12,1.14,8.96,19.09,1.39,3.04,1.35,3.23,0.8555043511075027,0.10117897288705417,0.04331667600544318,0.8424959881471791,0.10719256992051161,0.05031144193230928,-1.3008362960323594,0.6013597033457441,0.6994765926866098,M Atkinson,football-data.co.uk,proxy_shots,,,,,,,,
2021-10-16,Norwich,Brighton,0,0,15.0,11.0,8.0,4.0,3.0,5.0,5.0,14.0,1.36,1.15,1.36,1.15,3.0,3.0,3.0,3.0,3.67,3.34,2.13,2.13,1.75,3.67,3.34,2.13,4.03,3.49,1.97,2.13,1.75,2.23,1.68,0.26165632551279744,0.28750859719519956,0.450835077292003,0.23807182356790896,0.2749081515698204,0.48702002486227064,-2.358450194488848,-1.2600445625379153,3.618494757026763,P Bankes,football-data.co.uk,proxy_shots,,,,,,,,
2021-10-16,Southampton,Leeds,1,0,19.0,3.0,8.0,1.0,2.0,3.0,16.0,14.0,2.04,0.2,2.04,0.2,5.0,0.0,0.0,4.0,2.4,3.52,2.93,1.72,2.17,2.4,3.52,2.93,2.16,3.58,3.34,1.72,2.17,1.75,2.11,0.3998511258606786,0.27262576763228086,0.3275231065070404,0.44443288086707,0.2681494476739864,0.28741767145894354,4.458175500639139,-0.447631995829445,-4.0105435048096885,D Coote,football-data.co.uk,proxy_shots,,,,,,,,
2021-10-16,Watford,Liverpool,0,5,6.0,19.0,1.0,9.0,0.0,0.0,4.0,10.0,0.69,2.98,0.69,2.98,2.0,8.0,3.0,2.0,8.67,5.33,1.36,1.58,2.43,8.67,5.33,1.36,8.61,5.48,1.35,1.58,2.43,1.52,2.58,0.11109084751061668,0.180704999609202,0.7082041528801813,0.11174500749951287,0.1755701668924828,0.7126848256080043,0.06541599888961885,-0.513483271671919,0.4480672727822932,J Moss,football-data.co.uk,proxy_shots,,,,,,,,
2021-10-17,Everton,West Ham,0,1,15.0,16.0,7.0,9.0,0.0,2.0,3.0,3.0,1.19,1.7,1.19,1.7,2.0,4.0,3.0,2.0,2.52,3.35,2.89,1.89,1.96,2.52,3.35,2.89,2.84,3.27,2.61,1.89,1.96,1.98,1.86,0.3810669007293467,0.2866533103993891,0.33227978887126425,0.33822358018380033,0.29374769655106814,0.36802872326513136,-4.284332054554635,0.7094386151679011,3.5748934393867113,S Attwell,football-data.co.uk,proxy_shots,,,,,,,,
2021-10-17,Newcastle,Tottenham,2,3,7.0,14.0,2.0,9.0,6.0,1.0,13.0,4.0,0.76,1.79,0.76,1.79,1.0,4.0,1.0,0.0,3.51,3.58,2.09,1.79,2.07,3.51,3.58,2.09,3.56,3.61,2.07,1.79,2.07,1.75,2.12,0.2732335423369206,0.26789098703982994,0.45887547062324946,0.26983588206618886,0.2660985429793995,0.46406557495441175,-0.33976602707317394,-0.17924440604304426,0.5190104331162293,A Marriner,football-data.co.uk,proxy_shots,,,,,,,,
2021-10-18,Arsenal,Crystal Palace,2,2,17.0,9.0,6.0,4.0,1.0,1.0,7.0,4.0,2.22,1.78,2.22,1.78,6.0,6.0,4.0,4.0,1.65,3.87,5.65,1.93,1.91,1.65,3.87,5.65,1.61,4.0,5.81,1.93,1.91,1.92,1.92,0.5819393987783943,0.24811369715357895,0.16994690406802665,0.595376862794326,0.23963918727471623,0.16498394993095783,1.343746401593171,-0.8474509878862724,-0.496295413706882,M Dean,football-data.co.uk,proxy_shots,,,,,,,,
2021-10-22,Arsenal,Aston Villa,3,1,22.0,10.0,7.0,4.0,2.0,5.0,17.0,10.0,3.13,1.37,3.13,1.37,9.0,4.0,3.0,6.0,1.91,3.73,4.05,1.78,2.08,1.91,3.73,4.05,1.98,3.64,3.87,1.78,2.08,1.81,2.03,0.5041162906331446,0.2581399772411008,0.2377437321257546,0.48647976627090206,0.26462360912538074,0.24889662460371728,-1.76365243622425,0.6483631884279917,1.1152892477962695,C Pawson,football-data.co.uk,proxy_shots,,,,,,,,
2021-10-23,Brighton,Man City,1,4,10.0,23.0,7.0,6.0,2.0,3.0,10.0,6.0,1.55,4.0,1.55,4.0,5.0,14.0,10.0,4.0,7.71,4.77,1.42,1.83,2.02,7.71,4.77,1.42,8.1,4.84,1.41,1.83,2.02,1.73,2.15,0.12428644563224908,0.20089066998420135,0.6748228843835496,0.11878975237339294,0.19880103186456255,0.6824092157620445,-0.5496693258856142,-0.20896381196388036,0.7586331378494848,K Friend,football-data.co.uk,proxy_shots,,,,,,,,
2021-10-23,Chelsea,Norwich,7,0,23.0,3.0,5.0,0.0,0.0,4.0,14.0,16.0,4.0,0.34,4.0,0.34,13.0,1.0,1.0,6.0,1.19,7.07,17.21,1.66,2.27,1.19,7.07,17.21,1.22,6.51,14.53,1.66,2.27,1.7,2.18,0.8081051804534699,0.13601770364068305,0.055877115905847125,0.7865541983933024,0.14740339816280015,0.06604240344389738,-2.155098206016748,1.1385694522117102,1.0165287538050252,A Madley,football-data.co.uk,proxy_shots,,,,,,,,
2021-10-23,Crystal Palace,Newcastle,1,1,15.0,6.0,3.0,7.0,3.0,4.0,13.0,9.0,1.47,0.79,1.47,0.79,3.0,2.0,1.0,2.0,1.97,3.61,3.88,1.95,1.89,1.97,3.61,3.88,1.91,3.54,4.24,1.95,1.89,2.04,1.8,0.4869880850146547,0.26575250068666756,0.24725941429867782,0.5025075830113762,0.2711269727547256,0.2263654442338982,1.5519497996721532,0.5374472068058023,-2.0893970064779612,D England,football-data.co.uk,proxy_shots,,,,,,,,
2021-10-23,Everton,Watford,2,5,15.0,20.0,3.0,5.0,4.0,3.0,9.0,13.0,1.74,3.04,1.74,3.04,4.0,8.0,3.0,2.0,1.67,3.86,5.49,2.01,1.84,1.67,3.86,5.49,1.79,3.62,4.84,2.01,1.84,2.02,1.83,0.5757609513692099,0.24909864994470998,0.17514039868608022,0.5363915234415659,0.26523227264099536,0.19837620391743865,-3.9369427927643974,1.6133622696285377,2.323580523135843,G Scott,football-data.co.uk,proxy_shots,,,,,,,,
2021-10-23,Leeds,Wolves,1,1,18.0,8.0,6.0,3.0,2.0,3.0,15.0,14.0,1.81,1.26,1.81,1.26,4.0,4.0,3.0,3.0,2.57,3.37,2.79,1.9,1.95,2.57,3.37,2.79,2.44,3.4,2.96,1.9,1.95,1.91,1.94,0.3726118057344403,0.28415796461053755,0.3432302296550221,0.3933954593783226,0.28231909437738445,0.32428544624429295,2.0783653643882296,-0.18388702331531004,-1.8944783410729138,R Jones,football-data.co.uk,proxy_shots,,,,,,,,
2021-10-23,Southampton,Burnley,2,2,16.0,9.0,6.0,2.0,1.0,3.0,10.0,11.0,1.8,1.59,1.8,1.59,4.0,5.0,3.0,2.0,2.0,3.54,3.87,2.01,1.84,2.0,3.54,3.87,1.97,3.61,3.9,2.01,1.84,1.88,1.96,0.48036101234931516,0.2713904024572402,0.2482485851934445,0.48760636842524513,0.2660899018830285,0.24630372969172643,0.7245356075929965,-0.530050057421172,-0.1944855501718079,C Kavanagh,football-data.co.uk,proxy_shots,,,,,,,,
2021-10-24,Brentford,Leicester,1,2,15.0,10.0,9.0,2.0,1.0,1.0,13.0,7.0,1.82,1.83,1.82,1.83,5.0,6.0,4.0,4.0,2.63,3.39,2.72,1.9,1.94,2.63,3.39,2.72,2.78,3.41,2.58,1.9,1.94,1.89,1.95,0.3646011680459943,0.2828616731448274,0.35253715880917824,0.34568958742632616,0.2818231827111984,0.3724872298624754,-1.8911580619668134,-0.10384904336290246,1.9950071053297158,S Hooper,football-data.co.uk,proxy_shots,,,,,,,,
2021-10-24,Man United,Liverpool,0,5,12.0,19.0,6.0,3.0,8.0,0.0,10.0,8.0,1.38,2.98,1.38,2.98,4.0,8.0,3.0,4.0,3.06,3.66,2.27,1.59,2.42,3.06,3.66,2.27,2.97,3.59,2.35,1.59,2.42,1.5,2.6,0.31406214561124973,0.26257654797006125,0.4233613064186891,0.3235065169125288,0.2676363106490837,0.4088571724383875,0.9444371301279064,0.5059762679022473,-1.4504133980301592,A Taylor,football-data.co.uk,proxy_shots,,,,,,,,
2021-10-24,West Ham,Tottenham,1,0,13.0,7.0,2.0,4.0,2.0,1.0,11.0,4.0,1.54,1.1,1.54,1.1,4.0,4.0,4.0,3.0,2.35,3.49,3.01,1.78,2.08,2.35,3.49,3.01,2.29,3.5,3.13,1.78,2.08,1.76,2.1,0.40748412522934535,0.2743804281630262,0.31813544660762844,0.41912639597210166,0.27422841336460363,0.30664519066329476,1.164227074275631,-0.015201479842258392,-1.1490255944333672,P Tierney,football-data.co.uk,proxy_shots,,,,,,,,
2021-10-30,Burnley,Brentford,3,1,15.0,12.0,4.0,2.0,1.0,1.0,7.0,10.0,2.21,1.66,2.21,1.66,6.0,5.0,4.0,3.0,2.66,3.24,2.78,2.17,1.71,2.66,3.24,2.78,2.64,3.15,2.88,2.17,1.71,2.25,1.66,0.3599942446963278,0.2955508305222938,0.34445492478137846,0.36300777873811585,0.30423509075194466,0.3327571305099395,0.30135340417880574,0.8684260229650853,-1.1697794271438966,J Moss,football-data.co.uk,proxy_shots,,,,,,,,
2021-10-30,Leicester,Arsenal,0,2,16.0,9.0,7.0,6.0,2.0,0.0,8.0,11.0,2.32,1.59,2.32,1.59,8.0,5.0,3.0,8.0,2.47,3.47,2.87,1.81,2.05,2.47,3.47,2.87,2.5,3.49,2.8,1.81,2.05,1.74,2.13,0.3887355720625949,0.27670802968144365,0.33455639825596145,0.3832607757775425,0.27454210299250886,0.3421971212299486,-0.547479628505243,-0.21659266889347828,0.7640722973987157,M Oliver,football-data.co.uk,proxy_shots,,,,,,,,
2021-10-30,Liverpool,Brighton,2,2,14.0,9.0,5.0,3.0,2.0,2.0,8.0,5.0,1.51,1.78,1.51,1.78,3.0,6.0,4.0,1.0,1.24,6.49,12.11,1.52,2.57,1.24,6.49,12.11,1.28,6.06,10.42,1.52,2.57,1.47,2.7,0.7731214199781818,0.14771503247657095,0.07916354754524736,0.7495904538957925,0.15832933679647102,0.0920802093077365,-2.353096608238936,1.061430431990007,1.2916661762489137,M Dean,football-data.co.uk,proxy_shots,,,,,,,,
2021-10-30,Man City,Crystal Palace,0,2,14.0,8.0,7.0,1.0,4.0,3.0,11.0,11.0,1.31,1.18,1.31,1.18,3.0,3.0,1.0,3.0,1.16,8.13,18.61,1.44,2.8,1.16,8.13,18.61,1.14,8.64,19.87,1.44,2.8,1.44,2.8,0.8298662170485916,0.11840649591345216,0.051727287037956274,0.8408184615203778,0.11094132478393871,0.04824021369568347,1.095224447178611,-0.7465171129513448,-0.34870733422728006,A Marriner,football-data.co.uk,proxy_shots,,,,,,,,
2021-10-30,Newcastle,Chelsea,0,3,6.0,19.0,0.0,2.0,3.0,2.0,14.0,12.0,0.51,2.42,0.51,2.42,1.0,6.0,3.0,1.0,8.63,4.91,1.38,1.74,2.12,8.63,4.91,1.38,7.84,4.54,1.44,1.74,2.12,1.86,1.98,0.11097226430390526,0.19504901037529582,0.693978725320799,0.12237929795135977,0.21133341320234814,0.6662872888462921,1.1407033647454503,1.628440282705232,-2.769143647450689,P Tierney,football-data.co.uk,proxy_shots,,,,,,,,
2021-10-30,Tottenham,Man United,0,3,9.0,10.0,10.0,2.0,2.0,3.0,12.0,14.0,0.49,1.57,0.49,1.57,0.0,4.0,1.0,0.0,2.93,3.57,2.37,1.76,2.1,2.93,3.57,2.37,3.12,3.58,2.26,1.76,2.1,1.88,1.95,0.3271164619506594,0.2684737348782723,0.4044098031710684,0.3074993538971404,0.267988263731586,0.42451238237127353,-1.9617108053519017,-0.04854711466862893,2.010257920020514,S Attwell,football-data.co.uk,proxy_shots,,,,,,,,
2021-10-30,Watford,Southampton,0,1,10.0,12.0,5.0,8.0,2.0,2.0,16.0,6.0,1.27,0.94,1.27,0.94,4.0,1.0,0.0,4.0,3.12,3.37,2.35,1.89,1.95,3.12,3.37,2.35,3.23,3.44,2.26,1.89,1.95,1.82,2.02,0.30736360849029143,0.2845621538545131,0.40807423765519546,0.2968982715559052,0.27877366776906215,0.42432806067503265,-1.0465336934386227,-0.5788486085450961,1.6253823019837188,P Bankes,football-data.co.uk,proxy_shots,,,,,,,,
2021-10-31,Aston Villa,West Ham,1,4,9.0,21.0,3.0,6.0,3.0,2.0,7.0,13.0,1.14,3.17,1.14,3.17,3.0,9.0,5.0,2.0,2.83,3.5,2.48,1.81,2.03,2.83,3.5,2.48,2.96,3.48,2.39,1.81,2.03,1.78,2.07,0.33901747424170225,0.27411984345829066,0.38686268230000703,0.32372219021967585,0.2753499089224829,0.4009279008578412,-1.52952840220264,0.12300654641922426,1.4065218557834158,C Kavanagh,football-data.co.uk,proxy_shots,,,,,,,,
2021-10-31,Norwich,Leeds,1,2,14.0,13.0,5.0,0.0,1.0,4.0,14.0,23.0,1.41,1.99,1.41,1.99,3.0,6.0,4.0,2.0,3.44,3.6,2.11,1.76,2.09,3.44,3.6,2.11,3.59,3.66,2.03,1.76,2.09,1.81,2.03,0.2788710056390978,0.26647673872180455,0.4546522556390978,0.2667130944218488,0.2616120243099555,0.4716748812681958,-1.2157911217248962,-0.4864714411849047,1.702262562909801,A Taylor,football-data.co.uk,proxy_shots,,,,,,,,
2021-11-01,Wolves,Everton,2,1,10.0,14.0,4.0,3.0,1.0,1.0,10.0,8.0,1.47,1.77,1.47,1.77,4.0,5.0,4.0,2.0,2.24,3.28,3.39,2.27,1.65,2.24,3.28,3.39,2.24,3.17,3.56,2.27,1.65,2.38,1.6,0.4266768994627782,0.2913891020721412,0.2819339984650806,0.4281118647668472,0.3025143776270466,0.26937375760610616,0.14349653040690025,1.112527555490539,-1.2560240858974447,M Atkinson,football-data.co.uk,proxy_shots,,,,,,,,
2021-11-05,Southampton,Aston Villa,1,0,9.0,14.0,10.0,8.0,2.0,2.0,12.0,12.0,1.14,1.31,1.14,1.31,3.0,3.0,3.0,2.0,2.02,3.66,3.68,1.72,2.18,2.02,3.66,3.68,2.06,3.64,3.56,1.72,2.18,1.74,2.14,0.47600333620774965,0.26271222380864867,0.2612844399836017,0.4662905175888077,0.26388968852553396,0.2698197938856584,-0.9712818618941965,0.11774647168852903,0.853535390205673,A Madley,football-data.co.uk,proxy_shots,,,,,,,,
2021-11-06,Brentford,Norwich,1,2,19.0,9.0,6.0,2.0,2.0,3.0,12.0,13.0,2.4,1.59,2.4,1.59,7.0,5.0,3.0,6.0,1.63,3.92,5.8,2.03,1.82,1.63,3.92,5.8,1.64,3.97,5.53,2.03,1.82,1.94,1.91,0.5893270018351668,0.24505178902839847,0.16562120913643483,0.5849107877903027,0.2416256151073291,0.17346359710236825,-0.4416214044864142,-0.3426173921069364,0.7842387965933423,J Gillett,football-data.co.uk,proxy_shots,,,,,,,,
2021-11-06,Brighton,Newcastle,1,1,14.0,6.0,2.0,5.0,5.0,4.0,16.0,10.0,1.77,0.61,1.77,0.61,5.0,1.0,0.0,4.0,1.62,3.99,5.76,1.95,1.9,1.62,3.99,5.76,1.59,4.13,5.84,1.95,1.9,1.89,1.94,0.592675114886506,0.24063500905166413,0.16668987606182983,0.6034099295748221,0.23230551768134797,0.16428455274382997,1.0734814688316052,-0.8329491370316161,-0.24053233179998634,D Coote,football-data.co.uk,proxy_shots,,,,,,,,
2021-11-06,Chelsea,Burnley,1,1,25.0,5.0,14.0,2.0,1.0,4.0,6.0,9.0,2.19,0.73,2.19,0.73,4.0,2.0,1.0,3.0,1.26,5.94,12.51,1.7,2.2,1.26,5.94,12.51,1.27,5.67,12.59,1.7,2.2,1.8,2.06,0.7617070740617735,0.16157422783128528,0.07671869810694122,0.7547969611580165,0.16906386960682207,0.07613916923516133,-0.6910112903756982,0.7489641775536793,-0.05795288717798941,A Marriner,football-data.co.uk,proxy_shots,,,,,,,,
2021-11-06,Crystal Palace,Wolves,2,0,13.0,4.0,4.0,6.0,2.0,1.0,14.0,13.0,1.99,0.58,1.99,0.58,6.0,2.0,2.0,4.0,2.5,3.15,3.08,2.37,1.61,2.5,3.15,3.08,2.34,3.1,3.42,2.37,1.61,2.46,1.56,0.3838271946829134,0.30462475768485187,0.31154804763223487,0.40999582347208696,0.3094807183628011,0.2805234581651121,2.6168628789173587,0.4855960677949245,-3.102458946712278,G Scott,football-data.co.uk,proxy_shots,,,,,,,,
2021-11-06,Man United,Man City,0,2,5.0,16.0,1.0,9.0,1.0,2.0,9.0,12.0,0.46,1.98,0.46,1.98,1.0,5.0,3.0,1.0,4.69,4.09,1.72,1.62,2.35,4.69,4.09,1.72,4.65,4.14,1.71,1.62,2.35,1.66,2.27,0.20519372179782228,0.23529549027672045,0.5595107879254573,0.2065054737339529,0.2319445538316138,0.5615499724344333,0.13117519361306174,-0.3350936445106645,0.20391845089759997,M Oliver,football-data.co.uk,proxy_shots,,,,,,,,
2021-11-07,Arsenal,Watford,1,0,14.0,7.0,4.0,2.0,4.0,4.0,6.0,19.0,1.95,0.56,1.95,0.56,6.0,1.0,1.0,5.0,1.39,4.9,8.25,1.6,2.38,1.39,4.9,8.25,1.45,4.76,7.13,1.6,2.38,1.63,2.32,0.6886301498207091,0.1953461037246501,0.11602374645464068,0.663135291025864,0.20200549831670225,0.13485921065743375,-2.5494858794845143,0.6659394592052142,1.883546420279307,K Friend,football-data.co.uk,proxy_shots,,,,,,,,
2021-11-07,Everton,Tottenham,0,0,12.0,8.0,4.0,2.0,4.0,4.0,13.0,17.0,1.02,0.44,1.02,0.44,2.0,0.0,0.0,2.0,3.06,3.28,2.42,2.02,1.82,3.06,3.28,2.42,3.39,3.28,2.26,2.02,1.82,2.1,1.76,0.312755126164321,0.2917776481898848,0.3954672256457943,0.2830025884383089,0.29249352890422775,0.42450388265746336,-2.975253772601211,0.07158807143429757,2.903665701166908,C Kavanagh,football-data.co.uk,proxy_shots,,,,,,,,
2021-11-07,Leeds,Leicester,1,1,18.0,9.0,10.0,5.0,1.0,1.0,12.0,5.0,1.99,1.14,1.99,1.14,5.0,3.0,2.0,4.0,2.76,3.56,2.5,1.66,2.25,2.76,3.56,2.5,2.64,3.44,2.68,1.66,2.25,1.84,2.0,0.34730894105894106,0.269261988011988,0.38342907092907086,0.36330390920554856,0.2788146279949559,0.35788146279949556,1.5994968146607502,0.9552639982967903,-2.5547608129575297,D England,football-data.co.uk,proxy_shots,,,,,,,,
2021-11-07,West Ham,Liverpool,3,2,7.0,16.0,3.0,2.0,1.0,1.0,11.0,6.0,1.23,1.98,1.23,1.98,3.0,5.0,3.0,0.0,4.59,4.11,1.72,1.49,2.63,4.59,4.11,1.72,4.45,4.21,1.73,1.49,2.63,1.51,2.6,0.2089692540993056,0.23337442246126827,0.5576563234394261,0.21601717863466632,0.22833169713165444,0.5556511242336793,0.7047924535360711,-0.5042725329613834,-0.20051992057467105,C Pawson,football-data.co.uk,proxy_shots,,,,,,,,
2021-11-20,Aston Villa,Brighton,2,0,9.0,6.0,5.0,7.0,3.0,3.0,7.0,13.0,1.59,0.69,1.59,0.69,5.0,2.0,2.0,3.0,2.43,3.31,3.04,2.08,1.77,2.43,3.31,3.04,2.48,3.29,3.0,2.08,1.77,2.04,1.81,0.39471382227992885,0.2897748000423647,0.3155113776777063,0.38752689523031747,0.29211753804595353,0.32035556672372906,-0.718692704961138,0.23427380035888068,0.484418904602274,A Taylor,football-data.co.uk,proxy_shots,,,,,,,,
2021-11-20,Burnley,Crystal Palace,3,3,15.0,18.0,3.0,6.0,2.0,3.0,14.0,15.0,2.75,2.73,2.75,2.73,9.0,8.0,5.0,6.0,2.77,3.23,2.7,2.18,1.7,2.77,3.23,2.7,2.85,3.18,2.68,2.18,1.7,2.26,1.66,0.3467994321412807,0.29741003932859056,0.35579052853012866,0.33787673350936037,0.3028140536168796,0.3593092128737601,-0.89226986319203,0.5404014288289016,0.3518684343631451,S Hooper,football-data.co.uk,proxy_shots,,,,,,,,
2021-11-20,Leicester,Chelsea,0,3,4.0,16.0,3.0,5.0,3.0,1.0,15.0,8.0,0.76,2.44,0.76,2.44,3.0,7.0,4.0,3.0,4.74,3.72,1.78,2.0,1.84,4.74,3.72,1.78,4.91,3.71,1.76,2.0,1.84,2.03,1.81,0.20254744337995081,0.2580846455970341,0.5393679110230152,0.1955713699520476,0.25882895592036487,0.5455996741275875,-0.6976073427903212,0.07443103233307768,0.6231763104572297,P Tierney,football-data.co.uk,proxy_shots,,,,,,,,
2021-11-20,Liverpool,Arsenal,4,0,19.0,5.0,6.0,1.0,2.0,0.0,15.0,12.0,3.06,0.82,3.06,0.82,9.0,3.0,3.0,5.0,1.48,4.77,6.38,1.49,2.64,1.48,4.77,6.38,1.52,4.7,5.93,1.49,2.64,1.51,2.58,0.6484043754500943,0.2011820703702599,0.15041355417964572,0.6330203549511,0.2047214764948238,0.1622581685540762,-1.5384020498994344,0.35394061245639097,1.184461437443049,M Oliver,football-data.co.uk,proxy_shots,,,,,,,,
2021-11-20,Newcastle,Brentford,3,3,23.0,10.0,8.0,2.0,2.0,2.0,13.0,11.0,3.18,1.57,3.18,1.57,9.0,4.0,1.0,6.0,2.64,3.37,2.72,1.97,1.87,2.64,3.37,2.72,2.48,3.39,2.92,1.97,1.87,1.89,1.95,0.363112026620187,0.28445571224845506,0.35243226113135795,0.38746496735505487,0.2834551973570903,0.3290798352878548,2.435294073486788,-0.10005148913647677,-2.3352425843503166,R Jones,football-data.co.uk,proxy_shots,,,,,,,,
2021-11-20,Norwich,Southampton,2,1,8.0,17.0,5.0,7.0,3.0,2.0,8.0,9.0,1.36,1.94,1.36,1.94,4.0,5.0,4.0,2.0,3.63,3.46,2.1,1.99,1.85,3.63,3.46,2.1,3.54,3.45,2.14,1.99,1.85,1.95,1.88,0.26471102561860627,0.2777170586692314,0.45757191571216216,0.2717175285960341,0.27880581195071324,0.4494766594532526,0.7006502977427831,0.10887532814818357,-0.8095256258909556,M Atkinson,football-data.co.uk,proxy_shots,,,,,,,,
2021-11-20,Watford,Man United,4,1,20.0,9.0,9.0,3.0,2.0,3.0,7.0,5.0,2.76,1.14,2.76,1.14,7.0,3.0,2.0,3.0,6.22,4.65,1.5,1.65,2.27,6.22,4.65,1.5,6.42,4.62,1.5,1.65,2.27,1.6,2.36,0.15421862563014066,0.20628814009020963,0.6394932342796499,0.14993379546693666,0.20834955993457432,0.6417166445984889,-0.42848301632039953,0.2061419844364698,0.2223410318838992,J Moss,football-data.co.uk,proxy_shots,,,,,,,,
2021-11-20,Wolves,West Ham,1,0,15.0,8.0,7.0,3.0,1.0,1.0,6.0,9.0,1.82,0.98,1.82,0.98,5.0,3.0,3.0,4.0,3.02,3.27,2.47,2.06,1.79,3.02,3.27,2.47,3.14,3.27,2.41,2.06,1.79,1.99,1.85,0.3178417815415734,0.2935419511484867,0.38861626730993987,0.30645242826422564,0.2942693042047916,0.3992782675309828,-1.1389353277347747,0.07273530563048913,1.066200022104291,M Dean,football-data.co.uk,proxy_shots,,,,,,,,
2021-11-21,Man City,Everton,3,0,17.0,4.0,7.0,1.0,1.0,1.0,5.0,7.0,2.5,0.4,2.5,0.4,7.0,1.0,1.0,4.0,1.18,7.56,15.95,1.49,2.61,1.18,7.56,15.95,1.21,7.11,14.63,1.49,2.61,1.51,2.57,0.8129646085119179,0.1268913013285798,0.06014409015950239,0.7981549161440618,0.13583227124251965,0.06601281261341863,-1.480969236785612,0.8940969913939861,0.5868722453916237,S Attwell,football-data.co.uk,proxy_shots,,,,,,,,
2021-11-21,Tottenham,Leeds,2,1,13.0,18.0,4.0,8.0,1.0,4.0,11.0,12.0,1.64,2.35,1.64,2.35,4.0,7.0,6.0,2.0,1.73,4.07,4.56,1.76,2.09,1.73,4.07,4.56,1.61,4.06,5.73,1.76,2.09,1.84,1.99,0.5541862874786125,0.23556321310515957,0.21025049941622798,0.5961148678947463,0.23639037864791668,0.1674947534573371,4.192858041613379,0.08271655427571079,-4.275574595889086,A Marriner,football-data.co.uk,proxy_shots,,,,,,,,
2021-11-27,Arsenal,Newcastle,2,0,24.0,9.0,4.0,4.0,1.0,3.0,6.0,12.0,2.6,1.4,2.6,1.4,6.0,5.0,5.0,4.0,1.47,4.77,6.61,1.62,2.33,1.47,4.77,6.61,1.51,4.54,6.3,1.62,2.33,1.64,2.28,0.6533528947352062,0.20134774743412018,0.1452993578306737,0.6360183587426396,0.2115391457492039,0.15244249550815644,-1.7334535992566624,1.0191398315083728,0.7143137677482758,S Attwell,football-data.co.uk,proxy_shots,,,,,,,,
2021-11-27,Brighton,Leeds,0,0,20.0,11.0,6.0,1.0,1.0,3.0,12.0,14.0,1.82,1.32,1.82,1.32,4.0,4.0,4.0,4.0,2.11,3.41,3.67,1.93,1.91,2.11,3.41,3.67,2.19,3.31,3.54,1.93,1.91,2.02,1.82,0.4558508022656492,0.2820660389385688,0.262083158795782,0.4385435029136679,0.2901541605380461,0.27130233654828606,-1.7307299351981331,0.8088121599477305,0.9219177752504082,C Pawson,football-data.co.uk,proxy_shots,,,,,,,,
2021-11-27,Crystal Palace,Aston Villa,1,2,8.0,10.0,7.0,3.0,3.0,3.0,12.0,10.0,1.08,1.29,1.08,1.29,3.0,3.0,1.0,2.0,2.24,3.37,3.36,2.02,1.83,2.24,3.37,3.36,2.32,3.23,3.32,2.02,1.83,2.2,1.69,0.4289350869749681,0.285108188375053,0.2859567246499788,0.4137255204555626,0.2971650797080202,0.28910939983641726,-1.5209566519405526,1.2056891332967223,0.31526751864384694,M Salisbury,football-data.co.uk,proxy_shots,,,,,,,,
2021-11-27,Liverpool,Southampton,4,0,20.0,7.0,5.0,7.0,0.0,1.0,7.0,14.0,2.58,0.93,2.58,0.93,6.0,3.0,3.0,2.0,1.29,5.99,9.78,1.41,2.91,1.29,5.99,9.78,1.25,6.5,11.34,1.41,2.91,1.43,2.84,0.742246802364255,0.15984947830549065,0.0979037193302545,0.7677325278616811,0.14764087074263096,0.08462660139568794,2.5485725497426115,-1.2208607562859686,-1.3277117934566567,A Marriner,football-data.co.uk,proxy_shots,,,,,,,,
2021-11-27,Norwich,Wolves,0,0,14.0,5.0,4.0,3.0,2.0,2.0,11.0,10.0,1.49,0.64,1.49,0.64,4.0,2.0,2.0,4.0,3.54,3.35,2.17,2.3,1.64,3.54,3.35,2.17,3.57,3.29,2.19,2.3,1.64,2.28,1.64,0.2711457909833161,0.28652420897938474,0.4423300000372991,0.2691613713030517,0.29206872205224754,0.4387699066447007,-0.19844196802644154,0.55445130728628,-0.35600933925983846,S Hooper,football-data.co.uk,proxy_shots,,,,,,,,
2021-11-28,Brentford,Everton,1,0,6.0,14.0,3.0,3.0,4.0,3.0,8.0,11.0,1.15,1.67,1.15,1.67,4.0,5.0,5.0,3.0,2.25,3.27,3.4,2.17,1.71,2.25,3.27,3.4,2.25,3.21,3.52,2.17,1.71,2.25,1.66,0.425561233277832,0.2928173623471321,0.2816214043750359,0.42732502070593037,0.29952688367238106,0.27314809562168846,0.17637874280983512,0.6709521325248935,-0.8473308753347453,D England,football-data.co.uk,proxy_shots,,,,,,,,
2021-11-28,Chelsea,Man United,1,1,24.0,3.0,15.0,2.0,2.0,5.0,13.0,14.0,2.5,0.62,2.5,0.62,6.0,2.0,1.0,5.0,1.61,4.12,5.67,1.81,2.03,1.61,4.12,5.67,1.56,4.21,6.21,1.81,2.03,1.85,1.99,0.5971121329778668,0.23333750827533148,0.1695503587468017,0.6166163120617557,0.22848490423190954,0.15489878370633478,1.9504179083888906,-0.4852604043421943,-1.4651575040466907,A Taylor,football-data.co.uk,proxy_shots,,,,,,,,
2021-11-28,Leicester,Watford,4,2,18.0,16.0,8.0,6.0,0.0,0.0,5.0,19.0,2.83,1.98,2.83,1.98,8.0,5.0,3.0,4.0,1.63,4.15,5.26,1.66,2.24,1.63,4.15,5.26,1.7,3.9,5.1,1.66,2.24,1.78,2.06,0.5873173461618143,0.23068127090211016,0.18200138293607554,0.5652173913043478,0.2463768115942029,0.18840579710144928,-2.209995485746652,1.5695540692092753,0.640441416537374,A Madley,football-data.co.uk,proxy_shots,,,,,,,,
2021-11-28,Man City,West Ham,2,1,19.0,5.0,8.0,4.0,2.0,0.0,7.0,6.0,2.87,0.92,2.87,0.92,9.0,3.0,2.0,7.0,1.3,5.82,10.01,1.5,2.59,1.3,5.82,10.01,1.27,6.21,10.75,1.5,2.59,1.5,2.59,0.738968405777983,0.16506167139370756,0.09596992282830949,0.7560588334558369,0.15462072761496184,0.0893204389292012,1.7090427677853959,-1.0440943778745715,-0.6649483899108286,M Oliver,football-data.co.uk,proxy_shots,,,,,,,,
2021-11-30,Leeds,Crystal Palace,1,0,15.0,9.0,7.0,4.0,5.0,3.0,15.0,15.0,1.47,0.68,1.47,0.68,3.0,1.0,1.0,2.0,2.42,3.33,3.06,1.92,1.92,2.42,3.33,3.06,2.25,3.34,3.35,1.92,1.92,2.01,1.84,0.3972074094863879,0.28866124052764525,0.31413134998596687,0.4263856867938189,0.28723586685212354,0.28637844635405746,2.9178277307430998,-0.14253736755217017,-2.775290363190941,K Friend,football-data.co.uk,proxy_shots,,,,,,,,
2021-11-30,Newcastle,Norwich,1,1,9.0,16.0,2.0,5.0,0.0,2.0,8.0,11.0,0.78,2.06,0.78,2.06,1.0,6.0,5.0,0.0,1.99,3.63,3.82,1.83,2.01,1.99,3.63,3.82,2.11,3.51,3.56,1.83,2.01,1.89,1.94,0.48328982542232873,0.26494400897808107,0.25176616559959014,0.45582253869472117,0.2740129791013851,0.2701644822038938,-2.7467286727607565,0.9068970123304043,1.8398316604303633,A Madley,football-data.co.uk,proxy_shots,,,,,,,,
2021-12-01,Aston Villa,Man City,1,2,9.0,17.0,4.0,11.0,0.0,0.0,8.0,12.0,1.14,2.4,1.14,2.4,3.0,7.0,5.0,2.0,8.6,5.2,1.36,1.63,2.3,8.6,5.2,1.36,7.35,4.63,1.45,1.63,2.3,1.77,2.09,0.11139112903225806,0.18422379032258063,0.7043850806451613,0.1306090289193895,0.20733830724784294,0.6620526638327675,1.9217899887131433,2.3114516925262314,-4.233241681239375,M Dean,football-data.co.uk,proxy_shots,,,,,,,,
2021-12-01,Everton,Liverpool,1,4,8.0,16.0,3.0,11.0,4.0,3.0,8.0,16.0,0.9,2.54,0.9,2.54,2.0,7.0,3.0,1.0,7.52,5.05,1.41,1.59,2.37,7.52,5.05,1.41,8.49,5.18,1.37,1.59,2.37,1.62,2.33,0.12783731330689393,0.19036368238967177,0.6817990043034343,0.11317240268490625,0.18548913104147763,0.7013384662736161,-1.4664910621987688,-0.4874551348194145,1.9539461970181748,P Tierney,football-data.co.uk,proxy_shots,,,,,,,,
2021-12-01,Southampton,Leicester,2,2,15.0,15.0,2.0,4.0,1.0,3.0,14.0,11.0,2.29,2.1,2.29,2.1,7.0,6.0,4.0,5.0,2.43,3.47,2.91,1.78,2.07,2.43,3.47,2.91,2.36,3.46,3.07,1.78,2.07,1.81,2.03,0.39442445832405637,0.27621078781771097,0.32936475385823266,0.408028271808858,0.27830830100257364,0.3136634271885684,1.3603813484801608,0.2097513184862676,-1.5701326669664284,R Jones,football-data.co.uk,proxy_shots,,,,,,,,
2021-12-01,Watford,Chelsea,1,2,13.0,8.0,6.0,0.0,4.0,3.0,18.0,16.0,1.9,1.36,1.9,1.36,6.0,4.0,2.0,5.0,10.3,5.43,1.31,1.71,2.17,10.3,5.43,1.31,9.78,5.33,1.33,1.71,2.17,1.73,2.13,0.0929414270277898,0.17629773450943553,0.7307608384627747,0.0981519916592476,0.18009877644042052,0.7217492319003319,0.521056463145779,0.38010419309849885,-0.901160656244282,D Coote,football-data.co.uk,proxy_shots,,,,,,,,
2021-12-01,West Ham,Brighton,1,1,14.0,9.0,9.0,5.0,1.0,1.0,10.0,8.0,1.95,1.14,1.95,1.14,6.0,3.0,2.0,5.0,2.01,3.53,3.79,2.03,1.82,2.01,3.53,3.79,1.98,3.45,4.14,2.03,1.82,2.18,1.71,0.4762476016218199,0.27117781282148945,0.2525745855566907,0.4872881355932203,0.2796610169491525,0.23305084745762714,1.1040533971400424,0.8483204127663069,-1.9523738099063577,C Kavanagh,football-data.co.uk,proxy_shots,,,,,,,,
2021-12-01,Wolves,Burnley,0,0,16.0,6.0,5.0,5.0,2.0,3.0,5.0,7.0,1.24,0.51,1.24,0.51,2.0,1.0,1.0,2.0,1.95,3.41,4.23,2.22,1.67,1.95,3.41,4.23,1.94,3.37,4.4,2.22,1.67,2.2,1.7,0.49192252995160685,0.2813046725529716,0.22677279749542154,0.49588987953902447,0.28546776448240574,0.21864235597856985,0.39673495874176234,0.41630919294341484,-0.8130441516851689,J Brooks,football-data.co.uk,proxy_shots,,,,,,,,
2021-12-02,Man United,Arsenal,3,2,14.0,17.0,3.0,8.0,1.0,0.0,9.0,10.0,2.87,2.58,2.87,2.58,10.0,8.0,6.0,7.0,2.02,3.66,3.66,1.8,2.05,2.02,3.66,3.66,2.07,3.66,3.52,1.8,2.05,1.72,2.15,0.47532467532467537,0.2623376623376623,0.2623376623376623,0.4643297363925351,0.2626127197629911,0.2730575438444738,-1.0994938932140264,0.027505742532879518,1.0719881506811468,M Atkinson,football-data.co.uk,proxy_shots,,,,,,,,
2021-12-02,Tottenham,Brentford,2,0,11.0,6.0,11.0,5.0,0.0,0.0,13.0,11.0,1.89,0.69,1.89,0.69,6.0,2.0,2.0,4.0,1.64,4.07,5.25,1.9,1.94,1.64,4.07,5.25,1.66,3.93,5.46,1.9,1.94,1.97,1.86,0.5829784215451691,0.2349102239150067,0.18211135453982424,0.5792329370606719,0.24466327621392245,0.17610378672540572,-0.3745484484497186,0.9753052298915738,-0.6007567814418524,J Moss,football-data.co.uk,proxy_shots,,,,,,,,
2021-12-04,Newcastle,Burnley,1,0,19.0,10.0,10.0,3.0,1.0,1.0,11.0,9.0,1.86,0.73,1.86,0.73,4.0,1.0,1.0,3.0,2.33,3.35,3.19,1.94,1.9,2.33,3.35,3.19,2.36,3.44,3.07,1.94,1.9,1.79,2.07,0.41221306321770357,0.28670341411858186,0.3010835226637145,0.40736911943960136,0.2794741633364707,0.31315671722392807,-0.4843943778102211,-0.7229250782111174,1.2073194560213552,P Tierney,football-data.co.uk,proxy_shots,,,,,,,,
2021-12-04,Southampton,Brighton,1,1,14.0,14.0,6.0,2.0,4.0,2.0,15.0,12.0,1.59,1.59,1.59,1.59,4.0,4.0,3.0,3.0,2.45,3.21,3.1,2.17,1.72,2.45,3.21,3.1,2.57,3.16,2.99,2.17,1.72,2.13,1.74,0.39160976761574934,0.29889219023631963,0.309498042147931,0.37413627202135114,0.3042817149034406,0.3215820130752082,-1.7473495594398203,0.5389524667120948,1.20839709272772,A Taylor,football-data.co.uk,proxy_shots,,,,,,,,
2021-12-04,Watford,Man City,1,3,11.0,26.0,5.0,11.0,3.0,0.0,10.0,7.0,1.43,4.0,1.43,4.0,4.0,13.0,10.0,3.0,14.65,7.19,1.2,1.44,2.8,14.65,7.19,1.2,13.55,7.1,1.21,1.44,2.8,1.44,2.78,0.06559146733160258,0.13364603566174932,0.8007624970066481,0.07088780978864029,0.13528589051212336,0.7938262996992363,0.5296342457037708,0.1639854850374045,-0.6936197307411796,S Hooper,football-data.co.uk,proxy_shots,,,,,,,,
2021-12-04,West Ham,Chelsea,3,2,11.0,19.0,1.0,9.0,1.0,3.0,10.0,10.0,1.8,2.5,1.8,2.5,5.0,7.0,5.0,2.0,4.7,3.6,1.82,2.06,1.8,4.7,3.6,1.82,4.84,3.64,1.8,2.06,1.8,2.09,1.77,0.20458377568225822,0.26709548491850377,0.5283207393992382,0.19926037662400856,0.26495061067587944,0.5357890127001119,-0.5323399058249662,-0.21448742426243284,0.746827330087374,A Marriner,football-data.co.uk,proxy_shots,,,,,,,,
2021-12-04,Wolves,Liverpool,0,1,3.0,17.0,2.0,8.0,2.0,2.0,4.0,7.0,0.34,1.94,0.34,1.94,1.0,5.0,4.0,1.0,7.73,4.75,1.43,1.7,2.21,7.73,4.75,1.43,8.46,5.02,1.39,1.7,2.21,1.64,2.29,0.12448706928940197,0.2025863253909636,0.6729266053196344,0.11400441783865736,0.1921269671145501,0.6938686150467924,-1.0482651450744604,-1.0459358276413506,2.0942009727157984,C Kavanagh,football-data.co.uk,proxy_shots,,,,,,,,
2021-12-05,Aston Villa,Leicester,2,1,13.0,12.0,3.0,6.0,1.0,1.0,8.0,25.0,1.64,1.66,1.64,1.66,4.0,5.0,4.0,2.0,2.36,3.45,3.03,1.87,1.97,2.36,3.45,3.03,2.26,3.43,3.27,1.87,1.97,1.86,1.98,0.4060195057153843,0.27774087927197305,0.3162396150126425,0.4255276366657688,0.2803768101646173,0.2940955531696139,1.9508130950384506,0.2635930892644245,-2.214406184302864,M Oliver,football-data.co.uk,proxy_shots,,,,,,,,
2021-12-05,Leeds,Brentford,2,2,13.0,9.0,5.0,1.0,5.0,3.0,11.0,9.0,1.99,1.24,1.99,1.24,6.0,3.0,1.0,4.0,1.94,3.62,3.99,1.92,1.92,1.94,3.62,3.99,1.84,3.52,4.75,1.92,1.92,2.15,1.73,0.4945287463365198,0.26502369278807963,0.24044756087540053,0.5235339796097291,0.27366548934144935,0.2028005310488214,2.9005233273209363,0.8641796553369718,-3.764702982657914,D Coote,football-data.co.uk,proxy_shots,,,,,,,,
2021-12-05,Man United,Crystal Palace,1,0,16.0,8.0,9.0,6.0,2.0,2.0,16.0,9.0,1.52,0.8,1.52,0.8,3.0,2.0,2.0,2.0,1.57,4.19,6.09,1.77,2.09,1.57,4.19,6.09,1.52,4.46,6.42,1.77,2.09,1.68,2.23,0.612556923616129,0.2295261026437524,0.15791697374011865,0.6338873785719978,0.21603336668821452,0.15007925473978764,2.1330454955868827,-1.3492735955537878,-0.7837719000331006,C Pawson,football-data.co.uk,proxy_shots,,,,,,,,
2021-12-05,Tottenham,Norwich,3,0,17.0,10.0,6.0,4.0,1.0,2.0,11.0,4.0,2.5,0.73,2.5,0.73,7.0,1.0,1.0,4.0,1.41,4.75,8.11,1.84,2.0,1.41,4.75,8.11,1.46,4.49,7.52,1.84,2.0,1.9,1.93,0.6799476128362671,0.20183708086297614,0.11821530630075669,0.6581909340070254,0.21402199635863187,0.1277870696343427,-2.1756678829241705,1.2184915495655728,0.9571763333586003,J Gillett,football-data.co.uk,proxy_shots,,,,,,,,
2021-12-06,Everton,Arsenal,2,1,11.0,10.0,3.0,3.0,2.0,2.0,8.0,12.0,1.7,1.19,1.7,1.19,5.0,3.0,2.0,3.0,3.38,3.52,2.16,2.04,1.81,3.38,3.52,2.16,3.47,3.44,2.18,2.04,1.81,2.02,1.82,0.2836845561459017,0.2724016476628261,0.4439137961912721,0.27774197610423473,0.2801641445004926,0.44209387939527267,-0.5942580041666978,0.7762496837666499,-0.181991679599941,M Dean,football-data.co.uk,proxy_shots,,,,,,,,
2021-12-10,Brentford,Watford,2,1,14.0,6.0,8.0,2.0,4.0,0.0,12.0,18.0,1.87,0.79,1.87,0.79,5.0,2.0,1.0,3.0,2.29,3.32,3.34,1.99,1.85,2.29,3.32,3.34,2.52,3.32,2.94,1.99,1.85,1.96,1.87,0.42098389533868374,0.29037744588120057,0.2886386587801155,0.3822368421052631,0.2901315789473684,0.3276315789473684,-3.8747053233420647,-0.024586693383216174,3.8992920167252865,M Oliver,football-data.co.uk,proxy_shots,,,,,,,,
2021-12-11,Arsenal,Southampton,3,0,15.0,11.0,9.0,8.0,2.0,0.0,5.0,9.0,2.02,1.69,2.02,1.69,5.0,6.0,6.0,2.0,1.67,3.99,5.32,1.79,2.06,1.67,3.99,5.32,1.75,3.92,4.76,1.79,2.06,1.73,2.15,0.5772151898734177,0.2415913200723327,0.18119349005424953,0.5512449334105386,0.24609148812970474,0.20266357845975683,-2.5970256462879093,0.45001680573720504,2.147008840550729,J Gillett,football-data.co.uk,proxy_shots,,,,,,,,
2021-12-11,Chelsea,Leeds,3,2,16.0,12.0,5.0,2.0,2.0,5.0,9.0,15.0,2.26,1.76,2.26,1.76,6.0,5.0,3.0,3.0,1.28,5.95,11.46,1.59,2.4,1.28,5.95,11.46,1.24,6.6,12.72,1.59,2.4,1.45,2.75,0.7536823629020314,0.1621367100024538,0.08418092709551485,0.7779903029224678,0.14616787509452425,0.07584182198300786,2.430794002043646,-1.5968834907929552,-0.8339105112506989,C Kavanagh,football-data.co.uk,proxy_shots,,,,,,,,
2021-12-11,Liverpool,Aston Villa,1,0,20.0,4.0,11.0,3.0,1.0,2.0,13.0,6.0,2.1,0.22,2.1,0.22,5.0,0.0,0.0,4.0,1.23,6.85,11.92,1.4,2.97,1.23,6.85,11.92,1.24,6.71,11.84,1.4,2.97,1.45,2.8,0.7795751538823611,0.13998210792340207,0.08044273819423693,0.7754772158471972,0.1433072649255625,0.08121551922724024,-0.4097938035163895,0.3325157002160434,0.07727810330033086,S Attwell,football-data.co.uk,proxy_shots,,,,,,,,
2021-12-11,Man City,Wolves,1,0,24.0,2.0,14.0,1.0,3.0,4.0,12.0,5.0,3.22,0.29,3.22,0.29,10.0,1.0,1.0,9.0,1.16,8.11,20.35,1.55,2.49,1.16,8.11,20.35,1.17,7.8,18.64,1.55,2.49,1.52,2.57,0.8333085082157675,0.11919085937488168,0.04750063240935087,0.8245598513668937,0.12368397770503406,0.051756170928072186,-0.8748656848873826,0.4493118330152382,0.4255538518721319,J Moss,football-data.co.uk,proxy_shots,,,,,,,,
2021-12-11,Norwich,Man United,0,1,11.0,13.0,8.0,6.0,1.0,1.0,6.0,17.0,1.5,1.71,1.5,1.71,5.0,5.0,4.0,5.0,7.25,4.73,1.45,1.71,2.18,7.25,4.73,1.45,7.35,4.91,1.43,1.71,2.18,1.66,2.27,0.13275329778276732,0.203480213303396,0.6637664889138367,0.13094481008125652,0.19601718006053673,0.6730380098582067,-0.18084877015107914,-0.7463033242859268,0.9271520944370004,D England,football-data.co.uk,proxy_shots,,,,,,,,
2021-12-12,Burnley,West Ham,0,0,9.0,16.0,6.0,4.0,2.0,1.0,13.0,11.0,0.68,1.42,0.68,1.42,1.0,3.0,3.0,1.0,3.61,3.64,2.05,1.84,2.0,3.61,3.64,2.05,3.44,3.47,2.17,1.84,2.0,1.88,1.94,0.26647240107274606,0.2642761999650036,0.46925139896225043,0.2795945268551696,0.2771772831071422,0.4432281900376882,1.3122125782423555,1.2901083142138559,-2.6023208924562224,G Scott,football-data.co.uk,proxy_shots,,,,,,,,
2021-12-12,Crystal Palace,Everton,3,1,17.0,12.0,8.0,2.0,0.0,2.0,15.0,14.0,2.32,1.84,2.32,1.84,6.0,6.0,5.0,3.0,2.29,3.21,3.42,2.31,1.63,2.29,3.21,3.42,2.25,3.19,3.56,2.31,1.63,2.25,1.67,0.41964152609428573,0.29937043450340006,0.2809880394023141,0.4278346437411231,0.30176424715282985,0.270401109106047,0.8193117646837389,0.2393812649429783,-1.0586930296267116,A Madley,football-data.co.uk,proxy_shots,,,,,,,,
2021-12-12,Leicester,Newcastle,4,0,8.0,12.0,4.0,6.0,2.0,3.0,9.0,16.0,1.74,1.2,1.74,1.2,5.0,3.0,3.0,1.0,1.75,4.01,4.56,1.6,2.37,1.75,4.01,4.56,1.74,4.01,4.64,1.6,2.37,1.68,2.22,0.5493959396810993,0.23976132030970673,0.21084274000919387,0.5528175081854213,0.2398759262450457,0.20730656556953303,0.3421568504321959,0.01146059353389628,-0.35361744396608386,P Bankes,football-data.co.uk,proxy_shots,,,,,,,,
2021-12-14,Man City,Leeds,7,0,31.0,6.0,6.0,2.0,1.0,1.0,5.0,9.0,4.0,0.87,4.0,0.87,15.0,3.0,3.0,8.0,1.15,8.7,18.17,1.36,3.21,1.15,8.7,18.17,1.15,9.07,17.53,1.36,3.21,1.3,3.57,0.8364875555285097,0.11057019412158461,0.05294225034990567,0.8386493595819546,0.10633371152362157,0.05501692889442371,0.21618040534449046,-0.423648259796304,0.20746785445180382,P Tierney,football-data.co.uk,proxy_shots,,,,,,,,
2021-12-14,Norwich,Aston Villa,0,2,7.0,17.0,7.0,10.0,3.0,1.0,12.0,9.0,0.93,2.22,0.93,2.22,3.0,6.0,4.0,3.0,3.37,3.26,2.29,2.14,1.74,3.37,3.26,2.29,3.71,3.36,2.12,2.14,1.74,2.08,1.77,0.2852775622972306,0.29490349231339485,0.41981894538937437,0.2594594594594594,0.2864864864864865,0.454054054054054,-2.5818102837771195,-0.8417005826908353,3.423510866467966,D Coote,football-data.co.uk,proxy_shots,,,,,,,,
2021-12-15,Arsenal,West Ham,2,0,21.0,7.0,5.0,2.0,2.0,2.0,8.0,9.0,2.79,0.56,2.79,0.56,8.0,1.0,1.0,6.0,2.2,3.58,3.26,1.83,2.02,2.2,3.58,3.26,2.09,3.59,3.58,1.83,2.02,1.82,2.03,0.4368010539395482,0.26842522867793467,0.29477371738251723,0.4616865738661877,0.26878132016165246,0.2695321059721598,2.488551992663951,0.03560914837177909,-2.524161141035741,A Taylor,football-data.co.uk,proxy_shots,,,,,,,,
2021-12-15,Brighton,Wolves,0,1,12.0,8.0,7.0,4.0,2.0,0.0,11.0,14.0,1.02,1.44,1.02,1.44,2.0,5.0,4.0,2.0,2.32,3.05,3.51,2.52,1.54,2.32,3.05,3.51,2.07,3.18,4.19,2.52,1.54,2.49,1.55,0.41294595501587295,0.3141097100448607,0.27294433493926645,0.46620550662873816,0.3034733958243672,0.23032109754689448,5.325955161286522,-1.0636314220493492,-4.262323739237198,T Harrington,football-data.co.uk,proxy_shots,,,,,,,,
2021-12-15,Crystal Palace,Southampton,2,2,9.0,15.0,4.0,6.0,2.0,4.0,16.0,20.0,1.78,1.74,1.78,1.74,6.0,4.0,2.0,4.0,2.14,3.38,3.59,2.1,1.76,2.14,3.38,3.59,2.09,3.41,3.77,2.1,1.76,2.05,1.8,0.4485841035120148,0.2840147874306839,0.2674011090573013,0.46140787239922626,0.2827983734059773,0.2557937541947965,1.2823768887211484,-0.12164140247066246,-1.1607354862504804,S Hooper,football-data.co.uk,proxy_shots,,,,,,,,
2021-12-16,Chelsea,Everton,1,1,23.0,5.0,7.0,1.0,2.0,3.0,11.0,11.0,3.16,0.92,3.16,0.92,10.0,3.0,2.0,9.0,1.24,6.17,13.27,1.71,2.16,1.24,6.17,13.27,1.21,6.99,16.25,1.71,2.16,1.67,2.24,0.7725489826054547,0.15526105971325183,0.07218995768129344,0.8015608162988795,0.1387537321490192,0.059685451552101185,2.901183369342486,-1.6507327564232621,-1.2504506129192252,M Oliver,football-data.co.uk,proxy_shots,,,,,,,,
2021-12-16,Liverpool,Newcastle,3,1,23.0,4.0,11.0,0.0,1.0,3.0,9.0,4.0,3.0,0.68,3.0,0.68,8.0,2.0,1.0,5.0,1.12,9.52,21.43,1.33,3.34,1.12,9.52,21.43,1.11,10.85,24.82,1.33,3.34,1.29,3.67,0.8547664296942821,0.10056075643462144,0.04467281387109641,0.8718197083952349,0.0891907720109411,0.03898951959382397,1.7053278700952856,-1.136998442368034,-0.5683294277272439,M Dean,football-data.co.uk,proxy_shots,,,,,,,,
2021-12-18,Leeds,Arsenal,1,4,9.0,21.0,1.0,4.0,3.0,1.0,11.0,7.0,0.95,3.72,0.95,3.72,2.0,12.0,8.0,1.0,3.89,3.78,1.91,1.75,2.11,3.89,3.78,1.91,5.8,4.35,1.57,1.75,2.11,1.71,2.18,0.24595709599065202,0.25311457762000966,0.5009283263893385,0.16590348714336034,0.22120464952448043,0.6128918633321591,-8.005360884729168,-3.190992809552923,11.196353694282058,A Marriner,football-data.co.uk,proxy_shots,,,,,,,,
2021-12-19,Newcastle,Man City,0,4,5.0,18.0,3.0,6.0,1.0,2.0,9.0,6.0,0.46,2.65,0.46,2.65,1.0,7.0,3.0,1.0,16.25,7.72,1.18,1.46,2.75,16.25,7.72,1.18,20.93,9.45,1.13,1.46,2.75,1.37,3.14,0.0592553660659344,0.12472794022946038,0.8160166937046052,0.04600463816017636,0.10189175414735357,0.8521036076924702,-1.3250727905758042,-2.28361860821068,3.608691398786501,M Atkinson,football-data.co.uk,proxy_shots,,,,,,,,
2021-12-19,Tottenham,Liverpool,2,2,10.0,18.0,6.0,4.0,4.0,6.0,12.0,11.0,1.65,2.27,1.65,2.27,5.0,6.0,4.0,3.0,5.18,4.5,1.59,1.64,2.3,5.18,4.5,1.59,4.82,4.17,1.69,1.64,2.3,1.62,2.32,0.1848779882794332,0.2128151065083253,0.6023069052122414,0.1996826521215556,0.2308082453779132,0.5695091025005313,1.4804663842122396,1.7993138869587892,-3.2797802711710067,P Tierney,football-data.co.uk,proxy_shots,,,,,,,,
2021-12-19,Wolves,Chelsea,0,0,4.0,8.0,4.0,9.0,0.0,2.0,9.0,7.0,0.4,0.62,0.4,0.62,1.0,1.0,1.0,1.0,6.42,3.93,1.58,2.13,1.74,6.42,3.93,1.58,5.4,3.42,1.79,2.13,1.74,2.4,1.59,0.1493232909127637,0.24393270423917124,0.6067440048480651,0.17870842309915402,0.2821711943670853,0.5391203825337607,2.9385132186390326,3.823849012791408,-6.762362231430441,D Coote,football-data.co.uk,proxy_shots,,,,,,,,
2021-12-26,Aston Villa,Chelsea,1,3,8.0,10.0,2.0,5.0,3.0,1.0,8.0,11.0,0.72,1.57,0.72,1.57,1.0,4.0,1.0,0.0,5.35,3.77,1.7,2.03,1.82,5.35,3.77,1.7,5.19,3.77,1.72,2.03,1.82,2.06,1.78,0.1796571684864115,0.2549511542181171,0.5653916772954715,0.18538774926738616,0.2552154956757916,0.5593967550568223,0.5730580780974659,0.026434145767451067,-0.599492223864917,M Atkinson,football-data.co.uk,proxy_shots,,,,,,,,
2021-12-26,Brighton,Brentford,2,0,15.0,16.0,6.0,9.0,1.0,3.0,8.0,10.0,1.92,1.96,1.92,1.96,5.0,6.0,6.0,3.0,1.95,3.45,4.15,2.19,1.69,1.95,3.45,4.15,1.95,3.41,4.3,2.19,1.69,2.14,1.73,0.49137709137709146,0.27773487773487776,0.23088803088803087,0.49374526475292535,0.2823469989056317,0.22390773634144287,0.2368173375833893,0.46121211707539356,-0.6980294546587995,D England,football-data.co.uk,proxy_shots,,,,,,,,
2021-12-26,Man City,Leicester,6,3,17.0,14.0,14.0,4.0,1.0,2.0,11.0,9.0,3.15,2.51,3.15,2.51,9.0,8.0,5.0,3.0,1.18,7.85,14.75,1.39,3.01,1.18,7.85,14.75,1.13,10.01,18.83,1.39,3.01,1.27,3.78,0.8127976806792298,0.12217850486643198,0.06502381445433837,0.8525892503759994,0.09624633895353439,0.05116441067046624,3.979156969676967,-2.5932165912897585,-1.3859403783872133,C Kavanagh,football-data.co.uk,proxy_shots,,,,,,,,
2021-12-26,Norwich,Arsenal,0,5,4.0,16.0,3.0,5.0,1.0,2.0,13.0,7.0,0.58,2.46,0.58,2.46,2.0,6.0,1.0,2.0,7.73,4.77,1.42,1.78,2.07,7.73,4.77,1.42,6.42,4.48,1.52,1.78,2.07,1.72,2.15,0.12400475265506086,0.20095529099027684,0.6750399563546624,0.15022413610532628,0.21527655218665062,0.634499311708023,2.621938345026542,1.432126119637378,-4.054064464663942,G Scott,football-data.co.uk,proxy_shots,,,,,,,,
2021-12-26,Tottenham,Crystal Palace,3,0,17.0,4.0,4.0,2.0,1.0,3.0,16.0,10.0,2.32,0.22,2.32,0.22,6.0,0.0,0.0,3.0,1.72,3.87,4.97,1.93,1.9,1.72,3.87,4.97,1.72,3.81,5.07,1.93,1.9,1.92,1.91,0.5584966912223749,0.24822075165438878,0.19328255712323636,0.5584426847989177,0.25210535901683423,0.18945195618424818,-0.005400642345720907,0.3884607362445447,-0.38306009389881823,J Moss,football-data.co.uk,proxy_shots,,,,,,,,
2021-12-26,West Ham,Southampton,2,3,11.0,11.0,10.0,2.0,2.0,3.0,10.0,9.0,1.7,1.99,1.7,1.99,5.0,6.0,3.0,3.0,1.85,3.8,4.18,1.75,2.11,1.85,3.8,4.18,1.96,3.64,3.94,1.75,2.11,1.84,2.0,0.51828890266584,0.2523248605083695,0.2293862368257905,0.49117759877253553,0.2644802454929037,0.2443421557345608,-2.7111303893304517,1.2155384984534223,1.4955918908770294,K Friend,football-data.co.uk,proxy_shots,,,,,,,,
2021-12-27,Newcastle,Man United,1,1,13.0,13.0,2.0,4.0,3.0,3.0,11.0,8.0,2.25,1.54,2.25,1.54,8.0,4.0,3.0,7.0,6.66,4.58,1.48,1.61,2.33,6.66,4.58,1.48,6.38,4.7,1.5,1.61,2.33,1.63,2.31,0.14379905808477236,0.20910518053375196,0.6470957613814756,0.15126807707162168,0.2053383684504141,0.6433935544779641,0.7469018986849318,-0.37668120833378727,-0.3702206903511529,C Pawson,football-data.co.uk,proxy_shots,,,,,,,,
2021-12-28,Crystal Palace,Norwich,3,0,19.0,12.0,8.0,8.0,1.0,2.0,9.0,13.0,2.42,1.2,2.42,1.2,6.0,3.0,3.0,3.0,1.68,3.74,5.68,2.14,1.73,1.68,3.74,5.68,1.74,3.59,5.35,2.14,1.73,2.28,1.65,0.5730749309392265,0.2574240331491712,0.1695010359116022,0.5525126502714163,0.2677916466496558,0.17969570307892793,-2.0562280667810184,1.0367613500484596,1.0194667167325728,P Tierney,football-data.co.uk,proxy_shots,,,,,,,,
2021-12-28,Leicester,Liverpool,1,0,6.0,21.0,1.0,12.0,0.0,1.0,8.0,11.0,0.61,1.88,0.61,1.88,1.0,4.0,4.0,0.0,7.72,5.72,1.36,1.32,3.41,7.72,5.72,1.36,8.66,6.13,1.31,1.32,3.41,1.33,3.36,0.12459318863234504,0.16815724060169646,0.7072495707659585,0.110822832238717,0.1565621088396883,0.7326150589215948,-1.3770356393628045,-1.159513176200816,2.536548815563633,M Oliver,football-data.co.uk,proxy_shots,,,,,,,,
2021-12-28,Southampton,Tottenham,1,1,9.0,21.0,3.0,7.0,4.0,2.0,15.0,5.0,0.95,3.23,0.95,3.23,2.0,11.0,10.0,1.0,3.74,3.51,2.05,1.9,1.93,3.74,3.51,2.05,3.7,3.41,2.11,1.9,1.93,2.04,1.8,0.2570748734364896,0.27392023551352457,0.469004891049986,0.26051174730530685,0.28266670528728305,0.45682154740741016,0.34368738688172473,0.8746469773758481,-1.218334364257584,A Taylor,football-data.co.uk,proxy_shots,,,,,,,,
2021-12-28,Watford,West Ham,1,4,14.0,13.0,4.0,5.0,0.0,1.0,12.0,12.0,1.77,2.19,1.77,2.19,5.0,6.0,2.0,4.0,3.28,3.58,2.2,1.73,2.14,3.28,3.58,2.2,3.52,3.7,2.06,1.73,2.14,1.69,2.19,0.2935038607160958,0.2689085651253615,0.43758757415854277,0.27321738382346616,0.25992572731313535,0.4668568888633985,-2.0286476892629635,-0.8982837812226141,2.926931470485572,D England,football-data.co.uk,proxy_shots,,,,,,,,
2021-12-29,Brentford,Man City,0,1,6.0,12.0,3.0,5.0,0.0,0.0,12.0,10.0,0.69,1.3,0.69,1.3,2.0,3.0,2.0,2.0,17.6,7.93,1.17,1.49,2.63,17.6,7.93,1.17,15.88,8.3,1.17,1.49,2.63,1.39,3.02,0.054758050285030335,0.12153110782049609,0.8237108418944735,0.06065788602488779,0.11605388314159253,0.8232882308335198,0.5899835739857452,-0.5477224678903561,-0.04226110609537592,D Coote,football-data.co.uk,proxy_shots,,,,,,,,
2021-12-29,Chelsea,Brighton,1,1,11.0,18.0,10.0,8.0,4.0,1.0,14.0,7.0,1.6,2.17,1.6,2.17,5.0,6.0,5.0,4.0,1.43,4.5,8.18,1.89,1.94,1.43,4.5,8.18,1.35,5.04,10.37,1.89,1.94,1.86,1.97,0.6699743731617112,0.21290296747138818,0.1171226593669006,0.7152869301735499,0.19159471343934373,0.09311835638710632,4.531255701183879,-2.1308254032044447,-2.400430297979428,M Dean,football-data.co.uk,proxy_shots,,,,,,,,
2021-12-30,Man United,Burnley,3,1,18.0,10.0,7.0,5.0,0.0,0.0,5.0,10.0,2.37,1.19,2.37,1.19,6.0,3.0,2.0,3.0,1.38,4.99,8.54,1.69,2.2,1.38,4.99,8.54,1.37,5.01,8.98,1.69,2.2,1.72,2.17,0.6953398818653527,0.1922984042032438,0.1123617139314036,0.7012552196907231,0.19176040937650513,0.10698437093277179,0.5915337825370459,-0.05379948267386636,-0.5377342998631809,J Moss,football-data.co.uk,proxy_shots,,,,,,,,
2022-01-01,Arsenal,Man City,1,2,7.0,15.0,5.0,5.0,5.0,2.0,13.0,5.0,0.84,1.39,0.84,1.39,2.0,2.0,0.0,1.0,5.91,4.62,1.53,1.58,2.4,5.91,4.62,1.53,5.21,4.18,1.65,1.58,2.4,1.7,2.2,0.1628143203631916,0.20827546176330355,0.6289102178735049,0.18504854942006316,0.2306466369565859,0.584304813623351,2.2234229056871557,2.2371175193282355,-4.460540425015392,S Attwell,football-data.co.uk,proxy_shots,,,,,,,,
2022-01-01,Crystal Palace,West Ham,2,3,22.0,10.0,9.0,1.0,0.0,2.0,6.0,16.0,2.49,1.75,2.49,1.75,6.0,5.0,2.0,4.0,3.09,3.46,2.33,1.87,1.97,3.09,3.46,2.33,3.45,3.32,2.23,1.87,1.97,2.15,1.72,0.31063195249856473,0.277414084745828,0.41195396275560725,0.27884343774834186,0.28976200609390945,0.43139455615774863,-3.178851475022287,1.2347921348081436,1.9440593402141382,D England,football-data.co.uk,proxy_shots,,,,,,,,
2022-01-01,Watford,Tottenham,0,1,6.0,21.0,3.0,7.0,0.0,1.0,6.0,9.0,1.05,2.88,1.05,2.88,4.0,9.0,8.0,4.0,5.32,4.17,1.62,1.77,2.07,5.32,4.17,1.62,5.67,4.1,1.62,1.77,2.07,1.78,2.07,0.17986484975318306,0.22946786587216642,0.5906672843746505,0.16998341625207294,0.23507462686567165,0.5949419568822554,-0.9881433501110121,0.5606760993505239,0.42746725076048264,R Jones,football-data.co.uk,proxy_shots,,,,,,,,
2022-01-02,Brentford,Aston Villa,2,1,10.0,16.0,3.0,7.0,2.0,2.0,17.0,11.0,1.47,1.88,1.47,1.88,4.0,5.0,4.0,2.0,3.0,3.31,2.45,2.07,1.77,3.0,3.31,2.45,2.87,3.23,2.62,2.07,1.77,2.16,1.72,0.3194036905019792,0.289489749699679,0.39110655979834186,0.3351246034983229,0.2977732545016058,0.36710214200007124,1.5720912996343706,0.82835048019268,-2.4004417798270614,C Pawson,football-data.co.uk,proxy_shots,,,,,,,,
2022-01-02,Chelsea,Liverpool,2,2,15.0,10.0,6.0,7.0,1.0,2.0,5.0,13.0,2.1,1.83,2.1,1.83,6.0,6.0,4.0,4.0,3.06,3.54,2.31,1.79,2.05,3.06,3.54,2.31,2.61,3.48,2.72,1.79,2.05,1.75,2.11,0.31356985091109885,0.27105190502484816,0.415378244064053,0.3690637720488467,0.276797829036635,0.3541383989145183,5.549392113774787,0.5745924011786863,-6.1239845149534675,A Taylor,football-data.co.uk,proxy_shots,,,,,,,,
2022-01-02,Everton,Brighton,2,3,17.0,12.0,8.0,5.0,1.0,1.0,5.0,12.0,2.22,1.86,2.22,1.86,6.0,5.0,2.0,4.0,2.78,3.16,2.72,2.23,1.67,2.78,3.16,2.72,2.88,3.11,2.71,2.23,1.67,2.34,1.62,0.34461301600538863,0.3031722102832216,0.3522147737113898,0.33458516774713476,0.3098409270455782,0.35557390520728716,-1.0027848258253869,0.6668716762356586,0.33591314958973384,J Brooks,football-data.co.uk,proxy_shots,,,,,,,,
2022-01-02,Leeds,Burnley,3,1,22.0,8.0,9.0,3.0,2.0,1.0,11.0,7.0,2.77,0.9,2.77,0.9,7.0,2.0,1.0,4.0,2.03,3.57,3.65,1.87,1.96,2.03,3.57,3.65,2.05,3.59,3.67,1.87,1.96,1.83,2.01,0.4706343387353678,0.2676156043789346,0.2617500568856977,0.46956871941635814,0.26813812668622117,0.26229315389742075,-0.10656193190096697,0.05225223072865548,0.054309701172305935,P Tierney,football-data.co.uk,proxy_shots,,,,,,,,
2022-01-03,Man United,Wolves,0,1,9.0,19.0,3.0,8.0,3.0,1.0,9.0,8.0,0.85,2.23,0.85,2.23,2.0,6.0,5.0,2.0,1.56,4.17,6.08,1.95,1.88,1.56,4.17,6.08,1.69,3.75,5.58,1.95,1.88,2.11,1.75,0.6132412271790555,0.22941398426842366,0.15734478855252082,0.5702769215675053,0.2570047993197557,0.17271827911273904,-4.296430561155018,2.759081505133201,1.5373490560218221,M Dean,football-data.co.uk,proxy_shots,,,,,,,,
2022-01-11,Southampton,Brentford,4,1,12.0,5.0,5.0,2.0,0.0,1.0,9.0,8.0,2.14,1.09,2.14,1.09,6.0,4.0,3.0,2.0,2.11,3.37,3.73,2.03,1.82,2.11,3.37,3.73,2.18,3.31,3.57,2.03,1.82,2.09,1.76,0.45624675602789,0.2856619154952071,0.2580913284769029,0.4406733519546822,0.29023199615142214,0.26909465189389564,-1.5573404073207786,0.45700806562150587,1.1003323416992727,S Attwell,football-data.co.uk,proxy_shots,,,,,,,,
2022-01-12,West Ham,Norwich,2,0,13.0,7.0,11.0,2.0,0.0,0.0,9.0,8.0,1.81,0.93,1.81,0.93,5.0,3.0,3.0,3.0,1.31,5.52,10.28,1.66,2.24,1.31,5.52,10.28,1.4,4.96,7.99,1.66,2.24,1.7,2.19,0.7327345319690717,0.1738917095796167,0.09337375845131167,0.6861171321528244,0.19366209375281335,0.12022077409436223,-4.661739981624724,1.9770384173196653,2.684701564305056,S Hooper,football-data.co.uk,proxy_shots,,,,,,,,
2022-01-14,Brighton,Crystal Palace,1,1,19.0,3.0,9.0,0.0,0.0,2.0,11.0,7.0,1.86,0.44,1.86,0.44,4.0,1.0,0.0,3.0,2.1,3.28,3.91,2.18,1.71,2.1,3.28,3.91,2.04,3.37,3.96,2.18,1.71,2.14,1.73,0.45927846496537006,0.2940502367156333,0.24667129831899676,0.47158849970316347,0.2854719701467221,0.24293953015011452,1.2310034737793407,-0.8578266568911197,-0.3731768168882238,R Jones,football-data.co.uk,proxy_shots,,,,,,,,
2022-01-15,Aston Villa,Man United,2,2,13.0,13.0,3.0,6.0,1.0,2.0,8.0,13.0,2.54,1.99,2.54,1.99,9.0,6.0,4.0,7.0,2.92,3.49,2.42,1.87,1.97,2.92,3.49,2.42,2.56,3.49,2.77,1.87,1.97,1.9,1.94,0.32859199315255033,0.2749251060187527,0.3964829008286971,0.376263481350879,0.2759984275811605,0.3477380910679604,4.767148819832867,0.1073321562407803,-4.87448097607367,D Coote,football-data.co.uk,proxy_shots,,,,,,,,
2022-01-15,Man City,Chelsea,1,0,11.0,4.0,9.0,1.0,0.0,2.0,11.0,6.0,1.79,0.4,1.79,0.4,6.0,1.0,1.0,5.0,1.72,3.87,5.0,1.83,2.01,1.72,3.87,5.0,1.63,4.2,5.3,1.83,2.01,1.68,2.22,0.5591451292246521,0.24850894632206758,0.19234592445328033,0.5897469863558087,0.2288779970857067,0.1813750165584846,3.0601857131156596,-1.9630949236360884,-1.0970907894795738,C Pawson,football-data.co.uk,proxy_shots,,,,,,,,
2022-01-15,Newcastle,Watford,1,1,12.0,18.0,4.0,6.0,3.0,2.0,13.0,13.0,0.94,1.99,0.94,1.99,1.0,5.0,4.0,0.0,2.06,3.62,3.55,1.79,2.05,2.06,3.62,3.55,1.84,3.75,4.35,1.79,2.05,1.77,2.08,0.46525856950458344,0.26476040143078505,0.2699810290646315,0.5225601845178032,0.2564028638700687,0.22103695161212825,5.730161501321973,-0.8357537560716333,-4.894407745250326,P Tierney,football-data.co.uk,proxy_shots,,,,,,,,
2022-01-15,Norwich,Everton,2,1,14.0,12.0,8.0,8.0,3.0,1.0,12.0,14.0,1.51,1.66,1.51,1.66,3.0,5.0,4.0,1.0,3.74,3.48,2.05,2.07,1.77,3.74,3.48,2.05,3.42,3.33,2.24,2.07,1.77,2.05,1.79,0.25646925173100565,0.27563074754998884,0.46790000071900556,0.2813879269369186,0.2889930060433218,0.4296190670197596,2.4918675205912955,1.3362258493332946,-3.828093369924596,A Madley,football-data.co.uk,proxy_shots,,,,,,,,
2022-01-15,Wolves,Southampton,3,1,9.0,13.0,2.0,10.0,2.0,3.0,13.0,14.0,1.7,2.61,1.7,2.61,5.0,10.0,9.0,2.0,2.32,3.16,3.4,2.4,1.59,2.32,3.16,3.4,2.42,3.1,3.3,2.4,1.59,2.4,1.59,0.4138164787083256,0.303814629937758,0.2823688913539163,0.397775876817793,0.3105218135158255,0.2917023096663815,-1.6040601890532635,0.6707183578067488,0.9333418312465203,M Salisbury,football-data.co.uk,proxy_shots,,,,,,,,
2022-01-16,Liverpool,Brentford,3,0,27.0,6.0,9.0,0.0,0.0,1.0,6.0,6.0,4.0,0.51,4.0,0.51,13.0,1.0,1.0,10.0,1.3,5.68,10.64,1.65,2.26,1.3,5.68,10.64,1.28,6.13,11.02,1.65,2.26,1.57,2.43,0.7401630349584575,0.1694035115221822,0.09043345351936041,0.7547388625835991,0.15759636934861448,0.08766476806778646,1.4575827625141646,-1.1807142173567708,-0.2768685451573952,J Moss,football-data.co.uk,proxy_shots,,,,,,,,
2022-01-16,West Ham,Leeds,2,3,15.0,18.0,4.0,3.0,3.0,2.0,6.0,9.0,1.92,2.19,1.92,2.19,5.0,5.0,2.0,3.0,1.65,4.21,4.98,1.62,2.31,1.65,4.21,4.98,1.68,4.2,4.88,1.62,2.31,1.57,2.43,0.5802990924263686,0.22743313598658152,0.1922677715870498,0.5733082706766919,0.2293233082706767,0.1973684210526316,-0.699082174967669,0.18901722840951873,0.5100649465581808,M Dean,football-data.co.uk,proxy_shots,,,,,,,,
2022-01-18,Brighton,Chelsea,1,1,10.0,15.0,5.0,7.0,1.0,2.0,8.0,5.0,1.01,1.47,1.01,1.47,2.0,3.0,2.0,1.0,4.81,3.72,1.77,2.1,1.75,4.81,3.72,1.77,5.62,3.77,1.67,2.1,1.75,2.05,1.8,0.19957988924352782,0.2580589428121959,0.5423611679442761,0.17076544602874524,0.2545628134433815,0.5746717405278733,-2.8814443214782575,-0.34961293688143824,3.2310572583597152,K Friend,football-data.co.uk,proxy_shots,,,,,,,,
2022-01-19,Brentford,Man United,1,3,18.0,13.0,6.0,9.0,0.0,0.0,7.0,9.0,2.53,1.91,2.53,1.91,8.0,5.0,2.0,7.0,4.51,3.64,1.83,1.89,1.94,4.51,3.64,1.83,4.59,3.71,1.81,1.89,1.94,1.9,1.94,0.21260800040854236,0.2634236488578368,0.5239683507336207,0.20950708070348406,0.25920148259541553,0.5312914367011005,-0.3100919705058297,-0.42221662624212786,0.732308596747977,A Marriner,football-data.co.uk,proxy_shots,,,,,,,,
2022-01-19,Leicester,Tottenham,2,3,14.0,27.0,3.0,8.0,1.0,2.0,6.0,12.0,1.69,3.58,1.69,3.58,4.0,10.0,7.0,2.0,3.04,3.42,2.36,1.78,2.06,3.04,3.42,2.36,3.23,3.44,2.28,1.78,2.06,1.93,1.92,0.3147599288678127,0.27978660343805567,0.4054534676941316,0.29800750794109154,0.2798151891423621,0.4221773029165463,-1.6752420926721134,0.002858570430641638,1.6723835222414718,J Moss,football-data.co.uk,proxy_shots,,,,,,,,
2022-01-21,Watford,Norwich,0,3,15.0,7.0,5.0,1.0,2.0,1.0,16.0,11.0,1.54,1.04,1.54,1.04,4.0,2.0,0.0,4.0,2.07,3.52,3.63,1.9,1.93,2.07,3.52,3.63,2.04,3.52,3.78,1.9,1.93,1.97,1.86,0.46332415938733995,0.2724661960033505,0.2642096446093095,0.4718699463784152,0.27347008256021793,0.25465997106136695,0.8545786991075222,0.10038865568674504,-0.9549673547942561,M Dean,football-data.co.uk,proxy_shots,,,,,,,,
2022-01-22,Brentford,Wolves,1,2,11.0,7.0,6.0,3.0,2.0,3.0,6.0,7.0,0.88,0.95,0.88,0.95,1.0,2.0,0.0,0.0,3.09,3.05,2.54,2.51,1.54,3.09,3.05,2.54,2.48,3.04,3.25,2.51,1.54,2.55,1.53,0.30963105663046914,0.3136917917993933,0.37667715157013754,0.3877672768375773,0.31633646268328675,0.2958962604791359,7.813622020710814,0.26446708838934185,-8.078089109100162,P Bankes,football-data.co.uk,proxy_shots,,,,,,,,
2022-01-22,Everton,Aston Villa,0,1,15.0,8.0,9.0,2.0,5.0,3.0,14.0,16.0,1.0,1.08,1.0,1.08,1.0,3.0,2.0,1.0,2.75,3.29,2.66,2.02,1.82,2.75,3.29,2.66,2.75,3.41,2.62,2.02,1.82,1.91,1.93,0.34846837806951525,0.29127296039245193,0.36025866153803265,0.3501314825192914,0.2823640988058801,0.3675044186748287,0.16631044497761316,-0.8908861586571837,0.7245757136796038,C Pawson,football-data.co.uk,proxy_shots,,,,,,,,
2022-01-22,Leeds,Newcastle,0,1,13.0,15.0,6.0,7.0,4.0,2.0,9.0,9.0,1.44,1.47,1.44,1.47,4.0,3.0,2.0,4.0,2.01,3.72,3.63,1.66,2.24,2.01,3.72,3.63,1.9,3.88,3.96,1.66,2.24,1.66,2.25,0.4775454342913524,0.2580285814316178,0.2644259842770298,0.5077459948183788,0.2486385026172474,0.2436155025643737,3.0200560527026408,-0.9390078814370373,-2.0810481712656093,C Kavanagh,football-data.co.uk,proxy_shots,,,,,,,,
2022-01-22,Man United,West Ham,1,0,18.0,6.0,3.0,3.0,1.0,1.0,9.0,8.0,1.63,0.51,1.63,0.51,3.0,1.0,1.0,2.0,1.91,3.8,3.88,1.69,2.2,1.91,3.8,3.88,2.1,3.62,3.52,1.69,2.2,1.72,2.16,0.5012783550019039,0.2519583310667464,0.24676331393134965,0.4594107382356758,0.2665089917941766,0.2740802699701475,-4.186761676622808,1.4550660727430165,2.7316956038797855,J Moss,football-data.co.uk,proxy_shots,,,,,,,,
2022-01-22,Southampton,Man City,1,1,7.0,20.0,2.0,11.0,3.0,0.0,13.0,5.0,1.03,2.1,1.03,2.1,3.0,5.0,4.0,2.0,10.18,6.08,1.28,1.47,2.67,10.18,6.08,1.28,10.89,5.92,1.29,1.47,2.67,1.57,2.42,0.09409579818927495,0.15754855683664787,0.7483556449740772,0.0886415789455357,0.16305858018866282,0.7482998408658015,-0.5454219243739247,0.5510023352014948,-0.005580410827576987,S Hooper,football-data.co.uk,proxy_shots,,,,,,,,
2022-01-23,Arsenal,Burnley,0,0,20.0,10.0,12.0,4.0,0.0,2.0,9.0,13.0,2.0,0.73,2.0,0.73,5.0,1.0,1.0,5.0,1.36,4.97,9.11,1.76,2.09,1.36,4.97,9.11,1.3,5.46,11.04,1.76,2.09,1.63,2.32,0.7027760746909221,0.1923089459918821,0.10491497931719584,0.7375453330788319,0.17560603168543615,0.08684863523573202,3.4769258387909785,-1.6702914306445966,-1.8066344081463819,D Coote,football-data.co.uk,proxy_shots,,,,,,,,
2022-01-23,Chelsea,Tottenham,2,0,15.0,6.0,10.0,3.0,2.0,1.0,17.0,14.0,2.29,0.87,2.29,0.87,7.0,3.0,3.0,5.0,1.69,3.99,4.96,1.91,1.92,1.69,3.99,4.96,1.74,3.78,5.02,1.91,1.92,2.01,1.84,0.566801944099966,0.24007400639823118,0.19312404950180292,0.5534245616491092,0.25475098869562174,0.19182444965526896,-1.3377382450856734,1.4676982297390562,-0.12995998465339664,P Tierney,football-data.co.uk,proxy_shots,,,,,,,,
2022-01-23,Crystal Palace,Liverpool,1,3,8.0,15.0,2.0,5.0,4.0,1.0,12.0,10.0,1.44,2.38,1.44,2.38,5.0,7.0,4.0,4.0,5.73,4.21,1.58,1.71,2.15,5.73,4.21,1.58,5.98,4.18,1.58,1.71,2.15,1.75,2.11,0.16701105991940446,0.2273095898665529,0.6056793502140427,0.16088985899847016,0.23017257339972527,0.6089375676018047,-0.6121200920934294,0.2862983533172381,0.3258217387761997,K Friend,football-data.co.uk,proxy_shots,,,,,,,,
2022-01-23,Leicester,Brighton,1,1,15.0,14.0,4.0,5.0,0.0,1.0,6.0,8.0,1.82,1.77,1.82,1.77,5.0,5.0,4.0,4.0,2.55,3.37,2.8,1.95,1.88,2.55,3.37,2.8,2.6,3.43,2.76,1.95,1.88,1.76,2.1,0.3748981902699696,0.2836766721627366,0.34142513756729376,0.37036399486714033,0.2807423867797565,0.3488936183531033,-0.45341954028292886,-0.29342853829801285,0.7468480785809528,M Atkinson,football-data.co.uk,proxy_shots,,,,,,,,
2022-02-05,Burnley,Watford,0,0,13.0,11.0,4.0,7.0,1.0,2.0,16.0,9.0,1.07,1.5,1.07,1.5,2.0,5.0,5.0,2.0,2.21,3.27,3.51,2.09,1.76,2.21,3.27,3.51,2.19,3.27,3.6,2.09,1.76,2.14,1.73,0.4337509211495947,0.29314664701547527,0.27310243183493,0.4389703661442427,0.29398932778467624,0.2670403060710809,0.5219444994647993,0.08426807692009652,-0.6062125763849069,C Pawson,football-data.co.uk,proxy_shots,,,,,,,,
2022-02-08,Burnley,Man United,1,1,9.0,22.0,2.0,10.0,2.0,1.0,11.0,10.0,1.14,2.21,1.14,2.21,3.0,5.0,4.0,2.0,5.82,4.07,1.61,1.83,2.0,5.82,4.07,1.61,6.21,4.22,1.56,1.83,2.0,1.76,2.09,0.16542919392178299,0.23655968270879038,0.5980111233694266,0.1549826965181157,0.2280669538809238,0.6169503496009605,-1.0446497403667294,-0.8492728827866586,1.8939226231533879,M Dean,football-data.co.uk,proxy_shots,,,,,,,,
2022-02-08,Newcastle,Everton,3,1,20.0,11.0,6.0,2.0,2.0,3.0,13.0,13.0,3.02,1.25,3.02,1.25,9.0,3.0,2.0,6.0,2.52,3.38,2.88,1.89,1.94,2.52,3.38,2.88,2.53,3.34,2.92,1.89,1.94,1.99,1.85,0.3815975162291843,0.28450465707027944,0.33389782670053625,0.38110868834650224,0.28868412620259,0.3302071854509077,-0.048882788268206356,0.41794691323105426,-0.36906412496285346,A Taylor,football-data.co.uk,proxy_shots,,,,,,,,
2022-02-08,West Ham,Watford,1,0,9.0,6.0,5.0,6.0,1.0,0.0,1.0,6.0,1.14,0.51,1.14,0.51,3.0,1.0,1.0,2.0,1.55,4.3,6.28,1.77,2.08,1.55,4.3,6.28,1.54,4.27,6.5,1.77,2.08,1.84,2.0,0.6221689744948505,0.2242702117365159,0.15356081376863348,0.625947208891134,0.2257514523869664,0.14830133872189946,0.3778234396283442,0.14812406504504938,-0.5259475046734019,M Atkinson,football-data.co.uk,proxy_shots,,,,,,,,
2022-02-09,Aston Villa,Leeds,3,3,12.0,16.0,6.0,11.0,3.0,3.0,11.0,9.0,1.68,2.62,1.68,2.62,4.0,8.0,5.0,1.0,1.8,3.96,4.26,1.7,2.19,1.8,3.96,4.26,1.94,3.79,3.9,1.7,2.19,1.68,2.22,0.5327421555252387,0.24215552523874487,0.22510231923601634,0.497683470484451,0.25475090573610415,0.24756562377944485,-3.505868504078774,1.2595380497359283,2.2463304543428513,J Gillett,football-data.co.uk,proxy_shots,,,,,,,,
2022-02-09,Man City,Brentford,2,0,15.0,6.0,9.0,3.0,0.0,0.0,7.0,13.0,2.29,0.69,2.29,0.69,7.0,2.0,2.0,5.0,1.11,9.98,23.47,1.36,3.15,1.11,9.98,23.47,1.09,11.02,30.43,1.36,3.15,1.4,2.98,0.8631725887483089,0.09600416568242714,0.04082324556926387,0.881266144064779,0.0871669779519609,0.031566877983260244,1.8093555316470056,-0.8837187730466239,-0.9256367586003629,D England,football-data.co.uk,proxy_shots,,,,,,,,
2022-02-09,Norwich,Crystal Palace,1,1,5.0,13.0,4.0,6.0,1.0,2.0,11.0,15.0,0.56,1.71,0.56,1.71,1.0,5.0,4.0,0.0,3.5,3.36,2.18,2.11,1.74,3.5,3.36,2.18,3.55,3.27,2.22,2.11,1.74,2.18,1.71,0.2741850959018971,0.28560947489780947,0.4402054292002935,0.2713905992395949,0.29462893801240425,0.4339804627480008,-0.2794496662302193,0.9019463114594783,-0.6224966452292702,P Tierney,football-data.co.uk,proxy_shots,,,,,,,,
2022-02-09,Tottenham,Southampton,2,3,8.0,23.0,2.0,8.0,2.0,3.0,7.0,13.0,1.18,3.36,1.18,3.36,3.0,10.0,7.0,1.0,1.61,4.13,5.57,1.77,2.07,1.61,4.13,5.57,1.59,4.19,5.84,1.77,2.07,1.7,2.19,0.5956355463723197,0.2321969079078535,0.17216754571982673,0.6054239150066927,0.2297432040240194,0.16483288096928791,0.9788368634372935,-0.24537038838340908,-0.7334664750538816,D Coote,football-data.co.uk,proxy_shots,,,,,,,,
2022-02-10,Liverpool,Leicester,2,0,22.0,5.0,7.0,6.0,1.0,0.0,11.0,7.0,3.39,0.46,3.39,0.46,11.0,1.0,1.0,9.0,1.26,6.56,10.5,1.33,3.33,1.26,6.56,10.5,1.21,7.35,12.97,1.33,3.33,1.38,3.09,0.762152616414165,0.14638906961613535,0.09145831396969979,0.7949643377444509,0.13087168009126335,0.0741639821642857,3.281172133028587,-1.5517389524872,-1.7294331805414092,C Kavanagh,football-data.co.uk,proxy_shots,,,,,,,,
2022-02-10,Wolves,Arsenal,0,1,15.0,12.0,7.0,4.0,2.0,5.0,12.0,13.0,1.54,1.12,1.54,1.12,4.0,2.0,1.0,4.0,3.57,3.25,2.2,2.31,1.63,3.57,3.25,2.2,3.69,3.18,2.22,2.31,1.63,2.43,1.57,0.2687313250521489,0.2951910247495913,0.43607765019825984,0.26160618996798296,0.3035618996798293,0.4348319103521878,-0.7125135084165957,0.837087493023797,-0.12457398460720137,M Oliver,football-data.co.uk,proxy_shots,,,,,,,,
2022-02-12,Brentford,Crystal Palace,0,0,9.0,6.0,3.0,9.0,1.0,0.0,10.0,10.0,0.85,0.87,0.85,0.87,2.0,3.0,3.0,2.0,2.66,3.09,2.92,2.33,1.62,2.66,3.09,2.92,2.93,3.08,2.69,2.33,1.62,2.39,1.59,0.3607763480931169,0.31057122521931757,0.32865242668756545,0.32889132359187495,0.31287388900136154,0.35823478740676346,-3.1885024501241976,0.23026637820439677,2.958236071919801,S Hooper,football-data.co.uk,proxy_shots,,,,,,,,
2022-02-12,Everton,Leeds,3,0,21.0,7.0,5.0,3.0,1.0,1.0,8.0,9.0,3.25,0.39,3.25,0.39,10.0,0.0,0.0,7.0,2.32,3.64,2.99,1.65,2.27,2.32,3.64,2.99,2.52,3.55,2.79,1.65,2.27,1.69,2.19,0.41437339140764207,0.26410611760047514,0.3215204909918828,0.38268943213826195,0.27165559689814656,0.34565497096359143,-3.168395926938011,0.7549479297671413,2.4134479971708647,G Scott,football-data.co.uk,proxy_shots,,,,,,,,
2022-02-12,Man United,Southampton,1,1,12.0,13.0,1.0,4.0,4.0,0.0,12.0,13.0,2.2,1.54,2.2,1.54,8.0,4.0,3.0,7.0,1.61,4.22,5.43,1.69,2.2,1.61,4.22,5.43,1.56,4.51,5.76,1.69,2.2,1.56,2.45,0.5959413384792632,0.2273615059127047,0.176697155608032,0.6185319580559444,0.2139489699705706,0.16751907197348495,2.259061957668118,-1.3412535942134096,-0.9178083634547057,S Attwell,football-data.co.uk,proxy_shots,,,,,,,,
2022-02-12,Norwich,Man City,0,4,8.0,22.0,4.0,12.0,0.0,2.0,7.0,8.0,0.98,3.23,0.98,3.23,3.0,9.0,5.0,3.0,18.09,7.86,1.17,1.42,2.86,18.09,7.86,1.17,16.51,7.29,1.19,1.42,2.86,1.59,2.4,0.05329619603486316,0.12266261911840644,0.8240411848467305,0.05834749687079423,0.13214227343440504,0.8095102296948007,0.505130083593107,0.9479654315998607,-1.4530955151929814,A Marriner,football-data.co.uk,proxy_shots,,,,,,,,
2022-02-12,Watford,Brighton,0,2,9.0,11.0,4.0,5.0,3.0,2.0,16.0,9.0,0.68,1.89,0.68,1.89,1.0,6.0,4.0,1.0,3.7,3.27,2.14,2.32,1.63,3.7,3.27,2.14,3.82,3.3,2.11,2.32,1.63,2.25,1.66,0.2590357877903963,0.29309859780564723,0.44786561440395634,0.2520159830903537,0.2917275925470155,0.45625642436263086,-0.7019804700042598,-0.13710052586317079,0.8390809958674528,J Moss,football-data.co.uk,proxy_shots,,,,,,,,
2022-02-13,Burnley,Liverpool,0,1,8.0,12.0,5.0,8.0,0.0,1.0,7.0,6.0,1.34,1.48,1.34,1.48,5.0,4.0,3.0,5.0,10.72,5.75,1.29,1.6,2.36,10.72,5.75,1.29,12.85,6.77,1.23,1.6,2.36,1.44,2.81,0.0894900604804413,0.16684059971310097,0.7436693398064579,0.0749331171244458,0.14222903324211647,0.7828378496334377,-1.45569433559955,-2.4611566470984503,3.9168509826979836,M Atkinson,football-data.co.uk,proxy_shots,,,,,,,,
2022-02-13,Leicester,West Ham,2,2,13.0,8.0,5.0,4.0,1.0,2.0,10.0,9.0,1.27,1.18,1.27,1.18,2.0,3.0,1.0,0.0,2.88,3.58,2.4,1.67,2.23,2.88,3.58,2.4,2.88,3.5,2.47,1.67,2.23,1.74,2.13,0.33283748605429525,0.26775753068055036,0.39940498326515433,0.33457695076358623,0.27530903377117955,0.39011401546523417,0.17394647092909832,0.7551503090629186,-0.9290967799920169,M Oliver,football-data.co.uk,proxy_shots,,,,,,,,
2022-02-13,Newcastle,Aston Villa,1,0,10.0,11.0,3.0,6.0,3.0,4.0,22.0,15.0,1.01,0.78,1.01,0.78,2.0,1.0,1.0,1.0,2.72,3.44,2.6,1.82,2.02,2.72,3.44,2.6,2.78,3.39,2.6,1.82,2.02,1.84,2.0,0.35250346828099377,0.27872367259427416,0.36877285912473196,0.3461058186930127,0.2838271905506122,0.37006699075637506,-0.6397649587981058,0.5103517956338011,0.12941316316431029,C Pawson,football-data.co.uk,proxy_shots,,,,,,,,
2022-02-13,Tottenham,Wolves,0,2,17.0,11.0,7.0,3.0,3.0,1.0,13.0,13.0,2.2,2.06,2.2,2.06,7.0,7.0,5.0,7.0,1.68,3.76,5.57,2.18,1.71,1.68,3.76,5.57,1.7,3.72,5.57,2.18,1.71,2.13,1.74,0.5719435462728305,0.2555492440793498,0.1725072096478196,0.5674738589120706,0.2593294516533656,0.17319668943456373,-0.4469687360759922,0.3780207574015759,0.06894797867441349,K Friend,football-data.co.uk,proxy_shots,,,,,,,,
2022-02-15,Man United,Brighton,2,0,19.0,10.0,10.0,2.0,3.0,3.0,8.0,10.0,2.5,1.09,2.5,1.09,7.0,3.0,3.0,5.0,1.78,3.78,4.74,1.89,1.94,1.78,3.78,4.74,1.84,3.61,4.61,1.89,1.94,1.98,1.86,0.5415865646196815,0.2550328267256701,0.20338060865464827,0.5238817763143397,0.26702007435412334,0.20909814933153692,-1.7704788305341723,1.1987247628453213,0.5717540676888649,P Bankes,football-data.co.uk,proxy_shots,,,,,,,,
2022-02-19,Arsenal,Brentford,2,1,24.0,6.0,14.0,0.0,1.0,1.0,10.0,5.0,2.96,0.79,2.96,0.79,8.0,2.0,1.0,6.0,1.46,4.46,7.68,1.96,1.88,1.46,4.46,7.68,1.54,3.96,7.27,1.96,1.88,2.19,1.69,0.6589966369869866,0.2157253565024665,0.12527800651054694,0.6247195302429942,0.24294648398338664,0.13233398577361916,-3.4277106743992425,2.722112748092015,0.7055979263072221,J Moss,football-data.co.uk,proxy_shots,,,,,,,,
2022-02-19,Aston Villa,Watford,0,1,20.0,8.0,10.0,5.0,1.0,2.0,12.0,7.0,1.28,1.26,1.28,1.26,1.0,4.0,3.0,1.0,1.67,3.93,5.41,1.97,1.87,1.67,3.93,5.41,1.65,3.95,5.57,1.97,1.87,1.84,2.0,0.5768263468180177,0.24511450360969197,0.17805914957229013,0.5834471419668784,0.24371842639122765,0.17283443164189397,0.6620795148860714,-0.13960772184643255,-0.5224717930396167,R Jones,football-data.co.uk,proxy_shots,,,,,,,,
2022-02-19,Brighton,Burnley,0,3,11.0,10.0,4.0,4.0,1.0,4.0,12.0,12.0,0.78,1.57,0.78,1.57,1.0,4.0,1.0,1.0,1.67,3.74,5.75,2.22,1.67,1.67,3.74,5.75,1.63,3.8,6.21,2.22,1.67,2.08,1.77,0.5757188789210057,0.2570723336358501,0.16720878744314427,0.5912166817406294,0.25360083979926995,0.15518247846010075,1.5497802819623652,-0.34714938365801307,-1.202630898304352,K Friend,football-data.co.uk,proxy_shots,,,,,,,,
2022-02-19,Crystal Palace,Chelsea,0,1,7.0,9.0,4.0,4.0,1.0,3.0,4.0,20.0,0.39,1.14,0.39,1.14,0.0,3.0,2.0,0.0,5.59,3.9,1.65,2.01,1.83,5.59,3.9,1.65,5.62,3.73,1.69,2.01,1.83,2.13,1.74,0.17178552837064026,0.24622592399791773,0.5819885476314419,0.17146346571791501,0.2583444175160006,0.5701921167660843,-0.03220626527252468,1.2118493518082891,-1.1796430865357643,D Coote,football-data.co.uk,proxy_shots,,,,,,,,
2022-02-19,Liverpool,Norwich,3,1,29.0,6.0,9.0,4.0,0.0,1.0,7.0,8.0,3.33,0.61,3.33,0.61,8.0,1.0,0.0,5.0,1.12,9.63,24.83,1.34,3.25,1.12,9.63,24.83,1.13,9.38,22.62,1.34,3.25,1.37,3.14,0.8610224188635478,0.10013967903708966,0.03883790209936261,0.8543905907972921,0.10292765113016418,0.04268175807254376,-0.6631828066255729,0.278797209307452,0.3843855973181154,M Dean,football-data.co.uk,proxy_shots,,,,,,,,
2022-02-19,Man City,Tottenham,2,3,21.0,6.0,10.0,0.0,0.0,3.0,5.0,7.0,2.08,1.53,2.08,1.53,4.0,5.0,2.0,2.0,1.29,5.87,10.84,1.6,2.36,1.29,5.87,10.84,1.28,6.12,11.03,1.6,2.36,1.53,2.53,0.7469569780259124,0.164152385290192,0.08889063668389549,0.7546045188898179,0.15782578172858938,0.08756969938159266,0.7647540863905511,-0.6326603561602612,-0.13209373023028298,A Taylor,football-data.co.uk,proxy_shots,,,,,,,,
2022-02-19,Southampton,Everton,2,0,19.0,9.0,4.0,4.0,0.0,2.0,6.0,9.0,3.23,0.49,3.23,0.49,11.0,0.0,0.0,9.0,2.08,3.56,3.58,1.8,2.04,2.08,3.56,3.58,2.08,3.55,3.64,1.8,2.04,1.86,1.97,0.461835048557762,0.2698362081461082,0.2683287432961299,0.46353292296213394,0.2715911210595039,0.2648759559783623,0.16978744043719685,0.17549129133956898,-0.3452787317767603,A Madley,football-data.co.uk,proxy_shots,,,,,,,,
2022-02-19,West Ham,Newcastle,1,1,11.0,14.0,3.0,7.0,3.0,3.0,3.0,7.0,1.25,1.41,1.25,1.41,3.0,3.0,2.0,2.0,1.7,3.91,5.11,1.8,2.03,1.7,3.91,5.11,1.65,4.03,5.39,1.8,2.03,1.87,1.97,0.5657825061377749,0.24599239397294564,0.18822509988927932,0.582902854444018,0.23865749623638452,0.17843964931959735,1.7120348306243094,-0.7334897736561125,-0.9785450569681969,C Kavanagh,football-data.co.uk,proxy_shots,,,,,,,,
2022-02-20,Leeds,Man United,2,4,16.0,15.0,3.0,3.0,6.0,3.0,13.0,19.0,2.16,2.84,2.16,2.84,6.0,9.0,5.0,4.0,3.91,3.86,1.9,1.63,2.3,3.91,3.86,1.9,4.77,4.17,1.7,1.63,2.3,1.58,2.38,0.24564905746325652,0.2488310400728842,0.5055199024638595,0.20202970170053777,0.23109872352795327,0.566871574771509,-4.361935576271875,-1.773231654493093,6.1351672307649485,P Tierney,football-data.co.uk,proxy_shots,,,,,,,,
2022-02-20,Wolves,Leicester,2,1,11.0,17.0,7.0,10.0,4.0,4.0,12.0,9.0,1.34,2.3,1.34,2.3,3.0,7.0,6.0,1.0,2.29,3.28,3.33,2.15,1.72,2.29,3.28,3.33,2.22,3.23,3.63,2.15,1.72,2.35,1.61,0.41913635439171437,0.2926287352308006,0.2882349103774852,0.4349950471356862,0.2989749240375305,0.26603002882678334,1.5858692743971836,0.6346188806729935,-2.2204881550701883,C Pawson,football-data.co.uk,proxy_shots,,,,,,,,
2022-02-23,Burnley,Tottenham,1,0,15.0,12.0,3.0,7.0,0.0,0.0,8.0,8.0,1.65,1.02,1.65,1.02,4.0,2.0,2.0,3.0,4.72,3.73,1.79,2.01,1.82,4.72,3.73,1.79,4.65,3.61,1.84,2.01,1.82,2.06,1.79,0.20398642269890105,0.25812759119003026,0.5378859861110685,0.2076729956948435,0.26750122714155744,0.524825777163599,0.36865729959424387,0.9373635951527182,-1.306020894746951,G Scott,football-data.co.uk,proxy_shots,,,,,,,,
2022-02-23,Liverpool,Leeds,6,0,23.0,3.0,4.0,0.0,0.0,3.0,5.0,11.0,4.0,0.53,4.0,0.53,15.0,2.0,2.0,9.0,1.16,8.73,16.66,1.27,3.8,1.16,8.73,16.66,1.18,8.24,15.04,1.27,3.8,1.28,3.75,0.8315987608508458,0.11049880442004366,0.05790243472911051,0.818557463672391,0.11722060766182298,0.064221928665786,-1.3041297178454814,0.6721803241779317,0.6319493936675482,M Oliver,football-data.co.uk,proxy_shots,,,,,,,,
2022-02-23,Watford,Crystal Palace,1,4,8.0,7.0,6.0,4.0,2.0,1.0,12.0,9.0,0.72,1.69,0.72,1.69,1.0,5.0,1.0,0.0,3.2,3.24,2.4,2.2,1.69,3.2,3.24,2.4,2.97,3.12,2.64,2.2,1.69,2.34,1.61,0.3011152416356877,0.2973977695167286,0.4014869888475836,0.32499999999999996,0.30937499999999996,0.365625,2.3884758364312253,1.1977230483271373,-3.5861988847583626,A Marriner,football-data.co.uk,proxy_shots,,,,,,,,
2022-02-24,Arsenal,Wolves,2,1,26.0,6.0,5.0,4.0,1.0,1.0,8.0,9.0,2.53,0.79,2.53,0.79,5.0,2.0,1.0,3.0,1.65,3.8,5.83,2.23,1.67,1.65,3.8,5.83,1.67,3.72,5.88,2.23,1.67,2.2,1.69,0.5823333815237819,0.25285528408269475,0.16481133439352316,0.5770545776877296,0.25905407116626566,0.1638913511460048,-0.5278803836052282,0.6198787083570911,-0.09199832475183523,M Atkinson,football-data.co.uk,proxy_shots,,,,,,,,
2022-02-25,Southampton,Norwich,2,0,27.0,8.0,13.0,6.0,1.0,2.0,12.0,9.0,3.31,0.62,3.31,0.62,9.0,1.0,1.0,7.0,1.54,4.37,6.22,1.75,2.11,1.54,4.37,6.22,1.51,4.48,6.63,1.75,2.11,1.72,2.15,0.6250034490687515,0.22025293170843874,0.15474361922280985,0.6390567681831385,0.21539636606172743,0.1455468657551341,1.4053319114387008,-0.4856565646711303,-0.9196753467675761,S Hooper,football-data.co.uk,proxy_shots,,,,,,,,
2022-02-26,Brentford,Newcastle,0,2,6.0,26.0,6.0,6.0,5.0,1.0,9.0,7.0,0.51,3.61,0.51,3.61,1.0,11.0,9.0,1.0,2.52,3.17,3.04,2.28,1.65,2.52,3.17,3.04,2.38,3.11,3.38,2.28,1.65,2.42,1.57,0.381112077829629,0.30296606818002053,0.31592185399035044,0.404954156714693,0.30990060867555286,0.2851452346097543,2.3842078885063955,0.6934540495532326,-3.077661938059617,M Dean,football-data.co.uk,proxy_shots,,,,,,,,
2022-02-26,Brighton,Aston Villa,0,2,12.0,9.0,7.0,2.0,4.0,5.0,17.0,11.0,0.84,1.41,0.84,1.41,1.0,4.0,2.0,1.0,2.27,3.28,3.41,2.15,1.72,2.27,3.28,3.41,2.23,3.26,3.53,2.15,1.72,2.17,1.7,0.4241309615450247,0.2935296593619531,0.28233937909302226,0.4318204844368562,0.2953864049982176,0.27279311056492617,0.7689522891831502,0.1856745636264534,-0.9546268528096091,J Brooks,football-data.co.uk,proxy_shots,,,,,,,,
2022-02-26,Crystal Palace,Burnley,1,1,11.0,5.0,5.0,4.0,0.0,2.0,5.0,17.0,1.43,0.56,1.43,0.56,4.0,1.0,0.0,3.0,1.97,3.42,4.19,2.28,1.65,1.97,3.42,4.19,1.91,3.33,4.68,2.28,1.65,2.34,1.62,0.4887130603823133,0.2815101546646659,0.22977678495302084,0.5046189712953519,0.2894361066588956,0.20594492204575263,1.5905910913038612,0.7925951994229685,-2.3831862907268215,J Moss,football-data.co.uk,proxy_shots,,,,,,,,
2022-02-26,Everton,Man City,0,1,6.0,13.0,3.0,4.0,3.0,2.0,7.0,14.0,0.69,2.25,0.69,2.25,2.0,8.0,7.0,2.0,10.95,6.04,1.28,1.54,2.48,10.95,6.04,1.28,12.54,6.34,1.25,1.54,2.48,1.54,2.5,0.08796930541206029,0.15948077719570533,0.7525499173922344,0.07686443538343958,0.15203154884989467,0.7711040157666658,-1.1104870028620706,-0.744922834581066,1.8554098374431338,P Tierney,football-data.co.uk,proxy_shots,,,,,,,,
2022-02-26,Leeds,Tottenham,0,4,19.0,15.0,3.0,6.0,4.0,2.0,16.0,11.0,1.58,3.2,1.58,3.2,3.0,11.0,7.0,3.0,4.03,3.96,1.86,1.63,2.32,4.03,3.96,1.86,3.73,3.81,1.97,1.63,2.32,1.67,2.24,0.23898611949305976,0.24321062160531084,0.5178032589016295,0.25823754261984305,0.25281523201365214,0.4889472253665048,1.9251423126783296,0.9604610408341291,-2.885603353512467,C Pawson,football-data.co.uk,proxy_shots,,,,,,,,
2022-02-26,Man United,Watford,0,0,22.0,10.0,4.0,3.0,0.0,0.0,2.0,7.0,1.75,0.91,1.75,0.91,3.0,2.0,2.0,3.0,1.34,5.44,9.04,1.64,2.28,1.34,5.44,9.04,1.38,5.0,8.66,1.64,2.28,1.72,2.15,0.7170753330378181,0.17663252688799197,0.10629214007418987,0.6966925606750035,0.19228714674630096,0.11102029257869568,-2.0382772362814605,1.5654619858308987,0.47281525045058115,K Friend,football-data.co.uk,proxy_shots,,,,,,,,
2022-02-27,West Ham,Wolves,1,0,13.0,14.0,3.0,5.0,1.0,0.0,8.0,2.0,1.54,0.95,1.54,0.95,4.0,1.0,1.0,3.0,2.11,3.24,3.89,2.29,1.64,2.11,3.24,3.89,1.94,3.35,4.51,2.29,1.64,2.32,1.63,0.45586102380289284,0.2968724568592913,0.2472665193378159,0.49769574627185253,0.2882178351544459,0.21408641857370153,4.1834722468959695,-0.8654621704845433,-3.3180100764114373,A Taylor,football-data.co.uk,proxy_shots,,,,,,,,
2022-03-01,Burnley,Leicester,0,2,9.0,22.0,6.0,8.0,1.0,1.0,10.0,13.0,0.85,2.49,0.85,2.49,2.0,6.0,4.0,2.0,2.94,3.34,2.52,1.98,1.86,2.94,3.34,2.52,2.91,3.29,2.56,1.98,1.86,2.03,1.81,0.32820176875204715,0.2888961677038978,0.382902063544055,0.3309924192109534,0.2927622917640956,0.37624528902495097,0.2790650458906252,0.3866124060197762,-0.6656774519104014,C Kavanagh,football-data.co.uk,proxy_shots,,,,,,,,
2022-03-05,Aston Villa,Southampton,4,0,14.0,11.0,4.0,7.0,1.0,1.0,10.0,8.0,2.79,0.78,2.79,0.78,9.0,1.0,1.0,5.0,2.36,3.48,3.04,1.83,2.0,2.36,3.48,3.04,2.25,3.54,3.23,1.83,2.0,1.74,2.13,0.4074188181650133,0.2762955203647791,0.3162856614702077,0.4287819640225449,0.2725309093363633,0.2986871266410917,2.136314585753163,-0.37646110284157985,-1.7598534829115997,P Bankes,football-data.co.uk,proxy_shots,,,,,,,,
2022-03-05,Burnley,Chelsea,0,4,6.0,11.0,5.0,2.0,2.0,0.0,12.0,7.0,0.51,1.9,0.51,1.9,1.0,5.0,1.0,1.0,7.44,4.15,1.5,2.07,1.77,7.44,4.15,1.5,7.39,4.08,1.52,2.07,1.77,2.12,1.74,0.12898613787530303,0.23124261826319384,0.639771243861503,0.13032514037860193,0.23605460475437945,0.6336202548670187,0.13390025032989084,0.48119864911856103,-0.6150988994484297,A Marriner,football-data.co.uk,proxy_shots,,,,,,,,
2022-03-05,Leicester,Leeds,1,0,7.0,19.0,5.0,10.0,1.0,2.0,9.0,12.0,1.21,1.76,1.21,1.76,4.0,4.0,4.0,3.0,1.8,4.12,4.14,1.54,2.5,1.8,4.12,4.14,2.04,3.79,3.54,1.54,2.5,1.58,2.41,0.5342805593143888,0.23342354533152906,0.2322958953540821,0.4729183850432502,0.2545523761182666,0.2725292388384832,-6.13621742711386,2.1128830786737525,4.023334348440108,D Coote,football-data.co.uk,proxy_shots,,,,,,,,
2022-03-05,Liverpool,West Ham,1,0,22.0,13.0,4.0,6.0,2.0,1.0,7.0,7.0,2.21,1.61,2.21,1.61,5.0,5.0,5.0,4.0,1.3,5.86,9.95,1.5,2.61,1.3,5.86,9.95,1.26,6.67,11.24,1.5,2.61,1.4,3.0,0.7393735734212528,0.16402485417195029,0.09660157240679686,0.7686364409959666,0.14519968750448545,0.08616387149954786,2.926286757471386,-1.8825166667464837,-1.0437700907248992,J Moss,football-data.co.uk,proxy_shots,,,,,,,,
2022-03-05,Newcastle,Brighton,2,1,10.0,15.0,4.0,7.0,1.0,1.0,8.0,10.0,1.47,1.65,1.47,1.65,4.0,4.0,3.0,2.0,2.77,3.19,2.74,2.26,1.66,2.77,3.19,2.74,2.66,3.11,2.92,2.26,1.66,2.33,1.61,0.34730814926072945,0.3015810575085331,0.3511107932307374,0.3614983479957008,0.3091915130767087,0.3293101389275904,1.4190198734971349,0.7610455568175634,-2.1800654303146985,M Atkinson,football-data.co.uk,proxy_shots,,,,,,,,
2022-03-05,Norwich,Brentford,1,3,15.0,10.0,5.0,5.0,2.0,5.0,13.0,18.0,2.19,1.93,2.19,1.93,7.0,6.0,3.0,6.0,2.95,3.15,2.6,2.28,1.64,2.95,3.15,2.6,3.12,3.18,2.47,2.28,1.64,2.19,1.69,0.325613756087864,0.3049398668124441,0.36944637709969186,0.3082338536883991,0.3024181205999388,0.3893480257116621,-1.7379902399464908,-0.2521746212505338,1.9901648611970246,A Taylor,football-data.co.uk,proxy_shots,,,,,,,,
2022-03-05,Wolves,Crystal Palace,0,2,12.0,12.0,7.0,7.0,0.0,3.0,13.0,8.0,1.56,2.3,1.56,2.3,5.0,8.0,6.0,5.0,2.37,3.1,3.4,2.54,1.53,2.37,3.1,3.4,2.38,3.03,3.47,2.54,1.53,2.61,1.5,0.4062439776450183,0.31058007323183656,0.28317594912314514,0.4046359119615457,0.31783282853745176,0.27753125950100255,-0.16080656834726037,0.7252755305615199,-0.5644689622142596,A Madley,football-data.co.uk,proxy_shots,,,,,,,,
2022-03-06,Man City,Man United,4,1,24.0,5.0,9.0,3.0,0.0,1.0,10.0,14.0,3.52,0.73,3.52,0.73,10.0,2.0,1.0,6.0,1.41,4.91,7.86,1.6,2.35,1.41,4.91,7.86,1.42,5.03,7.75,1.6,2.35,1.59,2.4,0.6818685366874977,0.19581153497543213,0.1223199283370702,0.6823460837632,0.19263050476018767,0.12502341147661214,0.04775470757023559,-0.31810302152444625,0.270348313954194,M Oliver,football-data.co.uk,proxy_shots,,,,,,,,
2022-03-06,Watford,Arsenal,2,3,13.0,16.0,1.0,5.0,1.0,2.0,5.0,11.0,2.18,1.9,2.18,1.9,7.0,4.0,1.0,5.0,6.14,4.02,1.59,2.02,1.82,6.14,4.02,1.59,6.65,4.26,1.54,2.02,1.82,1.9,1.94,0.15651905615468253,0.23906144397754994,0.6044194998677677,0.14536542995408858,0.22692021342598337,0.627714356619928,-1.1153626200593958,-1.2141230551566573,2.3294856752160364,C Pawson,football-data.co.uk,proxy_shots,,,,,,,,
2022-03-07,Tottenham,Everton,5,0,14.0,6.0,5.0,2.0,2.0,0.0,15.0,10.0,2.53,0.33,2.53,0.33,7.0,0.0,0.0,2.0,1.61,4.13,5.61,1.78,2.06,1.61,4.13,5.61,1.73,3.92,4.96,1.78,2.06,1.77,2.08,0.5963676330156213,0.2324822976162592,0.17115006936811952,0.5586227503620107,0.24653504033833634,0.19484220929965293,-3.7744882653610645,1.4052742722077154,2.3692139931533407,S Attwell,football-data.co.uk,proxy_shots,,,,,,,,
2022-03-10,Leeds,Aston Villa,0,3,4.0,15.0,3.0,5.0,5.0,3.0,17.0,11.0,0.4,2.75,0.4,2.75,1.0,9.0,6.0,1.0,2.72,3.59,2.54,1.69,2.19,2.72,3.59,2.54,2.85,3.58,2.46,1.69,2.19,1.68,2.21,0.3535409930133916,0.26786392785415747,0.3785950791324509,0.3384523150710201,0.2694382955174322,0.39210938941154766,-1.508867794237151,0.1574367663274734,1.3514310279096775,S Hooper,football-data.co.uk,proxy_shots,,,,,,,,
2022-03-10,Norwich,Chelsea,1,3,9.0,15.0,3.0,8.0,0.0,2.0,8.0,15.0,1.14,2.38,1.14,2.38,3.0,7.0,4.0,2.0,11.9,5.59,1.29,1.72,2.15,11.9,5.59,1.29,9.67,4.94,1.36,1.72,2.15,1.91,1.92,0.08094801370854852,0.17232224742964716,0.7467297388618043,0.09932672377342201,0.1944310564552613,0.7062422197713167,1.8378710064873487,2.2108809025614127,-4.048751909048754,M Atkinson,football-data.co.uk,proxy_shots,,,,,,,,
2022-03-10,Southampton,Newcastle,1,2,14.0,8.0,12.0,5.0,1.0,1.0,6.0,7.0,1.77,1.36,1.77,1.36,5.0,4.0,2.0,4.0,2.0,3.7,3.71,1.79,2.04,2.0,3.7,3.71,1.96,3.55,4.07,1.79,2.04,1.93,1.91,0.48085613199285393,0.2599222335096507,0.25922163449749536,0.4917181975040584,0.27148384988956464,0.23679795260637698,1.0862065511204444,1.156161637991393,-2.242368189111837,K Friend,football-data.co.uk,proxy_shots,,,,,,,,
2022-03-10,Wolves,Watford,4,0,10.0,9.0,5.0,2.0,2.0,2.0,11.0,10.0,1.85,0.49,1.85,0.49,5.0,0.0,0.0,1.0,1.82,3.5,4.84,2.33,1.62,1.82,3.5,4.84,1.93,3.43,4.38,2.33,1.62,2.21,1.69,0.5274169645192224,0.27425682154999564,0.198326213930782,0.49917100545907034,0.2808746473865905,0.2199543471543392,-2.8245959060152037,0.6617825836594871,2.1628133223557193,D England,football-data.co.uk,proxy_shots,,,,,,,,
2022-03-12,Brentford,Burnley,2,0,13.0,7.0,2.0,9.0,1.0,3.0,6.0,10.0,1.64,0.56,1.64,0.56,4.0,1.0,1.0,2.0,2.2,3.23,3.65,2.37,1.6,2.2,3.23,3.65,2.11,3.3,3.82,2.37,1.6,2.26,1.66,0.4378563072180646,0.29823030212995116,0.26391339065198416,0.45625642436263086,0.2917275925470155,0.2520159830903537,1.8400117144566241,-0.650270958293564,-1.1897407561630435,P Tierney,football-data.co.uk,proxy_shots,,,,,,,,
2022-03-12,Brighton,Liverpool,0,2,8.0,18.0,7.0,6.0,3.0,1.0,12.0,15.0,0.98,2.81,0.98,2.81,3.0,9.0,7.0,3.0,6.2,4.47,1.53,1.69,2.21,6.2,4.47,1.53,6.8,4.64,1.48,1.69,2.21,1.71,2.17,0.15529608915713536,0.2153994972649305,0.6293044135779341,0.14164081578773677,0.2075770576199591,0.650782126592304,-1.365527336939859,-0.7822439644971396,2.147771301436996,M Dean,football-data.co.uk,proxy_shots,,,,,,,,
2022-03-12,Man United,Tottenham,3,2,10.0,10.0,4.0,5.0,2.0,1.0,8.0,7.0,1.93,1.29,1.93,1.29,6.0,3.0,1.0,3.0,2.18,3.56,3.33,1.74,2.13,2.18,3.56,3.33,2.33,3.51,3.09,1.74,2.13,1.79,2.04,0.4411088372093024,0.27011720930232563,0.28877395348837215,0.41358836786290365,0.27454726413691327,0.311864368000183,-2.7520469346398735,0.4430054834587638,2.3090414511810877,J Moss,football-data.co.uk,proxy_shots,,,,,,,,
2022-03-13,Arsenal,Leicester,2,0,21.0,6.0,2.0,6.0,0.0,3.0,8.0,10.0,2.79,0.87,2.79,0.87,8.0,3.0,3.0,6.0,1.53,4.55,6.0,1.63,2.31,1.53,4.55,6.0,1.43,4.9,7.49,1.63,2.31,1.63,2.3,0.6284313386968682,0.2113186699354304,0.16024999136770138,0.6744189037959378,0.19682021069963077,0.12876088550443135,4.5987565099069645,-1.4498459235799621,-3.148910586327003,A Taylor,football-data.co.uk,proxy_shots,,,,,,,,
2022-03-13,Chelsea,Newcastle,1,0,8.0,7.0,7.0,2.0,4.0,3.0,17.0,16.0,1.08,0.74,1.08,0.74,3.0,2.0,2.0,2.0,1.33,5.3,10.16,1.71,2.16,1.33,5.3,10.16,1.41,4.83,8.35,1.71,2.16,1.78,2.07,0.7236681189843274,0.1815997355187086,0.0947321454969641,0.6845621521430281,0.19984112515976593,0.11559672269720593,-3.91059668412993,1.8241389641057344,2.086457720024183,D Coote,football-data.co.uk,proxy_shots,,,,,,,,
2022-03-13,Everton,Wolves,0,1,8.0,14.0,5.0,2.0,4.0,1.0,13.0,11.0,0.8,1.41,0.8,1.41,2.0,3.0,2.0,2.0,2.31,3.24,3.35,2.3,1.63,2.31,3.24,3.35,2.29,3.12,3.57,2.3,1.63,2.48,1.56,0.41623045684111226,0.296756899784867,0.28701264337402066,0.420976245818924,0.30898577016837686,0.27003798401269913,0.4745788977811749,1.2228870383509838,-1.6974659361321531,M Oliver,football-data.co.uk,proxy_shots,,,,,,,,
2022-03-13,Leeds,Norwich,2,1,13.0,12.0,6.0,2.0,3.0,1.0,18.0,8.0,2.18,1.48,2.18,1.48,7.0,4.0,3.0,5.0,1.6,4.31,5.51,1.67,2.23,1.6,4.31,5.51,1.63,4.21,5.43,1.67,2.23,1.66,2.27,0.6018256415974617,0.2234155514050902,0.17475880699744803,0.5926426173409205,0.22945545517000013,0.17790192748907926,-0.9183024256541161,0.6039903764909926,0.3143120491631235,S Attwell,football-data.co.uk,proxy_shots,,,,,,,,
2022-03-13,Southampton,Watford,1,2,13.0,9.0,11.0,3.0,3.0,2.0,8.0,12.0,2.08,1.59,2.08,1.59,7.0,5.0,3.0,6.0,1.61,4.17,5.59,1.81,2.02,1.61,4.17,5.59,1.66,4.08,5.29,1.81,2.02,1.77,2.08,0.5973339415076402,0.23062533473076757,0.17204072376159227,0.5811715413572303,0.2364570486894613,0.18237140995330853,-1.6162400150409928,0.5831713958693724,1.033068619171626,G Scott,football-data.co.uk,proxy_shots,,,,,,,,
2022-03-13,West Ham,Aston Villa,2,1,11.0,13.0,5.0,7.0,1.0,0.0,9.0,3.0,1.52,2.08,1.52,2.08,4.0,7.0,6.0,2.0,2.33,3.31,3.24,1.95,1.87,2.33,3.31,3.24,2.53,3.28,2.96,1.95,1.87,2.02,1.82,0.41270073385951617,0.29051139271681947,0.29678787342366436,0.3807969877627863,0.2937245058048321,0.3254785064323815,-3.1903746096729857,0.32131130880126424,2.8690633008717157,J Gillett,football-data.co.uk,proxy_shots,,,,,,,,
2022-03-14,Crystal Palace,Man City,0,0,7.0,18.0,2.0,6.0,3.0,1.0,6.0,11.0,0.56,1.71,0.56,1.71,1.0,4.0,4.0,1.0,9.82,5.5,1.32,1.68,2.22,9.82,5.5,1.32,9.89,5.42,1.33,1.68,2.22,1.69,2.21,0.09780096022760949,0.1746191689882046,0.7275798707841858,0.09745815988675893,0.17783416997786824,0.7247076701353727,-0.03428003408505603,0.3215000989663652,-0.2872200648813106,M Atkinson,football-data.co.uk,proxy_shots,,,,,,,,
2022-03-16,Arsenal,Liverpool,0,2,9.0,9.0,1.0,6.0,0.0,1.0,9.0,9.0,0.85,1.24,0.85,1.24,2.0,3.0,1.0,2.0,3.78,3.98,1.92,1.72,2.15,3.78,3.98,1.92,3.6,3.64,2.07,1.72,2.15,1.79,2.06,0.25519977557808676,0.24237566625255472,0.5024245581693583,0.2682301678841471,0.2652825836216839,0.46648724849416884,1.3030392306060345,2.290691736912917,-3.593730967518943,A Marriner,football-data.co.uk,proxy_shots,,,,,,,,
2022-03-16,Brighton,Tottenham,0,2,15.0,17.0,6.0,3.0,2.0,2.0,11.0,9.0,0.82,2.4,0.82,2.4,0.0,7.0,5.0,0.0,3.28,3.34,2.3,2.09,1.76,3.28,3.34,2.3,3.67,3.4,2.13,2.09,1.76,2.1,1.76,0.29341665011534995,0.28814569232884674,0.4184376575558035,0.26299065624194273,0.28387520835527347,0.4531341354027839,-3.042599387340722,-0.4270483973573269,3.4696477846980436,R Jones,football-data.co.uk,proxy_shots,,,,,,,,
2022-03-17,Everton,Newcastle,1,0,9.0,17.0,5.0,7.0,4.0,1.0,13.0,11.0,1.14,2.02,1.14,2.02,3.0,6.0,6.0,2.0,2.37,3.38,3.11,1.98,1.85,2.37,3.38,3.11,2.43,3.21,3.19,1.98,1.85,2.21,1.69,0.40596915780651993,0.2846588473377078,0.30937199485577244,0.39701999464948295,0.3005478464168983,0.3024321589336187,-0.8949163157036977,1.5888999079190502,-0.6939835922153748,C Pawson,football-data.co.uk,proxy_shots,,,,,,,,
2022-03-18,Wolves,Leeds,2,3,14.0,15.0,2.0,5.0,3.0,4.0,13.0,14.0,2.41,2.21,2.41,2.21,8.0,6.0,3.0,6.0,2.14,3.49,3.56,1.95,1.88,2.14,3.49,3.56,2.23,3.36,3.44,1.95,1.88,2.12,1.75,0.45160915111553757,0.27691793220265054,0.27147291668181195,0.43253599976050056,0.28707002365057027,0.2803939765889291,-1.907315135503701,1.015209144791973,0.8921059907117168,K Friend,football-data.co.uk,proxy_shots,,,,,,,,
2022-03-19,Aston Villa,Arsenal,0,1,8.0,10.0,6.0,5.0,3.0,3.0,13.0,14.0,0.62,1.19,0.62,1.19,1.0,3.0,2.0,1.0,2.99,3.47,2.41,1.87,1.96,2.99,3.47,2.41,2.98,3.39,2.46,1.87,1.96,1.93,1.9,0.3223378135130031,0.2777492975227318,0.39991288896426525,0.32357871211062994,0.28444382362527354,0.3919774642640964,0.12408985976268272,0.6694526102541731,-0.7935424700168836,A Madley,football-data.co.uk,proxy_shots,,,,,,,,
2022-03-20,Leicester,Brentford,2,1,12.0,15.0,2.0,5.0,1.0,2.0,10.0,10.0,1.58,2.0,1.58,2.0,4.0,6.0,5.0,2.0,2.19,3.45,3.41,1.9,1.93,2.19,3.45,3.41,2.14,3.4,3.59,1.9,1.93,2.03,1.82,0.4391721635514543,0.27877885164570576,0.2820489848028401,0.44933479602129245,0.28281660690751936,0.2678485970711883,1.0162632469838173,0.40377552618136026,-1.4200387731651776,D England,football-data.co.uk,proxy_shots,,,,,,,,
2022-03-20,Tottenham,West Ham,3,1,17.0,6.0,5.0,3.0,0.0,1.0,7.0,7.0,1.96,0.61,1.96,0.61,4.0,1.0,0.0,1.0,1.75,3.94,4.7,1.73,2.13,1.75,3.94,4.7,1.73,3.82,5.12,1.73,2.13,1.94,1.9,0.5505083536476604,0.24451513169629585,0.20497651465604377,0.5584189398308618,0.25289653557785097,0.18868452459128726,0.7910586183201396,0.8381403881555116,-1.6291990064756512,A Taylor,football-data.co.uk,proxy_shots,,,,,,,,
2022-04-02,Brighton,Norwich,0,0,31.0,6.0,11.0,2.0,1.0,1.0,12.0,11.0,2.42,0.33,2.42,0.33,4.0,0.0,0.0,4.0,1.5,4.12,7.51,2.05,1.79,1.5,4.12,7.51,1.49,4.26,7.44,2.05,1.79,2.01,1.83,0.6394633180534945,0.2328143148253014,0.12772236712120397,0.6451471073168944,0.2256500445779748,0.12920284810513072,0.5683789263399852,-0.7164270247326604,0.1480480983926752,S Hooper,football-data.co.uk,proxy_shots,,,,,,,,
2022-04-02,Burnley,Man City,0,2,3.0,18.0,1.0,8.0,1.0,0.0,11.0,6.0,0.34,2.27,0.34,2.27,1.0,6.0,4.0,1.0,13.75,6.54,1.23,1.59,2.39,13.75,6.54,1.23,16.6,6.99,1.2,1.59,2.39,1.58,2.42,0.07002159612888736,0.1472166585278595,0.782761745343253,0.05811198403790996,0.13800557010433553,0.8038824458577546,-1.1909612090977406,-0.9211088423523972,2.1120700514501545,C Pawson,football-data.co.uk,proxy_shots,,,,,,,,
2022-04-02,Chelsea,Brentford,1,4,21.0,17.0,12.0,7.0,0.0,0.0,11.0,7.0,2.69,2.42,2.69,2.42,8.0,6.0,2.0,7.0,1.35,4.99,10.04,1.89,1.93,1.35,4.99,10.04,1.4,4.7,9.11,1.89,1.93,1.95,1.89,0.7117421341921663,0.19255548720629748,0.09570237860153631,0.6889189232675258,0.20520989203713536,0.10587118469533877,-2.282321092464046,1.265440483083788,1.0168806093802454,A Madley,football-data.co.uk,proxy_shots,,,,,,,,
2022-04-02,Leeds,Southampton,1,1,12.0,14.0,4.0,7.0,1.0,1.0,14.0,7.0,1.3,1.95,1.3,1.95,3.0,6.0,5.0,2.0,2.42,3.61,2.86,1.63,2.31,2.42,3.61,2.86,2.45,3.59,2.83,1.63,2.31,1.62,2.32,0.3973751058425064,0.2663844199830652,0.33624047417442854,0.39243762722732306,0.26781955061474694,0.3397428221579299,-0.4937478615183344,0.14351306316817136,0.35023479835013527,A Taylor,football-data.co.uk,proxy_shots,,,,,,,,
2022-04-02,Liverpool,Watford,2,0,20.0,5.0,9.0,3.0,1.0,1.0,9.0,8.0,1.84,0.64,1.84,0.64,3.0,2.0,2.0,1.0,1.13,9.36,21.82,1.35,3.22,1.13,9.36,21.82,1.16,8.32,17.96,1.35,3.22,1.39,3.03,0.8528683927663167,0.10296381237456602,0.044167794859117225,0.8305571612788474,0.11579883498599314,0.0536440037351594,-2.2311231487469274,1.2835022611427118,0.9476208876042176,S Attwell,football-data.co.uk,proxy_shots,,,,,,,,
2022-04-02,Man United,Leicester,1,1,11.0,11.0,6.0,5.0,2.0,2.0,13.0,6.0,1.6,1.25,1.6,1.25,5.0,3.0,2.0,4.0,1.52,4.6,6.1,1.56,2.43,1.52,4.6,6.1,1.57,4.43,5.65,1.56,2.43,1.61,2.34,0.6330656077971302,0.20918689648948652,0.15774749571338328,0.6126407718987347,0.21712099590993536,0.17023823219132983,-2.04248358983955,0.7934099420448842,1.2490736477946545,A Marriner,football-data.co.uk,proxy_shots,,,,,,,,
2022-04-02,Wolves,Aston Villa,2,1,11.0,15.0,4.0,9.0,4.0,3.0,15.0,8.0,1.7,1.82,1.7,1.82,5.0,5.0,4.0,3.0,3.01,3.1,2.59,2.38,1.6,3.01,3.1,2.59,3.07,3.07,2.59,2.38,1.6,2.43,1.57,0.31916965801263325,0.3099034421348471,0.3709268998525197,0.31393939393939396,0.31393939393939396,0.37212121212121213,-0.5230264073239288,0.40359518045468556,0.11943122686924323,D England,football-data.co.uk,proxy_shots,,,,,,,,
2022-04-03,Tottenham,Newcastle,5,1,19.0,8.0,2.0,3.0,2.0,3.0,10.0,7.0,2.62,0.72,2.62,0.72,6.0,1.0,0.0,1.0,1.52,4.36,6.58,1.8,2.04,1.52,4.36,6.58,1.56,4.23,6.22,1.8,2.04,1.78,2.07,0.6330608858368493,0.22070012533761715,0.14623898882553357,0.6174370960701764,0.2277072978414835,0.15485560608834006,-1.562378976667289,0.7007172503866343,0.8616617262806492,M Atkinson,football-data.co.uk,proxy_shots,,,,,,,,
2022-04-03,West Ham,Everton,2,1,11.0,13.0,2.0,4.0,1.0,3.0,9.0,12.0,1.7,1.18,1.7,1.18,5.0,2.0,1.0,3.0,1.79,3.75,4.6,1.94,1.89,1.79,3.75,4.6,1.79,3.77,4.68,1.94,1.89,1.91,1.93,0.5357725218579659,0.255742083766869,0.208485394375165,0.5384218669417224,0.25564327369381523,0.20593485936446224,0.26493450837565824,-0.009881007305378997,-0.25505350107027647,M Oliver,football-data.co.uk,proxy_shots,,,,,,,,
2022-04-04,Crystal Palace,Arsenal,3,0,6.0,12.0,0.0,2.0,0.0,2.0,11.0,15.0,1.53,1.2,1.53,1.2,5.0,3.0,3.0,2.0,4.05,3.41,1.99,2.13,1.73,4.05,3.41,1.99,4.05,3.38,2.02,2.13,1.73,2.13,1.73,0.2368063819318186,0.28125098147327426,0.48194263659490716,0.23791536574487068,0.28507610392506694,0.47700853033006246,0.1108983813052078,0.3825122451792673,-0.49341062648446954,P Tierney,football-data.co.uk,proxy_shots,,,,,,,,
2022-04-06,Burnley,Everton,3,2,13.0,16.0,9.0,6.0,2.0,2.0,11.0,16.0,1.74,1.8,1.74,1.8,4.0,4.0,2.0,1.0,2.57,3.16,2.98,2.25,1.66,2.57,3.16,2.98,2.55,3.1,3.08,2.25,1.66,2.33,1.62,0.37373296397132943,0.3039537080399736,0.3223133279886969,0.3772869166633738,0.3103489153198719,0.3123641680167542,0.35539526920443376,0.6395207279898285,-0.9949159971942678,M Dean,football-data.co.uk,proxy_shots,,,,,,,,
2022-04-08,Newcastle,Wolves,1,0,12.0,5.0,1.0,2.0,1.0,1.0,6.0,13.0,1.48,0.64,1.48,0.64,4.0,2.0,2.0,3.0,2.31,3.11,3.51,2.4,1.59,2.31,3.11,3.51,2.01,3.28,4.23,2.4,1.59,2.38,1.59,0.4165130893648195,0.3093714586600428,0.27411545197513765,0.4789312898047948,0.2934914306425724,0.22757727955263293,6.2418200439975315,-1.5880028017470404,-4.653817242250471,P Bankes,football-data.co.uk,proxy_shots,,,,,,,,
2022-04-09,Arsenal,Brighton,1,2,20.0,8.0,11.0,2.0,3.0,4.0,12.0,19.0,1.92,1.18,1.92,1.18,4.0,3.0,1.0,3.0,1.65,3.9,5.64,2.01,1.81,1.65,3.9,5.64,1.65,3.76,6.05,2.01,1.81,2.2,1.69,0.5828762222752206,0.24660147865490106,0.17052229906987837,0.5842633140274051,0.2563921457833027,0.15934454018929228,0.13870917521844328,0.9790667128401653,-1.1177758880586086,D Coote,football-data.co.uk,proxy_shots,,,,,,,,
2022-04-09,Aston Villa,Tottenham,0,4,9.0,11.0,9.0,3.0,2.0,3.0,12.0,14.0,1.94,1.9,1.94,1.9,8.0,5.0,1.0,8.0,3.15,3.55,2.27,1.85,1.98,3.15,3.55,2.27,3.35,3.52,2.2,1.85,1.98,1.88,1.95,0.3053445238050129,0.2709395070382509,0.423715969156736,0.28781684382665573,0.2739165985282093,0.43826655764513484,-1.7527679978357191,0.29770914899583945,1.4550588488398852,G Scott,football-data.co.uk,proxy_shots,,,,,,,,
2022-04-09,Everton,Man United,1,0,7.0,12.0,5.0,7.0,2.0,2.0,4.0,10.0,1.03,1.38,1.03,1.38,3.0,4.0,4.0,2.0,4.48,3.84,1.8,1.84,2.0,4.48,3.84,1.8,4.02,3.8,1.9,1.84,2.0,1.78,2.07,0.21479713603818615,0.2505966587112172,0.5346062052505967,0.23959646910466587,0.25346784363177804,0.5069356872635561,2.479933306647972,0.2871184920560821,-2.7670517987040566,J Moss,football-data.co.uk,proxy_shots,,,,,,,,
2022-04-09,Southampton,Chelsea,0,6,4.0,24.0,3.0,3.0,1.0,0.0,11.0,10.0,0.4,4.0,0.4,4.0,1.0,14.0,8.0,1.0,3.98,3.69,1.93,1.94,1.9,3.98,3.69,1.93,3.85,3.58,2.0,1.94,1.9,1.94,1.91,0.24150115465609553,0.26048092019817354,0.4980179251457308,0.24997381559194218,0.2688265893935691,0.4811995950144887,0.8472660935846643,0.8345669195395589,-1.6818330131242065,K Friend,football-data.co.uk,proxy_shots,,,,,,,,
2022-04-09,Watford,Leeds,0,3,8.0,10.0,3.0,8.0,2.0,0.0,8.0,12.0,0.62,1.75,0.62,1.75,1.0,5.0,2.0,1.0,2.69,3.54,2.58,1.77,2.08,2.69,3.54,2.58,2.8,3.43,2.57,1.77,2.08,1.87,1.97,0.3568213783403657,0.27114392873886545,0.37203469292076885,0.3441368567758862,0.2809280463476621,0.3749350968764518,-1.2684521564479523,0.9784117608796661,0.2900403955682973,A Marriner,football-data.co.uk,proxy_shots,,,,,,,,
2022-04-10,Brentford,West Ham,2,0,15.0,5.0,4.0,6.0,0.0,1.0,2.0,6.0,2.29,0.46,2.29,0.46,7.0,1.0,1.0,5.0,2.69,3.31,2.73,2.07,1.77,2.69,3.31,2.73,2.7,3.28,2.75,2.07,1.77,2.06,1.79,0.35739344009428925,0.29044965373221693,0.35215690617349377,0.35650764791905465,0.2934666613967828,0.3500256906841627,-0.0885792175234601,0.3017007664565863,-0.21312154893310398,M Atkinson,football-data.co.uk,proxy_shots,,,,,,,,
2022-04-10,Leicester,Crystal Palace,2,1,12.0,11.0,3.0,4.0,1.0,1.0,11.0,12.0,1.4,1.25,1.4,1.25,3.0,3.0,2.0,1.0,2.41,3.44,2.98,1.95,1.88,2.41,3.44,2.98,2.52,3.28,2.97,1.95,1.88,2.12,1.74,0.3985165258091854,0.27919326372097003,0.32229021046984463,0.3821494139245869,0.29360259850303627,0.3242479875723768,-1.6367111884598495,1.440933478206624,0.19577771025321433,R Jones,football-data.co.uk,proxy_shots,,,,,,,,
2022-04-10,Man City,Liverpool,2,2,11.0,6.0,4.0,1.0,1.0,4.0,9.0,11.0,1.7,1.25,1.7,1.25,5.0,4.0,2.0,3.0,2.06,3.71,3.5,1.7,2.18,2.06,3.71,3.5,1.99,3.74,3.74,1.7,2.18,1.78,2.07,0.4664554415610542,0.25900221283443975,0.27454234560450613,0.4844559585492228,0.2577720207253886,0.2577720207253886,1.8000516988168624,-0.12301921090511758,-1.677032487911756,A Taylor,football-data.co.uk,proxy_shots,,,,,,,,
2022-04-10,Norwich,Burnley,2,0,17.0,18.0,6.0,7.0,1.0,1.0,12.0,10.0,2.22,1.71,2.22,1.71,6.0,4.0,4.0,4.0,2.97,3.19,2.56,2.31,1.62,2.97,3.19,2.56,3.13,3.37,2.36,2.31,1.62,2.05,1.8,0.3234999346376748,0.3011895943178352,0.37531047104448995,0.30721451168683683,0.2853357334064686,0.40744975490669466,-1.6285422950837958,-1.585386091136659,3.2139283862204717,M Oliver,football-data.co.uk,proxy_shots,,,,,,,,
2022-04-16,Man United,Norwich,3,2,20.0,15.0,6.0,7.0,0.0,0.0,7.0,6.0,3.02,1.74,3.02,1.74,9.0,4.0,2.0,6.0,1.24,6.45,12.84,1.51,2.57,1.24,6.45,12.84,1.28,6.27,10.17,1.51,2.57,1.4,2.97,0.7759027746548547,0.149165804739848,0.07493142060529748,0.7518756831519259,0.15349296242973928,0.09463135441833483,-2.402709150292881,0.4327157689891281,1.969993381303735,A Madley,football-data.co.uk,proxy_shots,,,,,,,,
2022-04-16,Southampton,Arsenal,1,0,9.0,23.0,6.0,8.0,2.0,1.0,6.0,6.0,1.14,2.34,1.14,2.34,3.0,6.0,6.0,2.0,3.9,3.68,1.95,1.88,1.95,3.9,3.68,1.95,4.0,3.7,1.93,1.88,1.95,1.84,2.0,0.24631860776439093,0.2610441767068273,0.49263721552878187,0.24075385185934392,0.26027443444253395,0.4989717136981222,-0.5564755905047014,-0.07697422642933271,0.6334498169340341,P Bankes,football-data.co.uk,proxy_shots,,,,,,,,
2022-04-16,Tottenham,Brighton,0,1,5.0,12.0,4.0,4.0,3.0,3.0,14.0,10.0,0.28,1.66,0.28,1.66,0.0,5.0,4.0,0.0,1.54,4.25,6.35,1.87,1.95,1.54,4.25,6.35,1.52,4.46,6.48,1.87,1.95,1.75,2.11,0.623102409290835,0.22578299066067903,0.15111460004848598,0.6347694686533596,0.21633398931684003,0.14889654202980038,1.1667059362524546,-0.9449001343838997,-0.22180580186856036,C Pawson,football-data.co.uk,proxy_shots,,,,,,,,
2022-04-16,Watford,Brentford,1,2,17.0,16.0,6.0,5.0,2.0,1.0,11.0,9.0,1.76,1.98,1.76,1.98,4.0,5.0,3.0,3.0,2.86,3.28,2.59,2.12,1.74,2.86,3.28,2.59,2.98,3.32,2.49,2.12,1.74,2.03,1.81,0.3359991140432063,0.2929748372449908,0.37102604871180306,0.32316677482154443,0.2900713822193381,0.38676184295911736,-1.2832339221661881,-0.29034550256527014,1.5735794247314305,S Hooper,football-data.co.uk,proxy_shots,,,,,,,,
2022-04-17,Newcastle,Leicester,2,1,16.0,8.0,3.0,5.0,2.0,2.0,10.0,10.0,2.34,0.9,2.34,0.9,7.0,2.0,1.0,5.0,2.25,3.38,3.32,1.93,1.9,2.25,3.38,3.32,2.05,3.52,3.76,1.93,1.9,1.91,1.92,0.4267319729546786,0.28406714175977127,0.28920088528555027,0.470013352652064,0.2737293673115714,0.25625728003636467,4.328137969738544,-1.0337774448199888,-3.2943605249185604,J Gillett,football-data.co.uk,proxy_shots,,,,,,,,
2022-04-17,West Ham,Burnley,1,1,21.0,9.0,13.0,4.0,2.0,2.0,9.0,10.0,2.69,0.78,2.69,0.78,8.0,1.0,0.0,7.0,1.72,3.84,5.02,1.94,1.88,1.72,3.84,5.02,1.81,3.72,4.64,1.94,1.88,1.92,1.92,0.5584888167806235,0.25015644918298763,0.19135473403638892,0.5328657339375903,0.25927069312554796,0.20786357293686172,-2.5623082843033163,0.9114243942560329,1.6508838900472806,P Tierney,football-data.co.uk,proxy_shots,,,,,,,,
2022-04-19,Liverpool,Man United,4,0,14.0,2.0,10.0,2.0,1.0,2.0,3.0,6.0,2.07,0.29,2.07,0.29,5.0,1.0,1.0,1.0,1.41,5.21,7.44,1.5,2.6,1.41,5.21,7.44,1.35,5.61,8.56,1.5,2.6,1.47,2.7,0.6848613665636611,0.18534635832145147,0.1297922751148874,0.7151275258335306,0.17208951156421862,0.11278296260225075,3.026615926986942,-1.3256846757232847,-1.700931251263664,M Atkinson,football-data.co.uk,proxy_shots,,,,,,,,
2022-04-20,Chelsea,Arsenal,2,4,11.0,14.0,6.0,1.0,3.0,1.0,7.0,6.0,1.17,1.89,1.17,1.89,2.0,4.0,0.0,0.0,1.87,3.64,4.34,2.04,1.8,1.87,3.64,4.34,1.92,3.5,4.35,2.04,1.8,2.15,1.72,0.5142414437406005,0.2641844779656382,0.22157407829376113,0.5025250024754927,0.27567085850084166,0.22180413902366575,-1.1716441265107846,1.1486380535203455,0.023006072990461313,J Moss,football-data.co.uk,proxy_shots,,,,,,,,
2022-04-20,Everton,Leicester,1,1,13.0,11.0,5.0,4.0,3.0,1.0,8.0,17.0,1.35,1.25,1.35,1.25,3.0,3.0,2.0,2.0,2.32,3.45,3.15,1.91,1.92,2.32,3.45,3.15,2.59,3.3,2.87,1.91,1.92,1.99,1.85,0.41511487996333013,0.2791497163811379,0.305735403655532,0.37212244561181546,0.2920597376165461,0.3358178167716383,-4.2992434351514675,1.2910021235408187,3.0082413116106324,D Coote,football-data.co.uk,proxy_shots,,,,,,,,
2022-04-20,Man City,Brighton,3,0,17.0,2.0,7.0,4.0,0.0,3.0,12.0,7.0,2.13,0.29,2.13,0.29,5.0,1.0,1.0,2.0,1.2,6.85,17.12,1.63,2.3,1.2,6.85,17.12,1.23,6.48,14.46,1.63,2.3,1.56,2.45,0.8030348681147114,0.14067764112958447,0.056287490755704064,0.7843893618624275,0.14888872146462742,0.06672191667294507,-1.8645506252283894,0.8211080335042947,1.0434425917241001,M Dean,football-data.co.uk,proxy_shots,,,,,,,,
2022-04-20,Newcastle,Crystal Palace,1,0,13.0,10.0,2.0,5.0,1.0,1.0,12.0,12.0,1.54,0.91,1.54,0.91,4.0,2.0,2.0,3.0,2.34,3.26,3.25,2.21,1.69,2.34,3.26,3.25,2.3,3.2,3.44,2.21,1.69,2.35,1.61,0.4102073686329777,0.2944433259512784,0.2953493054157439,0.4188736681887367,0.30106544901065446,0.28006088280060887,0.8666299555759038,0.6622123059376039,-1.5288422615135022,T Harrington,football-data.co.uk,proxy_shots,,,,,,,,
2022-04-21,Burnley,Southampton,2,0,16.0,11.0,10.0,10.0,2.0,2.0,7.0,7.0,2.16,1.15,2.16,1.15,6.0,3.0,3.0,4.0,2.76,3.41,2.61,1.95,1.88,2.76,3.41,2.61,2.65,3.34,2.75,1.95,1.88,1.96,1.88,0.3488142408672444,0.28232472281337073,0.3688610363193848,0.36270657689497904,0.2877761762789504,0.34951724682607066,1.3892336027734653,0.5451453465579681,-1.9343789493314167,S Attwell,football-data.co.uk,proxy_shots,,,,,,,,
2022-04-23,Arsenal,Man United,3,1,14.0,14.0,1.0,7.0,3.0,4.0,9.0,12.0,2.33,1.77,2.33,1.77,7.0,5.0,4.0,4.0,2.11,3.58,3.5,1.81,2.03,2.11,3.58,3.5,2.05,3.65,3.65,1.81,2.03,1.78,2.06,0.45615389095992537,0.2688504776328052,0.2749956314072693,0.4709677419354839,0.2645161290322581,0.2645161290322581,1.481385097555854,-0.43343486005471,-1.0479502375011218,C Pawson,football-data.co.uk,proxy_shots,,,,,,,,
2022-04-23,Brentford,Tottenham,0,0,15.0,9.0,12.0,8.0,2.0,1.0,8.0,7.0,1.19,0.49,1.19,0.49,2.0,0.0,0.0,2.0,4.28,3.67,1.87,1.86,1.97,4.28,3.67,1.87,4.76,3.97,1.73,1.86,1.97,1.71,2.18,0.22446776847069905,0.2617771250829951,0.5137551064463057,0.20200234705192044,0.242199287649154,0.5557983652989257,-2.246542141877861,-1.9577837433841117,4.204325885261994,M Atkinson,football-data.co.uk,proxy_shots,,,,,,,,
2022-04-23,Leicester,Aston Villa,0,0,5.0,11.0,7.0,6.0,3.0,2.0,15.0,16.0,0.64,1.15,0.64,1.15,2.0,3.0,3.0,2.0,2.85,3.39,2.54,1.83,2.01,2.85,3.39,2.54,2.98,3.35,2.47,1.83,2.01,1.91,1.92,0.33752366616884416,0.28375883438973626,0.37871749944141964,0.32299428919396833,0.2873202930740375,0.38968541773199417,-1.452937697487583,0.3561458684301244,1.096791829057453,A Madley,football-data.co.uk,proxy_shots,,,,,,,,
2022-04-23,Man City,Watford,5,1,21.0,5.0,11.0,4.0,1.0,0.0,9.0,7.0,3.09,0.73,3.09,0.73,8.0,2.0,1.0,3.0,1.11,9.78,25.83,1.38,3.03,1.11,9.78,25.83,1.11,10.03,24.75,1.38,3.03,1.38,3.01,0.8647001740577008,0.0981408173010274,0.0371590086412717,0.8654138790433828,0.0957736197146715,0.038812501241945664,0.07137049856820177,-0.23671975863558958,0.16534926006739614,K Friend,football-data.co.uk,proxy_shots,,,,,,,,
2022-04-23,Norwich,Newcastle,0,3,5.0,13.0,2.0,3.0,0.0,2.0,11.0,10.0,0.64,2.28,0.64,2.28,2.0,7.0,4.0,2.0,3.55,3.33,2.18,1.95,1.88,3.55,3.33,2.18,3.47,3.3,2.23,1.95,1.88,2.07,1.78,0.27067215015715945,0.2885543943116865,0.44077345553115416,0.27719497817169586,0.29147471947144993,0.43133030235685416,0.6522828014536408,0.2920325159763426,-0.9443153174300001,C Kavanagh,football-data.co.uk,proxy_shots,,,,,,,,
2022-04-24,Brighton,Southampton,2,2,8.0,18.0,6.0,6.0,1.0,0.0,12.0,7.0,1.54,2.09,1.54,2.09,5.0,5.0,3.0,3.0,2.17,3.32,3.59,2.02,1.82,2.17,3.32,3.59,2.08,3.37,3.83,2.02,1.82,2.08,1.77,0.44285581585449685,0.2894569639771862,0.26768722016831703,0.4629004665908741,0.28570711291068784,0.25139242049843813,2.004465073637723,-0.3749851066498333,-1.62947996698789,R Jones,football-data.co.uk,proxy_shots,,,,,,,,
2022-04-24,Burnley,Wolves,1,0,14.0,10.0,3.0,6.0,3.0,1.0,8.0,7.0,1.77,1.27,1.77,1.27,5.0,4.0,4.0,4.0,2.71,3.11,2.86,2.39,1.59,2.71,3.11,2.86,2.57,3.11,3.06,2.39,1.59,2.36,1.6,0.35474389091184644,0.3091176670003549,0.3361384420877986,0.3750605947149585,0.30993753325319723,0.31500187203184427,2.0316703803112066,0.08198662528423051,-2.1136570055954316,A Taylor,football-data.co.uk,proxy_shots,,,,,,,,
2022-04-24,Chelsea,West Ham,1,0,26.0,6.0,3.0,1.0,1.0,2.0,11.0,9.0,2.43,0.69,2.43,0.69,5.0,2.0,2.0,4.0,1.53,4.37,6.4,1.81,2.03,1.53,4.37,6.4,1.43,4.79,7.9,1.81,2.03,1.75,2.12,0.6292565601931328,0.22031179338569637,0.1504316464211708,0.6758805952021606,0.2017764616156763,0.12234294318216321,4.662403500902778,-1.8535331770020065,-2.8088703239007584,M Oliver,football-data.co.uk,proxy_shots,,,,,,,,
2022-04-24,Liverpool,Everton,2,0,18.0,9.0,13.0,1.0,2.0,5.0,8.0,8.0,1.91,0.68,1.91,0.68,4.0,1.0,1.0,2.0,1.19,7.35,15.64,1.44,2.77,1.19,7.35,15.64,1.2,7.29,15.26,1.44,2.77,1.43,2.83,0.8077598461409816,0.13078016556568275,0.06145998829333556,0.8043460342112455,0.1324026393763367,0.06325132641241772,-0.341381192973611,0.1622473810653946,0.17913381190821642,S Attwell,football-data.co.uk,proxy_shots,,,,,,,,
2022-04-25,Crystal Palace,Leeds,0,0,17.0,9.0,6.0,3.0,2.0,2.0,12.0,13.0,2.2,0.85,2.2,0.85,7.0,2.0,2.0,7.0,2.08,3.59,3.53,1.83,2.0,2.08,3.59,3.53,2.42,3.44,3.0,1.83,2.0,1.88,1.95,0.4611222495933746,0.2671683228841837,0.2717094275224417,0.39838176708563666,0.2802569407986165,0.3213612921157469,-6.274048250773795,1.3088617914432832,4.965186459330518,D England,football-data.co.uk,proxy_shots,,,,,,,,
2022-04-28,Man United,Chelsea,1,1,6.0,21.0,2.0,9.0,0.0,1.0,9.0,12.0,0.97,2.34,0.97,2.34,3.0,6.0,5.0,2.0,3.17,3.57,2.25,1.82,2.02,3.17,3.57,2.25,3.54,3.61,2.09,1.82,2.02,1.81,2.04,0.30332038109048065,0.2693349042175977,0.42734471469192165,0.27215406757590294,0.2668768418888356,0.46096909053526147,-3.1166313514577713,-0.24580623287621117,3.362437584333983,M Dean,football-data.co.uk,proxy_shots,,,,,,,,
2022-04-30,Aston Villa,Norwich,2,0,21.0,9.0,2.0,3.0,4.0,1.0,16.0,8.0,2.44,1.04,2.44,1.04,6.0,3.0,3.0,4.0,1.4,4.94,8.3,1.69,2.19,1.4,4.94,8.3,1.42,4.86,7.86,1.69,2.19,1.65,2.27,0.6886694212099835,0.19516947159797104,0.1161611071920454,0.6789591553801856,0.19837901247733813,0.12266183214247627,-0.9710265829797948,0.320954087936709,0.6500724950430858,J Brooks,football-data.co.uk,proxy_shots,,,,,,,,
2022-04-30,Leeds,Man City,0,4,7.0,19.0,3.0,6.0,1.0,2.0,13.0,3.0,0.74,2.52,0.74,2.52,2.0,6.0,2.0,2.0,9.69,5.85,1.31,1.47,2.68,9.69,5.85,1.31,9.49,5.74,1.32,1.47,2.68,1.52,2.56,0.0994692636276201,0.1647619084703656,0.7357688279020143,0.10159809698000168,0.16797316033801668,0.7304287426819817,0.2128833352381579,0.3211251867651088,-0.5340085220032598,P Tierney,football-data.co.uk,proxy_shots,,,,,,,,
2022-04-30,Newcastle,Liverpool,0,1,4.0,24.0,0.0,6.0,1.0,3.0,11.0,11.0,0.58,3.22,0.58,3.22,2.0,10.0,9.0,2.0,7.81,4.87,1.41,1.69,2.19,7.81,4.87,1.41,6.44,4.34,1.54,1.69,2.19,1.81,2.04,0.12280933942607777,0.1969488585046545,0.6802418020692677,0.15002199736031677,0.22261328640563136,0.627364716234052,2.7212657934238993,2.5664427900976867,-5.2877085835215665,A Marriner,football-data.co.uk,proxy_shots,,,,,,,,
2022-04-30,Southampton,Crystal Palace,1,2,8.0,14.0,6.0,7.0,1.0,3.0,13.0,11.0,1.08,1.87,1.08,1.87,3.0,5.0,3.0,2.0,2.41,3.37,3.05,2.0,1.84,2.41,3.37,3.05,2.46,3.17,3.15,2.0,1.84,2.2,1.69,0.39915419774996413,0.2854485509131791,0.315397251336857,0.3910867240832344,0.30349316758509676,0.30542010833166877,-0.8067473666729719,1.8044616671917646,-0.9977143005188205,J Gillett,football-data.co.uk,proxy_shots,,,,,,,,
2022-04-30,Watford,Burnley,1,2,13.0,17.0,5.0,6.0,1.0,2.0,13.0,9.0,0.99,2.22,0.99,2.22,1.0,6.0,4.0,0.0,2.68,3.31,2.75,2.07,1.78,2.68,3.31,2.75,2.63,3.22,2.88,2.07,1.78,2.15,1.72,0.3591679063105436,0.2908066431759085,0.35002545051354805,0.36630511206086125,0.2991870946335605,0.3345077933055781,0.7137205750317621,0.8380451457652038,-1.5517657207969937,C Pawson,football-data.co.uk,proxy_shots,,,,,,,,
2022-04-30,Wolves,Brighton,0,3,11.0,17.0,7.0,3.0,2.0,1.0,6.0,4.0,0.78,2.85,0.78,2.85,1.0,9.0,6.0,1.0,2.75,3.09,2.83,2.49,1.54,2.75,3.09,2.83,2.76,2.99,2.93,2.49,1.54,2.66,1.48,0.3494427505624443,0.3109927391736964,0.33956451026385925,0.34903326308072946,0.3221845505360579,0.32878218638321266,-0.040948748171482086,1.119181136236147,-1.0782323880646594,S Hooper,football-data.co.uk,proxy_shots,,,,,,,,
2022-05-01,Everton,Chelsea,1,0,9.0,17.0,3.0,8.0,3.0,5.0,9.0,12.0,1.31,1.83,1.31,1.83,4.0,5.0,5.0,3.0,4.83,3.71,1.77,1.98,1.85,4.83,3.71,1.77,5.11,3.86,1.72,1.98,1.85,1.99,1.85,0.19877948000762824,0.2587883796325726,0.5424321403597991,0.18886581515091172,0.25002702472050753,0.5611071601285809,-0.991366485671652,-0.8761354912065089,1.867501976878172,K Friend,football-data.co.uk,proxy_shots,,,,,,,,
2022-05-01,Tottenham,Leicester,3,1,13.0,6.0,7.0,3.0,2.0,3.0,13.0,8.0,2.28,0.79,2.28,0.79,7.0,2.0,1.0,4.0,1.46,4.8,6.88,1.59,2.39,1.46,4.8,6.88,1.36,5.27,8.81,1.59,2.39,1.58,2.42,0.6594670585979934,0.20058789699022303,0.13994504441178351,0.7079974076474401,0.18270900842514584,0.10929358392741413,4.853034904944675,-1.787888856507719,-3.0651460484369384,J Moss,football-data.co.uk,proxy_shots,,,,,,,,
2022-05-01,West Ham,Arsenal,1,2,8.0,13.0,3.0,7.0,2.0,2.0,8.0,9.0,1.08,2.18,1.08,2.18,3.0,7.0,5.0,2.0,4.54,3.84,1.79,1.86,1.97,4.54,3.84,1.79,4.4,3.89,1.81,1.86,1.97,1.78,2.08,0.21192706374214557,0.2505596014034742,0.5375133348543804,0.21919996015055618,0.24793825826798127,0.5328617815814626,0.7272896408410612,-0.26213431354929484,-0.46515532729177744,M Dean,football-data.co.uk,proxy_shots,,,,,,,,
2022-05-02,Man United,Brentford,3,0,9.0,12.0,3.0,8.0,1.0,0.0,4.0,6.0,1.7,1.38,1.7,1.38,5.0,4.0,4.0,2.0,1.76,3.95,4.51,1.75,2.09,1.76,3.95,4.51,1.76,3.98,4.56,1.75,2.09,1.69,2.2,0.5447176347919681,0.24270962967945914,0.2125727355285729,0.5469932970053527,0.24188648309784438,0.2111202198968028,0.22756622133845994,-0.08231465816147532,-0.1452515631770096,C Kavanagh,football-data.co.uk,proxy_shots,,,,,,,,
2022-05-07,Brentford,Southampton,3,0,18.0,19.0,4.0,7.0,0.0,1.0,12.0,9.0,2.19,1.76,2.19,1.76,5.0,4.0,4.0,2.0,2.21,3.44,3.35,1.93,1.9,2.21,3.44,3.35,2.11,3.54,3.54,1.93,1.9,1.86,1.97,0.4343778152198086,0.27906249175458636,0.286559693025605,0.4561855670103092,0.27190721649484534,0.27190721649484534,2.18077517905006,-0.7155275259741023,-1.4652476530759684,M Salisbury,football-data.co.uk,proxy_shots,,,,,,,,
2022-05-07,Brighton,Man United,4,0,17.0,15.0,7.0,6.0,0.0,2.0,13.0,9.0,2.42,1.72,2.42,1.72,6.0,5.0,5.0,2.0,2.8,3.44,2.56,1.93,1.9,2.8,3.44,2.56,3.02,3.34,2.46,1.93,1.9,2.04,1.8,0.3439140214946263,0.27993001749562607,0.3761559610097475,0.31930173633240583,0.2887099532107382,0.39198831045685595,-2.461228516222047,0.8779935715112153,1.583234944710843,A Madley,football-data.co.uk,proxy_shots,,,,,,,,
2022-05-07,Burnley,Aston Villa,1,3,14.0,12.0,4.0,5.0,1.0,2.0,13.0,11.0,1.95,2.22,1.95,2.22,6.0,7.0,4.0,5.0,3.0,3.33,2.46,2.04,1.79,3.0,3.33,2.46,3.09,3.17,2.49,2.04,1.79,2.29,1.64,0.32047038940919653,0.28871206253080767,0.39081754805999575,0.31097164604238325,0.30312378115803285,0.38590457279958396,-0.9498743366813278,1.4411718627225178,-0.49129752604117893,D Coote,football-data.co.uk,proxy_shots,,,,,,,,
2022-05-07,Chelsea,Wolves,2,2,19.0,14.0,9.0,3.0,1.0,3.0,7.0,11.0,2.33,1.69,2.33,1.69,6.0,4.0,2.0,4.0,1.36,4.95,9.62,1.89,1.94,1.36,4.95,9.62,1.37,4.9,9.29,1.89,1.94,1.85,1.99,0.7061550370583473,0.19401431321199036,0.09983064972966241,0.7007402869092829,0.19592126389096276,0.10333844919975434,-0.541475014906434,0.19069506789723967,0.35077994700919296,P Bankes,football-data.co.uk,proxy_shots,,,,,,,,
2022-05-07,Crystal Palace,Watford,1,0,15.0,6.0,8.0,5.0,2.0,3.0,11.0,18.0,2.19,0.51,2.19,0.51,7.0,1.0,1.0,6.0,1.69,3.89,5.2,1.95,1.88,1.69,3.89,5.2,1.69,3.84,5.33,1.95,1.88,2.01,1.83,0.5683603024436571,0.24692259926215435,0.18471709829418853,0.569094523766492,0.2504608711368155,0.18044460509669258,0.07342213228349603,0.3538271874661131,-0.42724931974959524,G Scott,football-data.co.uk,proxy_shots,,,,,,,,
2022-05-07,Liverpool,Tottenham,1,1,22.0,8.0,11.0,5.0,3.0,2.0,12.0,8.0,1.85,1.08,1.85,1.08,3.0,3.0,2.0,2.0,1.46,4.89,6.68,1.55,2.47,1.46,4.89,6.68,1.43,5.12,7.05,1.55,2.47,1.5,2.59,0.659138695734643,0.1967980563952104,0.14406324787014654,0.6747029389279446,0.18844242239589076,0.13685463867616465,1.556424319330163,-0.8355633999319628,-0.7208609193981891,M Oliver,football-data.co.uk,proxy_shots,,,,,,,,
2022-05-08,Arsenal,Leeds,2,1,19.0,3.0,8.0,2.0,2.0,4.0,13.0,15.0,2.87,0.62,2.87,0.62,9.0,2.0,1.0,7.0,1.46,4.81,6.77,1.58,2.41,1.46,4.81,6.77,1.53,4.51,6.21,1.58,2.41,1.65,2.26,0.658244812565064,0.1997998807370049,0.1419553066979311,0.6306669639057211,0.213951320349391,0.1553817157448878,-2.7577848659342874,1.41514396123861,1.3426409046956689,C Kavanagh,football-data.co.uk,proxy_shots,,,,,,,,
2022-05-08,Leicester,Everton,1,2,16.0,10.0,6.0,1.0,3.0,0.0,11.0,6.0,2.6,1.47,2.6,1.47,9.0,4.0,2.0,8.0,2.61,3.34,2.8,1.98,1.85,2.61,3.34,2.8,2.68,3.26,2.78,1.98,1.85,2.1,1.76,0.36851686934043676,0.28797276316722753,0.34351036749233566,0.3589227722772277,0.2950653465346535,0.3460118811881189,-0.9594097063209073,0.7092583367425964,0.25015136957832196,C Pawson,football-data.co.uk,proxy_shots,,,,,,,,
2022-05-08,Man City,Newcastle,5,0,21.0,7.0,8.0,2.0,1.0,3.0,6.0,11.0,3.27,0.93,3.27,0.93,9.0,3.0,3.0,4.0,1.18,7.63,17.16,1.48,2.68,1.18,7.63,17.16,1.18,7.9,16.78,1.48,2.68,1.42,2.87,0.817382618629942,0.12641041808431605,0.05620696328574193,0.8198812006600512,0.12246326794669117,0.05765553139325747,0.249858203010922,-0.394715013762488,0.14485681075155424,S Attwell,football-data.co.uk,proxy_shots,,,,,,,,
2022-05-08,Norwich,West Ham,0,4,8.0,13.0,9.0,5.0,1.0,1.0,7.0,7.0,0.8,2.01,0.8,2.01,2.0,5.0,1.0,2.0,4.51,3.81,1.8,1.83,2.01,4.51,3.81,1.8,4.88,4.03,1.7,1.83,2.01,1.76,2.1,0.21325223653647024,0.2524324374749293,0.5343153259886004,0.19679203984672572,0.23829904576973235,0.5649089143835421,-1.6460196689744522,-1.413339170519698,3.059358839494164,R Jones,football-data.co.uk,proxy_shots,,,,,,,,
2022-05-10,Aston Villa,Liverpool,1,2,9.0,17.0,2.0,3.0,0.0,0.0,10.0,12.0,1.31,2.22,1.31,2.22,4.0,6.0,4.0,3.0,7.35,4.85,1.44,1.63,2.31,7.35,4.85,1.44,6.37,4.55,1.52,1.63,2.31,1.65,2.27,0.13123995828283114,0.1988894213152183,0.6698706204019504,0.15172689159512875,0.21241764823318027,0.6358554601716909,2.048693331229762,1.352822691796196,-3.4015160230259522,J Moss,football-data.co.uk,proxy_shots,,,,,,,,
2022-05-11,Leeds,Chelsea,0,3,5.0,17.0,1.0,5.0,3.0,0.0,10.0,14.0,0.28,1.96,0.28,1.96,0.0,4.0,1.0,0.0,4.98,4.17,1.67,1.64,2.28,4.98,4.17,1.67,4.86,4.12,1.69,1.64,2.28,1.7,2.18,0.19318891117454662,0.23071481478399097,0.5760962740414625,0.19781018994641952,0.23333920464553373,0.5688506054080468,0.46212787718729054,0.26243898615427586,-0.7245668633415692,A Taylor,football-data.co.uk,proxy_shots,,,,,,,,
2022-05-11,Leicester,Norwich,3,0,20.0,9.0,10.0,2.0,0.0,0.0,10.0,5.0,2.84,1.4,2.84,1.4,8.0,5.0,5.0,5.0,1.44,4.9,7.02,1.61,2.34,1.44,4.9,7.02,1.34,5.57,9.13,1.61,2.34,1.53,2.53,0.6671088459121691,0.19604831390071908,0.13684284018711163,0.720802073928345,0.17340660306355163,0.10579132300810323,5.369322801617593,-2.2641710837167457,-3.1051517179008394,S Hooper,football-data.co.uk,proxy_shots,,,,,,,,
2022-05-11,Watford,Everton,0,0,6.0,16.0,1.0,13.0,1.0,2.0,5.0,12.0,0.33,1.78,0.33,1.78,0.0,5.0,5.0,0.0,4.26,3.68,1.87,1.91,1.92,4.26,3.68,1.87,5.69,3.77,1.67,1.91,1.92,2.15,1.72,0.22544439566775654,0.26097639281104423,0.5135792115211993,0.16901971838548166,0.2550987261573981,0.5758815554571203,-5.642467728227488,-0.5877666653646141,6.230234393592093,M Dean,football-data.co.uk,proxy_shots,,,,,,,,
2022-05-11,Wolves,Man City,1,5,7.0,16.0,6.0,2.0,0.0,1.0,2.0,10.0,1.03,2.28,1.03,2.28,3.0,5.0,0.0,2.0,12.83,5.88,1.26,1.66,2.24,12.83,5.88,1.26,12.0,6.22,1.26,1.66,2.24,1.57,2.44,0.07482502651113467,0.1632661717921527,0.7619088016967125,0.0803014840589689,0.1549224772841844,0.7647760386568467,0.547645754783424,-0.8343694507968291,0.2867236960134245,M Atkinson,football-data.co.uk,proxy_shots,,,,,,,,
2022-05-12,Tottenham,Arsenal,3,0,16.0,8.0,2.0,2.0,1.0,5.0,8.0,15.0,2.26,1.16,2.26,1.16,6.0,4.0,4.0,3.0,2.12,3.6,3.42,1.78,2.05,2.12,3.6,3.42,2.28,3.47,3.22,1.78,2.05,1.92,1.93,0.4527402700555997,0.26661371458829763,0.28064601535610273,0.4228088365510509,0.277810993468702,0.2993801699802472,-2.99314335045488,1.1197278880404393,1.8734154624144461,P Tierney,football-data.co.uk,proxy_shots,,,,,,,,
2022-05-15,Aston Villa,Crystal Palace,1,1,13.0,16.0,1.0,5.0,1.0,3.0,11.0,15.0,1.54,1.7,1.54,1.7,4.0,4.0,3.0,3.0,2.06,3.55,3.63,1.89,1.94,2.06,3.55,3.63,1.88,3.55,4.46,1.89,1.94,2.06,1.79,0.4655981616703942,0.27017808818056677,0.2642237501490391,0.5125308334250512,0.2714247793912948,0.2160443871836539,4.693267175465704,0.12466912107280126,-4.8179362965385195,C Kavanagh,football-data.co.uk,proxy_shots,,,,,,,,
2022-05-15,Everton,Brentford,2,3,10.0,18.0,5.0,2.0,4.0,3.0,8.0,8.0,1.65,2.55,1.65,2.55,5.0,7.0,4.0,3.0,2.1,3.55,3.53,1.99,1.84,2.1,3.55,3.53,1.91,3.61,4.21,1.99,1.84,1.87,1.97,0.4573623606270188,0.27055238234274354,0.27208525703023784,0.5043455464371165,0.26684210351659077,0.22881235004629277,4.69831858100977,-0.37102788261527686,-4.327290698394506,M Oliver,football-data.co.uk,proxy_shots,,,,,,,,
2022-05-15,Leeds,Brighton,1,1,19.0,16.0,8.0,1.0,3.0,2.0,16.0,8.0,2.04,2.06,2.04,2.06,5.0,6.0,5.0,4.0,2.67,3.52,2.61,1.84,1.99,2.67,3.52,2.61,2.67,3.45,2.68,1.84,1.99,1.88,1.95,0.3595167936511663,0.27270165882062897,0.3677815475282046,0.3609871511062699,0.27937266476920014,0.35964018412453,0.14703574551035992,0.6671005948571174,-0.8141363403674551,M Dean,football-data.co.uk,proxy_shots,,,,,,,,
2022-05-15,Tottenham,Burnley,1,0,21.0,8.0,8.0,2.0,3.0,2.0,12.0,8.0,2.69,0.62,2.69,0.62,8.0,1.0,1.0,7.0,1.34,5.36,9.11,1.58,2.39,1.34,5.36,9.11,1.32,5.56,10.15,1.58,2.39,1.62,2.31,0.715772932626203,0.17894323315655075,0.10528383421724612,0.7312831729971804,0.17361399071156083,0.09510283629125892,1.5510240370977368,-0.5329242444989918,-1.01809979259872,K Friend,football-data.co.uk,proxy_shots,,,,,,,,
2022-05-15,Watford,Leicester,1,5,13.0,13.0,7.0,3.0,0.0,1.0,4.0,6.0,1.71,2.48,1.71,2.48,5.0,7.0,2.0,4.0,3.65,3.68,2.02,1.77,2.08,3.65,3.68,2.02,5.12,3.95,1.7,1.77,2.08,1.83,2.01,0.2632425120225507,0.26109651328323646,0.4756609746942129,0.1883960384928317,0.2441994220464046,0.5674045394607637,-7.484647352971901,-1.6897091236831863,9.174356476655083,J Gillett,football-data.co.uk,proxy_shots,,,,,,,,
2022-05-15,West Ham,Man City,2,2,6.0,31.0,4.0,9.0,3.0,1.0,9.0,5.0,0.89,3.35,0.89,3.35,2.0,8.0,6.0,0.0,8.01,5.2,1.38,1.54,2.47,8.01,5.2,1.38,7.97,5.2,1.39,1.54,2.47,1.54,2.5,0.11983607707183148,0.18459364948949425,0.6955702734386742,0.12097010391579624,0.18540994773247998,0.6936199483517238,0.11340268439647555,0.08162982429857357,-0.19503250869503663,A Taylor,football-data.co.uk,proxy_shots,,,,,,,,
2022-05-15,Wolves,Norwich,1,1,17.0,11.0,5.0,3.0,0.0,3.0,5.0,10.0,1.76,1.06,1.76,1.06,4.0,2.0,1.0,3.0,1.46,4.58,7.25,1.83,2.0,1.46,4.58,7.25,1.54,4.44,6.04,1.83,2.0,1.72,2.15,0.6578269620895144,0.20970029795866618,0.13247273995181946,0.6242923122765197,0.2165338200238379,0.15917386769964245,-3.35346498129947,0.683352206517171,2.670112774782299,T Harrington,football-data.co.uk,proxy_shots,,,,,,,,
2022-05-16,Newcastle,Arsenal,2,0,16.0,11.0,12.0,8.0,0.0,3.0,11.0,8.0,1.8,0.96,1.8,0.96,4.0,2.0,2.0,2.0,4.14,3.68,1.88,1.85,1.97,4.14,3.68,1.88,4.29,3.82,1.84,1.85,1.97,1.8,2.04,0.23110018438844498,0.2599877074370006,0.5089121081745543,0.22448914411278112,0.25210953618948456,0.5234013196977343,-0.6611040275663865,-0.7878171247516053,1.4489211523179946,D England,football-data.co.uk,proxy_shots,,,,,,,,
2022-05-17,Southampton,Liverpool,1,2,4.0,24.0,1.0,9.0,2.0,0.0,6.0,6.0,0.68,2.42,0.68,2.42,2.0,5.0,3.0,1.0,8.02,5.49,1.37,1.44,2.79,8.02,5.49,1.37,6.64,4.91,1.47,1.44,2.79,1.59,2.4,0.12026671570312689,0.175690174852291,0.7040431094445821,0.14557420296928858,0.19686613191773442,0.6575596651129769,2.5307487266161695,2.1175957065443423,-4.648344433160522,M Atkinson,football-data.co.uk,proxy_shots,,,,,,,,
2022-05-19,Aston Villa,Burnley,1,1,22.0,10.0,13.0,6.0,0.0,3.0,11.0,20.0,2.93,1.55,2.93,1.55,9.0,5.0,4.0,8.0,2.05,3.56,3.7,1.95,1.87,2.05,3.56,3.7,2.04,3.45,3.88,1.95,1.87,2.07,1.78,0.4695063268579577,0.27036178934236327,0.26013188379967916,0.4723492547425474,0.27930216802168023,0.2483485772357724,0.284292788458973,0.8940378679316963,-1.1783306563906777,P Tierney,football-data.co.uk,proxy_shots,,,,,,,,
2022-05-19,Chelsea,Leicester,1,1,20.0,2.0,6.0,0.0,4.0,1.0,13.0,7.0,2.46,0.39,2.46,0.39,7.0,1.0,0.0,6.0,1.38,4.91,8.66,1.63,2.3,1.38,4.91,8.66,1.42,4.94,7.48,1.63,2.3,1.55,2.48,0.6942456144933973,0.19512402199610754,0.11063036351049516,0.6769156365181838,0.19457898863478154,0.12850537484703484,-1.7329977975213517,-0.05450333613259972,1.7875011336539681,S Attwell,football-data.co.uk,proxy_shots,,,,,,,,
2022-05-19,Everton,Crystal Palace,3,2,12.0,7.0,4.0,5.0,2.0,3.0,9.0,13.0,2.04,1.48,2.04,1.48,6.0,5.0,3.0,3.0,1.95,3.47,4.16,2.04,1.79,1.95,3.47,4.16,1.86,3.51,4.62,2.04,1.79,2.25,1.66,0.4924386890771209,0.2767306754179786,0.23083063550490038,0.517461229178633,0.27421022400919015,0.2083285468121769,2.502254010151211,-0.25204514087884267,-2.2502088692723463,A Taylor,football-data.co.uk,proxy_shots,,,,,,,,
2022-05-22,Arsenal,Everton,5,1,26.0,6.0,12.0,2.0,0.0,1.0,8.0,9.0,3.55,0.79,3.55,0.79,9.0,2.0,1.0,4.0,1.37,5.15,8.69,1.57,2.42,1.37,5.15,8.69,1.34,5.54,8.95,1.57,2.42,1.53,2.52,0.702409035334297,0.18685444240931784,0.11073652225638515,0.7185983686861953,0.17381260181218444,0.10758902950162032,1.6189333351898316,-1.3041840597133398,-0.31474927547648357,A Marriner,football-data.co.uk,proxy_shots,,,,,,,,
2022-05-22,Brentford,Leeds,1,2,14.0,14.0,3.0,2.0,4.0,1.0,11.0,13.0,1.77,2.05,1.77,2.05,5.0,6.0,4.0,4.0,2.41,3.76,2.79,1.6,2.36,2.41,3.76,2.79,2.33,3.8,2.88,1.6,2.36,1.53,2.52,0.3992403685506491,0.25589608728911284,0.3448635441602381,0.4128502663306726,0.2531424001448598,0.33400733352446776,1.3609897780023528,-0.27536871442530586,-1.0856210635770358,P Tierney,football-data.co.uk,proxy_shots,,,,,,,,
2022-05-22,Brighton,West Ham,3,1,18.0,7.0,5.0,6.0,1.0,1.0,9.0,9.0,2.55,0.84,2.55,0.84,7.0,2.0,1.0,4.0,2.4,3.57,2.91,1.76,2.08,2.4,3.57,2.91,2.66,3.47,2.68,1.76,2.08,1.8,2.04,0.4004787843042016,0.269229434826354,0.3302917808694446,0.36243598637493857,0.27783277341709994,0.35973124020796143,-3.8042797929263017,0.8603338590745968,2.9439459338516825,K Friend,football-data.co.uk,proxy_shots,,,,,,,,
2022-05-22,Burnley,Newcastle,1,2,12.0,8.0,8.0,2.0,1.0,0.0,8.0,9.0,1.66,1.72,1.66,1.72,5.0,6.0,4.0,4.0,2.24,3.48,3.25,1.92,1.91,2.24,3.48,3.25,2.48,3.28,3.03,1.92,1.91,2.19,1.7,0.4286493943574428,0.27591225383927354,0.2954383518032837,0.3884129564782392,0.2936780890445223,0.31790895447723866,-4.023643787920362,1.776583520524877,2.2470602673954954,C Pawson,football-data.co.uk,proxy_shots,,,,,,,,
2022-05-22,Chelsea,Watford,2,1,19.0,8.0,3.0,3.0,0.0,0.0,9.0,9.0,2.69,1.08,2.69,1.08,8.0,3.0,2.0,6.0,1.17,7.89,17.63,1.44,2.78,1.17,7.89,17.63,1.19,7.51,16.11,1.44,2.78,1.45,2.78,0.8232803086664169,0.12208339177943064,0.05463629955415245,0.8114758551490034,0.12858272538313104,0.05994141946786556,-1.1804453517413438,0.6499333603700391,0.5305119913713109,M Dean,football-data.co.uk,proxy_shots,,,,,,,,
2022-05-22,Crystal Palace,Man United,1,0,6.0,10.0,3.0,6.0,2.0,4.0,12.0,22.0,0.97,1.27,0.97,1.27,3.0,4.0,4.0,2.0,3.1,3.66,2.25,1.74,2.12,3.1,3.66,2.25,2.81,3.49,2.53,1.74,2.12,1.8,2.04,0.31009941256213286,0.2626525079078174,0.4272480795300497,0.3429555773929053,0.2761332872418521,0.3809111353652427,3.2856164830772414,1.3480779334034687,-4.633694416480699,M Atkinson,football-data.co.uk,proxy_shots,,,,,,,,
2022-05-22,Leicester,Southampton,4,1,12.0,7.0,3.0,3.0,0.0,1.0,10.0,5.0,2.14,0.84,2.14,0.84,6.0,2.0,1.0,2.0,1.88,4.03,3.86,1.58,2.39,1.88,4.03,3.86,1.71,4.29,4.52,1.58,2.39,1.49,2.63,0.5118891704235085,0.238796933100793,0.24931389647569843,0.5627715427546516,0.2243215240350709,0.2129069332102775,5.088237233114312,-1.447540906572209,-3.640696326542092,J Moss,football-data.co.uk,proxy_shots,,,,,,,,
2022-05-22,Liverpool,Wolves,3,1,29.0,7.0,5.0,3.0,1.0,0.0,6.0,3.0,3.33,1.39,3.33,1.39,8.0,5.0,4.0,5.0,1.16,8.12,18.95,1.43,2.82,1.16,8.12,18.95,1.14,9.22,19.12,1.43,2.82,1.34,3.28,0.8305159028299524,0.11864512897570748,0.050838968194340084,0.8451173092227006,0.10449389723577858,0.05038879354152084,1.4601406392748206,-1.4151231739928896,-0.045017465281924074,A Taylor,football-data.co.uk,proxy_shots,,,,,,,,
2022-05-22,Man City,Aston Villa,3,2,24.0,4.0,13.0,1.0,0.0,1.0,5.0,11.0,2.52,0.78,2.52,0.78,5.0,2.0,0.0,2.0,1.16,8.18,18.24,1.43,2.81,1.16,8.18,18.24,1.17,8.27,15.87,1.43,2.81,1.33,3.36,0.8295961532473655,0.11764444226979755,0.05275940448283684,0.8229103378483867,0.11642141418169437,0.060668247969918876,-0.6685815398978723,-0.12230280881031785,0.7908843487082033,M Oliver,football-data.co.uk,proxy_shots,,,,,,,,
2022-05-22,Norwich,Tottenham,0,5,9.0,19.0,3.0,2.0,3.0,1.0,13.0,7.0,0.49,3.88,0.49,3.88,0.0,13.0,8.0,0.0,11.19,6.45,1.26,1.44,2.79,11.19,6.45,1.26,9.99,5.59,1.31,1.44,2.79,1.58,2.4,0.08608936896397214,0.14935504476075165,0.7645555862752763,0.09603312092889675,0.17162269733089064,0.7323441817402127,0.9943751964924613,2.226765257013899,-3.221140453506366,C Kavanagh,football-data.co.uk,proxy_shots,,,,,,,,
2022-08-05,Crystal Palace,Arsenal,0,2,10.0,10.0,3.0,5.0,1.0,2.0,16.0,11.0,0.91,1.11,0.91,1.11,2.0,2.0,0.0,2.0,4.39,3.59,1.88,2.09,1.76,4.39,3.59,1.88,4.56,3.57,1.85,2.09,1.76,2.08,1.76,0.21939699309223895,0.2682876879317351,0.512315318976026,0.21087366737229288,0.2693512389965421,0.519775093631165,-0.8523325719946073,0.10635510648070445,0.7459774655139029,A Taylor,football-data.co.uk,proxy_shots,,,,,,,,
2022-08-06,Bournemouth,Aston Villa,2,0,7.0,15.0,5.0,5.0,3.0,3.0,18.0,16.0,1.12,1.19,1.12,1.19,3.0,2.0,2.0,1.0,3.8,3.5,2.04,2.03,1.8,3.8,3.5,2.04,3.99,3.49,2.0,2.03,1.8,2.1,1.76,0.25326333711691257,0.27497162315550505,0.47176503972758227,0.2416470775590183,0.2762670027107401,0.4820859197302415,-1.1616259557894275,0.12953795552350655,1.0320880002659238,P Bankes,football-data.co.uk,proxy_shots,,,,,,,,
2022-08-06,Everton,Chelsea,0,1,8.0,15.0,4.0,16.0,3.0,2.0,14.0,11.0,1.16,2.0,1.16,2.0,4.0,6.0,5.0,4.0,5.74,3.96,1.63,1.99,1.84,5.74,3.96,1.63,6.44,4.04,1.57,1.99,1.84,2.08,1.77,0.16747705065202612,0.24275713907642174,0.5897658102715522,0.14934355516208633,0.23806249882273167,0.6125939460151821,-1.8133495489939784,-0.4694640253690069,2.2828135743629963,C Pawson,football-data.co.uk,proxy_shots,,,,,,,,
2022-08-06,Fulham,Liverpool,2,2,9.0,11.0,4.0,4.0,2.0,0.0,7.0,9.0,1.24,1.52,1.24,1.52,3.0,4.0,2.0,1.0,10.99,6.05,1.28,1.48,2.63,10.99,6.05,1.28,10.33,6.2,1.28,1.48,2.63,1.47,2.73,0.08770032400649146,0.15931017534402334,0.7529895006494852,0.09314072982146461,0.1551844740412467,0.7516747961372886,0.5440405814973154,-0.41257013027766465,-0.13147045121966183,A Madley,football-data.co.uk,proxy_shots,,,,,,,,
2022-08-06,Leeds,Wolves,2,1,12.0,15.0,6.0,4.0,2.0,0.0,13.0,9.0,1.58,2.0,1.58,2.0,4.0,6.0,5.0,2.0,2.34,3.34,3.18,2.03,1.81,2.34,3.34,3.18,2.43,3.36,3.02,2.03,1.81,1.96,1.87,0.41043357291908183,0.2875492696498957,0.3020171574310224,0.39559308554185857,0.28609857079366563,0.3183083436644757,-1.4840487377223266,-0.14506988562300593,1.629118623345327,R Jones,football-data.co.uk,proxy_shots,,,,,,,,
2022-08-06,Newcastle,Nott'm Forest,2,0,23.0,5.0,11.0,1.0,0.0,3.0,9.0,14.0,3.26,0.28,3.26,0.28,10.0,0.0,0.0,8.0,1.67,3.8,5.57,2.03,1.81,1.67,3.8,5.57,1.59,4.07,6.15,2.03,1.81,1.94,1.89,0.5749458764216777,0.2526735825326847,0.17238054104563766,0.6063546049810685,0.23688054592626506,0.1567648490926665,3.140872855939081,-1.579303660641962,-1.5615691952971162,S Hooper,football-data.co.uk,proxy_shots,,,,,,,,
2022-08-06,Tottenham,Southampton,4,1,18.0,10.0,10.0,2.0,3.0,0.0,11.0,6.0,2.83,1.01,2.83,1.01,8.0,2.0,1.0,4.0,1.36,5.27,8.64,1.61,2.34,1.36,5.27,8.64,1.37,5.24,8.59,1.61,2.34,1.63,2.31,0.7064781599493564,0.18231694450305974,0.11120489554758387,0.7037603953801438,0.1839984239829765,0.11224118063687974,-0.27177645692125774,0.16814794799167587,0.10362850892958742,A Marriner,football-data.co.uk,proxy_shots,,,,,,,,
2022-08-07,Leicester,Brentford,2,2,14.0,8.0,5.0,6.0,0.0,0.0,6.0,5.0,1.87,1.18,1.87,1.18,5.0,3.0,1.0,3.0,2.03,3.66,3.64,1.77,2.08,2.03,3.66,3.64,1.92,3.66,4.08,1.77,2.08,1.86,1.97,0.47340928312024283,0.2625740012934679,0.2640167155862892,0.5012083131947801,0.2629289511841469,0.23586273562107296,2.7799030074537265,0.03549498906789683,-2.8153979965216234,J Gillett,football-data.co.uk,proxy_shots,,,,,,,,
2022-08-07,Man United,Brighton,1,2,17.0,15.0,6.0,2.0,4.0,1.0,7.0,12.0,1.94,1.74,1.94,1.74,5.0,4.0,2.0,4.0,1.62,4.01,5.68,1.89,1.93,1.62,4.01,5.68,1.78,3.77,4.73,1.89,1.93,1.9,1.94,0.5919957582405014,0.2391603811345667,0.16884386062493179,0.5409879831685481,0.25542668701326676,0.20358532981818508,-5.100777507195331,1.6266305878700065,3.47414691932533,P Tierney,football-data.co.uk,proxy_shots,,,,,,,,
2022-08-07,West Ham,Man City,0,2,6.0,14.0,1.0,4.0,0.0,1.0,8.0,4.0,0.51,1.33,0.51,1.33,1.0,2.0,0.0,1.0,8.32,5.25,1.37,1.54,2.47,8.32,5.25,1.37,7.9,5.27,1.39,1.54,2.47,1.5,2.62,0.11550338922353778,0.18304537111234942,0.7014512396641127,0.12221197111077373,0.18320200602943312,0.6945860228597933,0.6708581887235943,0.015663491708370336,-0.6865216804319396,M Oliver,football-data.co.uk,proxy_shots,,,,,,,,
2022-08-13,Arsenal,Leicester,4,2,19.0,6.0,6.0,2.0,1.0,1.0,15.0,9.0,2.7,0.89,2.7,0.89,7.0,2.0,0.0,3.0,1.55,4.37,6.04,1.69,2.21,1.55,4.37,6.04,1.57,4.4,5.89,1.69,2.21,1.68,2.22,0.6206116580414434,0.22012541646778883,0.1592629254907678,0.6160018825184865,0.2198006717168236,0.16419744576468998,-0.4609775522956827,-0.03247447509652224,0.49345202739221883,D England,football-data.co.uk,proxy_shots,,,,,,,,
2022-08-13,Aston Villa,Everton,2,1,12.0,15.0,5.0,8.0,4.0,1.0,9.0,7.0,1.58,1.65,1.58,1.65,4.0,4.0,3.0,2.0,1.82,3.56,4.87,2.08,1.77,1.82,3.56,4.87,1.78,3.62,4.95,2.08,1.77,2.13,1.74,0.5305173226274335,0.2712195301072834,0.19826314726528313,0.5401584392408422,0.26560276846649145,0.19423879229266647,0.9641116613408718,-0.5616761640791945,-0.40243549726166616,M Oliver,football-data.co.uk,proxy_shots,,,,,,,,
2022-08-13,Brentford,Man United,4,0,13.0,15.0,8.0,2.0,0.0,4.0,6.0,15.0,2.38,1.54,2.38,1.54,7.0,4.0,4.0,3.0,3.77,3.56,2.02,1.82,2.02,3.77,3.56,2.02,4.35,3.86,1.83,1.82,2.02,1.71,2.18,0.254755949808345,0.269783688420635,0.4754603617710201,0.22202525200139558,0.25020980471659865,0.5277649432820058,-3.27306978069494,-1.9573883704036343,5.230458151098577,S Attwell,football-data.co.uk,proxy_shots,,,,,,,,
2022-08-13,Brighton,Newcastle,0,0,13.0,4.0,7.0,3.0,2.0,3.0,8.0,6.0,1.98,0.4,1.98,0.4,7.0,1.0,1.0,7.0,2.44,3.25,3.1,2.13,1.73,2.44,3.25,3.1,2.44,3.28,3.1,2.13,1.73,2.14,1.73,0.39403183542571085,0.2958269779811491,0.3101411865931401,0.395100873511766,0.2939165034660698,0.3109826230221642,0.10690380860551296,-0.1910474515079308,0.08414364290240672,G Scott,football-data.co.uk,proxy_shots,,,,,,,,
2022-08-13,Man City,Bournemouth,4,0,19.0,3.0,11.0,1.0,0.0,3.0,9.0,9.0,2.7,0.34,2.7,0.34,7.0,1.0,1.0,3.0,1.07,12.72,37.57,1.33,3.35,1.07,12.72,37.57,1.08,12.66,32.0,1.33,3.35,1.29,3.67,0.8987958827212377,0.07560625743016701,0.02559785984859527,0.893608686215239,0.0762320206249967,0.03015929315976432,-0.5187196505998637,0.06257631948296954,0.4561433311169049,D Coote,football-data.co.uk,proxy_shots,,,,,,,,
2022-08-13,Southampton,Leeds,2,2,14.0,13.0,2.0,5.0,1.0,3.0,10.0,12.0,1.69,1.81,1.69,1.81,4.0,5.0,3.0,2.0,2.32,3.51,3.1,1.73,2.13,2.32,3.51,3.1,2.44,3.57,2.87,1.73,2.13,1.65,2.28,0.4150487103394085,0.27433419030980843,0.3106170993507831,0.39468787919644066,0.2697586625320211,0.3355534582715384,-2.036083114296783,-0.4575527777787358,2.4936358920755297,T Harrington,football-data.co.uk,proxy_shots,,,,,,,,
2022-08-13,Wolves,Fulham,0,0,7.0,9.0,5.0,3.0,3.0,3.0,7.0,14.0,0.56,1.04,0.56,1.04,1.0,3.0,3.0,1.0,2.4,3.28,3.15,2.11,1.75,2.4,3.28,3.15,2.22,3.41,3.41,2.11,1.75,1.96,1.88,0.40102468560782495,0.29343269678621337,0.3055426176059618,0.4343949044585988,0.2828025477707007,0.2828025477707007,3.3370218850773847,-1.063014901551268,-2.274006983526111,J Brooks,football-data.co.uk,proxy_shots,,,,,,,,
2022-08-14,Chelsea,Tottenham,2,2,16.0,10.0,8.0,5.0,3.0,0.0,9.0,9.0,1.62,1.65,1.62,1.65,3.0,5.0,3.0,1.0,2.29,3.44,3.21,1.94,1.89,2.29,3.44,3.21,2.16,3.49,3.48,1.94,1.89,1.92,1.93,0.42032819583645786,0.2798115024608978,0.2998603017026443,0.4465081395861825,0.2763488772223938,0.27714298319142366,2.6179943749724655,-0.34626252385039913,-2.271731851122066,A Taylor,football-data.co.uk,proxy_shots,,,,,,,,
2022-08-14,Nott'm Forest,West Ham,1,0,13.0,19.0,6.0,7.0,4.0,1.0,10.0,11.0,1.9,1.94,1.9,1.94,6.0,5.0,5.0,5.0,4.21,3.64,1.9,1.9,1.93,4.21,3.64,1.9,4.01,3.62,1.95,1.9,1.93,1.88,1.96,0.22870824156563951,0.2645224442283907,0.5067693142059696,0.24014533232181315,0.266017343262561,0.49383732441562606,1.1437090756173633,0.14948990341702717,-1.2931989790343545,R Jones,football-data.co.uk,proxy_shots,,,,,,,,
2022-08-15,Liverpool,Crystal Palace,1,1,24.0,7.0,4.0,2.0,4.0,4.0,7.0,8.0,2.14,1.03,2.14,1.03,4.0,3.0,2.0,3.0,1.2,6.85,16.33,1.55,2.46,1.2,6.85,16.33,1.27,6.1,11.72,1.55,2.46,1.59,2.4,0.8008541164762863,0.14029561164548082,0.05885027187823292,0.7595560721350908,0.15813708387074843,0.08230684399416087,-4.129804434119555,1.7841472225267607,2.345657211592795,P Tierney,football-data.co.uk,proxy_shots,,,,,,,,
2022-08-20,Bournemouth,Arsenal,0,3,6.0,14.0,3.0,4.0,2.0,1.0,12.0,10.0,0.51,2.15,0.51,2.15,1.0,6.0,3.0,1.0,7.65,4.7,1.43,1.76,2.09,7.65,4.7,1.43,7.54,4.72,1.44,1.76,2.09,1.78,2.07,0.1253555408417342,0.20403614626367372,0.670608312894592,0.12765573819755388,0.20392463262914326,0.6684196291733029,0.2300197355819683,-0.011151363453046348,-0.21886837212891086,C Pawson,football-data.co.uk,proxy_shots,,,,,,,,
2022-08-20,Crystal Palace,Aston Villa,3,1,17.0,13.0,4.0,2.0,2.0,1.0,16.0,14.0,2.85,1.71,2.85,1.71,9.0,5.0,4.0,6.0,2.52,3.2,3.0,2.19,1.69,2.52,3.2,3.0,2.5,3.22,3.06,2.19,1.69,2.24,1.67,0.3805899143672693,0.2997145575642246,0.3196955280685062,0.38559554184994443,0.29937542069095063,0.31502903745910493,0.5005627482675135,-0.03391368732739708,-0.4666490609401275,A Madley,football-data.co.uk,proxy_shots,,,,,,,,
2022-08-20,Everton,Nott'm Forest,1,1,19.0,14.0,6.0,2.0,3.0,2.0,6.0,9.0,2.58,1.77,2.58,1.77,8.0,5.0,4.0,7.0,1.97,3.48,4.05,2.06,1.78,1.97,3.48,4.05,1.91,3.52,4.33,2.06,1.78,2.11,1.75,0.487207939684943,0.2758044945917637,0.2369875657232933,0.504102847352911,0.27353307910342617,0.2223640735436628,1.6894907667967973,-0.2271415488337536,-1.4623492179630493,A Marriner,football-data.co.uk,proxy_shots,,,,,,,,
2022-08-20,Fulham,Brentford,3,2,18.0,13.0,6.0,3.0,3.0,2.0,13.0,7.0,2.91,1.81,2.91,1.81,9.0,5.0,3.0,6.0,2.46,3.42,2.92,1.93,1.9,2.46,3.42,2.92,2.67,3.38,2.73,1.93,1.9,1.89,1.95,0.3903560204512407,0.28078240067545385,0.3288615788733055,0.3612765307680562,0.2853870819972515,0.3533363872346923,-2.907948968318447,0.46046813217976434,2.447480836138677,P Bankes,football-data.co.uk,proxy_shots,,,,,,,,
2022-08-20,Leicester,Southampton,1,2,6.0,9.0,2.0,5.0,2.0,3.0,11.0,15.0,0.61,1.24,0.61,1.24,1.0,3.0,1.0,0.0,1.85,3.97,4.01,1.63,2.29,1.85,3.97,4.01,1.77,4.1,4.38,1.63,2.29,1.6,2.37,0.5188493841806621,0.24178119917738664,0.23936941664195135,0.544716630873949,0.23515815527972922,0.22012521384632186,2.5867246693286883,-0.6623043897657416,-1.9244202795629495,M Salisbury,football-data.co.uk,proxy_shots,,,,,,,,
2022-08-20,Tottenham,Wolves,1,0,11.0,20.0,8.0,6.0,2.0,2.0,10.0,8.0,1.43,1.64,1.43,1.64,4.0,3.0,3.0,3.0,1.41,4.88,7.96,1.73,2.14,1.41,4.88,7.96,1.45,4.8,7.17,1.73,2.14,1.67,2.24,0.6820956220631721,0.1970809071944821,0.1208234707423458,0.6647544545849631,0.20081124148920756,0.13443430392582933,-1.7341167478209019,0.3730334294725468,1.3610833183483537,S Hooper,football-data.co.uk,proxy_shots,,,,,,,,
2022-08-21,Leeds,Chelsea,3,0,12.0,14.0,4.0,6.0,0.0,3.0,16.0,15.0,2.04,1.31,2.04,1.31,6.0,3.0,3.0,3.0,5.93,4.43,1.55,1.68,2.21,5.93,4.43,1.55,6.03,4.58,1.53,1.68,2.21,1.62,2.32,0.1622216079701568,0.2171499176665982,0.6206284743632451,0.15980132586252901,0.21039344867926854,0.6298052254582026,-0.24202821076277914,-0.675646898732965,0.9176751094957525,S Attwell,football-data.co.uk,proxy_shots,,,,,,,,
2022-08-21,Newcastle,Man City,3,3,12.0,21.0,5.0,5.0,4.0,2.0,14.0,7.0,2.04,3.25,2.04,3.25,6.0,10.0,7.0,3.0,8.67,5.11,1.37,1.65,2.26,8.67,5.11,1.37,6.94,4.92,1.45,1.65,2.26,1.6,2.37,0.11080160108131551,0.18799410594422805,0.7012042929744565,0.13895110806399463,0.19600014023661033,0.665048751699395,2.8149506982679124,0.800603429238228,-3.6155541275061487,J Gillett,football-data.co.uk,proxy_shots,,,,,,,,
2022-08-21,West Ham,Brighton,0,2,13.0,11.0,5.0,4.0,2.0,0.0,10.0,7.0,1.25,1.17,1.25,1.17,3.0,2.0,0.0,3.0,2.32,3.41,3.14,1.96,1.85,2.32,3.41,3.14,2.52,3.37,2.91,1.96,1.85,1.97,1.86,0.4133588640873399,0.2812294911092752,0.3054116448033849,0.38259149588604996,0.2860921571610819,0.33131634695286805,-3.0767368201289944,0.48626660518066855,2.590470214948315,A Taylor,football-data.co.uk,proxy_shots,,,,,,,,
2022-08-22,Man United,Liverpool,2,1,12.0,17.0,6.0,8.0,3.0,1.0,11.0,7.0,1.58,1.94,1.58,1.94,4.0,5.0,4.0,2.0,5.22,4.38,1.6,1.5,2.58,5.22,4.38,1.6,4.59,4.37,1.7,1.5,2.58,1.5,2.6,0.18334222836153577,0.2185037516089536,0.5981540200295105,0.21051110361770797,0.22110891661448043,0.5683799797678115,2.7168875256172202,0.26051650055268216,-2.977404026169894,M Oliver,football-data.co.uk,proxy_shots,,,,,,,,
2022-08-27,Arsenal,Fulham,2,1,22.0,11.0,9.0,2.0,2.0,3.0,6.0,12.0,2.85,1.25,2.85,1.25,8.0,3.0,2.0,6.0,1.32,5.77,9.44,1.49,2.62,1.32,5.77,9.44,1.39,5.32,7.66,1.49,2.62,1.54,2.5,0.7306736779974781,0.16715585007914577,0.10217047192337618,0.6931254188395297,0.18109855868175678,0.12577602247871358,-3.754825915794835,1.3942708602611016,2.3605550555337405,J Gillett,football-data.co.uk,proxy_shots,,,,,,,,
2022-08-27,Brentford,Everton,1,1,19.0,14.0,8.0,5.0,2.0,2.0,8.0,8.0,2.04,2.13,2.04,2.13,5.0,7.0,6.0,4.0,2.06,3.47,3.77,2.04,1.8,2.06,3.47,3.77,2.1,3.44,3.72,2.04,1.8,2.02,1.82,0.46727246100377556,0.2774009422673711,0.2553265967288535,0.45977407950331983,0.28067603690609644,0.2595498835905838,-0.7498381500455731,0.3275094638725329,0.4223286861730291,J Brooks,football-data.co.uk,proxy_shots,,,,,,,,
2022-08-27,Brighton,Leeds,1,0,13.0,10.0,5.0,3.0,2.0,3.0,10.0,14.0,1.54,0.91,1.54,0.91,4.0,2.0,2.0,3.0,1.91,3.73,4.04,1.82,2.01,1.91,3.73,4.04,1.75,3.9,4.8,1.82,2.01,1.85,1.99,0.5038198054824656,0.2579881577671607,0.2381920367503736,0.5514803358373841,0.24745912505523648,0.20106053910737962,4.766053035491846,-1.0529032711924236,-3.7131497642993976,M Salisbury,football-data.co.uk,proxy_shots,,,,,,,,
2022-08-27,Chelsea,Leicester,2,1,7.0,17.0,3.0,11.0,3.0,2.0,10.0,7.0,1.12,1.94,1.12,1.94,3.0,5.0,4.0,1.0,1.42,4.93,7.52,1.64,2.28,1.42,4.93,7.52,1.41,5.06,7.7,1.64,2.28,1.63,2.32,0.6771112239418767,0.19503000770739654,0.1278587683507267,0.6841007416563658,0.1906288627935723,0.12527039555006178,0.698951771448908,-0.4401144913824234,-0.25883728006649287,P Tierney,football-data.co.uk,proxy_shots,,,,,,,,
2022-08-27,Liverpool,Bournemouth,9,0,19.0,5.0,8.0,1.0,0.0,1.0,6.0,5.0,4.0,0.64,4.0,0.64,12.0,2.0,2.0,3.0,1.11,10.17,25.51,1.36,3.16,1.11,10.17,25.51,1.15,8.99,18.65,1.36,3.16,1.34,3.28,0.8675608569379166,0.09468953305812071,0.037749610003962666,0.8406313377571766,0.10753348591999477,0.05183517632282858,-2.6929519180740047,1.2843952861874064,1.4085566318865914,S Attwell,football-data.co.uk,proxy_shots,,,,,,,,
2022-08-27,Man City,Crystal Palace,4,2,18.0,2.0,6.0,1.0,1.0,2.0,14.0,8.0,2.29,0.67,2.29,0.67,5.0,2.0,0.0,1.0,1.19,7.56,15.25,1.45,2.77,1.19,7.56,15.25,1.2,7.51,15.24,1.45,2.77,1.48,2.66,0.8094280926099756,0.12740997754045913,0.06316192984956531,0.8074106681791632,0.1290136886571233,0.06357564316371363,-0.20174244308124312,0.16037111166641582,0.04137133141483146,D England,football-data.co.uk,proxy_shots,,,,,,,,
2022-08-27,Southampton,Man United,0,1,17.0,11.0,5.0,3.0,0.0,3.0,4.0,14.0,1.83,1.79,1.83,1.79,5.0,6.0,5.0,5.0,4.27,4.06,1.8,1.59,2.39,4.27,4.06,1.8,3.68,3.93,1.96,1.59,2.39,1.59,2.4,0.2260425237084831,0.23773437838305983,0.5362230979084571,0.26219620123902243,0.24551705357750703,0.4922867451834707,3.615367753053933,0.7782675194447197,-4.393635272498642,A Madley,football-data.co.uk,proxy_shots,,,,,,,,
2022-08-28,Aston Villa,West Ham,0,1,9.0,7.0,3.0,2.0,2.0,0.0,10.0,10.0,1.04,0.84,1.04,0.84,3.0,2.0,1.0,3.0,2.3,3.43,3.18,1.88,1.95,2.3,3.43,3.18,2.12,3.45,3.66,1.88,1.95,1.94,1.89,0.4177415895581838,0.2801182670506771,0.30214014339113915,0.45584508415101693,0.2801135009855525,0.2640414148634306,3.810349459283313,-0.00047660651246173025,-3.809872852770857,D Coote,football-data.co.uk,proxy_shots,,,,,,,,
2022-08-28,Nott'm Forest,Tottenham,0,2,17.0,18.0,6.0,1.0,6.0,1.0,11.0,13.0,1.11,2.45,1.11,2.45,1.0,7.0,5.0,1.0,6.98,4.59,1.47,1.74,2.12,6.98,4.59,1.47,6.89,4.77,1.46,1.74,2.12,1.64,2.3,0.13757057136041398,0.20920317823435508,0.6532262504052311,0.13959417826410286,0.2016360352703708,0.6587697864655264,0.20236069036888849,-0.756714296398428,0.554353606029534,C Pawson,football-data.co.uk,proxy_shots,,,,,,,,
2022-08-28,Wolves,Newcastle,1,1,10.0,21.0,4.0,13.0,2.0,1.0,10.0,11.0,1.37,2.34,1.37,2.34,4.0,6.0,5.0,3.0,2.75,3.26,2.7,2.11,1.75,2.75,3.26,2.7,2.56,3.3,2.92,2.11,1.75,2.05,1.8,0.3493966338520165,0.2947364242616704,0.35586694188631307,0.3770071050737112,0.29246611787536386,0.33052677705092487,2.761047122169469,-0.2270306386306542,-2.53401648353882,P Bankes,football-data.co.uk,proxy_shots,,,,,,,,
2022-08-30,Crystal Palace,Brentford,1,1,13.0,9.0,4.0,6.0,1.0,2.0,11.0,8.0,1.54,1.14,1.54,1.14,4.0,3.0,2.0,3.0,2.1,3.42,3.72,2.09,1.77,2.1,3.42,3.72,2.09,3.47,3.69,2.09,1.77,1.98,1.86,0.4590206520327315,0.2818547863358878,0.2591245616313807,0.4611054892738947,0.2777263609747665,0.26116814975133873,0.20848372411632066,-0.41284253611212907,0.20435881199580286,S Hooper,football-data.co.uk,proxy_shots,,,,,,,,
2022-08-30,Fulham,Brighton,2,1,10.0,7.0,3.0,3.0,2.0,1.0,9.0,11.0,1.29,1.21,1.29,1.21,3.0,4.0,3.0,1.0,3.21,3.35,2.33,2.01,1.83,3.21,3.35,2.33,3.34,3.26,2.32,2.01,1.83,2.16,1.72,0.29976995425968667,0.2872422546786848,0.4129877910616285,0.2886673485900979,0.29575120990519227,0.4155814415047099,-1.110260566958876,0.8508955226507464,0.2593650443081408,T Bramall,football-data.co.uk,proxy_shots,,,,,,,,
2022-08-30,Leeds,Everton,1,1,14.0,7.0,10.0,2.0,3.0,3.0,10.0,9.0,1.77,0.84,1.77,0.84,5.0,2.0,1.0,4.0,2.14,3.57,3.46,1.84,1.99,2.14,3.57,3.46,2.12,3.6,3.47,1.84,1.99,1.82,2.03,0.4508694573009593,0.2702690864493145,0.2788614562497263,0.454578535974731,0.26769624896289723,0.27772521506237174,0.37090786737717374,-0.257283748641729,-0.11362411873545586,D England,football-data.co.uk,proxy_shots,,,,,,,,
2022-08-30,Southampton,Chelsea,2,1,9.0,10.0,5.0,3.0,2.0,1.0,15.0,10.0,1.95,1.37,1.95,1.37,7.0,4.0,3.0,5.0,5.22,4.16,1.65,1.75,2.11,5.22,4.16,1.65,5.18,4.1,1.67,1.75,2.11,1.76,2.09,0.18455482601190573,0.23158081533224706,0.5838643586558472,0.18638595803525734,0.23548274698113003,0.5781312949836126,0.18311320233516115,0.39019316488829725,-0.5733063672234584,M Oliver,football-data.co.uk,proxy_shots,,,,,,,,
2022-08-31,Arsenal,Aston Villa,2,1,22.0,4.0,10.0,3.0,2.0,3.0,10.0,14.0,3.03,0.86,3.03,0.86,9.0,3.0,2.0,7.0,1.47,4.63,7.0,1.75,2.11,1.47,4.63,7.0,1.54,4.46,6.08,1.75,2.11,1.68,2.22,0.6546667986369357,0.20785317364930786,0.13748002771375648,0.6255548070978398,0.21599874505172048,0.1584464478504397,-2.9111991539095827,0.8145571402412621,2.0966420136683235,R Jones,football-data.co.uk,proxy_shots,,,,,,,,
2022-08-31,Bournemouth,Wolves,0,0,5.0,17.0,2.0,5.0,2.0,1.0,12.0,12.0,0.64,1.66,0.64,1.66,2.0,4.0,4.0,2.0,3.53,3.38,2.16,2.11,1.75,3.53,3.38,2.16,3.3,3.26,2.34,2.11,1.75,2.23,1.68,0.2718397438284246,0.28390363778530736,0.4442566183862679,0.29218182653858527,0.2957668796249483,0.41205129383646644,2.034208271016069,1.1863241839640937,-3.2205324549801464,A Taylor,football-data.co.uk,proxy_shots,,,,,,,,
2022-08-31,Liverpool,Newcastle,2,1,23.0,5.0,13.0,0.0,0.0,2.0,9.0,10.0,2.54,0.73,2.54,0.73,6.0,2.0,1.0,4.0,1.31,5.81,9.58,1.49,2.61,1.31,5.81,9.58,1.29,6.22,10.29,1.49,2.61,1.4,2.96,0.7340976804487428,0.16551944257966494,0.10038287697159219,0.7503226782115714,0.1556135458027214,0.09406377598570721,1.6224997762828597,-0.9905896776943535,-0.6319100985884979,A Marriner,football-data.co.uk,proxy_shots,,,,,,,,
2022-08-31,Man City,Nott'm Forest,6,0,17.0,8.0,10.0,1.0,0.0,1.0,9.0,7.0,3.15,0.62,3.15,0.62,9.0,1.0,1.0,3.0,1.08,12.84,30.99,1.24,4.07,1.08,12.84,30.99,1.09,11.93,27.15,1.24,4.07,1.24,4.06,0.8936853169469599,0.07516979301423028,0.03114489003880984,0.8837719411934678,0.0807469753479363,0.03548108345859595,-0.9913375753492049,0.5577182333706021,0.4336193419786111,P Tierney,football-data.co.uk,proxy_shots,,,,,,,,
2022-08-31,West Ham,Tottenham,1,1,14.0,13.0,3.0,4.0,2.0,5.0,10.0,9.0,1.59,1.54,1.59,1.54,4.0,4.0,3.0,3.0,3.63,3.74,2.01,1.75,2.1,3.63,3.74,2.01,3.31,3.56,2.2,1.75,2.1,1.85,1.99,0.26479135185400443,0.2570033709171219,0.4782052772288737,0.29117839509844745,0.27073047409434303,0.43809113080720957,2.6387043244443023,1.3727103177221145,-4.011414642166411,P Bankes,football-data.co.uk,proxy_shots,,,,,,,,
2022-09-01,Leicester,Man United,0,1,10.0,9.0,1.0,3.0,1.0,3.0,7.0,15.0,0.91,0.95,0.91,0.95,2.0,2.0,1.0,2.0,3.41,3.81,2.07,1.63,2.3,3.41,3.81,2.07,3.24,3.75,2.16,1.63,2.3,1.65,2.28,0.2822979865771812,0.25266040268456375,0.4650416107382551,0.29726516052318674,0.25683709869203336,0.44589774078478006,1.4967173946005552,0.4176696007469616,-1.9143869953475057,C Pawson,football-data.co.uk,proxy_shots,,,,,,,,
2022-09-03,Aston Villa,Man City,1,1,3.0,13.0,1.0,4.0,2.0,0.0,7.0,6.0,0.44,1.54,0.44,1.54,1.0,4.0,3.0,0.0,8.75,5.63,1.34,1.52,2.54,8.75,5.63,1.34,9.02,5.8,1.33,1.52,2.54,1.45,2.75,0.11008336288170292,0.17108870785344593,0.7188279292648511,0.10709932163950543,0.1665579105497136,0.7263427678107811,-0.2984041242197491,-0.453079730373232,0.7514838545930047,S Hooper,football-data.co.uk,proxy_shots,,,,,,,,
2022-09-03,Brentford,Leeds,5,2,14.0,17.0,2.0,6.0,2.0,2.0,8.0,9.0,2.71,2.22,2.71,2.22,8.0,6.0,4.0,3.0,2.17,3.59,3.33,1.75,2.1,2.17,3.59,3.33,2.15,3.57,3.42,1.75,2.1,1.78,2.06,0.4432410988057588,0.2679201070775757,0.28883879411666563,0.4482504157809522,0.2699547321930104,0.2817948520260372,0.5009316975193412,0.20346251154347295,-0.7043942090628419,R Jones,football-data.co.uk,proxy_shots,,,,,,,,
2022-09-03,Chelsea,West Ham,2,1,8.0,6.0,10.0,3.0,4.0,2.0,6.0,11.0,1.18,0.97,1.18,0.97,3.0,3.0,2.0,1.0,1.55,4.38,6.03,1.74,2.12,1.55,4.38,6.03,1.67,4.02,5.33,1.74,2.12,1.9,1.94,0.6207596793185873,0.2196752289826051,0.15956509169880767,0.5784547435146365,0.24030333872374204,0.18124191776162155,-4.230493580395079,2.0628109741136935,2.1676826062813874,A Madley,football-data.co.uk,proxy_shots,,,,,,,,
2022-09-03,Everton,Liverpool,0,0,14.0,23.0,7.0,9.0,2.0,2.0,7.0,11.0,1.31,2.71,1.31,2.71,3.0,8.0,8.0,3.0,7.77,5.06,1.4,1.58,2.4,7.77,5.06,1.4,7.63,5.19,1.4,1.58,2.4,1.52,2.56,0.1236770708576736,0.18991518588223794,0.6864077432600885,0.12626047609200713,0.18561992920655385,0.6881195947014389,0.25834052343335356,-0.42952566756840893,0.17118514413504426,A Taylor,football-data.co.uk,proxy_shots,,,,,,,,
2022-09-03,Newcastle,Crystal Palace,0,0,23.0,19.0,13.0,5.0,2.0,1.0,19.0,12.0,2.34,2.67,2.34,2.67,6.0,9.0,9.0,6.0,2.05,3.48,3.8,2.05,1.79,2.05,3.48,3.8,2.09,3.42,3.75,2.05,1.79,2.11,1.75,0.46980247264459296,0.2767514565866136,0.25344607076879355,0.4611600737856118,0.28182004509120717,0.25701988112318097,-0.864239885898116,0.5068588504593574,0.3573810354387419,M Salisbury,football-data.co.uk,proxy_shots,,,,,,,,
2022-09-03,Nott'm Forest,Bournemouth,2,3,11.0,8.0,4.0,6.0,2.0,1.0,13.0,10.0,1.34,1.28,1.34,1.28,3.0,3.0,0.0,1.0,2.02,3.47,3.89,2.1,1.75,2.02,3.47,3.89,2.2,3.35,3.53,2.1,1.75,2.14,1.73,0.47587033544270324,0.2770196189032451,0.24711004565405156,0.4386069024349535,0.2880403538378799,0.2733527437271665,-3.7263433007749756,1.102073493463479,2.624269807311494,M Oliver,football-data.co.uk,proxy_shots,,,,,,,,
2022-09-03,Tottenham,Fulham,2,1,23.0,9.0,10.0,3.0,3.0,4.0,9.0,6.0,3.26,1.14,3.26,1.14,10.0,3.0,2.0,8.0,1.49,4.62,6.54,1.62,2.32,1.49,4.62,6.54,1.52,4.57,6.2,1.62,2.32,1.6,2.36,0.6450199815554873,0.20802592478737575,0.146954093657137,0.6338078578394968,0.2108069899159814,0.15538515224452176,-1.1212123715990563,0.2781065128605653,0.8431058587384771,S Attwell,football-data.co.uk,proxy_shots,,,,,,,,
2022-09-03,Wolves,Southampton,1,0,7.0,12.0,5.0,6.0,4.0,2.0,10.0,14.0,0.84,0.84,0.84,0.84,2.0,1.0,1.0,1.0,2.24,3.4,3.33,2.02,1.81,2.24,3.4,3.33,2.16,3.46,3.49,2.02,1.81,1.97,1.86,0.4289091267255618,0.2825754246662525,0.28851544860818573,0.4457939853954236,0.27829913539136275,0.2759068792132135,1.688485866986178,-0.42762892748897663,-1.2608569394972236,J Brooks,football-data.co.uk,proxy_shots,,,,,,,,
2022-09-04,Brighton,Leicester,5,2,23.0,6.0,10.0,1.0,1.0,1.0,6.0,8.0,3.75,1.25,3.75,1.25,11.0,4.0,2.0,6.0,1.87,3.6,4.43,1.97,1.86,1.87,3.6,4.43,1.91,3.58,4.26,1.97,1.86,1.99,1.85,0.5150480717992771,0.2675388595179579,0.21741306868276492,0.5045723436073211,0.2691992112541852,0.22622844513849372,-1.047572819195608,0.16603517362273057,0.8815376455728802,T Harrington,football-data.co.uk,proxy_shots,,,,,,,,
2022-09-04,Man United,Arsenal,3,1,10.0,16.0,2.0,5.0,3.0,3.0,13.0,9.0,1.93,1.52,1.93,1.52,6.0,3.0,2.0,3.0,2.61,3.55,2.67,1.7,2.18,2.61,3.55,2.67,2.66,3.49,2.67,1.7,2.18,1.74,2.13,0.36863106558237757,0.2710217130056354,0.3603472214119871,0.3625247530530386,0.2763082645046082,0.3611669824423531,-0.6106312529338964,0.5286551498972836,0.08197610303660174,P Tierney,football-data.co.uk,proxy_shots,,,,,,,,
2022-09-16,Aston Villa,Southampton,1,0,11.0,7.0,6.0,3.0,3.0,1.0,13.0,13.0,1.25,0.56,1.25,0.56,3.0,1.0,1.0,2.0,2.1,3.55,3.53,1.84,1.99,2.1,3.55,3.53,2.08,3.55,3.63,1.84,1.99,1.89,1.95,0.4573623606270188,0.27055238234274354,0.27208525703023784,0.46319493618107255,0.27139308936806505,0.2654119744508625,0.5832575554053754,0.08407070253215188,-0.6673282579375328,T Harrington,football-data.co.uk,proxy_shots,,,,,,,,
2022-09-16,Nott'm Forest,Fulham,2,3,11.0,15.0,2.0,10.0,2.0,4.0,11.0,10.0,1.34,2.38,1.34,2.38,3.0,7.0,4.0,1.0,2.81,3.4,2.57,1.88,1.94,2.81,3.4,2.57,2.8,3.39,2.58,1.88,1.94,1.88,1.95,0.34248266617542733,0.2830518505743973,0.3744654832501754,0.34349741970450315,0.2837146829417725,0.3727878973537243,0.1014753529075818,0.06628323673751879,-0.1677585896451117,J Gillett,football-data.co.uk,proxy_shots,,,,,,,,
2022-09-17,Newcastle,Bournemouth,1,1,20.0,10.0,8.0,1.0,2.0,2.0,10.0,11.0,2.46,1.19,2.46,1.19,7.0,3.0,2.0,6.0,1.47,4.47,7.39,1.82,2.01,1.47,4.47,7.39,1.42,4.82,7.89,1.82,2.01,1.74,2.13,0.6545459949472432,0.21525338088869073,0.13020062416406597,0.6781589928314135,0.1997895788009558,0.1220514283676308,2.361299788417026,-1.5463802087734928,-0.8149195796435166,C Pawson,football-data.co.uk,proxy_shots,,,,,,,,
2022-09-17,Tottenham,Leicester,6,2,16.0,19.0,6.0,1.0,1.0,2.0,9.0,9.0,3.46,2.5,3.46,2.5,11.0,7.0,5.0,5.0,1.49,4.59,6.7,1.59,2.39,1.49,4.59,6.7,1.52,4.57,6.26,1.59,2.39,1.59,2.4,0.6464095713934389,0.20983665825190065,0.14375377035466028,0.6347532050286444,0.21112141611456006,0.15412537885679542,-1.1656366364794502,0.12847578626594136,1.0371608502135143,S Hooper,football-data.co.uk,proxy_shots,,,,,,,,
2022-09-17,Wolves,Man City,0,3,6.0,16.0,5.0,7.0,4.0,1.0,7.0,9.0,0.51,2.44,0.51,2.44,1.0,7.0,4.0,1.0,9.25,5.47,1.34,1.58,2.39,9.25,5.47,1.34,9.09,5.53,1.34,1.58,2.39,1.57,2.41,0.10423151688724631,0.17625987773437446,0.7195086053783794,0.10607442186705986,0.17436102979594467,0.7195645483369955,0.18429049798135422,-0.18988479384297874,0.005594295861610643,A Taylor,football-data.co.uk,proxy_shots,,,,,,,,
2022-09-18,Brentford,Arsenal,0,3,5.0,13.0,3.0,3.0,0.0,2.0,10.0,10.0,0.64,2.28,0.64,2.28,2.0,7.0,4.0,2.0,4.3,3.91,1.81,1.68,2.21,4.3,3.91,1.81,4.48,3.89,1.8,1.68,2.21,1.77,2.09,0.2234419744199336,0.24572902557690912,0.5308290000031572,0.21549124124432187,0.24817500276981028,0.5363337559858679,-0.7950733175611735,0.24459771929011553,0.5504755982710607,D Coote,football-data.co.uk,proxy_shots,,,,,,,,
2022-09-18,Everton,West Ham,1,0,7.0,14.0,5.0,14.0,3.0,1.0,8.0,11.0,0.84,1.49,0.84,1.49,2.0,4.0,4.0,1.0,2.95,3.31,2.5,2.03,1.8,2.95,3.31,2.5,2.92,3.3,2.54,2.03,1.8,2.04,1.8,0.32560152668752085,0.2901886718212044,0.38420980149127465,0.3295484926164153,0.2916004843757372,0.3788510230078475,0.39469659288944303,0.14118125545328208,-0.535877848342714,M Oliver,football-data.co.uk,proxy_shots,,,,,,,,
2022-10-01,Arsenal,Tottenham,3,1,22.0,7.0,5.0,2.0,2.0,3.0,10.0,10.0,3.13,1.03,3.13,1.03,9.0,3.0,2.0,6.0,2.08,3.7,3.48,1.71,2.16,2.08,3.7,3.48,1.99,3.71,3.75,1.71,2.16,1.74,2.13,0.46299226188763914,0.26027673100710524,0.27673100710525556,0.4837801091178424,0.2594939129769559,0.25672597790520174,2.078784723020327,-0.07828180301493459,-2.000502920005381,A Taylor,football-data.co.uk,proxy_shots,,,,,,,,
2022-10-01,Bournemouth,Brentford,0,0,7.0,13.0,7.0,8.0,1.0,2.0,11.0,10.0,0.56,1.44,0.56,1.44,1.0,4.0,4.0,1.0,3.36,3.44,2.21,1.99,1.84,3.36,3.44,2.21,3.18,3.49,2.27,1.99,1.84,1.91,1.92,0.2859507116420425,0.2793006950922276,0.43474859326572984,0.3019272764690862,0.27510852125263435,0.4229642022782793,1.5976564827043682,-0.41921738395932495,-1.1784390987450544,T Bramall,football-data.co.uk,proxy_shots,,,,,,,,
2022-10-01,Crystal Palace,Chelsea,1,2,7.0,13.0,5.0,2.0,1.0,3.0,11.0,13.0,1.03,1.45,1.03,1.45,3.0,3.0,1.0,2.0,4.29,3.57,1.9,2.04,1.79,4.29,3.57,1.9,4.82,3.74,1.77,2.04,1.79,1.98,1.85,0.22423659390465236,0.2694607809106327,0.506302625184715,0.19952378081861472,0.257140273675327,0.5433359455060582,-2.471281308603765,-1.23205072353057,3.703332032134321,C Kavanagh,football-data.co.uk,proxy_shots,,,,,,,,
2022-10-01,Fulham,Newcastle,1,4,3.0,19.0,1.0,8.0,4.0,0.0,9.0,10.0,0.44,3.24,0.44,3.24,1.0,10.0,6.0,0.0,3.04,3.46,2.37,1.88,1.94,3.04,3.46,2.37,2.91,3.42,2.48,1.88,1.94,1.88,1.95,0.3163242475909796,0.2779265065539243,0.40574924585509614,0.33065893195480806,0.28135014385628404,0.38799092418890785,1.4334684363828454,0.3423637302359728,-1.7758321666188293,D England,football-data.co.uk,proxy_shots,,,,,,,,
2022-10-01,Liverpool,Brighton,3,3,15.0,6.0,9.0,2.0,1.0,1.0,9.0,13.0,2.38,1.71,2.38,1.71,7.0,6.0,3.0,4.0,1.37,5.33,8.25,1.56,2.46,1.37,5.33,8.25,1.47,4.77,6.72,1.56,2.46,1.59,2.39,0.7026931577206359,0.18061719063363438,0.11668965164572985,0.6549105418972841,0.20182777706268507,0.1432616810400309,-4.778261582335174,2.121058642905069,2.6572029394301047,A Madley,football-data.co.uk,proxy_shots,,,,,,,,
2022-10-01,Southampton,Everton,1,2,22.0,12.0,7.0,6.0,2.0,2.0,11.0,10.0,2.39,1.76,2.39,1.76,6.0,5.0,3.0,5.0,2.19,3.41,3.44,2.0,1.83,2.19,3.41,3.44,2.33,3.3,3.24,2.0,1.83,2.12,1.74,0.4388165450267284,0.2818205963661393,0.27936285860713234,0.41233773746442376,0.2911354328157901,0.29652682971978617,-2.647880756230464,0.9314836449650754,1.716397111265383,A Marriner,football-data.co.uk,proxy_shots,,,,,,,,
2022-10-01,West Ham,Wolves,2,0,18.0,15.0,1.0,6.0,2.0,2.0,8.0,6.0,2.09,1.54,2.09,1.54,5.0,4.0,4.0,3.0,1.96,3.48,4.12,2.16,1.71,1.96,3.48,4.12,2.05,3.37,3.95,2.16,1.71,2.21,1.69,0.49044934595807566,0.27623009140167476,0.23332056264024958,0.47008033901297785,0.28595391542332477,0.24396574556369732,-2.03690069450978,0.9723824021650007,1.0645182923447738,P Tierney,football-data.co.uk,proxy_shots,,,,,,,,
2022-10-02,Leeds,Aston Villa,0,0,9.0,19.0,2.0,9.0,5.0,2.0,23.0,12.0,0.68,2.3,0.68,2.3,1.0,7.0,7.0,1.0,2.36,3.46,3.03,1.82,2.01,2.36,3.46,3.03,2.41,3.42,3.02,1.82,2.01,1.87,1.96,0.4063456872427345,0.2771606421655646,0.3164936705917008,0.39956980594843855,0.28156819658939675,0.3188619974621646,-0.677588129429596,0.4407554423832172,0.23683268704637883,S Attwell,football-data.co.uk,proxy_shots,,,,,,,,
2022-10-02,Man City,Man United,6,3,22.0,12.0,5.0,1.0,0.0,3.0,3.0,9.0,3.61,2.4,3.61,2.4,10.0,8.0,5.0,4.0,1.35,5.7,8.0,1.44,2.79,1.35,5.7,8.0,1.44,5.31,6.61,1.44,2.79,1.46,2.74,0.7114439503861456,0.1684998829861924,0.12005616662766208,0.6715744519639752,0.18212188527836617,0.14630366275765871,-3.9869498422170357,1.362200229217378,2.6247496129996635,M Oliver,football-data.co.uk,proxy_shots,,,,,,,,
2022-10-03,Leicester,Nott'm Forest,4,0,17.0,10.0,6.0,6.0,2.0,4.0,13.0,12.0,2.6,1.09,2.6,1.09,7.0,3.0,3.0,3.0,1.76,4.05,4.41,1.67,2.22,1.76,4.05,4.41,1.72,4.07,4.74,1.67,2.22,1.7,2.18,0.5453571134133941,0.23699469619940092,0.2176481903872049,0.5600754826535057,0.23669037596167805,0.20323414138481638,1.4718369240111606,-0.0304320237722866,-1.4414049002388518,R Jones,football-data.co.uk,proxy_shots,,,,,,,,
2022-10-08,Bournemouth,Leicester,2,1,10.0,9.0,7.0,2.0,1.0,2.0,8.0,16.0,1.47,1.5,1.47,1.5,4.0,5.0,4.0,2.0,3.53,3.63,2.09,1.84,1.99,3.53,3.63,2.09,3.29,3.53,2.21,1.84,1.99,1.88,1.94,0.2731160654179701,0.2655922068665109,0.46129172771551896,0.2923379012886955,0.2724622366118437,0.43519986209946077,1.9221835870725401,0.6870029745332795,-2.60918656160582,M Salisbury,football-data.co.uk,proxy_shots,,,,,,,,
2022-10-08,Brighton,Tottenham,0,1,14.0,8.0,6.0,2.0,1.0,2.0,9.0,14.0,1.49,1.08,1.49,1.08,4.0,3.0,2.0,4.0,2.76,3.47,2.58,1.86,1.98,2.76,3.47,2.58,2.58,3.32,2.86,1.86,1.98,2.0,1.84,0.349021075530397,0.2776075413440621,0.37337138312554086,0.37324486234060283,0.2900517303731191,0.3367034072862781,2.4223786810205814,1.2444189029056973,-3.6667975839262734,T Harrington,football-data.co.uk,proxy_shots,,,,,,,,
2022-10-08,Chelsea,Wolves,3,0,20.0,8.0,4.0,2.0,2.0,0.0,8.0,8.0,2.66,0.8,2.66,0.8,7.0,2.0,2.0,4.0,1.4,4.82,8.5,1.84,1.99,1.4,4.82,8.5,1.51,4.32,6.88,1.84,1.99,1.92,1.91,0.6872085611728002,0.1996041463987386,0.11318729242846119,0.6373430316338434,0.22277499485349617,0.1398819735126604,-4.986552953895673,2.317084845475756,2.6694681084199217,S Hooper,football-data.co.uk,proxy_shots,,,,,,,,
2022-10-08,Man City,Southampton,4,0,21.0,5.0,9.0,1.0,0.0,1.0,4.0,8.0,2.99,0.28,2.99,0.28,8.0,0.0,0.0,4.0,1.12,10.3,21.15,1.25,3.9,1.12,10.3,21.15,1.12,10.26,20.84,1.25,3.9,1.26,3.87,0.8608126637399286,0.09360293042608933,0.045584405833982045,0.8599157692889294,0.09386994752471746,0.04621428318635322,-0.08968944509991639,0.026701709862812784,0.06298773523711748,A Madley,football-data.co.uk,proxy_shots,,,,,,,,
2022-10-08,Newcastle,Brentford,5,1,16.0,6.0,9.0,5.0,0.0,1.0,14.0,9.0,2.46,0.97,2.46,0.97,6.0,3.0,2.0,1.0,1.8,3.92,4.38,1.77,2.08,1.8,3.92,4.38,1.68,4.0,5.11,1.77,2.08,1.79,2.06,0.5347185888332461,0.24553404589281708,0.21974736527393676,0.5718314272285759,0.2401691994360019,0.18799937333542222,3.711283839532986,-0.5364846456815175,-3.1747991938514546,J Brooks,football-data.co.uk,proxy_shots,,,,,,,,
2022-10-09,Arsenal,Liverpool,3,2,11.0,8.0,4.0,3.0,1.0,2.0,11.0,11.0,2.17,1.18,2.17,1.18,7.0,3.0,1.0,4.0,2.58,3.72,2.62,1.6,2.38,2.58,3.72,2.62,2.53,3.75,2.67,1.6,2.38,1.54,2.51,0.37337378752355993,0.25895278812117867,0.36767342435526135,0.38135447970108666,0.2572871556383331,0.3613583646605802,0.7980692177526727,-0.16656324828455693,-0.6315059694681158,M Oliver,football-data.co.uk,proxy_shots,,,,,,,,
2022-10-09,Crystal Palace,Leeds,2,1,13.0,10.0,5.0,3.0,3.0,3.0,13.0,23.0,1.81,1.37,1.81,1.37,5.0,4.0,3.0,3.0,2.07,3.62,3.57,1.85,1.99,2.07,3.62,3.57,2.07,3.58,3.61,1.85,1.99,1.91,1.93,0.4647584934566129,0.26575969100972063,0.2694818155336663,0.4647661928068731,0.2687335248911249,0.266500282302002,0.000769935026018187,0.2973833881404264,-0.29815332316642795,P Tierney,football-data.co.uk,proxy_shots,,,,,,,,
2022-10-09,Everton,Man United,1,2,11.0,12.0,5.0,4.0,2.0,1.0,7.0,13.0,1.06,1.58,1.06,1.58,2.0,4.0,2.0,1.0,3.56,3.58,2.09,1.85,1.99,3.56,3.58,2.09,3.59,3.59,2.08,1.85,1.99,1.83,2.02,0.2704337957307156,0.26892299240261097,0.4606432118666734,0.26838709677419353,0.26838709677419353,0.4632258064516128,-0.20466989565220417,-0.053589562841743765,0.2582594584939424,D Coote,football-data.co.uk,proxy_shots,,,,,,,,
2022-10-09,West Ham,Fulham,3,1,17.0,8.0,4.0,2.0,1.0,3.0,9.0,7.0,2.67,0.9,2.67,0.9,8.0,2.0,1.0,5.0,1.78,3.9,4.56,1.8,2.04,1.78,3.9,4.56,1.64,4.03,5.54,1.8,2.04,1.86,1.98,0.5414885454346158,0.2471409258650298,0.21137052870035442,0.5872070697772283,0.23896267851976535,0.17383025170300623,4.571852434261247,-0.8178247345264456,-3.7540276997348188,C Kavanagh,football-data.co.uk,proxy_shots,,,,,,,,
2022-10-10,Nott'm Forest,Aston Villa,1,1,6.0,12.0,1.0,4.0,3.0,3.0,13.0,19.0,0.97,1.12,0.97,1.12,3.0,2.0,1.0,2.0,3.35,3.49,2.19,2.01,1.83,3.35,3.49,2.19,3.77,3.6,2.02,2.01,1.83,1.9,1.94,0.28656860796892514,0.27507301911057286,0.438358372920502,0.2555219013752925,0.26758821338468136,0.4768898852400261,-3.1046706593632623,-0.7484805725891497,3.853151231952412,A Taylor,football-data.co.uk,proxy_shots,,,,,,,,
2022-10-14,Brentford,Brighton,2,0,7.0,21.0,2.0,11.0,3.0,1.0,12.0,15.0,1.12,2.42,1.12,2.42,3.0,7.0,7.0,1.0,3.21,3.44,2.3,1.93,1.89,3.21,3.44,2.3,3.23,3.46,2.27,1.93,1.89,1.9,1.93,0.300409303879654,0.28032379809700275,0.41926689802334327,0.2979352934705506,0.2781303462167279,0.4239343603127217,-0.24740104091033888,-0.2193451880274866,0.4667462289378421,M Salisbury,football-data.co.uk,proxy_shots,,,,,,,,
2022-10-15,Fulham,Bournemouth,2,2,19.0,10.0,5.0,6.0,2.0,0.0,9.0,11.0,1.96,1.83,1.96,1.83,4.0,6.0,4.0,2.0,1.89,3.72,4.13,1.9,1.92,1.89,3.72,4.13,1.96,3.6,3.94,1.9,1.92,1.92,1.91,0.5087267922953899,0.2584660315694319,0.23280717613517835,0.48973841946799995,0.2666353617103555,0.24362621882164462,-1.898837282738991,0.8169330140923636,1.0819042686466274,G Scott,football-data.co.uk,proxy_shots,,,,,,,,
2022-10-15,Leicester,Crystal Palace,0,0,14.0,8.0,9.0,2.0,2.0,2.0,18.0,13.0,1.67,0.62,1.67,0.62,5.0,1.0,1.0,5.0,2.31,3.49,3.12,1.85,1.98,2.31,3.49,3.12,2.4,3.47,2.99,1.85,1.98,1.86,1.97,0.41627194843622767,0.2755267051254114,0.30820134643836083,0.40091115292917506,0.2772872527464035,0.32180159432442146,-1.5360795507052605,0.17605476209920923,1.3600247886060624,A Madley,football-data.co.uk,proxy_shots,,,,,,,,
2022-10-15,Tottenham,Everton,2,0,21.0,4.0,7.0,1.0,1.0,4.0,12.0,13.0,2.62,0.22,2.62,0.22,7.0,0.0,0.0,5.0,1.49,4.56,6.81,1.76,2.08,1.49,4.56,6.81,1.47,4.68,6.9,1.76,2.08,1.68,2.21,0.6470187457417351,0.21141621297262836,0.1415650412856366,0.6548162207540972,0.2056794539548126,0.13950432529109028,0.7797475012362054,-0.5736759017815757,-0.2060715994546325,P Tierney,football-data.co.uk,proxy_shots,,,,,,,,
2022-10-15,Wolves,Nott'm Forest,1,0,9.0,10.0,4.0,5.0,2.0,2.0,17.0,13.0,0.95,0.91,0.95,0.91,2.0,2.0,2.0,1.0,1.72,3.81,5.13,2.02,1.82,1.72,3.81,5.13,1.73,3.81,5.02,2.02,1.82,1.99,1.85,0.5596828369427956,0.25266521772745626,0.18765194532974824,0.5559602466128521,0.2524438915066231,0.19159586188052474,-0.3722590329943487,-0.022132622083315123,0.39439165507764995,T Bramall,football-data.co.uk,proxy_shots,,,,,,,,
2022-10-16,Aston Villa,Chelsea,0,2,18.0,8.0,7.0,1.0,0.0,3.0,12.0,11.0,2.25,1.36,2.25,1.36,7.0,4.0,2.0,7.0,4.54,3.69,1.82,1.98,1.83,4.54,3.69,1.82,3.98,3.48,2.0,1.98,1.83,2.06,1.79,0.21164658128277533,0.260399858814038,0.5279535599031867,0.24191530183800017,0.2766732475043795,0.48141145065762037,3.0268720555224835,1.6273388690341506,-4.654210924556635,R Jones,football-data.co.uk,proxy_shots,,,,,,,,
2022-10-16,Leeds,Arsenal,0,1,16.0,9.0,6.0,3.0,0.0,2.0,10.0,11.0,1.6,1.31,1.6,1.31,4.0,4.0,3.0,4.0,5.83,4.41,1.56,1.62,2.31,5.83,4.41,1.56,5.11,4.27,1.64,1.62,2.31,1.59,2.38,0.16503897113329355,0.2181807713621545,0.6167802575045521,0.18823263777823768,0.2252620091444484,0.5865053530773138,2.319366664494413,0.7081237782293914,-3.0274904427238347,C Kavanagh,football-data.co.uk,proxy_shots,,,,,,,,
2022-10-16,Liverpool,Man City,1,0,13.0,16.0,5.0,6.0,3.0,1.0,10.0,7.0,1.18,1.96,1.18,1.96,2.0,6.0,6.0,1.0,3.74,4.06,1.91,1.46,2.7,3.74,4.06,1.91,3.8,4.11,1.88,1.46,2.7,1.45,2.78,0.2577786346834029,0.23746110682658303,0.504760258490014,0.2534307680197318,0.23431555194038464,0.5122536800398835,-0.4347866663671096,-0.31455548861983873,0.7493421549869428,A Taylor,football-data.co.uk,proxy_shots,,,,,,,,
2022-10-16,Man United,Newcastle,0,0,15.0,9.0,4.0,4.0,3.0,1.0,13.0,11.0,1.19,0.85,1.19,0.85,2.0,2.0,2.0,2.0,2.0,3.78,3.65,1.7,2.18,2.0,3.78,3.65,2.08,3.68,3.52,1.7,2.18,1.69,2.21,0.4814530481208779,0.2547370624978191,0.26380988938130295,0.4637946837763519,0.2621448212648946,0.27406049495875345,-1.7658364344526,0.7407758767075501,1.02506055774505,C Pawson,football-data.co.uk,proxy_shots,,,,,,,,
2022-10-16,Southampton,West Ham,1,1,10.0,25.0,4.0,14.0,1.0,1.0,7.0,3.0,2.09,2.19,2.09,2.19,8.0,4.0,3.0,7.0,2.96,3.42,2.44,1.93,1.9,2.96,3.42,2.44,2.97,3.36,2.47,1.93,1.9,1.97,1.86,0.3248217232896335,0.28113225173605705,0.39404602497430946,0.3240065119874445,0.28639861327461613,0.38959487473793936,-0.08152113021889784,0.5266361538559083,-0.4451150236370105,P Bankes,football-data.co.uk,proxy_shots,,,,,,,,
2022-10-18,Brighton,Nott'm Forest,0,0,19.0,3.0,9.0,1.0,3.0,1.0,10.0,14.0,2.3,0.2,2.3,0.2,7.0,0.0,0.0,7.0,1.4,4.91,8.19,1.76,2.09,1.4,4.91,8.19,1.39,4.99,8.28,1.76,2.09,1.74,2.13,0.6867789639795808,0.19582292251963607,0.11739811350078305,0.6913566199539846,0.19258230495712192,0.11606107508889354,0.4577655974403738,-0.32406175625141476,-0.13370384118895073,D England,football-data.co.uk,proxy_shots,,,,,,,,
2022-10-18,Crystal Palace,Wolves,2,1,14.0,10.0,4.0,3.0,3.0,1.0,14.0,18.0,1.69,1.37,1.69,1.37,4.0,4.0,3.0,2.0,2.29,3.19,3.46,2.43,1.57,2.29,3.19,3.46,2.11,3.3,3.81,2.43,1.57,2.27,1.65,0.4202178489981307,0.301661089092702,0.2781210619091674,0.4559548288129508,0.29153475418040187,0.2525104170066473,3.5736979814820105,-1.012633491230014,-2.561064490252013,D Coote,football-data.co.uk,proxy_shots,,,,,,,,
2022-10-19,Bournemouth,Southampton,0,1,15.0,9.0,7.0,3.0,1.0,3.0,8.0,13.0,1.36,1.14,1.36,1.14,3.0,3.0,2.0,3.0,2.72,3.33,2.69,2.05,1.78,2.72,3.33,2.69,2.68,3.24,2.79,2.05,1.78,2.18,1.7,0.3536106363072939,0.28883511434109294,0.3575542493516132,0.35871428571428565,0.2967142857142857,0.34457142857142853,0.5103649406991762,0.7879171373192773,-1.2982820780184645,J Brooks,football-data.co.uk,proxy_shots,,,,,,,,
2022-10-19,Brentford,Chelsea,0,0,8.0,14.0,6.0,2.0,0.0,0.0,7.0,7.0,1.34,1.67,1.34,1.67,5.0,5.0,5.0,5.0,4.79,3.92,1.74,1.84,1.99,4.79,3.92,1.74,4.39,3.71,1.84,1.84,1.99,1.91,1.92,0.20101260749376698,0.2456250994630469,0.5533622930431861,0.21885870558400047,0.2589729696802593,0.5221683247357402,1.7846098090233493,1.3347870217212399,-3.119396830744592,J Gillett,football-data.co.uk,proxy_shots,,,,,,,,
2022-10-19,Liverpool,West Ham,1,0,22.0,8.0,8.0,3.0,0.0,0.0,9.0,8.0,2.57,0.98,2.57,0.98,7.0,3.0,3.0,6.0,1.44,5.01,6.96,1.52,2.54,1.44,5.01,6.96,1.43,5.02,7.22,1.52,2.54,1.55,2.46,0.6691999447284788,0.19234489429321547,0.13845516097830596,0.6743445288719868,0.19209415862289664,0.1335613125051165,0.5144584143508046,-0.025073567031883015,-0.4893848473189466,S Attwell,football-data.co.uk,proxy_shots,,,,,,,,
2022-10-19,Man United,Tottenham,2,0,28.0,9.0,8.0,3.0,1.0,0.0,7.0,7.0,3.54,0.85,3.54,0.85,10.0,2.0,2.0,8.0,2.45,3.57,2.86,1.73,2.13,2.45,3.57,2.86,2.37,3.5,3.02,1.73,2.13,1.8,2.04,0.39324903615432316,0.2698767895176728,0.3368741743280042,0.40618851451057547,0.27504765125430397,0.31876383423512056,1.293947835625231,0.5170861736631172,-1.8110340092883648,S Hooper,football-data.co.uk,proxy_shots,,,,,,,,
2022-10-19,Newcastle,Everton,1,0,16.0,1.0,8.0,2.0,2.0,4.0,9.0,12.0,1.7,0.2,1.7,0.2,4.0,0.0,0.0,3.0,1.64,4.05,5.46,1.88,1.94,1.64,4.05,5.46,1.67,3.93,5.37,1.88,1.94,1.92,1.91,0.5864055116230967,0.23745803433626633,0.1761364540406371,0.5760623009081455,0.24478983270142565,0.17914786639042882,-1.0343210714951256,0.733179836515932,0.30114123497917145,T Harrington,football-data.co.uk,proxy_shots,,,,,,,,
2022-10-20,Fulham,Aston Villa,3,0,18.0,12.0,9.0,7.0,0.0,4.0,11.0,11.0,2.73,1.74,2.73,1.74,8.0,6.0,6.0,5.0,2.88,3.42,2.51,1.94,1.88,2.88,3.42,2.51,2.97,3.42,2.44,1.94,1.88,1.93,1.9,0.33450234972294307,0.28168618924037314,0.38381146103668373,0.32408248864033556,0.28144005592450194,0.39447745543516255,-1.0419861082607507,-0.02461333158711998,1.0665994398478817,M Oliver,football-data.co.uk,proxy_shots,,,,,,,,
2022-10-20,Leicester,Leeds,2,0,5.0,14.0,2.0,9.0,2.0,1.0,15.0,11.0,0.66,1.13,0.66,1.13,1.0,2.0,2.0,0.0,2.32,3.58,3.03,1.72,2.14,2.32,3.58,3.03,2.3,3.56,3.08,1.72,2.14,1.7,2.18,0.41429804526670383,0.268483649446579,0.3172183052867171,0.4179168191242835,0.27000243932186857,0.312080741553848,0.36187738575796935,0.15187898752895834,-0.5137563732869055,P Bankes,football-data.co.uk,proxy_shots,,,,,,,,
2022-10-22,Chelsea,Man United,1,1,6.0,13.0,6.0,4.0,1.0,4.0,8.0,10.0,0.79,1.9,0.79,1.9,2.0,6.0,5.0,1.0,2.14,3.51,3.5,1.87,1.96,2.14,3.51,3.5,2.14,3.57,3.45,1.87,1.96,1.85,1.99,0.45022428755717137,0.27449571947930107,0.2752799929635276,0.4505053165223689,0.2700508059825965,0.27944387749503463,0.02810289651975495,-0.4444913496704561,0.41638845315070117,S Attwell,football-data.co.uk,proxy_shots,,,,,,,,
2022-10-22,Everton,Crystal Palace,3,0,9.0,9.0,3.0,4.0,3.0,4.0,16.0,14.0,1.88,0.85,1.88,0.85,6.0,2.0,2.0,3.0,2.58,3.18,2.96,2.22,1.67,2.58,3.18,2.96,2.52,3.15,3.05,2.22,1.67,2.31,1.63,0.3727251128534093,0.30239961986220004,0.3248752672843906,0.3807740324594257,0.30461922596754054,0.3146067415730337,0.8048919606016391,0.22196061053404992,-1.026852571135689,S Hooper,football-data.co.uk,proxy_shots,,,,,,,,
2022-10-22,Man City,Brighton,3,1,10.0,8.0,7.0,3.0,1.0,3.0,11.0,12.0,1.57,0.9,1.57,0.9,4.0,2.0,1.0,1.0,1.21,6.94,14.36,1.47,2.68,1.21,6.94,14.36,1.23,6.72,13.0,1.47,2.68,1.49,2.63,0.7945251348545899,0.13852671659568497,0.06694814854972518,0.7826862911636007,0.1432595443647662,0.074054164471633,-1.1838843690989198,0.4732827769081238,0.7106015921907821,C Pawson,football-data.co.uk,proxy_shots,,,,,,,,
2022-10-22,Nott'm Forest,Liverpool,1,0,10.0,15.0,2.0,11.0,2.0,1.0,14.0,8.0,1.91,2.08,1.91,2.08,7.0,7.0,7.0,6.0,11.31,6.19,1.26,1.5,2.61,11.31,6.19,1.26,8.89,5.44,1.35,1.5,2.61,1.59,2.37,0.08472184655693257,0.15479872125345842,0.7604794321896091,0.10846720654111607,0.17725615186590477,0.7142766415929792,2.374535998418349,2.2457430612446343,-4.620279059662991,P Tierney,football-data.co.uk,proxy_shots,,,,,,,,
2022-10-23,Aston Villa,Brentford,4,0,19.0,12.0,7.0,6.0,1.0,0.0,14.0,11.0,3.42,1.2,3.42,1.2,11.0,3.0,3.0,7.0,2.14,3.5,3.49,1.9,1.92,2.14,3.5,3.49,2.07,3.5,3.68,1.9,1.92,1.94,1.89,0.44951717843789557,0.2748476462448847,0.27563517531721965,0.4642679489305257,0.2745813297960537,0.26115072127342065,1.4750770492630128,-0.026631644883101657,-1.4484454043799,D England,football-data.co.uk,proxy_shots,,,,,,,,
2022-10-23,Leeds,Fulham,2,3,14.0,11.0,3.0,6.0,1.0,1.0,12.0,8.0,1.87,1.8,1.87,1.8,5.0,5.0,2.0,3.0,2.06,3.62,3.59,1.73,2.13,2.06,3.62,3.59,2.09,3.74,3.43,1.73,2.13,1.59,2.39,0.4666623576219819,0.2655592421826748,0.2677784001953434,0.4612220684200119,0.2577417441170654,0.28103618746292264,-0.5440289201969983,-0.7817498065609385,1.3257787267579257,A Taylor,football-data.co.uk,proxy_shots,,,,,,,,
2022-10-23,Southampton,Arsenal,1,1,10.0,12.0,9.0,4.0,2.0,1.0,11.0,8.0,1.19,1.3,1.19,1.3,3.0,3.0,2.0,2.0,5.78,4.27,1.58,1.67,2.22,5.78,4.27,1.58,6.83,4.65,1.48,1.67,2.22,1.66,2.24,0.16633793232674876,0.22516001143995504,0.6085020562332961,0.14116952034773406,0.20735222020968247,0.6514782594425835,-2.5168411979014707,-1.7807791230272567,4.297620320928742,R Jones,football-data.co.uk,proxy_shots,,,,,,,,
2022-10-23,Tottenham,Newcastle,1,2,17.0,13.0,6.0,7.0,4.0,2.0,12.0,6.0,1.94,1.81,1.94,1.81,5.0,5.0,3.0,4.0,2.09,3.58,3.53,1.87,1.96,2.09,3.58,3.53,2.23,3.46,3.32,1.87,1.96,1.91,1.92,0.459586941263324,0.2683063428045662,0.27210671593210967,0.4317424999812076,0.2782617846699691,0.28999571534882324,-2.7844441282116383,0.995544186540287,1.788899941671357,J Gillett,football-data.co.uk,proxy_shots,,,,,,,,
2022-10-23,Wolves,Leicester,0,4,21.0,5.0,9.0,2.0,2.0,1.0,10.0,13.0,2.05,1.4,2.05,1.4,5.0,4.0,0.0,5.0,2.3,3.38,3.24,1.95,1.88,2.3,3.38,3.24,2.36,3.35,3.15,1.95,1.88,1.96,1.88,0.41834879207860276,0.28467521354461134,0.29697599437678585,0.40755044897171,0.2871101670367867,0.30533938399150334,-1.079834310689276,0.24349534921753735,0.8363389614717498,M Oliver,football-data.co.uk,proxy_shots,,,,,,,,
2022-10-24,West Ham,Bournemouth,2,0,20.0,5.0,5.0,0.0,0.0,2.0,9.0,11.0,2.02,0.82,2.02,0.82,4.0,3.0,3.0,2.0,1.55,4.16,6.2,1.93,1.89,1.55,4.16,6.2,1.61,4.02,5.89,1.93,1.89,1.94,1.9,0.6162962962962963,0.2296296296296296,0.15407407407407409,0.5974278945017901,0.23926838560892594,0.1633037198892839,-1.8868401794506218,0.9638755979296337,0.9229645815209825,D Coote,football-data.co.uk,proxy_shots,,,,,,,,
2022-10-29,Bournemouth,Tottenham,2,3,6.0,23.0,2.0,19.0,1.0,2.0,10.0,5.0,1.25,2.83,1.25,2.83,4.0,7.0,4.0,2.0,5.1,3.91,1.69,1.9,1.91,5.1,3.91,1.69,5.03,3.75,1.75,1.9,1.91,2.02,1.82,0.18789577995842802,0.24508145211968868,0.5670227679218833,0.19173179460959752,0.2571762471696735,0.5510919582207289,0.3836014651169506,1.2094795049984841,-1.5930809701154458,A Taylor,football-data.co.uk,proxy_shots,,,,,,,,
2022-10-29,Brentford,Wolves,1,1,12.0,14.0,3.0,6.0,3.0,5.0,10.0,17.0,1.3,1.59,1.3,1.59,3.0,4.0,3.0,2.0,2.2,3.46,3.33,1.96,1.86,2.2,3.46,3.33,2.17,3.46,3.41,1.96,1.86,1.93,1.9,0.43544546821971447,0.27687284106455834,0.2876816907157273,0.4417875798026698,0.27707486941381315,0.2811375507835171,0.6342111582955334,0.02020283492548125,-0.6544139932210202,R Madley,football-data.co.uk,proxy_shots,,,,,,,,
2022-10-29,Brighton,Chelsea,4,1,19.0,15.0,8.0,7.0,1.0,2.0,16.0,6.0,3.06,2.19,3.06,2.19,9.0,7.0,6.0,5.0,3.03,3.34,2.41,2.04,1.78,3.03,3.34,2.41,3.09,3.37,2.39,2.04,1.78,2.02,1.82,0.31601097680188756,0.28668061667955674,0.3973084065185557,0.3115457959903608,0.28566068534427735,0.40279351866536184,-0.4465180811526748,-0.10199313352793893,0.5485112146806137,A Madley,football-data.co.uk,proxy_shots,,,,,,,,
2022-10-29,Crystal Palace,Southampton,1,0,12.0,14.0,8.0,4.0,3.0,3.0,13.0,12.0,1.3,1.49,1.3,1.49,3.0,4.0,4.0,2.0,1.95,3.57,4.03,2.03,1.8,1.95,3.57,4.03,2.09,3.42,3.76,2.03,1.8,2.13,1.74,0.4925891307250635,0.26906128989184136,0.2383495793830952,0.4614755216146189,0.2820128187644893,0.2565116596208919,-3.1113609110444584,1.2951528872647944,1.8162080237796696,M Salisbury,football-data.co.uk,proxy_shots,,,,,,,,
2022-10-29,Fulham,Everton,0,0,24.0,9.0,13.0,4.0,2.0,1.0,10.0,8.0,2.4,1.21,2.4,1.21,6.0,4.0,4.0,6.0,2.36,3.43,3.07,1.84,1.97,2.36,3.43,3.07,2.29,3.44,3.22,1.84,1.97,1.87,1.96,0.407037467964948,0.28006076513040146,0.3129017669046506,0.42071998845344544,0.2800723178948808,0.2992076936516739,1.368252048849744,0.001155276447933895,-1.3694073252976724,J Brooks,football-data.co.uk,proxy_shots,,,,,,,,
2022-10-29,Leicester,Man City,0,1,10.0,15.0,3.0,10.0,0.0,0.0,5.0,10.0,1.45,1.82,1.45,1.82,5.0,5.0,4.0,5.0,9.66,6.09,1.29,1.44,2.75,9.66,6.09,1.29,7.54,5.09,1.41,1.44,2.75,1.6,2.37,0.09925973095598185,0.15744646979224708,0.7432937992517711,0.12773262094901128,0.18921492376336835,0.6830524552876205,2.8472889993029424,3.176845397112127,-6.024134396415059,R Jones,football-data.co.uk,proxy_shots,,,,,,,,
2022-10-29,Liverpool,Leeds,1,2,22.0,14.0,14.0,5.0,0.0,1.0,9.0,3.0,3.11,2.05,3.11,2.05,10.0,6.0,4.0,9.0,1.3,6.07,9.16,1.35,3.13,1.3,6.07,9.16,1.23,7.06,11.72,1.35,3.13,1.35,3.25,0.7374144896167384,0.15793061556865898,0.10465489481460262,0.7817570619013516,0.13619846829159526,0.08204446980705311,4.434257228461325,-2.1732147277063714,-2.2610425007549506,M Oliver,football-data.co.uk,proxy_shots,,,,,,,,
2022-10-29,Newcastle,Aston Villa,4,0,20.0,3.0,3.0,0.0,1.0,1.0,11.0,11.0,2.76,0.2,2.76,0.2,7.0,0.0,0.0,3.0,1.83,3.73,4.41,1.91,1.9,1.83,3.73,4.41,1.77,3.83,4.67,1.91,1.9,1.88,1.95,0.5247738909891372,0.2574627937024454,0.2177633153084175,0.5431370345964757,0.2510058880511128,0.20585707735241157,1.8363143607338483,-0.6456905651332612,-1.1906237956005927,P Tierney,football-data.co.uk,proxy_shots,,,,,,,,
2022-10-30,Arsenal,Nott'm Forest,5,0,24.0,5.0,9.0,4.0,0.0,1.0,9.0,8.0,3.62,0.64,3.62,0.64,10.0,2.0,2.0,5.0,1.2,6.96,14.82,1.5,2.57,1.2,6.96,14.82,1.22,6.73,13.37,1.5,2.57,1.53,2.49,0.7978391623969704,0.1375584762753397,0.06460236132768991,0.7858379889975816,0.14245502920907127,0.07170698179334702,-1.2001173399388776,0.4896552933731563,0.7104620465657102,S Hooper,football-data.co.uk,proxy_shots,,,,,,,,
2022-10-30,Man United,West Ham,1,0,16.0,13.0,5.0,10.0,1.0,3.0,12.0,10.0,1.52,1.61,1.52,1.61,3.0,5.0,5.0,2.0,1.7,4.02,4.85,1.81,2.01,1.7,4.02,4.85,1.72,3.91,5.0,1.81,2.01,1.86,1.98,0.563888246182323,0.2384602036094401,0.19765155020823694,0.5605702619626554,0.24659356792219111,0.19283617011515347,-0.3317984219667669,0.8133364312751024,-0.48153800930834656,C Kavanagh,football-data.co.uk,proxy_shots,,,,,,,,
2022-11-05,Everton,Leicester,0,2,12.0,22.0,8.0,3.0,0.0,0.0,9.0,5.0,1.02,2.85,1.02,2.85,2.0,8.0,6.0,2.0,2.43,3.33,3.03,2.02,1.81,2.43,3.33,3.03,2.52,3.34,2.91,2.02,1.81,2.01,1.83,0.3949899587781418,0.28823591586513053,0.3167741253567276,0.38161087422554124,0.287921976960588,0.3304671488138708,-1.3379084552600562,-0.031393890454251006,1.3693023457143183,D Coote,football-data.co.uk,proxy_shots,,,,,,,,
2022-11-05,Leeds,Bournemouth,4,3,18.0,9.0,13.0,3.0,2.0,2.0,16.0,10.0,2.11,1.88,2.11,1.88,4.0,6.0,3.0,0.0,1.74,3.93,4.73,1.79,2.05,1.74,3.93,4.73,1.64,4.13,5.32,1.79,2.05,1.72,2.14,0.5522992040359743,0.2445294185808131,0.20317137738321253,0.5863846958601105,0.2328500971454192,0.18076520699447018,3.4085491824136227,-1.167932143539388,-2.240617038874235,T Harrington,football-data.co.uk,proxy_shots,,,,,,,,
2022-11-05,Man City,Fulham,2,1,16.0,4.0,9.0,0.0,4.0,4.0,6.0,11.0,1.98,0.68,1.98,0.68,5.0,2.0,1.0,3.0,1.13,9.74,19.8,1.27,3.79,1.13,9.74,19.8,1.18,8.14,15.13,1.27,3.79,1.35,3.19,0.8524515961918773,0.09889838846989951,0.048650015338223294,0.8176923158638346,0.11853524971981877,0.06377243441634664,-3.475928032804265,1.9636861249919257,1.5122419078123346,D England,football-data.co.uk,proxy_shots,,,,,,,,
2022-11-05,Nott'm Forest,Brentford,2,2,15.0,6.0,3.0,3.0,2.0,2.0,10.0,11.0,2.29,0.89,2.29,0.89,7.0,2.0,0.0,5.0,2.78,3.39,2.59,1.99,1.84,2.78,3.39,2.59,2.64,3.21,2.87,1.99,1.84,2.22,1.68,0.34561199787439234,0.28342222834537184,0.37096577378023576,0.3646586631517699,0.29990619025566123,0.33543514659256884,1.9046665277377584,1.648396191028939,-3.553062718766692,A Marriner,football-data.co.uk,proxy_shots,,,,,,,,
2022-11-05,Wolves,Brighton,2,3,8.0,19.0,4.0,9.0,4.0,0.0,15.0,11.0,1.54,2.79,1.54,2.79,5.0,8.0,5.0,3.0,3.39,3.33,2.24,2.1,1.75,3.39,3.33,2.24,3.6,3.3,2.18,2.1,1.75,2.22,1.68,0.28317294003758325,0.2882751551733956,0.4285519047890211,0.26721640294183197,0.29150880320927125,0.4412747938488968,-1.5956537095751289,0.3233648035875669,1.2722889059875675,G Scott,football-data.co.uk,proxy_shots,,,,,,,,
2022-11-06,Aston Villa,Man United,3,1,6.0,8.0,3.0,5.0,3.0,3.0,6.0,12.0,1.35,1.08,1.35,1.08,4.0,3.0,2.0,1.0,3.39,3.54,2.15,1.88,1.94,3.39,3.54,2.15,3.18,3.5,2.28,1.88,1.94,1.9,1.94,0.2829357511682113,0.2709469481526091,0.44611730067917965,0.30272681749897573,0.2750489370419265,0.42222424545909776,1.979106633076444,0.41019888893173984,-2.3893055220081894,A Taylor,football-data.co.uk,proxy_shots,,,,,,,,
2022-11-06,Chelsea,Arsenal,0,1,5.0,14.0,4.0,6.0,5.0,2.0,20.0,13.0,0.46,1.23,0.46,1.23,1.0,2.0,1.0,1.0,2.64,3.42,2.7,1.89,1.94,2.64,3.42,2.7,2.74,3.39,2.64,1.89,1.94,1.91,1.92,0.3636750319013186,0.2807316035729477,0.35559336452573376,0.35135326125362165,0.2839846418392104,0.3646620969071679,-1.2321770647696961,0.325303826626272,0.906873238143413,M Oliver,football-data.co.uk,proxy_shots,,,,,,,,
2022-11-06,Southampton,Newcastle,1,4,16.0,7.0,8.0,2.0,1.0,0.0,7.0,10.0,1.88,1.5,1.88,1.5,5.0,4.0,0.0,4.0,4.02,3.66,1.92,1.9,1.92,4.02,3.66,1.92,4.38,3.73,1.84,1.9,1.92,1.91,1.91,0.2385433215202249,0.26200659904680434,0.4994500794329708,0.21955354800734492,0.25781354967082326,0.5226329023218318,-1.8989773512879977,-0.4193049375981084,2.3182822888860977,S Attwell,football-data.co.uk,proxy_shots,,,,,,,,
2022-11-06,Tottenham,Liverpool,1,2,14.0,13.0,5.0,3.0,0.0,0.0,10.0,8.0,1.77,1.99,1.77,1.99,5.0,6.0,4.0,4.0,3.28,3.67,2.16,1.68,2.19,3.28,3.67,2.16,3.52,3.77,2.04,1.68,2.19,1.64,2.27,0.2930616349225127,0.2619188453803383,0.4450195196971488,0.27328548077606424,0.2551631014142563,0.47155141780967946,-1.9776154146448455,-0.6755743966082028,2.653189811253065,A Madley,football-data.co.uk,proxy_shots,,,,,,,,
2022-11-06,West Ham,Crystal Palace,1,2,5.0,15.0,2.0,5.0,1.0,1.0,10.0,7.0,0.73,2.1,0.73,2.1,2.0,6.0,4.0,1.0,1.94,3.49,4.18,2.1,1.75,1.94,3.49,4.18,1.88,3.54,4.41,2.1,1.75,2.1,1.76,0.49505226007872954,0.27518664313831953,0.22976109678295104,0.5108877064148127,0.27131889493216044,0.21779339865302674,1.5835446336083192,-0.3867748206159094,-1.1967698129924291,P Tierney,football-data.co.uk,proxy_shots,,,,,,,,
2022-11-12,Bournemouth,Everton,3,0,16.0,15.0,3.0,5.0,2.0,0.0,12.0,8.0,2.8,1.36,2.8,1.36,9.0,3.0,3.0,6.0,2.86,3.25,2.6,2.15,1.72,2.86,3.25,2.6,2.82,3.21,2.66,2.15,1.72,2.21,1.68,0.33557046979865773,0.29530201342281875,0.3691275167785234,0.34029172644667627,0.2989478718316595,0.3607604017216643,0.4721256648018535,0.3645858408840741,-0.8367115056859109,C Pawson,football-data.co.uk,proxy_shots,,,,,,,,
2022-11-12,Liverpool,Southampton,3,1,15.0,9.0,6.0,0.0,0.0,2.0,8.0,8.0,2.38,1.5,2.38,1.5,7.0,5.0,4.0,4.0,1.25,6.52,11.38,1.41,2.91,1.25,6.52,11.38,1.27,6.48,10.39,1.41,2.91,1.39,3.02,0.7683090234704253,0.1472985091009251,0.08439246742864952,0.7585983880944788,0.14867591865431914,0.09272569325120193,-0.9710635375946519,0.1377409553394049,0.8333225822552415,S Hooper,football-data.co.uk,proxy_shots,,,,,,,,
2022-11-12,Man City,Brentford,1,2,29.0,10.0,10.0,2.0,2.0,2.0,9.0,7.0,2.77,2.19,2.77,2.19,6.0,8.0,6.0,5.0,1.14,8.92,19.14,1.34,3.24,1.14,8.92,19.14,1.15,8.6,18.54,1.34,3.24,1.39,3.01,0.8422018457239938,0.10763566189746109,0.05016249237854508,0.8362959271983424,0.11183026933466207,0.051873803466995355,-0.5905918525651366,0.41946074372009867,0.1711311088450275,P Bankes,football-data.co.uk,proxy_shots,,,,,,,,
2022-11-12,Newcastle,Chelsea,1,0,10.0,5.0,5.0,3.0,3.0,2.0,14.0,11.0,1.19,0.64,1.19,0.64,3.0,2.0,2.0,2.0,2.33,3.44,3.11,1.93,1.9,2.33,3.44,3.11,2.18,3.38,3.52,1.93,1.9,2.08,1.77,0.41211252739802534,0.27913435722017416,0.30875311538180034,0.44163981647834416,0.2848446153617723,0.27351556815988365,2.952728908031882,0.5710258141598146,-3.5237547221916685,R Jones,football-data.co.uk,proxy_shots,,,,,,,,
2022-11-12,Nott'm Forest,Crystal Palace,1,0,9.0,8.0,1.0,5.0,1.0,4.0,11.0,13.0,0.95,0.44,0.95,0.44,2.0,0.0,0.0,1.0,3.12,3.24,2.43,2.18,1.69,3.12,3.24,2.43,3.34,3.18,2.34,2.18,1.69,2.29,1.64,0.30798479087452474,0.2965779467680608,0.39543726235741444,0.2875492696498957,0.3020171574310224,0.41043357291908183,-2.0435521224629047,0.5439210662961602,1.4996310561667392,J Brooks,football-data.co.uk,proxy_shots,,,,,,,,
2022-11-12,Tottenham,Leeds,4,3,14.0,12.0,9.0,2.0,1.0,3.0,8.0,7.0,2.61,1.86,2.61,1.86,8.0,5.0,2.0,4.0,1.64,4.26,5.04,1.61,2.33,1.64,4.26,5.04,1.63,4.29,5.21,1.61,2.33,1.6,2.35,0.5846676687798184,0.22508332788706623,0.19024900333311548,0.5907326110915823,0.22445085223293218,0.18481653667548542,0.606494231176391,-0.0632475654134046,-0.5432466657630058,M Salisbury,football-data.co.uk,proxy_shots,,,,,,,,
2022-11-12,West Ham,Leicester,0,2,18.0,9.0,7.0,2.0,3.0,1.0,9.0,8.0,2.07,1.78,2.07,1.78,6.0,6.0,4.0,6.0,2.09,3.51,3.6,1.93,1.89,2.09,3.51,3.6,2.08,3.51,3.65,1.93,1.89,1.91,1.92,0.45955942522339704,0.2736407973552421,0.266799777421361,0.4624372389845619,0.2740368823612219,0.2635258786542161,0.287781376116486,0.03960850059798182,-0.32738987671449005,J Gillett,football-data.co.uk,proxy_shots,,,,,,,,
2022-11-12,Wolves,Arsenal,0,2,11.0,14.0,6.0,4.0,3.0,2.0,5.0,6.0,0.96,1.69,0.96,1.69,2.0,4.0,2.0,2.0,6.15,4.26,1.55,1.78,2.05,6.15,4.26,1.55,6.34,4.15,1.55,1.78,2.05,1.9,1.93,0.15597207950961983,0.2251709598554371,0.6188569606349431,0.15110228914389073,0.23084060558367883,0.6180571052724305,-0.48697903657290986,0.5669645728241746,-0.07998553625125915,S Attwell,football-data.co.uk,proxy_shots,,,,,,,,
2022-11-13,Brighton,Aston Villa,1,2,7.0,8.0,11.0,4.0,2.0,7.0,14.0,11.0,0.84,1.0,0.84,1.0,2.0,2.0,0.0,1.0,1.86,3.71,4.21,1.91,1.91,1.86,3.71,4.21,1.75,3.75,4.94,1.91,1.91,2.0,1.84,0.5146275325120344,0.25800733435913314,0.22736513312883233,0.5491736455940118,0.25628103461053886,0.19454531979544953,3.4546113081977414,-0.17262997485942844,-3.2819813333382797,C Kavanagh,football-data.co.uk,proxy_shots,,,,,,,,
2022-11-13,Fulham,Man United,1,2,14.0,14.0,10.0,3.0,1.0,1.0,9.0,10.0,2.13,2.59,2.13,2.59,7.0,9.0,7.0,6.0,3.91,3.88,1.89,1.63,2.28,3.91,3.88,1.89,4.13,3.78,1.88,1.63,2.28,1.74,2.13,0.24530757110982507,0.2472042791338701,0.5074881497563049,0.2331327791301153,0.25471914756808894,0.5121480733017958,-1.2174791979709776,0.7514868434218835,0.46599235454909405,P Tierney,football-data.co.uk,proxy_shots,,,,,,,,
2022-12-26,Arsenal,West Ham,3,1,16.0,8.0,7.0,5.0,0.0,2.0,13.0,17.0,2.08,1.26,2.08,1.26,5.0,4.0,3.0,2.0,1.51,4.39,6.52,1.77,2.07,1.51,4.39,6.52,1.55,4.29,6.27,1.77,2.07,1.84,2.0,0.6346955112213922,0.21831212344972714,0.1469923653288807,0.6216917092517733,0.22462054763175957,0.1536877431164671,-1.3003801969618922,0.6308424182032424,0.6695377787586415,M Oliver,football-data.co.uk,proxy_shots,,,,,,,,
2022-12-26,Aston Villa,Liverpool,1,3,12.0,16.0,0.0,6.0,0.0,0.0,7.0,12.0,1.84,2.8,1.84,2.8,6.0,9.0,6.0,5.0,4.51,4.04,1.75,1.65,2.27,4.51,4.04,1.75,4.79,4.05,1.72,1.65,2.27,1.65,2.29,0.2130615467605303,0.2378484098737603,0.5490900433657094,0.20130446216221684,0.23808601821160955,0.5606095196261737,-1.1757084598313456,0.023760833784924884,1.1519476260464234,P Tierney,football-data.co.uk,proxy_shots,,,,,,,,
2022-12-26,Brentford,Tottenham,2,2,9.0,16.0,6.0,5.0,3.0,1.0,11.0,10.0,1.59,2.52,1.59,2.52,5.0,8.0,6.0,3.0,3.85,3.74,1.95,1.8,2.01,3.85,3.74,1.95,3.46,3.66,2.1,1.8,2.01,1.77,2.09,0.2497645507628555,0.257110566961763,0.4931248822753815,0.2783209490288098,0.2631121539999131,0.4585668969712771,2.8556398265954326,0.6001587038150125,-3.4557985304104366,D Coote,football-data.co.uk,proxy_shots,,,,,,,,
2022-12-26,Crystal Palace,Fulham,0,3,4.0,23.0,1.0,8.0,4.0,0.0,12.0,15.0,0.22,3.54,0.22,3.54,0.0,11.0,8.0,0.0,2.07,3.55,3.58,1.97,1.85,2.07,3.55,3.58,2.22,3.51,3.31,1.97,1.85,1.94,1.89,0.46268216585784966,0.2697893192466898,0.26752851489546053,0.4341835304669544,0.274611805594484,0.2912046639385616,-2.8498635390895255,0.4822486347794197,2.3676149043101056,A Madley,football-data.co.uk,proxy_shots,,,,,,,,
2022-12-26,Everton,Wolves,1,2,12.0,7.0,2.0,2.0,1.0,6.0,9.0,22.0,1.84,1.3,1.84,1.3,6.0,4.0,2.0,5.0,2.35,3.25,3.24,2.2,1.68,2.35,3.25,3.24,2.52,3.21,3.01,2.2,1.68,2.27,1.65,0.4084324030797277,0.29532804530380313,0.29623955161646914,0.3813510153336096,0.299378367177787,0.3192706174886034,-2.7081387746118124,0.4050321873983853,2.303106587213427,C Pawson,football-data.co.uk,proxy_shots,,,,,,,,
2022-12-26,Leicester,Newcastle,0,3,8.0,12.0,5.0,5.0,0.0,0.0,9.0,6.0,0.8,1.86,0.8,1.86,2.0,5.0,2.0,2.0,3.24,3.54,2.21,1.83,2.0,3.24,3.54,2.21,3.44,3.49,2.16,1.83,2.0,1.92,1.91,0.295742702261335,0.27067976139173033,0.4335775363469346,0.27946497419775795,0.27546117800581293,0.4450738477964292,-1.6277728063577024,0.4781416614082601,1.1496311449494645,J Gillett,football-data.co.uk,proxy_shots,,,,,,,,
2022-12-26,Southampton,Brighton,1,3,14.0,7.0,4.0,2.0,1.0,2.0,9.0,10.0,1.59,1.41,1.59,1.41,4.0,4.0,1.0,3.0,3.4,3.51,2.15,1.89,1.89,3.4,3.51,2.15,3.6,3.48,2.11,1.89,1.89,1.97,1.87,0.2816856721599075,0.272857916052332,0.4454564117877606,0.2673336537201276,0.2765520555725457,0.4561142907073266,-1.43520184397799,0.36941395202136906,1.0657878919566044,R Jones,football-data.co.uk,proxy_shots,,,,,,,,
2022-12-27,Chelsea,Bournemouth,2,0,15.0,9.0,6.0,8.0,0.0,0.0,8.0,10.0,1.92,1.21,1.92,1.21,5.0,4.0,4.0,3.0,1.32,5.46,9.72,1.66,2.23,1.32,5.46,9.72,1.35,5.32,8.99,1.66,2.23,1.64,2.28,0.7259208193815244,0.17549734094937952,0.09858183966909591,0.7122881273894077,0.1807498067623497,0.10696206584824254,-1.3632691992116697,0.5252465812970175,0.8380226179146633,S Hooper,football-data.co.uk,proxy_shots,,,,,,,,
2022-12-27,Man United,Nott'm Forest,3,0,17.0,8.0,9.0,9.0,3.0,1.0,13.0,4.0,2.67,0.98,2.67,0.98,8.0,3.0,3.0,5.0,1.31,5.51,10.4,1.64,2.27,1.31,5.51,10.4,1.34,5.49,8.91,1.64,2.27,1.5,2.63,0.7332931521854577,0.17434011422195092,0.0923667335925913,0.717116808064282,0.17503397501022547,0.10784921692549247,-1.6176344121175634,0.06938607882745473,1.548248333290117,A Taylor,football-data.co.uk,proxy_shots,,,,,,,,
2022-12-28,Leeds,Man City,1,3,9.0,26.0,3.0,5.0,3.0,3.0,11.0,14.0,0.78,3.35,0.78,3.35,1.0,9.0,6.0,0.0,9.46,5.99,1.3,1.43,2.83,9.46,5.99,1.3,10.09,6.29,1.28,1.43,2.83,1.38,3.06,0.1014587546123538,0.16023369259313305,0.7383075527945131,0.09535664584135256,0.15296479436236046,0.751678559796287,-0.6102108771001244,-0.7268898230772591,1.337100700177385,S Attwell,football-data.co.uk,proxy_shots,,,,,,,,
2022-12-30,Liverpool,Leicester,2,1,21.0,7.0,4.0,5.0,0.0,1.0,8.0,15.0,2.25,0.84,2.25,0.84,5.0,2.0,1.0,3.0,1.3,6.03,9.64,1.44,2.8,1.3,6.03,9.64,1.25,6.45,11.81,1.44,2.8,1.42,2.88,0.7404974764395504,0.15964290536839398,0.09985961819205556,0.7694432800165658,0.1491169147318926,0.08143980525154168,2.894580357701537,-1.0525990636501392,-1.8419812940513882,C Pawson,football-data.co.uk,proxy_shots,,,,,,,,
2022-12-30,West Ham,Brentford,0,2,20.0,9.0,8.0,1.0,1.0,0.0,9.0,5.0,2.0,1.78,2.0,1.78,5.0,6.0,4.0,5.0,2.06,3.59,3.64,1.93,1.89,2.06,3.59,3.64,2.06,3.6,3.58,1.93,1.89,1.85,1.97,0.46734426745441937,0.26816969107412364,0.26448604147145705,0.46562712256311695,0.2664421868000058,0.2679306906368773,-0.17171448913024245,-0.17275042741178304,0.3444649165420255,D England,football-data.co.uk,proxy_shots,,,,,,,,
2022-12-31,Bournemouth,Crystal Palace,0,2,6.0,15.0,2.0,7.0,4.0,1.0,17.0,11.0,0.69,2.1,0.69,2.1,2.0,6.0,4.0,2.0,2.91,3.27,2.55,2.13,1.73,2.91,3.27,2.55,2.93,3.16,2.61,2.13,1.73,2.28,1.65,0.3299148951322864,0.2935939892461631,0.3764911156215504,0.32788814369257807,0.30402286741115625,0.36808898889626585,-0.20267514397083186,1.042887816499316,-0.8402126725284564,A Marriner,football-data.co.uk,proxy_shots,,,,,,,,
2022-12-31,Brighton,Arsenal,2,4,9.0,14.0,7.0,4.0,3.0,3.0,7.0,11.0,1.59,2.43,1.59,2.43,5.0,7.0,3.0,3.0,3.46,3.56,2.12,1.84,2.0,3.46,3.56,2.12,4.29,3.67,1.88,1.84,2.0,1.89,1.94,0.2774705882352942,0.26967647058823535,0.45285294117647057,0.2246760732160825,0.2626322490727504,0.512691677711167,-5.27945150192117,-0.704422151548495,5.98387365346964,A Taylor,football-data.co.uk,proxy_shots,,,,,,,,
2022-12-31,Fulham,Southampton,2,1,8.0,9.0,4.0,4.0,0.0,1.0,8.0,13.0,1.0,1.14,1.0,1.14,2.0,3.0,2.0,0.0,2.02,3.57,3.77,1.74,2.11,2.02,3.57,3.77,1.83,3.8,4.36,1.74,2.11,1.78,2.08,0.4758199372827966,0.2692314491067925,0.25494861361041093,0.525954896383584,0.2532888053636733,0.22075629825274282,5.013495910078736,-1.5942643743119156,-3.4192315357668117,G Scott,football-data.co.uk,proxy_shots,,,,,,,,
2022-12-31,Man City,Everton,1,1,16.0,2.0,7.0,1.0,3.0,4.0,13.0,14.0,1.52,0.39,1.52,0.39,3.0,1.0,0.0,2.0,1.14,8.61,21.51,1.38,3.04,1.14,8.61,21.51,1.15,8.52,18.7,1.38,3.04,1.35,3.22,0.843595115012032,0.11169552045455475,0.04470936453341312,0.8357892638503464,0.11281193115350918,0.05139880499614429,-0.780585116168564,0.11164106989544342,0.6689440462731171,A Madley,football-data.co.uk,proxy_shots,,,,,,,,
2022-12-31,Newcastle,Leeds,0,0,16.0,8.0,9.0,3.0,3.0,5.0,13.0,19.0,1.78,0.62,1.78,0.62,5.0,1.0,1.0,5.0,1.47,4.73,6.73,1.64,2.29,1.47,4.73,6.73,1.46,4.74,6.98,1.64,2.29,1.65,2.26,0.653933618329016,0.2032309553792079,0.14283542629177615,0.6591149962945551,0.20301854316245788,0.13786646054298715,0.518137796553908,-0.021241221675002975,-0.4968965748788995,S Hooper,football-data.co.uk,proxy_shots,,,,,,,,
2022-12-31,Wolves,Man United,0,1,10.0,16.0,7.0,5.0,1.0,3.0,11.0,11.0,1.09,2.06,1.09,2.06,3.0,6.0,5.0,3.0,4.09,3.64,1.92,1.97,1.86,4.09,3.64,1.92,4.07,3.63,1.93,1.97,1.86,1.88,1.95,0.2350820069157596,0.264144342935565,0.5007736501486754,0.23640547863850633,0.26506068817044653,0.49853383319104716,0.1323471722746744,0.09163452348815437,-0.22398169576282045,R Jones,football-data.co.uk,proxy_shots,,,,,,,,
2023-01-01,Nott'm Forest,Chelsea,1,1,12.0,7.0,1.0,2.0,2.0,2.0,16.0,14.0,1.66,0.84,1.66,0.84,5.0,2.0,1.0,4.0,5.21,3.88,1.69,1.96,1.85,5.21,3.88,1.69,5.77,4.08,1.61,1.96,1.85,1.89,1.94,0.184310606039312,0.24748924161464322,0.5682001523460447,0.1667203890345456,0.23577858939444316,0.5975010215710113,-1.75902170047664,-1.1710652220200068,2.9300869224966553,P Bankes,football-data.co.uk,proxy_shots,,,,,,,,
2023-01-01,Tottenham,Aston Villa,0,2,6.0,13.0,5.0,3.0,4.0,3.0,15.0,10.0,0.69,1.64,0.69,1.64,2.0,4.0,2.0,2.0,1.68,4.06,4.94,1.77,2.06,1.68,4.06,4.94,1.66,4.16,5.09,1.77,2.06,1.65,2.27,0.5701663615378493,0.23593090822255836,0.19390273023959245,0.5796536488417549,0.23130410025896947,0.18904225089927568,0.9487287303905578,-0.4626807963588886,-0.48604793403167756,J Brooks,football-data.co.uk,proxy_shots,,,,,,,,
2023-01-02,Brentford,Liverpool,3,1,10.0,16.0,4.0,9.0,1.0,3.0,5.0,8.0,2.11,2.06,2.11,2.06,7.0,6.0,5.0,4.0,5.65,4.52,1.56,1.6,2.37,5.65,4.52,1.56,6.1,4.55,1.53,1.6,2.37,1.62,2.33,0.1703056768558952,0.21288209606986902,0.6168122270742358,0.15803811621017266,0.21187527667737432,0.630086607112453,-1.2267560645722542,-0.10068193924946955,1.3274380038217237,S Attwell,football-data.co.uk,proxy_shots,,,,,,,,
2023-01-03,Arsenal,Newcastle,0,0,17.0,8.0,5.0,5.0,4.0,4.0,10.0,16.0,1.66,0.62,1.66,0.62,4.0,1.0,1.0,4.0,1.82,3.83,4.39,1.8,2.04,1.82,3.83,4.39,1.77,3.88,4.73,1.8,2.04,1.86,1.98,0.529163689923554,0.2514563748461797,0.21937993523026617,0.5463308337376943,0.2492282411638451,0.20444092509846062,1.7167143814140307,-0.22281336823346265,-1.4939010131805541,A Madley,football-data.co.uk,proxy_shots,,,,,,,,
2023-01-03,Everton,Brighton,1,4,10.0,19.0,5.0,2.0,3.0,1.0,8.0,10.0,1.37,2.88,1.37,2.88,4.0,8.0,4.0,3.0,3.56,3.46,2.13,1.99,1.84,3.56,3.46,2.13,3.19,3.34,2.36,1.99,1.84,2.12,1.75,0.27025104326334237,0.27806176705708063,0.45168718967957694,0.3024085569375494,0.2888273343205936,0.4087641087418571,3.215751367420705,1.0765567263512965,-4.292308093771985,A Marriner,football-data.co.uk,proxy_shots,,,,,,,,
2023-01-03,Leicester,Fulham,0,1,15.0,11.0,6.0,3.0,2.0,6.0,12.0,11.0,1.91,1.06,1.91,1.06,6.0,2.0,1.0,6.0,2.23,3.63,3.16,1.74,2.11,2.23,3.63,3.16,2.37,3.59,2.97,1.74,2.11,1.69,2.2,0.4310305307656177,0.26479286049788636,0.304176608736496,0.40681050764035936,0.2685629256567275,0.324626566702913,-2.4220023125258336,0.37700651588411516,2.044995796641702,D Bond,football-data.co.uk,proxy_shots,,,,,,,,
2023-01-03,Man United,Bournemouth,3,0,18.0,7.0,6.0,5.0,0.0,3.0,13.0,7.0,2.37,1.1,2.37,1.1,6.0,4.0,4.0,3.0,1.29,5.94,10.56,1.54,2.48,1.29,5.94,10.56,1.27,6.14,11.57,1.54,2.48,1.54,2.49,0.7466415272213056,0.16214942257836434,0.09120905020032996,0.759528073429807,0.15710108359215882,0.08337084297803414,1.2886546208501382,-0.504833898620552,-0.7838207222295821,M Salisbury,football-data.co.uk,proxy_shots,,,,,,,,
2023-01-04,Aston Villa,Wolves,1,1,13.0,10.0,7.0,8.0,1.0,3.0,6.0,12.0,1.54,1.19,1.54,1.19,4.0,3.0,2.0,3.0,1.99,3.57,3.86,2.05,1.78,1.99,3.57,3.86,1.96,3.49,4.17,2.05,1.78,2.18,1.7,0.4824003444666543,0.2689010323497597,0.24869862318358607,0.49221595770946563,0.2764307384270924,0.23135330386344188,0.9815613242811327,0.7529706077332721,-1.7345319320144186,J Gillett,football-data.co.uk,proxy_shots,,,,,,,,
2023-01-04,Crystal Palace,Tottenham,0,4,19.0,14.0,10.0,4.0,1.0,2.0,11.0,8.0,1.76,2.25,1.76,2.25,4.0,6.0,2.0,4.0,3.34,3.48,2.19,1.88,1.93,3.34,3.48,2.19,3.33,3.42,2.24,1.88,1.93,1.94,1.89,0.2869535750593019,0.2754094657178357,0.4376369592228623,0.2889930060433218,0.2813879269369186,0.4296190670197596,0.20394309840198743,0.5978461219082909,-0.8017892203102672,M Oliver,football-data.co.uk,proxy_shots,,,,,,,,
2023-01-04,Leeds,West Ham,2,2,14.0,15.0,8.0,1.0,3.0,1.0,11.0,18.0,2.05,1.39,2.05,1.39,6.0,2.0,0.0,4.0,2.62,3.52,2.65,1.79,2.04,2.62,3.52,2.65,2.87,3.39,2.53,1.79,2.04,1.94,1.9,0.3658986247420901,0.27234499909780574,0.3617563761601042,0.335458460286853,0.2840017053165983,0.38053983439654876,-3.0440164455237118,1.1656706218792556,1.8783458236444561,D Coote,football-data.co.uk,proxy_shots,,,,,,,,
2023-01-04,Southampton,Nott'm Forest,0,1,8.0,11.0,6.0,2.0,2.0,2.0,14.0,17.0,0.44,0.88,0.44,0.88,0.0,1.0,0.0,0.0,2.03,3.46,3.82,2.02,1.8,2.03,3.46,3.82,2.36,3.29,3.17,2.02,1.8,2.13,1.72,0.47211704696452306,0.27699352755433,0.25088942548114707,0.40620606117258495,0.29138185543079037,0.30241208339662473,-6.59109857919381,1.4388327876460383,5.152265791547767,T Bramall,football-data.co.uk,proxy_shots,,,,,,,,
2023-01-05,Chelsea,Man City,0,1,8.0,12.0,3.0,2.0,2.0,0.0,9.0,9.0,0.8,1.3,0.8,1.3,2.0,3.0,2.0,2.0,5.17,4.03,1.66,1.79,2.04,5.17,4.03,1.66,5.23,4.12,1.66,1.79,2.04,1.76,2.11,0.18527657995241936,0.23768732465359999,0.5770360953939808,0.1845011681045413,0.2342090070841629,0.5812898248112959,-0.07754118478780492,-0.34783175694370894,0.4253729417315055,P Tierney,football-data.co.uk,proxy_shots,,,,,,,,
2023-01-12,Fulham,Chelsea,2,1,8.0,20.0,5.0,7.0,4.0,5.0,12.0,16.0,1.18,3.0,1.18,3.0,3.0,10.0,9.0,1.0,3.36,3.54,2.18,1.82,2.01,3.36,3.54,2.18,4.0,3.41,2.02,1.82,2.01,2.23,1.68,0.2864970820154141,0.2719294337773422,0.4415734842072437,0.24077711984675723,0.28243650421907,0.4767863759341727,-4.571996216865684,1.0507070441727828,3.521289172692904,D Coote,football-data.co.uk,proxy_shots,,,,,,,,
2023-01-13,Aston Villa,Leeds,2,1,11.0,16.0,0.0,11.0,2.0,2.0,12.0,8.0,1.7,1.7,1.7,1.7,5.0,4.0,3.0,3.0,1.94,3.63,4.02,1.79,2.06,1.94,3.63,4.02,2.03,3.6,3.75,1.79,2.06,1.77,2.08,0.4957803326810176,0.26496249184605347,0.2392571754729289,0.4750092362907057,0.26785243046392565,0.2571383332453686,-2.077109639031194,0.28899386178721787,1.7881157772439704,M Oliver,football-data.co.uk,proxy_shots,,,,,,,,
2023-01-14,Brentford,Bournemouth,2,0,12.0,7.0,5.0,3.0,1.0,1.0,5.0,9.0,1.58,0.74,1.58,0.74,4.0,2.0,2.0,2.0,1.66,4.09,5.2,1.81,2.02,1.66,4.09,5.2,1.63,4.01,5.74,1.81,2.02,1.91,1.93,0.579676963918734,0.23527231298413165,0.18505072309713427,0.5915563905330007,0.24045808393236687,0.16798552553463258,1.1879426614266664,0.5185770948235219,-1.7065197562501688,J Gillett,football-data.co.uk,proxy_shots,,,,,,,,
2023-01-14,Brighton,Liverpool,3,0,16.0,6.0,7.0,1.0,1.0,3.0,8.0,15.0,2.8,0.69,2.8,0.69,9.0,2.0,2.0,6.0,3.31,3.76,2.12,1.58,2.4,3.31,3.76,2.12,2.92,3.73,2.34,1.58,2.4,1.58,2.4,0.29055916016621713,0.25578479259313264,0.45365604724065034,0.3299562235848272,0.25830353159991837,0.41174024481525445,3.9397063418610045,0.25187390067857307,-4.1915802425395885,D England,football-data.co.uk,proxy_shots,,,,,,,,
2023-01-14,Everton,Southampton,1,2,12.0,13.0,6.0,4.0,0.0,3.0,7.0,19.0,1.48,1.81,1.48,1.81,4.0,5.0,3.0,3.0,2.25,3.39,3.32,2.1,1.76,2.25,3.39,3.32,2.38,3.23,3.24,2.1,1.76,2.27,1.65,0.4270898555344316,0.2834667182750652,0.28944342619050334,0.4046273169449191,0.2981464440646773,0.2972262389904035,-2.2462538589512473,1.4679725789612075,0.7782812799900174,J Brooks,football-data.co.uk,proxy_shots,,,,,,,,
2023-01-14,Man United,Man City,2,1,8.0,5.0,1.0,2.0,3.0,0.0,15.0,5.0,1.36,0.56,1.36,0.56,4.0,1.0,0.0,2.0,4.21,3.9,1.84,1.7,2.19,4.21,3.9,1.84,3.98,3.92,1.89,1.7,2.19,1.68,2.22,0.22896233097436616,0.24716190087232862,0.5238757681533052,0.24265211609885828,0.24636617910037142,0.5109817048007704,1.3689785124492122,-0.07957217719571918,-1.2894063352534735,S Attwell,football-data.co.uk,proxy_shots,,,,,,,,
2023-01-14,Nott'm Forest,Leicester,2,0,15.0,6.0,3.0,5.0,1.0,2.0,11.0,12.0,1.92,0.51,1.92,0.51,5.0,1.0,1.0,3.0,2.72,3.4,2.65,1.99,1.85,2.72,3.4,2.65,2.72,3.15,2.8,1.99,1.85,2.29,1.64,0.3538050734312416,0.28304405874499333,0.36315086782376504,0.35274356103023513,0.30459126539753634,0.3426651735722284,-0.10615124010064925,2.1547206652543007,-2.048569425153662,P Tierney,football-data.co.uk,proxy_shots,,,,,,,,
2023-01-14,Wolves,West Ham,1,0,17.0,16.0,4.0,3.0,0.0,2.0,10.0,7.0,1.76,1.6,1.76,1.6,4.0,4.0,4.0,3.0,2.7,3.27,2.75,2.22,1.68,2.7,3.27,2.75,2.51,3.18,3.05,2.22,1.68,2.25,1.66,0.35618798645356775,0.294100172301111,0.3497118412453211,0.3828104340412768,0.30215540548541026,0.31503416047331306,2.662244758770904,0.8055233184299238,-3.4677680772008057,S Hooper,football-data.co.uk,proxy_shots,,,,,,,,
2023-01-15,Chelsea,Crystal Palace,1,0,15.0,10.0,11.0,7.0,2.0,5.0,10.0,17.0,1.82,1.45,1.82,1.45,5.0,5.0,5.0,4.0,1.66,3.93,5.47,1.98,1.85,1.66,3.93,5.47,1.88,3.44,4.63,1.98,1.85,2.26,1.66,0.5794194781286809,0.24474206964214001,0.1758384522291792,0.5121483787155774,0.2798950441817691,0.20795657710265347,-6.727109941310349,3.5152974539629067,3.2118124873474265,P Bankes,football-data.co.uk,proxy_shots,,,,,,,,
2023-01-15,Newcastle,Fulham,1,0,20.0,5.0,10.0,5.0,1.0,3.0,6.0,14.0,2.1,0.28,2.1,0.28,5.0,0.0,0.0,4.0,1.52,4.42,6.32,1.74,2.12,1.52,4.42,6.32,1.49,4.6,6.78,1.74,2.12,1.68,2.22,0.6311546525920034,0.21704865880991972,0.15179668859807677,0.6478038891496795,0.20983212931152662,0.14236398153879387,1.6649236557676028,-0.7216529498393104,-0.9432707059282897,R Jones,football-data.co.uk,proxy_shots,,,,,,,,
2023-01-15,Tottenham,Arsenal,0,2,17.0,14.0,4.0,3.0,4.0,2.0,16.0,15.0,2.2,1.87,2.2,1.87,7.0,5.0,3.0,7.0,3.24,3.63,2.18,1.79,2.04,3.24,3.63,2.18,3.38,3.49,2.2,1.79,2.04,1.93,1.9,0.29596301864775715,0.2641653389583287,0.43987164239391424,0.2853193212982438,0.27632644870718165,0.4383542299945745,-1.064369734951337,1.2161109748852927,-0.15174123993397237,C Pawson,football-data.co.uk,proxy_shots,,,,,,,,
2023-01-18,Crystal Palace,Man United,1,1,10.0,15.0,3.0,3.0,1.0,2.0,9.0,10.0,1.55,1.65,1.55,1.65,5.0,4.0,3.0,4.0,4.56,3.78,1.8,1.93,1.9,4.56,3.78,1.8,5.28,3.95,1.68,1.93,1.9,1.88,1.95,0.21098459477561954,0.25452109845947757,0.5344943067649028,0.18249620487096563,0.24394429410599958,0.5735595010230348,-2.8488389904653912,-1.057680435347799,3.906519425813193,R Jones,football-data.co.uk,proxy_shots,,,,,,,,
2023-01-19,Man City,Tottenham,4,2,16.0,9.0,8.0,3.0,1.0,2.0,10.0,14.0,2.36,1.24,2.36,1.24,6.0,3.0,1.0,2.0,1.37,5.41,8.06,1.53,2.51,1.37,5.41,8.06,1.5,4.74,6.35,1.53,2.51,1.53,2.53,0.7026370279655486,0.17793211244229237,0.119430859592159,0.6440493002952883,0.2038130697136988,0.152137629991013,-5.858772767026032,2.5880957271406437,3.2706770398853986,S Hooper,football-data.co.uk,proxy_shots,,,,,,,,
2023-01-21,Bournemouth,Nott'm Forest,1,1,16.0,20.0,4.0,6.0,1.0,2.0,10.0,7.0,1.7,2.1,1.7,2.1,4.0,5.0,4.0,3.0,2.76,3.18,2.76,2.28,1.65,2.76,3.18,2.76,2.86,3.18,2.66,2.28,1.65,2.23,1.67,0.3486842105263158,0.3026315789473684,0.3486842105263158,0.3361842837384545,0.3023544187081697,0.3614612975533758,-1.2499926787861326,-0.02771602391987149,1.2777087027059986,A Madley,football-data.co.uk,proxy_shots,,,,,,,,
2023-01-21,Crystal Palace,Newcastle,0,0,6.0,16.0,3.0,15.0,4.0,2.0,13.0,7.0,0.51,2.14,0.51,2.14,1.0,7.0,7.0,1.0,4.4,3.58,1.88,2.14,1.73,4.4,3.58,1.88,4.55,3.61,1.84,2.14,1.73,2.09,1.76,0.21884348255859323,0.2689696433681034,0.5121868740733033,0.21127293661875518,0.26628583424247537,0.5224412291387696,-0.7570545939838053,-0.2683809125628045,1.0254355065466236,C Pawson,football-data.co.uk,proxy_shots,,,,,,,,
2023-01-21,Leicester,Brighton,2,2,9.0,13.0,5.0,6.0,0.0,1.0,9.0,9.0,1.05,1.64,1.05,1.64,2.0,4.0,2.0,0.0,3.51,3.65,2.08,1.83,2.01,3.51,3.65,2.08,4.14,3.88,1.85,1.83,2.01,1.74,2.13,0.2740368823612219,0.2635258786542161,0.4624372389845619,0.23229623109235542,0.24786247338204934,0.5198412955255952,-4.17406512688665,-1.5663405272166782,5.740405654103331,T Bramall,football-data.co.uk,proxy_shots,,,,,,,,
2023-01-21,Liverpool,Chelsea,0,0,15.0,11.0,5.0,5.0,3.0,1.0,16.0,9.0,1.36,0.96,1.36,0.96,3.0,2.0,2.0,3.0,1.89,3.82,4.08,1.71,2.18,1.89,3.82,4.08,2.05,3.59,3.71,1.71,2.18,1.85,1.99,0.510725310159061,0.25268870057607984,0.23658598926485908,0.4709004062381779,0.2688985606652548,0.2602010330965673,-3.982490392088306,1.6209860089174966,2.3615043831708205,M Oliver,football-data.co.uk,proxy_shots,,,,,,,,
2023-01-21,Southampton,Aston Villa,0,1,8.0,16.0,2.0,2.0,1.0,2.0,19.0,9.0,1.34,1.88,1.34,1.88,5.0,5.0,4.0,5.0,2.88,3.38,2.53,2.03,1.8,2.88,3.38,2.53,2.69,3.21,2.82,2.03,1.8,2.23,1.68,0.33440220239165963,0.28493442097277505,0.38066337663556515,0.3581781275595599,0.3001555025343352,0.341666369906105,2.377592516790028,1.5221081561560157,-3.899700672946016,M Salisbury,football-data.co.uk,proxy_shots,,,,,,,,
2023-01-21,West Ham,Everton,2,0,11.0,5.0,4.0,9.0,1.0,1.0,9.0,6.0,1.52,0.64,1.52,0.64,4.0,2.0,2.0,2.0,1.8,3.68,4.76,2.08,1.77,1.8,3.68,4.76,1.84,3.57,4.62,2.08,1.77,2.11,1.75,0.5355378369123905,0.26194785501149537,0.20251430807611406,0.5225548902195608,0.26932801064537587,0.20811709913506318,-1.2982946692829733,0.7380155633880503,0.5602791058949119,S Attwell,football-data.co.uk,proxy_shots,,,,,,,,
2023-01-22,Arsenal,Man United,3,2,25.0,6.0,12.0,4.0,1.0,2.0,8.0,9.0,2.58,1.25,2.58,1.25,5.0,4.0,2.0,2.0,1.86,3.86,4.08,1.7,2.17,1.86,3.86,4.08,1.87,3.79,4.19,1.7,2.17,1.76,2.09,0.5160630726278951,0.24867287955644687,0.23526404781565805,0.5155424686796937,0.25437055842507317,0.23008697289523322,-0.052060394820141465,0.5697678868626294,-0.5177074920424823,A Taylor,football-data.co.uk,proxy_shots,,,,,,,,
2023-01-22,Leeds,Brentford,0,0,9.0,6.0,2.0,3.0,2.0,2.0,10.0,18.0,1.4,0.33,1.4,0.33,5.0,0.0,0.0,5.0,2.38,3.67,2.89,1.68,2.21,2.38,3.67,2.89,2.38,3.55,2.96,1.68,2.21,1.77,2.05,0.4045257083576477,0.2623354729948778,0.3331388186474745,0.404125868209124,0.27093508910921554,0.32493904268166046,-0.0399840148523678,0.8599616114337738,-0.819977596581406,P Bankes,football-data.co.uk,proxy_shots,,,,,,,,
2023-01-22,Man City,Wolves,3,0,13.0,10.0,5.0,7.0,1.0,2.0,10.0,10.0,2.28,0.73,2.28,0.73,7.0,1.0,1.0,4.0,1.2,7.38,14.81,1.49,2.62,1.2,7.38,14.81,1.25,6.36,11.77,1.49,2.62,1.52,2.54,0.8040990010726441,0.13074780505246245,0.0651531938748935,0.7676110570479606,0.15086695303615577,0.08152198991588366,-3.648794402468347,2.0119147983693324,1.6368796040990161,D Coote,football-data.co.uk,proxy_shots,,,,,,,,
2023-01-23,Fulham,Tottenham,0,1,10.0,10.0,3.0,8.0,1.0,3.0,10.0,10.0,1.45,1.19,1.45,1.19,5.0,3.0,2.0,5.0,3.25,3.75,2.13,1.73,2.13,3.25,3.75,2.13,3.28,3.79,2.12,1.73,2.13,1.66,2.25,0.29476889011901475,0.25546637143647943,0.44976473844450604,0.2930312623087135,0.25359961487403176,0.45336912281725483,-0.17376278103012344,-0.1866756562447669,0.36043843727487923,P Tierney,football-data.co.uk,proxy_shots,,,,,,,,
2023-02-03,Chelsea,Fulham,0,0,12.0,10.0,6.0,2.0,1.0,4.0,16.0,12.0,1.2,1.27,1.2,1.27,3.0,4.0,4.0,3.0,1.64,4.05,5.55,1.88,1.95,1.64,4.05,5.55,1.6,4.12,5.86,1.88,1.95,1.87,1.97,0.5880852399827322,0.23813822063498294,0.17377653938228485,0.6019066993757355,0.23375017451484872,0.16434312610941582,1.3821459393003277,-0.43880461201342147,-0.9433413272869035,S Attwell,football-data.co.uk,proxy_shots,,,,,,,,
2023-02-04,Aston Villa,Leicester,2,4,19.0,9.0,11.0,3.0,0.0,2.0,10.0,10.0,1.96,1.79,1.96,1.79,4.0,5.0,1.0,2.0,1.99,3.64,3.83,1.91,1.92,1.99,3.64,3.83,2.11,3.5,3.59,1.91,1.92,1.96,1.88,0.483960217312065,0.2645826462777498,0.2514571364101852,0.4564957547529691,0.2752017264367899,0.26830251881024086,-2.74644625590959,1.0619080159040117,1.6845382400055675,D England,football-data.co.uk,proxy_shots,,,,,,,,
2023-02-04,Brentford,Southampton,3,0,14.0,14.0,4.0,4.0,1.0,2.0,10.0,9.0,1.79,1.85,1.79,1.85,4.0,6.0,6.0,1.0,1.89,3.64,4.21,1.99,1.84,1.89,3.64,4.21,1.76,3.72,5.03,1.99,1.84,2.06,1.8,0.5080882864901247,0.26381507183141084,0.22809664167846452,0.5485406723812428,0.25952461919112557,0.19193470842763163,4.04523858911181,-0.42904526402852694,-3.616193325083289,D Bond,football-data.co.uk,proxy_shots,,,,,,,,
2023-02-04,Brighton,Bournemouth,1,0,20.0,12.0,7.0,3.0,3.0,1.0,14.0,7.0,2.28,1.02,2.28,1.02,6.0,2.0,2.0,5.0,1.35,5.22,9.18,1.71,2.18,1.35,5.22,9.18,1.38,5.17,8.17,1.71,2.18,1.64,2.29,0.7113997113997114,0.183982683982684,0.10461760461760464,0.6964587513871004,0.18590194911299776,0.11763929949990189,-1.4940960012610915,0.1919265130313763,1.302169488229725,C Pawson,football-data.co.uk,proxy_shots,,,,,,,,
2023-02-04,Everton,Arsenal,1,0,12.0,15.0,7.0,5.0,4.0,1.0,13.0,8.0,1.48,1.36,1.48,1.36,4.0,3.0,3.0,3.0,8.22,4.75,1.41,1.84,1.99,8.22,4.75,1.41,7.82,4.31,1.47,1.84,1.99,2.01,1.84,0.11681815089817851,0.20215688429116369,0.6810249648106579,0.12293903402134074,0.2230587577834999,0.6540022081951595,0.6120883123162224,2.0901873492336214,-2.7022756615498356,D Coote,football-data.co.uk,proxy_shots,,,,,,,,
2023-02-04,Man United,Crystal Palace,2,1,14.0,10.0,5.0,5.0,3.0,2.0,9.0,9.0,1.87,1.19,1.87,1.19,5.0,3.0,2.0,3.0,1.4,4.83,8.33,1.85,1.99,1.4,4.83,8.33,1.37,5.03,8.92,1.85,1.99,1.77,2.08,0.6859076100576392,0.198813800016707,0.11527858992565365,0.7012852634688516,0.1910061254378383,0.10770861109331016,1.5377653411212333,-0.7807674578868717,-0.7569978832343491,A Marriner,football-data.co.uk,proxy_shots,,,,,,,,
2023-02-04,Newcastle,West Ham,1,1,8.0,10.0,4.0,2.0,2.0,1.0,11.0,13.0,0.9,0.83,0.9,0.83,2.0,1.0,0.0,1.0,1.62,3.92,6.03,2.06,1.78,1.62,3.92,6.03,1.67,3.87,5.52,2.06,1.78,1.93,1.91,0.5945578847285734,0.24571014623986961,0.15973196903155704,0.5766810550781915,0.2488520315195296,0.17446691340227893,-1.7876829650381953,0.3141885279659973,1.4734944370721896,P Bankes,football-data.co.uk,proxy_shots,,,,,,,,
2023-02-04,Wolves,Liverpool,3,0,12.0,22.0,2.0,7.0,1.0,1.0,9.0,7.0,2.04,1.93,2.04,1.93,6.0,4.0,4.0,3.0,4.02,3.85,1.88,1.79,2.05,4.02,3.85,1.88,3.97,3.76,1.92,1.79,2.05,1.8,2.04,0.23909409829350636,0.24965150003633646,0.5112544016701571,0.24250893552981645,0.256053317567386,0.5014377469027976,0.34148372363100865,0.6401817531049514,-0.981665476735949,P Tierney,football-data.co.uk,proxy_shots,,,,,,,,
2023-02-05,Nott'm Forest,Leeds,1,0,6.0,10.0,0.0,2.0,4.0,2.0,15.0,14.0,0.79,1.27,0.79,1.27,2.0,4.0,4.0,1.0,2.64,3.43,2.71,1.91,1.93,2.64,3.43,2.71,2.79,3.4,2.59,1.91,1.93,1.9,1.93,0.3644515367635238,0.28051080380632737,0.3550376594301487,0.34508838824207133,0.28317547152805267,0.37173614022987606,-1.936314852145249,0.26646677217253,1.6698480799727355,R Jones,football-data.co.uk,proxy_shots,,,,,,,,
2023-02-05,Tottenham,Man City,1,0,12.0,15.0,4.0,6.0,4.0,3.0,19.0,14.0,1.3,1.72,1.3,1.72,3.0,5.0,5.0,2.0,4.43,4.16,1.75,1.64,2.27,4.43,4.16,1.75,3.98,3.84,1.9,1.64,2.27,1.72,2.14,0.21756476885237577,0.23168555913846742,0.5507496720091568,0.2420607009674465,0.250885830690218,0.5070534683423353,2.449593211507073,1.920027155175061,-4.369620366682147,A Madley,football-data.co.uk,proxy_shots,,,,,,,,
2023-02-08,Man United,Leeds,2,2,24.0,8.0,6.0,5.0,1.0,3.0,7.0,11.0,2.78,1.0,2.78,1.0,7.0,2.0,0.0,5.0,1.47,4.83,6.54,1.6,2.37,1.47,4.83,6.54,1.52,4.53,6.31,1.6,2.37,1.69,2.2,0.6539715664536324,0.19903482457284463,0.14699360897352287,0.6343453666244278,0.21284877643910158,0.15280585693647072,-1.962619982920466,1.3813951866256946,0.5812247962947853,S Hooper,football-data.co.uk,proxy_shots,,,,,,,,
2023-02-11,Arsenal,Brentford,1,1,23.0,9.0,7.0,4.0,0.0,2.0,9.0,9.0,2.62,0.95,2.62,0.95,7.0,2.0,1.0,6.0,1.45,4.72,7.52,1.73,2.14,1.45,4.72,7.52,1.54,4.27,6.59,1.73,2.14,1.81,2.04,0.6666566495875468,0.20479918260634383,0.12854416780610942,0.6272175500460282,0.22620960821332167,0.14657284174065,-3.9439099541518585,2.141042560697784,1.8028673934540578,P Bankes,football-data.co.uk,proxy_shots,,,,,,,,
2023-02-11,Bournemouth,Newcastle,1,1,11.0,15.0,4.0,6.0,2.0,3.0,8.0,10.0,1.6,2.19,1.6,2.19,5.0,7.0,6.0,4.0,6.39,4.06,1.57,2.02,1.83,6.39,4.06,1.57,5.81,4.0,1.62,2.02,1.83,1.94,1.9,0.15051275209622691,0.23689076007263302,0.6125964878311401,0.16559252993698284,0.24052314973346756,0.5938843203295495,1.5079777840755926,0.36323896608345396,-1.8712167501590549,S Attwell,football-data.co.uk,proxy_shots,,,,,,,,
2023-02-11,Crystal Palace,Brighton,1,1,6.0,17.0,1.0,6.0,4.0,1.0,10.0,11.0,0.61,2.3,0.61,2.3,1.0,7.0,6.0,0.0,3.81,3.51,2.04,2.05,1.79,3.81,3.51,2.04,4.78,3.7,1.79,2.05,1.79,2.1,1.77,0.25296492957298655,0.27458586372452387,0.4724492067024896,0.20152014897216508,0.2603422465099862,0.5381376045178486,-5.144478060082147,-1.4243617214537652,6.568839781535907,M Oliver,football-data.co.uk,proxy_shots,,,,,,,,
2023-02-11,Fulham,Nott'm Forest,2,0,16.0,10.0,5.0,4.0,0.0,1.0,9.0,11.0,1.62,0.73,1.62,0.73,3.0,1.0,1.0,1.0,1.93,3.56,4.22,2.06,1.78,1.93,3.56,4.22,1.94,3.51,4.24,2.06,1.78,2.06,1.8,0.5001298329482733,0.2711378026938672,0.22873236435785954,0.49744964468837527,0.2749436782608114,0.22760667705081317,-0.268018825989802,0.38058755669441724,-0.11256873070463747,A Madley,football-data.co.uk,proxy_shots,,,,,,,,
2023-02-11,Leicester,Tottenham,4,1,15.0,11.0,1.0,5.0,5.0,2.0,14.0,9.0,2.48,1.43,2.48,1.43,7.0,4.0,3.0,3.0,3.39,3.64,2.13,1.75,2.11,3.39,3.64,2.13,3.51,3.71,2.07,1.75,2.11,1.72,2.17,0.2838596298533692,0.2643637761546488,0.451776593991982,0.27459372485921163,0.25979082864038616,0.4656154465004023,-0.9265904994157581,-0.45729475142626264,1.3838852508420318,M Salisbury,football-data.co.uk,proxy_shots,,,,,,,,
2023-02-11,Southampton,Wolves,1,2,17.0,11.0,5.0,2.0,2.0,4.0,12.0,14.0,1.4,1.17,1.4,1.17,2.0,2.0,0.0,1.0,3.03,3.18,2.54,2.29,1.64,3.03,3.18,2.54,3.13,3.16,2.47,2.29,1.64,2.31,1.63,0.31788986492868615,0.30289505997921984,0.37921507509209407,0.3069638299294847,0.30404961635420474,0.3889865537163106,-1.0926034999201473,0.11545563749849053,0.9771478624216512,J Gillett,football-data.co.uk,proxy_shots,,,,,,,,
2023-02-11,West Ham,Chelsea,1,1,10.0,12.0,5.0,6.0,1.0,1.0,9.0,11.0,1.01,1.48,1.01,1.48,2.0,4.0,3.0,1.0,3.4,3.29,2.27,2.24,1.67,3.4,3.29,2.27,3.46,3.32,2.23,2.24,1.67,2.15,1.72,0.2831872836271391,0.2926555514687759,0.4241571649040849,0.2782617846699691,0.28999571534882324,0.4317424999812076,-0.49254989571699825,-0.26598361199526854,0.7585335077122723,C Pawson,football-data.co.uk,proxy_shots,,,,,,,,
2023-02-12,Leeds,Man United,0,2,16.0,11.0,7.0,3.0,2.0,1.0,10.0,13.0,1.96,1.7,1.96,1.7,6.0,5.0,3.0,6.0,3.86,3.85,1.92,1.65,2.27,3.86,3.85,1.92,3.73,3.79,1.97,1.65,2.27,1.66,2.26,0.24918925843272363,0.24983650325982157,0.5009742383074548,0.2578934824583522,0.2538107360342094,0.48829578150743835,0.8704224025628565,0.3974232774387826,-1.2678456800016447,P Tierney,football-data.co.uk,proxy_shots,,,,,,,,
2023-02-12,Man City,Aston Villa,3,1,17.0,6.0,8.0,4.0,1.0,2.0,13.0,14.0,2.85,0.79,2.85,0.79,9.0,2.0,1.0,6.0,1.25,6.59,11.89,1.49,2.62,1.25,6.59,11.89,1.32,5.56,9.78,1.49,2.62,1.5,2.61,0.7723130724823098,0.14649337490180384,0.08119355261588622,0.7286614780986685,0.172991573937094,0.09834694796423747,-4.36515943836413,2.649819903529016,1.7153395348351252,R Jones,football-data.co.uk,proxy_shots,,,,,,,,
2023-02-13,Liverpool,Everton,2,0,15.0,6.0,3.0,3.0,1.0,3.0,8.0,16.0,2.1,0.51,2.1,0.51,6.0,1.0,1.0,4.0,1.53,4.38,6.23,1.78,2.06,1.53,4.38,6.23,1.6,4.2,5.75,1.78,2.06,1.75,2.12,0.6269981870696014,0.21901991466129914,0.15398189826909955,0.602695283254305,0.22959820314449714,0.1677065136011979,-2.430290381529643,1.0578288483198,1.3724615332098344,S Hooper,football-data.co.uk,proxy_shots,,,,,,,,
2023-02-15,Arsenal,Man City,1,3,10.0,9.0,1.0,3.0,2.0,3.0,11.0,15.0,0.83,1.88,0.83,1.88,1.0,6.0,3.0,0.0,2.93,3.51,2.42,1.85,1.99,2.93,3.51,2.42,3.23,3.43,2.29,1.85,1.99,1.93,1.92,0.3283531317285874,0.27409534927770973,0.39755151899370295,0.2983141095999666,0.2809197008769364,0.42076618952309697,-3.003902212862075,0.6824351599226675,2.3214670529394024,A Taylor,football-data.co.uk,proxy_shots,,,,,,,,
2023-02-18,Aston Villa,Arsenal,2,4,7.0,20.0,2.0,9.0,2.0,1.0,13.0,4.0,1.48,2.4,1.48,2.4,5.0,5.0,1.0,3.0,4.43,3.71,1.84,1.98,1.86,4.43,3.71,1.84,4.36,3.66,1.87,1.98,1.86,1.93,1.91,0.2173119960271099,0.25948575266848967,0.5232022513044005,0.22110159909546115,0.2633887901792925,0.5155096107252463,0.3789603068351244,0.39030375108028426,-0.7692640579154197,S Hooper,football-data.co.uk,proxy_shots,,,,,,,,
2023-02-18,Brentford,Crystal Palace,1,1,12.0,10.0,2.0,6.0,2.0,2.0,10.0,8.0,1.66,1.37,1.66,1.37,5.0,4.0,3.0,4.0,1.86,3.54,4.59,2.14,1.72,1.86,3.54,4.59,1.81,3.55,4.76,2.14,1.72,2.19,1.7,0.5179596052329584,0.2721482671563002,0.20989212761074133,0.5290693851736586,0.2697508696237527,0.2011797452025887,1.1109779940700282,-0.2397397532547474,-0.8712382408152641,P Tierney,football-data.co.uk,proxy_shots,,,,,,,,
2023-02-18,Brighton,Fulham,0,1,21.0,5.0,10.0,2.0,0.0,5.0,12.0,14.0,2.42,0.73,2.42,0.73,7.0,2.0,1.0,7.0,1.67,4.06,5.15,1.75,2.11,1.67,4.06,5.15,1.54,4.36,6.2,1.75,2.11,1.72,2.17,0.5761689956103246,0.236995621347104,0.18683538304257127,0.6243763627628516,0.22053660519605306,0.15508703204109536,4.820736715252694,-1.6459016151050943,-3.174835100147591,D England,football-data.co.uk,proxy_shots,,,,,,,,
2023-02-18,Chelsea,Southampton,0,1,17.0,8.0,8.0,2.0,3.0,6.0,16.0,24.0,1.83,1.44,1.83,1.44,5.0,5.0,4.0,5.0,1.38,4.76,9.42,1.93,1.9,1.38,4.76,9.42,1.43,4.64,7.91,1.93,1.9,1.77,2.1,0.6961787118290388,0.20183332401766246,0.10198796415329867,0.6716036370356951,0.20698129331056983,0.121415069653735,-2.4575074793343643,0.5147969292907367,1.9427105500436332,D Coote,football-data.co.uk,proxy_shots,,,,,,,,
2023-02-18,Everton,Leeds,1,0,15.0,8.0,6.0,4.0,2.0,3.0,8.0,6.0,2.0,0.44,2.0,0.44,6.0,0.0,0.0,5.0,2.48,3.31,2.99,2.08,1.77,2.48,3.31,2.99,2.74,3.2,2.77,2.08,1.77,2.23,1.68,0.3877958849413618,0.29055401651195684,0.32165009854668136,0.35144200651817076,0.30092221808118375,0.3476357754006455,-3.6353878423191044,1.036820156922691,2.5985676853964135,A Madley,football-data.co.uk,proxy_shots,,,,,,,,
2023-02-18,Newcastle,Liverpool,0,2,14.0,13.0,6.0,7.0,3.0,1.0,3.0,8.0,1.49,2.18,1.49,2.18,4.0,7.0,5.0,4.0,2.57,3.51,2.75,1.79,2.04,2.57,3.51,2.75,2.53,3.48,2.82,1.79,2.04,1.85,2.0,0.3749898021421329,0.2745651827650375,0.35044501509282966,0.3810722024183966,0.277043871298432,0.34188392628317144,0.6082400276263722,0.2478688533394502,-0.8561088809658224,A Taylor,football-data.co.uk,proxy_shots,,,,,,,,
2023-02-18,Nott'm Forest,Man City,1,1,4.0,26.0,0.0,10.0,1.0,0.0,8.0,6.0,0.5,2.61,0.5,2.61,1.0,6.0,5.0,0.0,10.01,5.62,1.31,1.64,2.28,10.01,5.62,1.31,10.83,5.46,1.31,1.64,2.28,1.61,2.35,0.095947557391684,0.1708959162794941,0.7331565263288219,0.088883421128173,0.17630173091906845,0.7348148479527585,-0.7064136263510989,0.5405814639574347,0.16583216239366427,G Scott,football-data.co.uk,proxy_shots,,,,,,,,
2023-02-18,Wolves,Bournemouth,0,1,15.0,5.0,12.0,2.0,3.0,3.0,12.0,10.0,1.54,0.56,1.54,0.56,4.0,1.0,0.0,4.0,1.68,3.81,5.53,2.08,1.76,1.68,3.81,5.53,1.82,3.6,4.71,2.08,1.76,2.04,1.82,0.5731505284204513,0.25272779205941165,0.17412167952013713,0.5285503207585988,0.2672115510501805,0.20423812819122078,-4.460020766185258,1.448375899076887,3.011644867108365,M Salisbury,football-data.co.uk,proxy_shots,,,,,,,,
2023-02-19,Man United,Leicester,3,0,26.0,19.0,6.0,6.0,0.0,2.0,9.0,9.0,3.17,1.58,3.17,1.58,8.0,3.0,3.0,5.0,1.62,4.32,5.22,1.62,2.32,1.62,4.32,5.22,1.56,4.49,5.7,1.62,2.32,1.58,2.43,0.5933503836317134,0.22250639386189255,0.18414322250639387,0.6168563536710581,0.21431980216633642,0.16882384416260537,2.3505970039344626,-0.8186591695556134,-1.5319378343788492,S Attwell,football-data.co.uk,proxy_shots,,,,,,,,
2023-02-19,Tottenham,West Ham,2,0,16.0,6.0,4.0,7.0,2.0,1.0,16.0,10.0,2.16,0.51,2.16,0.51,6.0,1.0,1.0,4.0,1.83,3.76,4.39,1.84,1.99,1.83,3.76,4.39,1.87,3.51,4.5,1.84,1.99,2.06,1.78,0.525331865096162,0.25568013646967463,0.21898799843416328,0.5132629485567222,0.27344778170970674,0.21328926973357124,-1.2068916539439867,1.7767645240032104,-0.5698728700592043,M Oliver,football-data.co.uk,proxy_shots,,,,,,,,
2023-02-24,Fulham,Wolves,1,1,10.0,8.0,4.0,3.0,2.0,0.0,12.0,17.0,1.55,0.9,1.55,0.9,5.0,2.0,1.0,4.0,2.54,3.22,3.0,2.23,1.67,2.54,3.22,3.0,2.62,3.18,2.92,2.23,1.67,2.29,1.65,0.3794365798859334,0.2993071158106431,0.3212563043034236,0.36749038294099956,0.3027750953790625,0.32973452167993794,-1.1946196944933818,0.3467979568419377,0.847821737651433,M Oliver,football-data.co.uk,proxy_shots,,,,,,,,
2023-02-25,Bournemouth,Man City,1,4,13.0,20.0,4.0,6.0,2.0,2.0,10.0,9.0,1.18,2.4,1.18,2.4,2.0,5.0,1.0,1.0,10.21,5.81,1.3,1.56,2.45,10.21,5.81,1.3,10.02,5.21,1.34,1.56,2.45,1.62,2.35,0.09424039348140459,0.16561005463771789,0.7401495518808775,0.09614611278514415,0.1849105662393751,0.7189433209754807,0.19057193037395614,1.9300511601657218,-2.120623090539675,P Tierney,football-data.co.uk,proxy_shots,,,,,,,,
2023-02-25,Crystal Palace,Liverpool,0,0,6.0,12.0,5.0,3.0,2.0,5.0,11.0,14.0,0.33,1.38,0.33,1.38,0.0,4.0,4.0,0.0,4.7,3.93,1.74,1.82,2.02,4.7,3.93,1.74,4.94,4.04,1.7,1.82,2.02,1.8,2.06,0.20420339711889918,0.2442127141116606,0.5515838887694403,0.19498290918588673,0.238419695885713,0.5665973949284002,-0.9220487933012445,-0.5793018225947605,1.501350615895991,D England,football-data.co.uk,proxy_shots,,,,,,,,
2023-02-25,Everton,Aston Villa,0,2,15.0,9.0,5.0,1.0,2.0,1.0,12.0,12.0,1.72,1.59,1.72,1.59,5.0,5.0,3.0,5.0,2.54,3.21,2.98,2.27,1.65,2.54,3.21,2.98,2.61,3.14,2.98,2.27,1.65,2.38,1.6,0.3782682969266541,0.2993151009949226,0.3224166020784233,0.36940593121308785,0.30705397467075135,0.3235400941161608,-0.8862365713566245,0.7738873675828761,0.11234920377374835,A Taylor,football-data.co.uk,proxy_shots,,,,,,,,
2023-02-25,Leeds,Southampton,1,0,14.0,8.0,9.0,2.0,2.0,4.0,15.0,13.0,1.59,0.8,1.59,0.8,4.0,2.0,2.0,3.0,1.99,3.57,3.89,2.01,1.82,1.99,3.57,3.89,1.95,3.66,3.95,2.01,1.82,1.91,1.93,0.48332735872368415,0.2694177713893926,0.24725486988692327,0.49347191644053046,0.26291536531667603,0.24361271824279346,1.0144557716846303,-0.6502406072716571,-0.3642151644129815,P Bankes,football-data.co.uk,proxy_shots,,,,,,,,
2023-02-25,Leicester,Arsenal,0,1,1.0,10.0,0.0,8.0,0.0,1.0,14.0,9.0,0.2,1.01,0.2,1.01,0.0,2.0,1.0,0.0,4.73,4.09,1.71,1.67,2.23,4.73,4.09,1.71,5.84,4.29,1.58,1.67,2.23,1.7,2.19,0.20314628542548338,0.23493445722800407,0.5619192573465126,0.16508439075476752,0.22473026620229425,0.6101853430429381,-3.8061894670715857,-1.0204191025709823,4.826608569642554,C Pawson,football-data.co.uk,proxy_shots,,,,,,,,
2023-02-25,West Ham,Nott'm Forest,4,0,18.0,8.0,12.0,3.0,0.0,0.0,8.0,5.0,2.29,0.98,2.29,0.98,5.0,3.0,3.0,1.0,1.78,3.61,4.97,2.17,1.71,1.78,3.61,4.97,1.7,3.76,5.42,2.17,1.71,2.11,1.76,0.5401832354331444,0.2663507365847637,0.19346602798209195,0.5663217100363482,0.2560497093249447,0.177628580638707,2.6138474603203843,-1.0301027259819018,-1.5837447343384936,J Gillett,football-data.co.uk,proxy_shots,,,,,,,,
2023-02-26,Tottenham,Chelsea,2,0,8.0,10.0,4.0,4.0,2.0,3.0,10.0,10.0,1.18,0.91,1.18,0.91,3.0,2.0,2.0,1.0,2.54,3.33,2.91,2.04,1.81,2.54,3.33,2.91,2.93,3.29,2.53,2.04,1.81,2.04,1.8,0.3794180869932928,0.28940598827716635,0.3311759247295408,0.32801078171364617,0.29211902444406784,0.37987019384228593,-5.140730527964665,0.27130361669014946,4.869426911274511,S Attwell,football-data.co.uk,proxy_shots,,,,,,,,
2023-03-01,Arsenal,Everton,4,0,15.0,8.0,5.0,1.0,0.0,2.0,5.0,12.0,2.12,1.34,2.12,1.34,5.0,5.0,5.0,1.0,1.36,5.04,9.33,1.82,2.02,1.36,5.04,9.33,1.32,5.2,11.22,1.82,2.02,1.84,2.0,0.7064104413037208,0.19061869051052785,0.10297086818575138,0.7291322995710987,0.18508742989112503,0.08578027053777632,2.2721858267377937,-0.5531260619402817,-1.7190597647975063,M Oliver,football-data.co.uk,proxy_shots,,,,,,,,
2023-03-01,Liverpool,Wolves,2,0,15.0,4.0,5.0,2.0,2.0,3.0,13.0,14.0,2.1,0.4,2.1,0.4,6.0,1.0,1.0,4.0,1.49,4.59,6.6,1.73,2.14,1.49,4.59,6.6,1.52,4.41,6.47,1.73,2.14,1.76,2.1,0.6450046947757047,0.20938060897947713,0.14561469624481818,0.6330710024117878,0.2182013432349019,0.14872765435331026,-1.1933692363916837,0.8820734255424761,0.31129581084920754,P Tierney,football-data.co.uk,proxy_shots,,,,,,,,
2023-03-04,Arsenal,Bournemouth,3,2,31.0,4.0,17.0,1.0,0.0,2.0,6.0,8.0,3.62,1.14,3.62,1.14,9.0,4.0,2.0,6.0,1.22,6.82,13.83,1.58,2.41,1.22,6.82,13.83,1.22,6.78,13.69,1.58,2.41,1.54,2.49,0.7892039065010175,0.14117723840634033,0.06961885509264217,0.7879865796881951,0.1417910954601177,0.07022232485168722,-0.12173268128223835,0.06138570537773669,0.06034697590450583,C Kavanagh,football-data.co.uk,proxy_shots,,,,,,,,
2023-03-04,Aston Villa,Crystal Palace,1,0,8.0,3.0,2.0,4.0,2.0,5.0,14.0,17.0,0.72,0.2,0.72,0.2,1.0,0.0,0.0,0.0,2.07,3.32,3.88,2.28,1.64,2.07,3.32,3.88,2.15,3.31,3.67,2.28,1.64,2.23,1.68,0.4636070482552113,0.28905620177358055,0.2473367499712081,0.44735165551451495,0.29057584874809883,0.26207249573738617,-1.6255392740696373,0.1519646974518285,1.473574576617806,C Pawson,football-data.co.uk,proxy_shots,,,,,,,,
2023-03-04,Brighton,West Ham,4,0,20.0,3.0,7.0,3.0,0.0,3.0,6.0,8.0,3.12,0.53,3.12,0.53,9.0,2.0,2.0,5.0,1.79,3.8,4.61,1.93,1.9,1.79,3.8,4.61,1.68,3.94,5.22,1.93,1.9,1.92,1.92,0.5378255490161765,0.2533441401944621,0.20883031078936137,0.5720054734172145,0.24390081100023359,0.1840937155825518,3.417992440103801,-0.9443329194228522,-2.473659520680957,S Attwell,football-data.co.uk,proxy_shots,,,,,,,,
2023-03-04,Chelsea,Leeds,1,0,13.0,11.0,5.0,7.0,2.0,0.0,10.0,7.0,1.35,0.96,1.35,0.96,3.0,2.0,2.0,2.0,1.64,4.02,5.52,1.9,1.93,1.64,4.02,5.52,1.58,4.14,6.03,1.9,1.93,1.9,1.93,0.586489058039962,0.2392641928322233,0.17424674912781482,0.6083962098613792,0.23218985786980176,0.1594139322688191,2.1907151821417226,-0.7074334962421547,-1.4832816858995734,M Oliver,football-data.co.uk,proxy_shots,,,,,,,,
2023-03-04,Man City,Newcastle,2,0,11.0,5.0,8.0,4.0,2.0,4.0,8.0,13.0,1.34,0.64,1.34,0.64,3.0,2.0,2.0,1.0,1.48,4.59,6.76,1.71,2.17,1.48,4.59,6.76,1.5,4.44,6.67,1.71,2.17,1.72,2.14,0.6487713898599936,0.20918990348426808,0.14203870665573826,0.6399076919087809,0.21618503105026382,0.14390727704095524,-0.8863697951212668,0.699512756599574,0.18685703852169833,S Hooper,football-data.co.uk,proxy_shots,,,,,,,,
2023-03-04,Southampton,Leicester,1,0,11.0,11.0,3.0,4.0,4.0,2.0,12.0,11.0,1.6,0.6,1.6,0.6,5.0,0.0,0.0,4.0,2.77,3.31,2.64,2.03,1.81,2.77,3.31,2.64,2.79,3.32,2.62,2.03,1.81,1.99,1.85,0.3464882890098692,0.2899614986578059,0.3635502123323249,0.3442048197538681,0.28925645997388316,0.3665387202722488,-0.22834692560011471,-0.0705038683922743,0.29885079399239456,R Jones,football-data.co.uk,proxy_shots,,,,,,,,
2023-03-04,Wolves,Tottenham,1,0,8.0,21.0,4.0,8.0,1.0,1.0,11.0,18.0,1.44,2.24,1.44,2.24,5.0,6.0,6.0,4.0,3.31,3.36,2.27,2.09,1.76,3.31,3.36,2.27,3.26,3.25,2.35,2.09,1.76,2.25,1.67,0.29042170395049977,0.28609995240361735,0.42347834364588294,0.29495819414138685,0.29586575781566804,0.40917604804294516,0.4536490190887088,0.9765805412050688,-1.4302295602937776,T Robinson,football-data.co.uk,proxy_shots,,,,,,,,
2023-03-05,Liverpool,Man United,7,0,18.0,8.0,4.0,3.0,2.0,3.0,13.0,14.0,3.13,1.16,3.13,1.16,8.0,4.0,4.0,1.0,2.4,3.68,2.85,1.65,2.27,2.4,3.68,2.85,2.46,3.58,2.85,1.65,2.27,1.72,2.16,0.4009174311926606,0.26146788990825687,0.3376146788990826,0.39210938941154766,0.2694382955174322,0.3384523150710201,-0.8808041781112941,0.7970405609175335,0.08376361719374947,A Madley,football-data.co.uk,proxy_shots,,,,,,,,
2023-03-05,Nott'm Forest,Everton,2,2,10.0,10.0,3.0,3.0,3.0,5.0,11.0,17.0,1.47,1.29,1.47,1.29,4.0,3.0,1.0,2.0,2.68,3.08,2.92,2.47,1.54,2.68,3.08,2.92,3.04,3.03,2.62,2.47,1.54,2.59,1.51,0.3586880224618722,0.31210516240188885,0.3292068151362389,0.31609502042636556,0.3171382383155615,0.36676674125807296,-4.259300203550664,0.5033075913672636,3.755992612183406,J Brooks,football-data.co.uk,proxy_shots,,,,,,,,
2023-03-06,Brentford,Fulham,3,2,14.0,9.0,2.0,3.0,0.0,3.0,12.0,17.0,2.15,1.59,2.15,1.59,6.0,5.0,3.0,3.0,2.0,3.65,3.71,1.89,1.93,2.0,3.65,3.71,2.04,3.54,3.74,1.89,1.93,2.0,1.84,0.47915008049820423,0.2625479893140845,0.2583019301877112,0.4713144517066085,0.2716049382716049,0.25708061002178645,-0.7835628791595717,0.9056948957520405,-0.12213201659247441,A Taylor,football-data.co.uk,proxy_shots,,,,,,,,
2023-03-11,Bournemouth,Liverpool,1,0,5.0,15.0,3.0,8.0,2.0,1.0,7.0,9.0,0.73,1.91,0.73,1.91,2.0,6.0,6.0,1.0,7.07,4.95,1.43,1.62,2.31,7.07,4.95,1.43,7.17,5.05,1.41,1.62,2.31,1.52,2.53,0.1356421660588942,0.19373537657300646,0.6706224573680993,0.13324613061320728,0.1891831200983557,0.6775707492884371,-0.23960354456869226,-0.45522564746507677,0.6948291920337746,J Brooks,football-data.co.uk,proxy_shots,,,,,,,,
2023-03-11,Crystal Palace,Man City,0,1,4.0,14.0,2.0,6.0,2.0,2.0,11.0,17.0,0.22,1.59,0.22,1.59,0.0,4.0,3.0,0.0,9.05,5.12,1.36,1.75,2.05,9.05,5.12,1.36,9.92,5.05,1.34,1.75,2.05,1.85,1.98,0.10613469253374629,0.18760136082625078,0.7062639466400029,0.09645674341964601,0.18947542469760165,0.7140678318827524,-0.9677949114100276,0.18740638713508617,0.7803885242749442,R Jones,football-data.co.uk,proxy_shots,,,,,,,,
2023-03-11,Everton,Brentford,1,0,13.0,12.0,5.0,8.0,2.0,1.0,11.0,12.0,1.9,1.38,1.9,1.38,6.0,4.0,4.0,5.0,2.71,3.2,2.76,2.25,1.66,2.71,3.2,2.76,2.68,3.07,2.91,2.25,1.66,2.47,1.55,0.3535119038088986,0.299380393538161,0.34710770265294033,0.3579192391056125,0.3124506712713491,0.32963008962303836,0.44073352967139434,1.307027773318814,-1.7477613029901973,S Hooper,football-data.co.uk,proxy_shots,,,,,,,,
2023-03-11,Leeds,Brighton,2,2,12.0,14.0,4.0,7.0,1.0,1.0,12.0,9.0,1.58,1.33,1.58,1.33,4.0,2.0,0.0,2.0,3.84,3.67,1.97,1.85,1.98,3.84,3.67,1.97,4.29,3.75,1.84,1.85,1.98,1.86,1.97,0.25027780181739506,0.2618710514928602,0.48785114668974466,0.22343763661268543,0.25561265628491214,0.5209497071024024,-2.684016520470964,-0.6258395207948075,3.309856041265774,P Tierney,football-data.co.uk,proxy_shots,,,,,,,,
2023-03-11,Leicester,Chelsea,1,3,17.0,12.0,2.0,5.0,3.0,2.0,10.0,11.0,2.3,2.04,2.3,2.04,7.0,6.0,3.0,6.0,3.83,3.56,2.0,1.98,1.85,3.83,3.56,2.0,4.02,3.63,1.93,1.98,1.85,1.93,1.89,0.250573644720357,0.26957782564015936,0.47984852963948366,0.23864414400604964,0.26428359749430286,0.4970722584996474,-1.1929500714307344,-0.5294228145856505,1.7223728860163767,A Marriner,football-data.co.uk,proxy_shots,,,,,,,,
2023-03-11,Tottenham,Nott'm Forest,3,1,15.0,9.0,2.0,10.0,3.0,1.0,13.0,13.0,2.38,1.5,2.38,1.5,7.0,5.0,4.0,4.0,1.44,4.62,7.52,1.82,2.01,1.44,4.62,7.52,1.44,4.55,7.62,1.82,2.01,1.88,1.94,0.6652573529411764,0.20735294117647057,0.12738970588235293,0.6642488476084283,0.21022381111123883,0.1255273412803329,-0.10085053327480997,0.2870869934768261,-0.18623646020200224,C Pawson,football-data.co.uk,proxy_shots,,,,,,,,
2023-03-12,Fulham,Arsenal,0,3,12.0,15.0,4.0,8.0,0.0,1.0,10.0,9.0,1.02,2.38,1.02,2.38,2.0,7.0,4.0,2.0,5.74,4.17,1.59,1.81,2.02,5.74,4.17,1.59,7.64,4.69,1.43,1.81,2.02,1.76,2.1,0.16704079087590412,0.22993144835196397,0.6030277607721318,0.1254444621096636,0.2043487613044413,0.670206776585895,-4.159632876624054,-2.558268704752267,6.717901581376317,D Coote,football-data.co.uk,proxy_shots,,,,,,,,
2023-03-12,Man United,Southampton,0,0,10.0,17.0,7.0,8.0,2.0,0.0,12.0,9.0,1.27,1.66,1.27,1.66,4.0,4.0,4.0,4.0,1.34,5.26,9.22,1.63,2.28,1.34,5.26,9.22,1.27,6.12,10.83,1.63,2.28,1.5,2.61,0.7142402695713131,0.18195474548014445,0.10380498494854226,0.7548404951364428,0.15664173673583046,0.0885177681277269,4.0600225565129655,-2.5313008744313996,-1.5287216820815366,A Taylor,football-data.co.uk,proxy_shots,,,,,,,,
2023-03-12,Newcastle,Wolves,2,1,19.0,7.0,10.0,3.0,1.0,2.0,11.0,10.0,2.69,1.21,2.69,1.21,8.0,4.0,3.0,6.0,1.67,3.81,5.47,2.15,1.72,1.67,3.81,5.47,1.64,3.83,5.88,2.15,1.72,2.14,1.73,0.5735188492582207,0.2513849024307686,0.1750962483110107,0.5857853337772598,0.2508323622440486,0.16338230397869152,1.2266484519039111,-0.05525401867200186,-1.1713944332319177,A Madley,football-data.co.uk,proxy_shots,,,,,,,,
2023-03-12,West Ham,Aston Villa,1,1,17.0,12.0,13.0,2.0,1.0,0.0,8.0,6.0,2.12,1.48,2.12,1.48,6.0,4.0,3.0,5.0,2.23,3.37,3.36,2.03,1.8,2.23,3.37,3.36,2.32,3.25,3.26,2.03,1.8,2.12,1.73,0.43003140772698445,0.2845608425018324,0.2854077497711831,0.41228568537874244,0.29430855079344076,0.2934057638278167,-1.774572234824201,0.974770829160837,0.7998014056633584,C Kavanagh,football-data.co.uk,proxy_shots,,,,,,,,
2023-03-15,Brighton,Crystal Palace,1,0,11.0,11.0,1.0,4.0,1.0,2.0,13.0,20.0,1.6,1.15,1.6,1.15,5.0,3.0,3.0,4.0,1.46,4.44,7.58,1.89,1.92,1.46,4.44,7.58,1.37,4.98,9.06,1.89,1.92,1.79,2.06,0.6572716407183756,0.21612986383982621,0.12659849544179796,0.7011076303423585,0.19287499067651226,0.10601737898112926,4.383598962398283,-2.3254873163313956,-2.058111646066871,P Bankes,football-data.co.uk,proxy_shots,,,,,,,,
2023-03-15,Southampton,Brentford,0,2,7.0,11.0,3.0,3.0,1.0,2.0,14.0,10.0,0.56,1.7,0.56,1.7,1.0,5.0,3.0,1.0,2.97,3.31,2.46,2.06,1.77,2.97,3.31,2.46,3.24,3.22,2.38,2.06,1.77,2.29,1.64,0.3221028896932297,0.2890167922625052,0.38888031804426515,0.2969512856677878,0.2987957035911902,0.40425301074102205,-2.515160402544192,0.9778911328684969,1.5372692696756896,M Salisbury,football-data.co.uk,proxy_shots,,,,,,,,
2023-03-17,Nott'm Forest,Newcastle,1,2,5.0,15.0,3.0,7.0,5.0,1.0,17.0,9.0,0.92,1.74,0.92,1.74,3.0,4.0,2.0,2.0,5.58,3.83,1.67,2.04,1.8,5.58,3.83,1.67,5.45,3.75,1.69,2.04,1.8,2.08,1.77,0.1724662339798469,0.25126934350066465,0.5762644225194885,0.17611260090869932,0.255950313320643,0.5679370857706576,0.36463669288524236,0.4680969819978342,-0.8327336748830905,P Tierney,football-data.co.uk,proxy_shots,,,,,,,,
2023-03-18,Aston Villa,Bournemouth,3,0,20.0,10.0,9.0,6.0,1.0,4.0,8.0,13.0,3.02,1.09,3.02,1.09,9.0,3.0,3.0,6.0,1.72,3.85,4.99,1.92,1.9,1.72,3.85,4.99,1.72,3.85,5.0,1.92,1.9,1.9,1.93,0.5582093368549206,0.24938183360791252,0.19240882953716695,0.5584242283592481,0.24947783708517055,0.19209793455558136,0.021489150432751902,0.009600347725802205,-0.03108949815855966,R Jones,football-data.co.uk,proxy_shots,,,,,,,,
2023-03-18,Brentford,Leicester,1,1,11.0,14.0,8.0,4.0,3.0,2.0,10.0,11.0,1.06,1.05,1.06,1.05,2.0,1.0,0.0,1.0,1.95,3.7,3.85,1.85,1.98,1.95,3.7,3.85,1.87,3.85,4.06,1.85,1.98,1.74,2.12,0.4917580046603954,0.259169759212911,0.24907223612669369,0.5137939762085547,0.2495570741584409,0.23664894963300434,2.2035971548159337,-0.9612685054470133,-1.2423286493689345,D Bond,football-data.co.uk,proxy_shots,,,,,,,,
2023-03-18,Chelsea,Everton,2,2,20.0,12.0,8.0,2.0,2.0,2.0,8.0,12.0,2.56,1.4,2.56,1.4,7.0,3.0,1.0,5.0,1.49,4.18,7.62,2.08,1.76,1.49,4.18,7.62,1.49,4.14,7.95,2.08,1.76,2.17,1.71,0.64433098135681,0.22967779000517868,0.1259912286380114,0.6462767367472327,0.23259718303221663,0.12112608022055055,0.19457553904227431,0.29193930270379476,-0.4865148417460857,D England,football-data.co.uk,proxy_shots,,,,,,,,
2023-03-18,Southampton,Tottenham,3,3,19.0,17.0,10.0,3.0,1.0,1.0,13.0,8.0,2.6,1.78,2.6,1.78,7.0,3.0,0.0,4.0,4.56,3.68,1.82,2.0,1.83,4.56,3.68,1.82,4.54,3.64,1.83,2.0,1.83,2.03,1.81,0.21076481546749914,0.26116509742711846,0.5280700871053824,0.21150023813303698,0.2637942530560406,0.5247055088109223,0.07354226655378326,0.2629155628922131,-0.336457829446013,S Hooper,football-data.co.uk,proxy_shots,,,,,,,,
2023-03-18,Wolves,Leeds,2,4,23.0,11.0,5.0,4.0,5.0,5.0,15.0,9.0,2.91,1.73,2.91,1.73,8.0,4.0,0.0,6.0,2.28,3.23,3.41,2.27,1.65,2.28,3.23,3.41,2.34,3.23,3.25,2.27,1.65,2.19,1.68,0.4211405739193607,0.2972756992371958,0.28158372684344346,0.40908860631237653,0.2963675971427124,0.2945437965449111,-1.2051967606984182,-0.09081020944834428,1.2960069701467625,M Salisbury,football-data.co.uk,proxy_shots,,,,,,,,
2023-03-19,Arsenal,Crystal Palace,4,1,15.0,8.0,5.0,4.0,0.0,1.0,8.0,10.0,2.12,1.26,2.12,1.26,5.0,4.0,3.0,1.0,1.26,5.93,12.83,1.73,2.14,1.26,5.93,12.83,1.26,5.86,12.05,1.73,2.14,1.68,2.19,0.7629591002762749,0.16211272619698255,0.07492817352674251,0.757816088500058,0.16294339104267458,0.07924052045726748,-0.5143011776216899,0.08306648456920251,0.4312346930524971,S Attwell,football-data.co.uk,proxy_shots,,,,,,,,
2023-04-01,Arsenal,Leeds,4,1,13.0,7.0,4.0,3.0,0.0,2.0,11.0,13.0,2.19,1.39,2.19,1.39,6.0,5.0,4.0,2.0,1.29,5.84,10.48,1.53,2.51,1.29,5.84,10.48,1.27,6.3,10.67,1.53,2.51,1.47,2.68,0.7440575763470142,0.16435518381637815,0.09158723983660766,0.7572243331016559,0.15264681000620683,0.09012885689213714,1.316675675464174,-1.1708373810171313,-0.14583829444705237,D England,football-data.co.uk,proxy_shots,,,,,,,,
2023-04-01,Bournemouth,Fulham,2,1,12.0,10.0,4.0,3.0,1.0,4.0,15.0,13.0,2.12,1.01,2.12,1.01,7.0,2.0,1.0,5.0,2.56,3.34,2.84,2.04,1.8,2.56,3.34,2.84,2.56,3.28,2.9,2.04,1.8,2.13,1.74,0.3748300825087724,0.28729491353965797,0.33787500395156955,0.375481589086086,0.2930588012379208,0.3314596096759932,0.06515065773135542,0.5763887698262804,-0.6415394275576358,P Bankes,football-data.co.uk,proxy_shots,,,,,,,,
2023-04-01,Brighton,Brentford,3,3,33.0,7.0,14.0,0.0,2.0,1.0,16.0,10.0,4.0,1.58,4.0,1.58,15.0,5.0,2.0,12.0,1.67,4.08,5.05,1.76,2.09,1.67,4.08,5.05,1.62,4.14,5.56,1.76,2.09,1.8,2.03,0.574710399401971,0.23523685465717925,0.1900527459408498,0.5942931499209964,0.2325494934473464,0.17315735663165724,1.958275051902536,-0.2687361209832845,-1.689538930919257,M Oliver,football-data.co.uk,proxy_shots,,,,,,,,
2023-04-01,Chelsea,Aston Villa,0,2,27.0,5.0,13.0,2.0,3.0,3.0,14.0,16.0,2.92,0.83,2.92,0.83,8.0,2.0,0.0,8.0,1.68,3.83,5.4,1.93,1.89,1.68,3.83,5.4,1.62,3.95,5.93,1.93,1.89,1.94,1.89,0.5715091023642935,0.25068806578903735,0.1778028318466691,0.5940663114298831,0.24364238595352164,0.1622913026165954,2.2557209065589556,-0.7045679835515711,-1.551152923007368,A Madley,football-data.co.uk,proxy_shots,,,,,,,,
2023-04-01,Crystal Palace,Leicester,2,1,31.0,3.0,10.0,1.0,3.0,4.0,12.0,16.0,3.53,0.62,3.53,0.62,9.0,2.0,1.0,7.0,2.54,3.24,2.94,2.17,1.7,2.54,3.24,2.94,2.38,3.31,3.16,2.17,1.7,2.1,1.76,0.3776583091488653,0.29606546457966604,0.3262762262714687,0.4044983796242585,0.2908477774941798,0.3046538428815617,2.684007047539322,-0.5217687085486256,-2.1622383389906963,T Robinson,football-data.co.uk,proxy_shots,,,,,,,,
2023-04-01,Man City,Liverpool,4,1,17.0,4.0,7.0,1.0,1.0,1.0,9.0,12.0,2.77,0.5,2.77,0.5,8.0,1.0,0.0,4.0,1.64,4.2,5.19,1.65,2.27,1.64,4.2,5.19,1.68,4.15,4.97,1.65,2.27,1.63,2.29,0.5860055487450804,0.2288212142718885,0.18517323698303115,0.5737736841080365,0.23227464802445813,0.1939516678675053,-1.2231864637043843,0.34534337525696235,0.8778430884474164,S Hooper,football-data.co.uk,proxy_shots,,,,,,,,
2023-04-01,Nott'm Forest,Wolves,1,1,17.0,8.0,4.0,3.0,3.0,5.0,14.0,13.0,2.3,0.72,2.3,0.72,7.0,1.0,0.0,6.0,2.96,3.13,2.61,2.38,1.59,2.96,3.13,2.61,3.32,3.12,2.39,2.38,1.59,2.44,1.57,0.32469783026029714,0.3070624848467986,0.3682396848929041,0.2895844660194175,0.30814757281553395,0.40226796116504854,-3.511336424087963,0.10850879687353543,3.402827627214444,C Kavanagh,football-data.co.uk,proxy_shots,,,,,,,,
2023-04-02,Newcastle,Man United,2,0,22.0,6.0,7.0,4.0,0.0,0.0,8.0,12.0,2.49,0.51,2.49,0.51,6.0,1.0,1.0,4.0,2.41,3.45,2.96,1.9,1.91,2.41,3.45,2.96,2.33,3.49,3.08,1.9,1.91,1.85,1.98,0.3979719486673862,0.27800359312707273,0.3240244582055408,0.4125216350120696,0.2754084268132155,0.312069938174715,1.45496863446834,-0.25951663138572556,-1.195452003082581,S Attwell,football-data.co.uk,proxy_shots,,,,,,,,
2023-04-02,West Ham,Southampton,1,0,12.0,9.0,5.0,3.0,0.0,2.0,10.0,11.0,1.12,1.04,1.12,1.04,2.0,3.0,3.0,1.0,1.76,3.74,4.87,2.05,1.79,1.76,3.74,4.87,1.76,3.71,4.96,2.05,1.79,2.06,1.79,0.5458561350299994,0.25687347530823496,0.19727038966176566,0.5466774408213709,0.2593402414678201,0.193982317710809,0.08213057913715183,0.2466766159585132,-0.32880719509566503,P Tierney,football-data.co.uk,proxy_shots,,,,,,,,
2023-04-03,Everton,Tottenham,1,1,15.0,8.0,3.0,3.0,2.0,5.0,10.0,14.0,2.0,0.9,2.0,0.9,6.0,2.0,1.0,5.0,3.41,3.36,2.21,2.06,1.74,3.41,3.36,2.21,3.81,3.34,2.08,2.06,1.74,2.16,1.71,0.28106725007854105,0.28524979844280507,0.4336829514786539,0.2517338589867162,0.2871574858501164,0.46110865516316757,-2.9333391091824867,0.19076874073113426,2.742570368451369,D Coote,football-data.co.uk,proxy_shots,,,,,,,,
2023-04-04,Bournemouth,Brighton,0,2,14.0,16.0,5.0,5.0,1.0,1.0,11.0,5.0,1.31,2.16,1.31,2.16,3.0,6.0,4.0,3.0,5.94,4.29,1.57,1.8,2.04,5.94,4.29,1.57,5.83,4.34,1.57,1.8,2.04,1.74,2.12,0.16212566526332514,0.22448169036460405,0.6133926443720709,0.16510658095281944,0.2217906375472206,0.6131027814999601,0.29809156894942956,-0.2691052817383466,-0.028986287211074657,D Bond,football-data.co.uk,proxy_shots,,,,,,,,
2023-04-04,Chelsea,Liverpool,0,0,12.0,7.0,3.0,5.0,1.0,4.0,6.0,17.0,1.2,1.1,1.2,1.1,3.0,4.0,4.0,3.0,2.25,3.46,3.28,1.91,1.92,2.25,3.46,3.28,2.16,3.53,3.43,1.91,1.92,1.88,1.96,0.4280337032036147,0.2783456162451252,0.2936206805512601,0.4461028314573623,0.2729694379455815,0.2809277305970561,1.8069128253747568,-0.5376178299543732,-1.2692949954204003,A Taylor,football-data.co.uk,proxy_shots,,,,,,,,
2023-04-04,Leeds,Nott'm Forest,2,1,21.0,13.0,11.0,4.0,1.0,4.0,11.0,13.0,2.44,0.99,2.44,0.99,6.0,1.0,0.0,4.0,1.73,3.83,5.05,1.96,1.88,1.73,3.83,5.05,1.7,3.88,5.17,1.96,1.88,1.9,1.93,0.5573292915205496,0.25174404029518294,0.19092666818426746,0.5659423438267042,0.24796442899623636,0.1860932271770594,0.8613052306154612,-0.3779611298946578,-0.48334410072080614,R Jones,football-data.co.uk,proxy_shots,,,,,,,,
2023-04-04,Leicester,Aston Villa,1,2,9.0,15.0,4.0,8.0,4.0,0.0,10.0,14.0,1.31,1.92,1.31,1.92,4.0,5.0,3.0,3.0,2.58,3.41,2.79,1.94,1.89,2.58,3.41,2.79,2.71,3.4,2.67,1.94,1.89,1.94,1.9,0.3729493255559606,0.28217280349981766,0.3448778709442216,0.3556137058959483,0.2834450420523588,0.3609412520516929,-1.7335619660012291,0.12722385525411606,1.6063381107471297,G Scott,football-data.co.uk,proxy_shots,,,,,,,,
2023-04-05,Man United,Brentford,1,0,18.0,6.0,12.0,3.0,3.0,2.0,8.0,13.0,1.63,0.51,1.63,0.51,3.0,1.0,1.0,2.0,1.65,4.17,5.07,1.71,2.16,1.65,4.17,5.07,1.62,4.24,5.32,1.71,2.16,1.63,2.3,0.5810145680294824,0.22989785065914772,0.18908758131137,0.5929134686152876,0.22653769319735043,0.180548838187362,1.1898900585805228,-0.33601574617972974,-0.8538743124007986,J Brooks,football-data.co.uk,proxy_shots,,,,,,,,
2023-04-05,West Ham,Newcastle,1,5,7.0,15.0,7.0,6.0,2.0,1.0,11.0,12.0,0.84,2.76,0.84,2.76,2.0,8.0,3.0,1.0,3.53,3.41,2.15,2.14,1.73,3.53,3.41,2.15,3.46,3.24,2.26,2.14,1.73,2.3,1.64,0.27195705960687433,0.28152739601532734,0.4465155443777983,0.2778646347201773,0.2967319864604362,0.4254033788193865,0.5907575113302976,1.5204590445108856,-2.1112165558411777,C Pawson,football-data.co.uk,proxy_shots,,,,,,,,
2023-04-08,Aston Villa,Nott'm Forest,2,0,8.0,6.0,1.0,8.0,3.0,4.0,7.0,17.0,1.18,0.69,1.18,0.69,3.0,2.0,2.0,1.0,1.62,4.09,5.55,1.91,1.91,1.62,4.09,5.55,1.58,4.16,5.98,1.91,1.91,1.89,1.95,0.5924241119314756,0.23465209323447203,0.17292379483405237,0.6082644628099174,0.23102352193261289,0.16071201525746984,1.5840350878441822,-0.3628571301859146,-1.2211779576582538,A Taylor,football-data.co.uk,proxy_shots,,,,,,,,
2023-04-08,Brentford,Newcastle,1,2,12.0,10.0,6.0,5.0,0.0,0.0,10.0,15.0,1.84,1.47,1.84,1.47,6.0,4.0,2.0,5.0,3.57,3.46,2.1,2.0,1.83,3.57,3.46,2.1,4.1,3.5,1.96,2.0,1.83,2.12,1.75,0.2679677819083024,0.27648698884758366,0.455545229244114,0.23456199138343709,0.27477261847774054,0.49066539013882243,-3.3405790524865306,-0.17143703698431212,3.512016089470843,C Kavanagh,football-data.co.uk,proxy_shots,,,,,,,,
2023-04-08,Fulham,West Ham,0,1,16.0,9.0,11.0,4.0,1.0,1.0,10.0,12.0,1.42,1.5,1.42,1.5,3.0,5.0,4.0,3.0,2.79,3.24,2.66,2.17,1.7,2.79,3.24,2.66,2.95,3.24,2.55,2.17,1.7,2.16,1.72,0.34364458479867943,0.29591617024330724,0.3604392449580133,0.32601361349511687,0.296833382657591,0.37715300384729217,-1.763097130356256,0.09172124142837745,1.671375888927884,J Gillett,football-data.co.uk,proxy_shots,,,,,,,,
2023-04-08,Leicester,Bournemouth,0,1,14.0,19.0,6.0,6.0,0.0,3.0,10.0,13.0,1.49,2.4,1.49,2.4,4.0,7.0,6.0,4.0,1.88,3.72,4.11,1.85,1.97,1.88,3.72,4.11,2.09,3.48,3.64,1.85,1.97,1.94,1.89,0.5094769673704415,0.257477607165707,0.23304542546385157,0.45982285465369543,0.27615797880063886,0.2640191665456657,-4.965411271674602,1.8680371634931858,3.097374108181414,D Coote,football-data.co.uk,proxy_shots,,,,,,,,
2023-04-08,Man United,Everton,2,0,29.0,15.0,10.0,4.0,0.0,0.0,10.0,9.0,3.78,1.0,3.78,1.0,11.0,1.0,1.0,9.0,1.5,4.37,6.75,1.83,1.99,1.5,4.37,6.75,1.57,4.22,5.98,1.83,1.99,1.72,2.15,0.6387851226246548,0.2192626279031996,0.14195224947214552,0.6117780536053683,0.22760463131763703,0.1606173150769947,-2.700706901928651,0.8342003414437443,1.8665065604849178,M Oliver,football-data.co.uk,proxy_shots,,,,,,,,
2023-04-08,Southampton,Man City,1,4,4.0,13.0,0.0,10.0,0.0,2.0,6.0,10.0,0.5,2.55,0.5,2.55,1.0,8.0,4.0,0.0,12.48,6.19,1.25,1.6,2.35,12.48,6.19,1.25,12.15,6.27,1.25,1.6,2.35,1.62,2.32,0.07692215924850404,0.1550870028144314,0.7679908379370645,0.07900267626290881,0.15309131046161756,0.7679060132754737,0.2080517014404773,-0.19956923528138548,-0.008482466159076552,R Jones,football-data.co.uk,proxy_shots,,,,,,,,
2023-04-08,Tottenham,Brighton,2,1,9.0,17.0,3.0,7.0,3.0,1.0,15.0,15.0,1.24,1.76,1.24,1.76,3.0,4.0,3.0,1.0,2.56,3.56,2.69,1.81,2.01,2.56,3.56,2.69,2.76,3.44,2.59,1.81,2.01,1.84,2.01,0.3744232964764392,0.2692482131965406,0.35632849032702024,0.3486795760867864,0.2797545436045146,0.37156588030869897,-2.574372038965278,1.0506330407974052,1.5237389981678728,S Attwell,football-data.co.uk,proxy_shots,,,,,,,,
2023-04-08,Wolves,Chelsea,1,0,9.0,13.0,8.0,8.0,2.0,5.0,14.0,10.0,1.31,0.9,1.31,0.9,4.0,1.0,1.0,3.0,4.14,3.47,1.95,2.16,1.7,4.14,3.47,1.95,5.01,3.62,1.78,2.16,1.7,2.18,1.7,0.23168739920493883,0.27642243017534485,0.4918901706197163,0.19236004967520062,0.2662220576996561,0.5414178926251434,-3.9327349529738207,-1.0200372475688724,4.95277220054271,P Bankes,football-data.co.uk,proxy_shots,,,,,,,,
2023-04-09,Leeds,Crystal Palace,1,5,11.0,16.0,2.0,4.0,3.0,1.0,11.0,8.0,1.97,2.82,1.97,2.82,7.0,8.0,3.0,6.0,2.11,3.41,3.59,2.14,1.72,2.11,3.41,3.59,2.07,3.45,3.73,2.14,1.72,2.05,1.8,0.4532039582554356,0.2804282556947123,0.2663677860498521,0.4640457825329684,0.27842746951978103,0.25752674794725056,1.084182427753283,-0.20007861749312683,-0.8841038102601562,S Hooper,football-data.co.uk,proxy_shots,,,,,,,,
2023-04-09,Liverpool,Arsenal,2,2,21.0,9.0,5.0,4.0,4.0,4.0,11.0,11.0,2.44,1.59,2.44,1.59,6.0,5.0,3.0,4.0,2.79,3.69,2.41,1.64,2.28,2.79,3.69,2.41,2.72,3.6,2.55,1.64,2.28,1.7,2.19,0.34319752700496686,0.25949081310131644,0.3973116598937168,0.35433070866141736,0.2677165354330709,0.3779527559055119,1.1133181656450497,0.8225722331754448,-1.935890398820489,P Tierney,football-data.co.uk,proxy_shots,,,,,,,,
2023-04-15,Aston Villa,Newcastle,3,0,16.0,8.0,7.0,2.0,1.0,1.0,13.0,15.0,2.26,0.8,2.26,0.8,6.0,2.0,2.0,3.0,3.61,3.42,2.13,2.01,1.83,3.61,3.42,2.13,3.64,3.45,2.11,2.01,1.83,1.98,1.86,0.26663884832046736,0.2814521176716044,0.45190903400792826,0.2645369014350659,0.2791056003546783,0.45635749821025595,-0.210194688540144,-0.2346517316926089,0.44484642023276955,J Brooks,football-data.co.uk,proxy_shots,,,,,,,,
2023-04-15,Chelsea,Brighton,1,2,8.0,26.0,2.0,8.0,2.0,2.0,11.0,11.0,0.9,3.43,0.9,3.43,2.0,10.0,8.0,1.0,2.67,3.42,2.68,1.91,1.91,2.67,3.42,2.68,2.94,3.37,2.48,1.91,1.91,1.96,1.87,0.3601046651422645,0.2811343438391363,0.3587609910185993,0.3270231564449105,0.28529616615668746,0.387680677398402,-3.3081508697354045,0.4161822317551134,2.891968637980269,R Jones,football-data.co.uk,proxy_shots,,,,,,,,
2023-04-15,Everton,Fulham,1,3,15.0,21.0,4.0,8.0,3.0,2.0,10.0,6.0,2.19,2.71,2.19,2.71,7.0,7.0,4.0,6.0,2.07,3.39,3.78,2.21,1.69,2.07,3.39,3.78,2.22,3.29,3.49,2.21,1.69,2.24,1.66,0.46334081811969147,0.28292492433857264,0.25373425754173584,0.43273648228479245,0.29199847740797547,0.2752650403072319,-3.0604335834899024,0.9073553069402829,2.153078276549608,A Taylor,football-data.co.uk,proxy_shots,,,,,,,,
2023-04-15,Man City,Leicester,3,1,12.0,10.0,6.0,2.0,1.0,1.0,8.0,8.0,1.68,1.37,1.68,1.37,4.0,4.0,3.0,1.0,1.16,8.49,17.32,1.34,3.24,1.16,8.49,17.32,1.14,9.4,19.22,1.34,3.24,1.36,3.19,0.8308367196575556,0.11351832683189216,0.055644953510552216,0.8470342455606044,0.10272542978075414,0.050240324658641464,1.6197525903048793,-1.079289705113802,-0.5404628851910752,D England,football-data.co.uk,proxy_shots,,,,,,,,
2023-04-15,Southampton,Crystal Palace,0,2,11.0,9.0,6.0,2.0,3.0,1.0,6.0,13.0,1.32,1.05,1.32,1.05,4.0,2.0,0.0,4.0,2.82,3.2,2.68,2.28,1.64,2.82,3.2,2.68,2.93,3.12,2.65,2.28,1.64,2.38,1.6,0.34089102299106433,0.3004102140108754,0.3586987629980602,0.3284327940224278,0.3084320790018313,0.363135126975741,-1.245822896863652,0.8021864990955863,0.4436363977680824,M Oliver,football-data.co.uk,proxy_shots,,,,,,,,
2023-04-15,Tottenham,Bournemouth,2,3,24.0,6.0,8.0,1.0,1.0,2.0,8.0,9.0,2.96,1.71,2.96,1.71,8.0,6.0,3.0,6.0,1.47,4.6,6.83,1.69,2.2,1.47,4.6,6.83,1.51,4.47,6.49,1.69,2.2,1.74,2.13,0.6515540200041061,0.20821400204479046,0.14023197795110337,0.6367507391368286,0.21509924297463337,0.1481500178885379,-1.4803280867277557,0.6885240929842912,0.7918039937434534,A Madley,football-data.co.uk,proxy_shots,,,,,,,,
2023-04-15,Wolves,Brentford,2,0,11.0,10.0,5.0,2.0,1.0,1.0,12.0,8.0,2.42,1.09,2.42,1.09,9.0,3.0,3.0,7.0,2.52,3.23,3.0,2.24,1.67,2.52,3.23,3.0,2.81,3.17,2.71,2.24,1.67,2.25,1.66,0.38165233008791005,0.29775971263824563,0.3205879572738444,0.34207497959264943,0.3032273478408028,0.3546976725665479,-3.957735049526062,0.5467635202557164,3.4109715292703457,P Tierney,football-data.co.uk,proxy_shots,,,,,,,,
2023-04-16,Nott'm Forest,Man United,0,2,6.0,22.0,4.0,9.0,2.0,2.0,9.0,9.0,0.33,2.85,0.33,2.85,0.0,8.0,6.0,0.0,5.0,3.96,1.69,1.78,2.05,5.0,3.96,1.69,4.96,4.01,1.7,1.78,2.05,1.74,2.12,0.19152662667704562,0.24182654883465357,0.5666468244883007,0.19400317599449038,0.23996402816276116,0.5660327958427483,0.24765493174447595,-0.18625206718924092,-0.0614028645552378,S Hooper,football-data.co.uk,proxy_shots,,,,,,,,
2023-04-16,West Ham,Arsenal,2,2,16.0,11.0,7.0,2.0,1.0,2.0,11.0,8.0,1.62,1.7,1.62,1.7,3.0,5.0,3.0,1.0,5.92,4.22,1.57,1.8,2.04,5.92,4.22,1.57,5.58,4.2,1.61,1.8,2.04,1.74,2.12,0.16198150710719716,0.22723472087076,0.6107837720220428,0.17258012648729767,0.2292850251902669,0.5981348483224354,1.0598619380100511,0.2050304319506896,-1.2648923699607462,D Coote,football-data.co.uk,proxy_shots,,,,,,,,
2023-04-17,Leeds,Liverpool,1,6,13.0,13.0,4.0,2.0,0.0,1.0,6.0,12.0,1.35,2.58,1.35,2.58,3.0,7.0,1.0,2.0,4.35,4.22,1.73,1.57,2.4,4.35,4.22,1.73,4.57,4.32,1.7,1.57,2.4,1.5,2.61,0.22000958319144384,0.22678712959307598,0.5532032872154802,0.2106990595431411,0.2228922921555914,0.5664086483012676,-0.9310523648302732,-0.38948374374845884,1.3205361085787404,C Pawson,football-data.co.uk,proxy_shots,,,,,,,,
2023-04-21,Arsenal,Southampton,3,3,25.0,8.0,7.0,2.0,1.0,5.0,10.0,14.0,2.75,1.82,2.75,1.82,6.0,6.0,3.0,3.0,1.2,7.18,14.72,1.51,2.58,1.2,7.18,14.72,1.21,7.08,13.9,1.51,2.58,1.53,2.54,0.8008632291073097,0.13384900765024674,0.06528776324244372,0.7949414286845162,0.13585863399834244,0.06919993731714133,-0.5921800422793444,0.20096263480957055,0.39121740746976136,S Hooper,football-data.co.uk,proxy_shots,,,,,,,,
2023-04-22,Brentford,Aston Villa,1,1,6.0,14.0,8.0,4.0,3.0,2.0,12.0,8.0,1.33,1.23,1.33,1.23,5.0,2.0,1.0,4.0,2.53,3.38,2.84,1.97,1.85,2.53,3.38,2.84,2.64,3.28,2.82,1.97,1.85,2.08,1.77,0.3788788986335541,0.2835987022316248,0.33752239913482107,0.3648239303294207,0.29363877319197274,0.3415372964786066,-1.4054968304133442,1.0040070960347924,0.40148973437855173,M Salisbury,football-data.co.uk,proxy_shots,,,,,,,,
2023-04-22,Crystal Palace,Everton,0,0,12.0,10.0,8.0,1.0,1.0,3.0,12.0,14.0,1.02,1.45,1.02,1.45,2.0,5.0,5.0,2.0,2.11,3.25,3.83,2.34,1.6,2.11,3.25,3.83,1.97,3.36,4.27,2.34,1.6,2.36,1.61,0.4545155789573619,0.2950854989538565,0.2503989220887816,0.48836045652743687,0.2863303867140032,0.2253091567585599,3.3844877570074985,-0.8755112239853313,-2.5089765330221727,J Brooks,football-data.co.uk,proxy_shots,,,,,,,,
2023-04-22,Fulham,Leeds,2,1,12.0,10.0,8.0,6.0,1.0,4.0,10.0,15.0,1.76,1.01,1.76,1.01,5.0,2.0,1.0,3.0,2.38,3.44,3.01,1.88,1.94,2.38,3.44,3.01,2.38,3.44,3.03,1.88,1.94,1.89,1.94,0.40281030444964866,0.2786885245901639,0.3185011709601873,0.40365892385503727,0.27927565080668276,0.3170654253382801,0.08486194053886065,0.05871262165188518,-0.14357456219072362,P Bankes,football-data.co.uk,proxy_shots,,,,,,,,
2023-04-22,Leicester,Wolves,2,1,15.0,16.0,1.0,7.0,1.0,3.0,17.0,16.0,2.46,1.52,2.46,1.52,8.0,3.0,2.0,6.0,2.45,3.27,3.05,2.14,1.72,2.45,3.27,3.05,2.43,3.3,3.09,2.14,1.72,2.17,1.7,0.3917705980555828,0.2935284297358342,0.31470097220858295,0.3963894622677815,0.29188678585173006,0.31172375188048845,0.46188642121987034,-0.16416438841041492,-0.29772203280944987,A Madley,football-data.co.uk,proxy_shots,,,,,,,,
2023-04-22,Liverpool,Nott'm Forest,3,2,18.0,11.0,9.0,3.0,0.0,1.0,9.0,12.0,2.37,1.7,2.37,1.7,6.0,5.0,3.0,3.0,1.18,7.64,16.06,1.45,2.78,1.18,7.64,16.06,1.17,8.07,16.57,1.45,2.78,1.42,2.9,0.8143821632714828,0.1257815383063285,0.059836298422188655,0.8226451518837123,0.11926825622105865,0.058086591895228926,0.8262988612229516,-0.6513282085269843,-0.17497065269597295,M Oliver,football-data.co.uk,proxy_shots,,,,,,,,
2023-04-23,Bournemouth,West Ham,0,4,17.0,18.0,8.0,5.0,1.0,2.0,7.0,8.0,1.83,3.19,1.83,3.19,5.0,10.0,6.0,5.0,2.83,3.25,2.61,2.12,1.73,2.83,3.25,2.61,2.97,3.3,2.51,2.12,1.73,2.08,1.77,0.3384025564203731,0.2946705337445095,0.3669269098351172,0.32433130895464524,0.2918981780591808,0.38377051298617393,-1.4071247465727854,-0.27723556853287423,1.6843603151056707,A Taylor,football-data.co.uk,proxy_shots,,,,,,,,
2023-04-23,Newcastle,Tottenham,6,1,25.0,11.0,9.0,3.0,0.0,3.0,7.0,13.0,3.42,1.25,3.42,1.25,8.0,3.0,2.0,2.0,1.85,3.81,4.22,1.83,2.0,1.85,3.81,4.22,1.92,3.72,4.03,1.83,2.0,1.8,2.04,0.5197632355650956,0.2523784739620544,0.22785829047285003,0.50186799501868,0.2590286425902864,0.2391033623910336,-1.789524054641567,0.6650168628232034,1.124507191818358,D Coote,football-data.co.uk,proxy_shots,,,,,,,,
2023-04-25,Aston Villa,Fulham,1,0,14.0,1.0,8.0,2.0,3.0,2.0,6.0,18.0,1.41,0.2,1.41,0.2,3.0,0.0,0.0,2.0,1.8,3.87,4.43,1.81,2.03,1.8,3.87,4.43,1.75,3.83,4.88,1.81,2.03,1.93,1.91,0.5343487895873656,0.24853432073830958,0.2171168896743247,0.5508046762876148,0.25167315496170384,0.19752216875068151,1.6455886700249112,0.31388342233942546,-1.9594720923643172,T Bramall,football-data.co.uk,proxy_shots,,,,,,,,
2023-04-25,Leeds,Leicester,1,1,13.0,15.0,3.0,6.0,4.0,2.0,14.0,15.0,1.35,1.47,1.35,1.47,3.0,3.0,2.0,2.0,2.37,3.54,2.98,1.75,2.11,2.37,3.54,2.98,2.37,3.57,2.96,1.75,2.11,1.64,2.3,0.40571349455418126,0.27162174635407055,0.32266475909174824,0.4057550310444529,0.26936678531522507,0.32487818364032206,0.004153649027160977,-0.22549610388454822,0.2213424548573817,P Tierney,football-data.co.uk,proxy_shots,,,,,,,,
2023-04-25,Wolves,Crystal Palace,2,0,9.0,14.0,6.0,11.0,5.0,4.0,13.0,14.0,1.24,1.49,1.24,1.49,3.0,4.0,4.0,1.0,2.52,3.14,3.09,2.46,1.56,2.52,3.14,3.09,2.32,3.03,3.56,2.46,1.56,2.69,1.47,0.38195904291754257,0.3065403783924227,0.3115005786900348,0.4136740861188237,0.3167405543880102,0.26958535949316603,3.1715043201281157,1.020017599558748,-4.191521919686875,R Jones,football-data.co.uk,proxy_shots,,,,,,,,
2023-04-26,Chelsea,Brentford,0,2,15.0,7.0,5.0,2.0,1.0,2.0,5.0,13.0,1.54,0.76,1.54,0.76,4.0,1.0,0.0,4.0,1.71,3.89,5.02,1.95,1.87,1.71,3.89,5.02,1.79,3.67,4.84,1.95,1.87,2.11,1.75,0.5617263885812581,0.2469285667028153,0.19134504471592662,0.5383368135848003,0.262567546680325,0.19909563973487454,-2.3389574996457774,1.563897997750971,0.7750595018947926,A Madley,football-data.co.uk,proxy_shots,,,,,,,,
2023-04-26,Man City,Arsenal,4,1,14.0,8.0,1.0,3.0,3.0,1.0,13.0,13.0,2.79,0.9,2.79,0.9,9.0,2.0,1.0,5.0,1.56,4.49,5.7,1.6,2.35,1.56,4.49,5.7,1.66,4.16,5.16,1.6,2.35,1.72,2.15,0.6168563536710581,0.21431980216633642,0.16882384416260537,0.5811440081436401,0.23189881094193326,0.1869571809144268,-3.5712345527417977,1.7579008775596843,1.8133336751821438,M Oliver,football-data.co.uk,proxy_shots,,,,,,,,
2023-04-26,Nott'm Forest,Brighton,3,1,12.0,17.0,2.0,7.0,2.0,0.0,7.0,8.0,1.86,2.3,1.86,2.3,5.0,7.0,6.0,2.0,6.08,4.36,1.54,1.74,2.11,6.08,4.36,1.54,5.51,4.26,1.6,1.74,2.11,1.74,2.12,0.1576653579546522,0.21986361843217553,0.6224710236131723,0.17430174455179187,0.22544662264797494,0.6002516328002333,1.6636386597139674,0.5583004215799409,-2.2219390812939,J Gillett,football-data.co.uk,proxy_shots,,,,,,,,
2023-04-26,West Ham,Liverpool,1,2,7.0,20.0,3.0,6.0,0.0,0.0,6.0,8.0,0.84,2.02,0.84,2.02,2.0,4.0,2.0,1.0,3.96,3.86,1.88,1.68,2.21,3.96,3.86,1.88,3.6,3.8,1.99,1.68,2.21,1.62,2.31,0.24199658520968947,0.24826592679543272,0.5097374879948777,0.26621136379638105,0.2522002393860452,0.4815883968175737,2.4214778586691574,0.3934312590612471,-2.814909117730402,C Kavanagh,football-data.co.uk,proxy_shots,,,,,,,,
2023-04-27,Everton,Newcastle,1,4,13.0,15.0,3.0,14.0,2.0,1.0,8.0,6.0,1.71,2.66,1.71,2.66,5.0,8.0,4.0,4.0,4.84,3.7,1.77,2.04,1.79,4.84,3.7,1.77,4.51,3.66,1.82,2.04,1.79,2.0,1.82,0.1983115207819815,0.25941290826615954,0.542275570951859,0.21230239673635903,0.2616075981642019,0.526090005099439,1.3990875954377535,0.219468989804239,-1.6185565852419925,A Marriner,football-data.co.uk,proxy_shots,,,,,,,,
2023-04-27,Southampton,Bournemouth,0,1,11.0,16.0,6.0,4.0,0.0,3.0,9.0,11.0,0.96,1.34,0.96,1.34,2.0,2.0,1.0,2.0,2.3,3.43,3.15,2.01,1.82,2.3,3.43,3.15,2.53,3.29,2.95,2.01,1.82,2.1,1.76,0.41654297665632173,0.27931453245176086,0.3041424908919174,0.3807168326618993,0.29277008712298025,0.3265130802151204,-3.582614399442241,1.3455554671219394,2.237058932320296,D England,football-data.co.uk,proxy_shots,,,,,,,,
2023-04-27,Tottenham,Man United,2,2,18.0,17.0,6.0,8.0,1.0,2.0,8.0,7.0,2.45,2.58,2.45,2.58,7.0,8.0,6.0,5.0,2.79,3.65,2.44,1.65,2.25,2.79,3.65,2.44,2.86,3.75,2.36,1.65,2.25,1.57,2.41,0.34389950998374336,0.26287113228894354,0.3932293577273131,0.33618744444360027,0.2563989576289858,0.4074135979274139,-0.7712065540143087,-0.6472174659957752,1.4184240200100784,A Taylor,football-data.co.uk,proxy_shots,,,,,,,,
2023-04-29,Brentford,Nott'm Forest,2,1,14.0,5.0,6.0,0.0,1.0,2.0,6.0,13.0,2.41,0.92,2.41,0.92,8.0,3.0,2.0,6.0,1.66,3.88,5.5,1.95,1.87,1.66,3.88,5.5,1.74,3.77,5.04,1.95,1.87,1.98,1.85,0.5781505683973254,0.2473530782318454,0.1744963533708291,0.5534718702483526,0.2554485554992397,0.19107957425240749,-2.467869814897272,0.8095477267394319,1.6583220881578375,P Bankes,football-data.co.uk,proxy_shots,,,,,,,,
2023-04-29,Brighton,Wolves,6,0,22.0,10.0,2.0,5.0,1.0,1.0,14.0,11.0,3.25,0.91,3.25,0.91,8.0,2.0,2.0,2.0,1.51,4.37,6.69,1.8,2.02,1.51,4.37,6.69,1.57,4.28,5.97,1.8,2.02,1.76,2.11,0.6364368609301222,0.2199129656760834,0.14365017339379438,0.6135707098964799,0.22507149872370877,0.16135779137981132,-2.2866151033642312,0.5158533047625369,1.7707617986016944,D Coote,football-data.co.uk,proxy_shots,,,,,,,,
2023-04-29,Crystal Palace,West Ham,4,3,16.0,8.0,8.0,5.0,1.0,2.0,9.0,17.0,2.36,1.46,2.36,1.46,6.0,4.0,1.0,2.0,2.7,3.18,2.81,2.3,1.63,2.7,3.18,2.81,2.57,3.17,2.97,2.3,1.63,2.26,1.66,0.35588319632957366,0.30216497801567577,0.3419518256547506,0.3736857354919884,0.3029565742001294,0.3233576903078822,1.7802539162414754,0.07915961844536246,-1.859413534686838,C Pawson,football-data.co.uk,proxy_shots,,,,,,,,
2023-04-30,Bournemouth,Leeds,4,1,12.0,15.0,2.0,6.0,1.0,0.0,12.0,14.0,2.32,2.0,2.32,2.0,7.0,6.0,5.0,3.0,2.61,3.5,2.68,1.8,2.02,2.61,3.5,2.68,2.47,3.4,2.94,1.8,2.02,1.92,1.91,0.36770182439689847,0.27420050333597284,0.3580976722671287,0.3896195012433835,0.28304710825622276,0.3273333905003937,2.1917676846485046,0.8846604920249912,-3.0764281766735015,C Kavanagh,football-data.co.uk,proxy_shots,,,,,,,,
2023-04-30,Fulham,Man City,1,2,4.0,12.0,2.0,5.0,1.0,3.0,9.0,10.0,0.5,2.48,0.5,2.48,1.0,9.0,7.0,0.0,11.95,6.23,1.25,1.54,2.48,11.95,6.23,1.25,11.21,6.12,1.27,1.54,2.48,1.59,2.38,0.08014016166959101,0.15371989276911915,0.76613994556129,0.08577454110443937,0.15711317087921003,0.7571122880163507,0.563437943484836,0.33932781100908804,-0.9027657544939283,S Hooper,football-data.co.uk,proxy_shots,,,,,,,,
2023-04-30,Liverpool,Tottenham,4,3,12.0,10.0,5.0,2.0,3.0,2.0,12.0,6.0,1.78,2.11,1.78,2.11,4.0,7.0,4.0,0.0,1.54,4.69,5.68,1.5,2.61,1.54,4.69,5.68,1.55,4.84,5.38,1.5,2.61,1.39,3.04,0.6252012485625102,0.2052899622145556,0.16950878922293414,0.6217544328823644,0.19911557251398035,0.1791299946036552,-0.34468156801458205,-0.6174389700575239,0.962120538072106,P Tierney,football-data.co.uk,proxy_shots,,,,,,,,
2023-04-30,Man United,Aston Villa,1,0,14.0,7.0,1.0,4.0,2.0,0.0,16.0,7.0,1.95,0.56,1.95,0.56,6.0,1.0,1.0,5.0,1.78,3.94,4.35,1.66,2.24,1.78,3.94,4.35,1.75,4.11,4.47,1.66,2.24,1.55,2.46,0.5373535829842735,0.24276380144974788,0.2198826155659786,0.5502700177016596,0.23429988588270179,0.2154300964156386,1.2916434717386127,-0.8463915567046093,-0.44525191503400063,J Gillett,football-data.co.uk,proxy_shots,,,,,,,,
2023-04-30,Newcastle,Southampton,3,1,22.0,4.0,11.0,2.0,1.0,4.0,7.0,10.0,2.41,0.86,2.41,0.86,5.0,3.0,2.0,2.0,1.32,5.46,9.9,1.71,2.15,1.32,5.46,9.9,1.26,6.22,12.09,1.71,2.15,1.56,2.46,0.727224294086308,0.17581246670218434,0.09696323921150772,0.7652334782396327,0.15501514189420212,0.0797513798661652,3.800918415332477,-2.0797324807982216,-1.7211859345342515,A Taylor,football-data.co.uk,proxy_shots,,,,,,,,
2023-05-01,Leicester,Everton,2,2,15.0,23.0,2.0,9.0,4.0,1.0,10.0,12.0,2.1,2.91,2.1,2.91,6.0,8.0,6.0,4.0,2.04,3.45,3.79,2.02,1.8,2.04,3.45,3.79,2.02,3.44,3.92,2.02,1.8,2.08,1.77,0.46957992609112553,0.27766465194953516,0.25275542195933937,0.47562076749435667,0.27928893905191876,0.2450902934537246,0.6040841403231134,0.16242871023836036,-0.7665128505614766,M Oliver,football-data.co.uk,proxy_shots,,,,,,,,
2023-05-02,Arsenal,Chelsea,3,1,16.0,7.0,7.0,2.0,0.0,2.0,10.0,10.0,2.98,1.21,2.98,1.21,10.0,4.0,3.0,7.0,1.59,4.22,5.75,1.75,2.1,1.59,4.22,5.75,1.61,4.23,5.54,1.75,2.1,1.72,2.15,0.6048512736400505,0.22789420025774418,0.1672545261022053,0.5983622672920724,0.22774544925301102,0.1738922834549164,-0.648900634797811,-0.014875100473316083,0.6637757352711104,R Jones,football-data.co.uk,proxy_shots,,,,,,,,
2023-05-03,Liverpool,Fulham,1,0,15.0,9.0,7.0,5.0,0.0,0.0,10.0,8.0,1.47,1.04,1.47,1.04,3.0,3.0,3.0,2.0,1.26,6.39,10.73,1.44,2.78,1.26,6.39,10.73,1.29,6.13,9.73,1.44,2.78,1.44,2.81,0.7606813711295942,0.14999350980020168,0.08932511907020398,0.7445904901484689,0.15669196285342984,0.09871754699810123,-1.6090880981125322,0.6698453053228165,0.9392427927897253,S Attwell,football-data.co.uk,proxy_shots,,,,,,,,
2023-05-03,Man City,West Ham,3,0,16.0,6.0,6.0,3.0,0.0,1.0,8.0,8.0,2.44,0.69,2.44,0.69,7.0,2.0,2.0,4.0,1.2,7.21,13.79,1.45,2.76,1.2,7.21,13.79,1.18,7.87,15.92,1.45,2.76,1.41,2.93,0.7977948403983443,0.13278138813842066,0.06942377146323518,0.8169553724310882,0.1224914027279141,0.06055322484099773,1.9160532032743927,-1.0289985410506561,-0.887054662223745,J Brooks,football-data.co.uk,proxy_shots,,,,,,,,
2023-05-04,Brighton,Man United,1,0,22.0,16.0,8.0,6.0,4.0,4.0,10.0,14.0,2.39,1.78,2.39,1.78,6.0,5.0,5.0,5.0,2.03,3.82,3.5,1.56,2.45,2.03,3.82,3.5,2.17,3.83,3.16,1.56,2.45,1.53,2.53,0.4736163459631027,0.25168617337829796,0.2746974806585995,0.4437958131501847,0.25144566959161896,0.3047585172581964,-2.982053281291802,-0.024050378667900274,3.0061036599596913,A Marriner,football-data.co.uk,proxy_shots,,,,,,,,
2023-05-06,Bournemouth,Chelsea,1,3,10.0,11.0,7.0,7.0,1.0,3.0,9.0,11.0,1.37,1.8,1.37,1.8,4.0,5.0,2.0,3.0,3.42,3.47,2.17,1.95,1.88,3.42,3.47,2.17,3.55,3.62,2.08,1.95,1.88,1.84,2.0,0.2807705071461331,0.27672482260512254,0.44250467024874435,0.2711942545543606,0.26595016675911054,0.4628555786865288,-0.9576252591772527,-1.0774655846012005,2.0350908437784474,J Brooks,football-data.co.uk,proxy_shots,,,,,,,,
2023-05-06,Liverpool,Brentford,1,0,15.0,5.0,7.0,3.0,4.0,2.0,19.0,10.0,1.82,0.46,1.82,0.46,5.0,1.0,1.0,4.0,1.48,4.91,6.16,1.5,2.62,1.48,4.91,6.16,1.43,5.16,6.91,1.5,2.62,1.47,2.68,0.6486407658720287,0.1955169721976787,0.1558422619302926,0.6738189233063154,0.1867366395984556,0.1394444370952288,2.517815743428675,-0.878033259922309,-1.6397824835063801,A Taylor,football-data.co.uk,proxy_shots,,,,,,,,
2023-05-06,Man City,Leeds,2,1,18.0,4.0,10.0,1.0,0.0,3.0,3.0,16.0,2.27,0.68,2.27,0.68,6.0,2.0,1.0,4.0,1.17,8.41,15.94,1.31,3.47,1.17,8.41,15.94,1.16,8.48,16.93,1.31,3.47,1.33,3.37,0.8247284288833424,0.1147362974784198,0.0605352736382378,0.8296621629431006,0.11349152228938637,0.05684631476751309,0.4933734059758166,-0.12447751890334313,-0.36889588707247134,A Madley,football-data.co.uk,proxy_shots,,,,,,,,
2023-05-06,Tottenham,Crystal Palace,1,0,8.0,7.0,8.0,4.0,3.0,5.0,15.0,14.0,1.08,0.74,1.08,0.74,3.0,2.0,2.0,2.0,1.82,3.92,4.21,1.76,2.09,1.82,3.92,4.21,1.84,3.83,4.31,1.76,2.09,1.82,2.02,0.5272621550297446,0.24480028626381004,0.22793755870644544,0.5242925974038348,0.251879472381999,0.22382793021416617,-0.296955762590978,0.7079186118188946,-0.4109628492279277,D England,football-data.co.uk,proxy_shots,,,,,,,,
2023-05-06,Wolves,Aston Villa,1,0,6.0,16.0,5.0,6.0,3.0,3.0,20.0,9.0,0.79,1.42,0.79,1.42,2.0,3.0,3.0,1.0,2.98,3.26,2.51,2.19,1.69,2.98,3.26,2.51,3.12,3.33,2.39,2.19,1.69,2.07,1.78,0.3224390397679807,0.2947448891130621,0.3828160711189572,0.30841577827638716,0.2889661346012997,0.402618087122313,-1.4023261491593553,-0.5778754511762407,1.9802016003355793,S Attwell,football-data.co.uk,proxy_shots,,,,,,,,
2023-05-07,Newcastle,Arsenal,0,2,12.0,10.0,9.0,4.0,2.0,1.0,16.0,12.0,1.56,1.83,1.56,1.83,5.0,6.0,4.0,5.0,2.49,3.73,2.71,1.64,2.29,2.49,3.73,2.71,2.31,3.74,2.97,1.64,2.29,1.63,2.31,0.38664086077440624,0.2581060974070433,0.35525304181855044,0.417462482946794,0.2578444747612551,0.32469304229195084,3.0821622172387766,-0.02616226457882176,-3.05599995265996,C Kavanagh,football-data.co.uk,proxy_shots,,,,,,,,
2023-05-07,West Ham,Man United,1,0,15.0,19.0,5.0,6.0,0.0,2.0,4.0,9.0,1.65,1.76,1.65,1.76,4.0,4.0,4.0,3.0,3.43,3.74,2.08,1.67,2.23,3.43,3.74,2.08,3.57,3.68,2.05,1.67,2.23,1.73,2.13,0.2804143927214528,0.2571714885119206,0.4624141187666265,0.26942760918711006,0.261374066521191,0.469198324291699,-1.0986783534342737,0.42025780092703746,0.6784205525072473,P Bankes,football-data.co.uk,proxy_shots,,,,,,,,
2023-05-08,Brighton,Everton,1,5,23.0,10.0,15.0,1.0,1.0,5.0,11.0,13.0,2.27,1.95,2.27,1.95,5.0,5.0,0.0,4.0,1.35,5.3,8.47,1.59,2.38,1.35,5.3,8.47,1.35,5.54,8.45,1.59,2.38,1.5,2.62,0.7071620418868787,0.18012618048062007,0.11271177763250131,0.7125320588436745,0.1736314583824839,0.11383648277384151,0.5370016956795842,-0.6494722098136174,0.11247051413401932,S Hooper,football-data.co.uk,proxy_shots,,,,,,,,
2023-05-08,Fulham,Leicester,5,3,17.0,18.0,2.0,7.0,0.0,3.0,13.0,15.0,2.7,2.91,2.7,2.91,7.0,9.0,6.0,2.0,2.67,3.53,2.6,1.83,2.01,2.67,3.53,2.6,2.68,3.35,2.71,1.83,2.01,1.97,1.86,0.35928612532344756,0.27175466136362747,0.3689592133129249,0.35856046573167505,0.2868483725853401,0.354591161682985,-0.07256595917725095,1.5093711221712602,-1.4368051629939926,R Jones,football-data.co.uk,proxy_shots,,,,,,,,
2023-05-08,Nott'm Forest,Southampton,4,3,9.0,19.0,2.0,11.0,1.0,0.0,16.0,10.0,1.61,2.25,1.61,2.25,4.0,5.0,2.0,0.0,2.13,3.52,3.46,2.0,1.83,2.13,3.52,3.46,2.01,3.49,3.9,2.0,1.83,2.11,1.75,0.4503042896334475,0.27248526617023955,0.2772104441963131,0.4781678488243416,0.27539179832003624,0.2464403528556222,2.7863559190894116,0.2906532149796692,-3.0770091340690864,M Oliver,football-data.co.uk,proxy_shots,,,,,,,,
2023-05-13,Aston Villa,Tottenham,2,1,8.0,5.0,8.0,3.0,3.0,3.0,9.0,14.0,1.36,0.73,1.36,0.73,4.0,2.0,1.0,2.0,2.3,3.6,3.03,1.75,2.1,2.3,3.6,3.03,2.29,3.64,3.04,1.75,2.1,1.68,2.21,0.41702030049317584,0.26642963642619566,0.3165500630806285,0.4197429711563263,0.26406906701867777,0.3161879618249958,0.27226706631504616,-0.23605694075178874,-0.036210125563268525,P Bankes,football-data.co.uk,proxy_shots,,,,,,,,
2023-05-13,Chelsea,Nott'm Forest,2,2,14.0,11.0,2.0,5.0,3.0,1.0,13.0,15.0,2.05,1.17,2.05,1.17,6.0,2.0,0.0,4.0,1.51,4.4,6.68,1.84,1.99,1.51,4.4,6.68,1.56,4.3,6.06,1.84,1.99,1.8,2.04,0.6372553270833514,0.21869444179451375,0.14405023112213483,0.6172014893556547,0.22391495892902824,0.15888355171531707,-2.0053837727696755,0.5220517134514491,1.4833320593182235,P Tierney,football-data.co.uk,proxy_shots,,,,,,,,
2023-05-13,Crystal Palace,Bournemouth,2,0,17.0,5.0,11.0,2.0,0.0,2.0,5.0,12.0,2.04,0.28,2.04,0.28,5.0,0.0,0.0,3.0,1.88,3.7,4.18,1.9,1.92,1.88,3.7,4.18,1.77,3.78,4.81,1.9,1.92,1.96,1.87,0.5107594351461672,0.2595210102904849,0.22971955456334792,0.5445919110048792,0.2550073234070467,0.2004007655880741,3.3832475858712074,-0.4513686883438228,-2.931878897527382,M Salisbury,football-data.co.uk,proxy_shots,,,,,,,,
2023-05-13,Leeds,Newcastle,2,2,9.0,18.0,2.0,6.0,5.0,2.0,16.0,14.0,1.41,2.09,1.41,2.09,4.0,5.0,3.0,2.0,4.62,4.2,1.71,1.63,2.3,4.62,4.2,1.71,5.04,4.39,1.63,1.63,2.3,1.55,2.46,0.2082572159298502,0.2290829375228352,0.5626598465473145,0.19083647807128665,0.2190924486285387,0.5900710733001747,-1.7420737858563546,-0.9990488894296518,2.741122675286023,S Hooper,football-data.co.uk,proxy_shots,,,,,,,,
2023-05-13,Man United,Wolves,2,0,27.0,5.0,11.0,7.0,3.0,2.0,9.0,9.0,3.31,0.28,3.31,0.28,9.0,0.0,0.0,7.0,1.38,5.1,8.37,1.65,2.25,1.38,5.1,8.37,1.38,5.24,8.06,1.65,2.25,1.57,2.43,0.6966394453909877,0.1885024381646202,0.11485811644439223,0.6970707264096758,0.18357969512315886,0.1193495784671653,0.04312810186881677,-0.49227430414613416,0.44914620227730767,J Brooks,football-data.co.uk,proxy_shots,,,,,,,,
2023-05-13,Southampton,Fulham,0,2,5.0,9.0,1.0,8.0,2.0,0.0,17.0,12.0,0.46,1.41,0.46,1.41,1.0,4.0,2.0,1.0,2.82,3.44,2.51,1.88,1.94,2.82,3.44,2.51,2.73,3.44,2.6,1.88,1.94,1.92,1.91,0.339757765588233,0.2785223543484933,0.38171988006327373,0.3516663259047229,0.27908403189531794,0.36924964219995904,1.1908560316489902,0.05616775468246238,-1.2470237863314693,T Bramall,football-data.co.uk,proxy_shots,,,,,,,,
2023-05-14,Arsenal,Brighton,0,3,14.0,12.0,5.0,2.0,1.0,2.0,13.0,17.0,1.13,2.04,1.13,2.04,2.0,6.0,3.0,2.0,1.77,4.19,4.21,1.53,2.51,1.77,4.19,4.21,1.73,4.28,4.36,1.53,2.51,1.47,2.7,0.5426342519818259,0.22922735704244196,0.22813839097573205,0.5552487502975483,0.22443465841466317,0.2203165912877886,1.2614498315722367,-0.47926986277787853,-0.7821799687943443,A Madley,football-data.co.uk,proxy_shots,,,,,,,,
2023-05-14,Brentford,West Ham,2,0,24.0,4.0,7.0,5.0,1.0,0.0,5.0,5.0,3.32,0.94,3.32,0.94,10.0,4.0,4.0,8.0,2.05,3.56,3.66,1.95,1.87,2.05,3.56,3.66,1.83,3.64,4.6,1.95,1.87,2.08,1.77,0.46817531781564187,0.26959533750619824,0.26222934467816,0.526157017521808,0.2645239950727771,0.20931898740541496,5.7981699706166125,-0.5071342433421167,-5.291035727274504,M Oliver,football-data.co.uk,proxy_shots,,,,,,,,
2023-05-14,Everton,Man City,0,3,7.0,9.0,8.0,6.0,1.0,0.0,12.0,4.0,0.93,1.51,0.93,1.51,3.0,4.0,1.0,3.0,8.86,5.21,1.36,1.64,2.27,8.86,5.21,1.36,8.25,5.15,1.37,1.64,2.27,1.63,2.28,0.10851540221576275,0.18453866864331245,0.7069459291409248,0.11595763039172988,0.18575736907413037,0.6982850005341398,0.7442228175967125,0.12187004308179261,-0.8660928606785023,A Taylor,football-data.co.uk,proxy_shots,,,,,,,,
2023-05-15,Leicester,Liverpool,0,3,4.0,16.0,4.0,4.0,2.0,1.0,11.0,17.0,0.94,2.08,0.94,2.08,4.0,5.0,2.0,4.0,5.11,4.59,1.59,1.49,2.63,5.11,4.59,1.59,4.68,4.29,1.69,1.49,2.63,1.49,2.63,0.18771847244835757,0.20898505320503424,0.6032964743466083,0.20575539568345322,0.22446043165467622,0.5697841726618704,1.8036923235095648,1.5475378449641974,-3.3512301684737844,C Pawson,football-data.co.uk,proxy_shots,,,,,,,,
2023-05-18,Newcastle,Brighton,4,1,22.0,8.0,6.0,1.0,2.0,4.0,17.0,16.0,3.23,0.9,3.23,0.9,9.0,2.0,1.0,5.0,2.02,3.86,3.49,1.6,2.36,2.02,3.86,3.49,1.8,4.06,4.13,1.6,2.36,1.54,2.48,0.4757119046273801,0.24894768065992434,0.27534041471269566,0.5321455547163105,0.2359266006131426,0.23192784467054695,5.643365008893042,-1.3021080046781734,-4.341257004214871,R Jones,football-data.co.uk,proxy_shots,,,,,,,,
2023-05-20,Bournemouth,Man United,0,1,10.0,20.0,3.0,6.0,1.0,0.0,6.0,7.0,1.27,2.1,1.27,2.1,4.0,5.0,4.0,4.0,6.06,4.77,1.51,1.55,2.46,6.06,4.77,1.51,7.26,5.24,1.41,1.55,2.46,1.47,2.71,0.15914227952142646,0.20218075763099463,0.638676962847579,0.13272400004311322,0.1838885954795805,0.6833874044773064,-2.641827947831324,-1.8292162151414133,4.471044162972737,C Kavanagh,football-data.co.uk,proxy_shots,,,,,,,,
2023-05-20,Fulham,Crystal Palace,2,2,11.0,11.0,7.0,4.0,3.0,0.0,13.0,12.0,1.52,1.7,1.52,1.7,4.0,5.0,3.0,2.0,2.45,3.4,2.97,2.02,1.82,2.45,3.4,2.97,2.36,3.26,3.23,2.02,1.82,2.25,1.66,0.39284950106012567,0.2830827287050906,0.3240677702347838,0.4074022486864607,0.29492923524541326,0.2976685160681261,1.4552747626335016,1.1846506540322654,-2.639925416665767,J Smith,football-data.co.uk,proxy_shots,,,,,,,,
2023-05-20,Liverpool,Aston Villa,1,1,10.0,6.0,9.0,4.0,3.0,5.0,16.0,13.0,1.55,0.97,1.55,0.97,5.0,3.0,2.0,4.0,1.49,4.86,6.16,1.54,2.47,1.49,4.86,6.16,1.49,4.85,6.18,1.54,2.47,1.48,2.68,0.6457998075819611,0.1979921220775971,0.15620807034044187,0.6458626477933618,0.19841965880662044,0.15571769340001768,0.006284021140068319,0.04275367290233478,-0.049037694042419755,J Brooks,football-data.co.uk,proxy_shots,,,,,,,,
2023-05-20,Nott'm Forest,Arsenal,1,0,6.0,11.0,3.0,6.0,3.0,2.0,11.0,12.0,0.79,1.15,0.79,1.15,2.0,3.0,3.0,1.0,5.37,4.45,1.59,1.57,2.41,5.37,4.45,1.59,5.26,4.18,1.64,1.57,2.41,1.74,2.13,0.17907988549821185,0.21610314272480846,0.6048169717769797,0.18295950721141016,0.2302313416105305,0.5868091511780593,0.3879621713198306,1.4128198885722032,-1.8007820598920365,A Taylor,football-data.co.uk,proxy_shots,,,,,,,,
2023-05-20,Tottenham,Brentford,1,3,22.0,11.0,8.0,2.0,1.0,1.0,11.0,9.0,2.75,1.62,2.75,1.62,8.0,4.0,1.0,7.0,1.85,3.88,4.13,1.75,2.1,1.85,3.88,4.13,1.95,3.77,3.85,1.75,2.1,1.74,2.13,0.5195490696400142,0.24772313887474914,0.23272779148523645,0.4941358707678691,0.2555875193626909,0.2502766098694401,-2.5413198872145157,0.7864380487941774,1.7548818384203662,J Gillett,football-data.co.uk,proxy_shots,,,,,,,,
2023-05-20,Wolves,Everton,1,1,13.0,19.0,1.0,7.0,5.0,1.0,18.0,10.0,1.71,1.86,1.71,1.86,5.0,4.0,3.0,4.0,2.77,3.35,2.63,2.07,1.78,2.77,3.35,2.63,3.13,3.45,2.33,2.07,1.78,1.96,1.88,0.3472104543430371,0.28709640553140675,0.3656931401255562,0.3076360797400679,0.27910171872069933,0.4132622015392329,-3.95743746029692,-0.7994686810707419,4.756906141367667,D Coote,football-data.co.uk,proxy_shots,,,,,,,,
2023-05-21,Brighton,Southampton,3,1,26.0,5.0,4.0,3.0,2.0,5.0,8.0,9.0,3.17,0.56,3.17,0.56,8.0,1.0,0.0,5.0,1.23,6.91,12.43,1.41,2.91,1.23,6.91,12.43,1.21,7.38,13.35,1.41,2.91,1.33,3.31,0.7831117027338746,0.1393961496906897,0.07749214757543571,0.7970710230789207,0.13068508643976887,0.07224389048131043,1.39593203450461,-0.8711063250920831,-0.5248257094125284,P Tierney,football-data.co.uk,proxy_shots,,,,,,,,
2023-05-21,Man City,Chelsea,1,0,15.0,13.0,5.0,2.0,0.0,2.0,12.0,9.0,1.29,1.79,1.29,1.79,2.0,6.0,6.0,1.0,1.26,6.41,11.48,1.52,2.54,1.26,6.41,11.48,1.62,4.19,5.85,1.52,2.54,1.95,1.89,0.765506895999301,0.1504740544398002,0.08401904956089888,0.6011212395435583,0.23241441719822542,0.16646434325821619,-16.438565645574265,8.194036275842523,8.24452936973173,M Oliver,football-data.co.uk,proxy_shots,,,,,,,,
2023-05-21,West Ham,Leeds,3,1,19.0,12.0,9.0,5.0,1.0,3.0,6.0,11.0,2.96,1.3,2.96,1.3,9.0,3.0,2.0,6.0,2.45,3.56,2.84,1.8,2.03,2.45,3.56,2.84,2.6,3.51,2.72,1.8,2.03,1.79,2.06,0.39202183758297654,0.2697903095725541,0.3381878528444693,0.37083417491415877,0.2746919814178954,0.3544738436679459,-2.1187662668817775,0.49016718453412933,1.6285990823476593,P Bankes,football-data.co.uk,proxy_shots,,,,,,,,
2023-05-22,Newcastle,Leicester,0,0,23.0,1.0,12.0,1.0,2.0,0.0,9.0,5.0,1.98,0.23,1.98,0.23,4.0,1.0,1.0,4.0,1.38,5.39,7.66,1.51,2.57,1.38,5.39,7.66,1.31,5.96,9.36,1.51,2.57,1.5,2.62,0.6962884761975432,0.17827051895224666,0.1254410048502101,0.7354261035557408,0.16164567041241953,0.1029282260318398,3.913762735819759,-1.6624848539827126,-2.2512778818370287,A Marriner,football-data.co.uk,proxy_shots,,,,,,,,
2023-05-24,Brighton,Man City,1,1,20.0,13.0,5.0,1.0,2.0,1.0,16.0,11.0,2.46,1.54,2.46,1.54,7.0,4.0,3.0,6.0,3.97,4.22,1.81,1.52,2.55,3.97,4.22,1.81,3.86,4.13,1.85,1.52,2.55,1.46,2.73,0.24188895187365608,0.22755903766313143,0.5305520104632125,0.24868747823313256,0.23242945907503426,0.5188830626918332,0.6798526359476476,0.4870421411902831,-1.166894777137939,S Hooper,football-data.co.uk,proxy_shots,,,,,,,,
2023-05-25,Man United,Chelsea,4,1,18.0,14.0,3.0,4.0,1.0,1.0,12.0,6.0,3.01,1.77,3.01,1.77,9.0,5.0,4.0,5.0,1.63,4.35,5.12,1.6,2.38,1.63,4.35,5.12,1.56,4.39,5.84,1.6,2.38,1.63,2.33,0.5906423288365098,0.2213211485065543,0.18803652265693574,0.6163417988095123,0.21901895356328915,0.1646392476271985,2.569946997300254,-0.230219494326514,-2.3397275029737234,S Attwell,football-data.co.uk,proxy_shots,,,,,,,,
2023-05-28,Arsenal,Wolves,5,0,14.0,6.0,8.0,4.0,0.0,0.0,8.0,11.0,2.71,0.33,2.71,0.33,8.0,0.0,0.0,3.0,1.37,5.33,7.87,1.46,2.71,1.37,5.33,7.87,1.29,6.18,9.86,1.46,2.71,1.38,3.09,0.6987561447316474,0.1796052379516617,0.12163861731669084,0.7465084825497634,0.15582458616330017,0.09766693128693661,4.775233781811606,-2.378065178836153,-2.397168602975423,A Marriner,football-data.co.uk,proxy_shots,,,,,,,,
2023-05-28,Aston Villa,Brighton,2,1,12.0,8.0,4.0,3.0,4.0,4.0,15.0,16.0,1.76,1.26,1.76,1.26,5.0,4.0,3.0,3.0,2.04,3.88,3.37,1.53,2.52,2.04,3.88,3.37,1.88,4.04,3.83,1.53,2.52,1.49,2.62,0.469238056959118,0.2467127928341755,0.28404915020670646,0.5111930436621207,0.2378819114071255,0.25092504493075374,4.195498670300268,-0.8830881427049991,-3.312410527595272,D Coote,football-data.co.uk,proxy_shots,,,,,,,,
2023-05-28,Brentford,Man City,1,0,11.0,17.0,3.0,4.0,4.0,0.0,12.0,8.0,1.43,1.48,1.43,1.48,4.0,3.0,3.0,3.0,3.88,4.01,1.87,1.61,2.33,3.88,4.01,1.87,3.37,3.57,2.15,1.61,2.33,1.83,2.01,0.24737489732162007,0.23935526224635556,0.5132698404320244,0.2847851171902538,0.2688307688882788,0.44638411392146754,3.7410219868633714,2.947550664192322,-6.6885726510556855,J Brooks,football-data.co.uk,proxy_shots,,,,,,,,
2023-05-28,Chelsea,Newcastle,1,1,22.0,13.0,10.0,3.0,0.0,0.0,9.0,11.0,2.21,1.54,2.21,1.54,5.0,4.0,3.0,4.0,2.87,3.64,2.38,1.7,2.19,2.87,3.64,2.38,2.79,3.76,2.38,1.7,2.19,1.53,2.51,0.3339629769550434,0.2633169625991688,0.4027200604457877,0.3431367286057194,0.2546147534069035,0.402248517987377,0.9173751650676021,-0.8702209192265331,-0.047154245841068976,J Gillett,football-data.co.uk,proxy_shots,,,,,,,,
2023-05-28,Crystal Palace,Nott'm Forest,1,1,16.0,7.0,5.0,4.0,0.0,2.0,9.0,13.0,1.7,1.21,1.7,1.21,4.0,4.0,3.0,3.0,1.69,4.15,4.77,1.65,2.27,1.69,4.15,4.77,1.6,4.09,5.61,1.65,2.27,1.8,2.03,0.5676894090386374,0.2311795424759752,0.20113104848538726,0.596515264565877,0.23335560472014746,0.1701291307139756,2.8825855527239597,0.2176062244172272,-3.1001917771411676,T Bramall,football-data.co.uk,proxy_shots,,,,,,,,
2023-05-28,Everton,Bournemouth,1,0,13.0,7.0,9.0,3.0,1.0,3.0,11.0,12.0,1.9,0.74,1.9,0.74,6.0,2.0,2.0,5.0,1.49,4.61,6.58,1.68,2.22,1.49,4.61,6.58,1.62,4.22,5.41,1.68,2.22,1.73,2.14,0.6453052636953298,0.2085693802399222,0.14612535606474794,0.5940599727302059,0.22805145872581367,0.17788856854398036,-5.124529096512386,1.9482078485891479,3.1763212479232417,S Attwell,football-data.co.uk,proxy_shots,,,,,,,,
2023-05-28,Leeds,Tottenham,1,4,19.0,11.0,12.0,3.0,3.0,0.0,7.0,5.0,1.5,2.27,1.5,2.27,2.0,7.0,3.0,1.0,2.77,3.84,2.37,1.5,2.6,2.77,3.84,2.37,2.78,3.84,2.38,1.5,2.6,1.54,2.5,0.3460051325919589,0.24959224408326205,0.40440262332477894,0.3457784100367753,0.25032916143287376,0.4038924285303509,-0.022672255518363382,0.07369173496117043,-0.05101947944280427,A Taylor,football-data.co.uk,proxy_shots,,,,,,,,
2023-05-28,Leicester,West Ham,2,1,13.0,16.0,3.0,5.0,1.0,1.0,8.0,10.0,1.64,1.52,1.64,1.52,4.0,3.0,2.0,2.0,1.94,3.92,3.65,1.68,2.21,1.94,3.92,3.65,2.08,3.94,3.26,1.68,2.21,1.54,2.51,0.4934848139947161,0.24422462733411968,0.26229055867116413,0.4616899828902532,0.24373481330246868,0.29457520380727814,-3.1794831104462906,-0.048981403165099247,3.228464513611401,S Hooper,football-data.co.uk,proxy_shots,,,,,,,,
2023-05-28,Man United,Fulham,2,1,21.0,10.0,5.0,4.0,1.0,2.0,14.0,10.0,2.79,1.19,2.79,1.19,8.0,3.0,2.0,6.0,1.53,4.59,5.76,1.49,2.63,1.53,4.59,5.76,1.48,4.97,6.04,1.49,2.63,1.41,2.95,0.6254071661237786,0.20846905537459284,0.16612377850162866,0.648163822289781,0.1930145788710012,0.15882159883921787,2.275665616600242,-1.5454476503591636,-0.7302179662410785,R Jones,football-data.co.uk,proxy_shots,,,,,,,,
2023-05-28,Southampton,Liverpool,4,4,15.0,30.0,2.0,9.0,0.0,2.0,4.0,10.0,3.02,3.49,3.02,3.49,10.0,8.0,4.0,6.0,6.74,5.2,1.42,1.39,3.01,6.74,5.2,1.42,5.95,4.97,1.49,1.39,3.01,1.34,3.22,0.14199235425784762,0.18404393609574865,0.6739637096464036,0.16153857899799964,0.19339125654690104,0.6450701644550993,1.9546224740152023,0.9347320451152386,-2.889354519130427,D England,football-data.co.uk,proxy_shots,,,,,,,,
2023-08-11,Burnley,Man City,0,3,6.0,17.0,6.0,5.0,2.0,0.0,11.0,8.0,0.51,2.67,0.51,2.67,1.0,8.0,5.0,1.0,9.02,5.35,1.35,1.65,2.27,9.02,5.35,1.35,9.27,5.45,1.33,1.65,2.27,1.64,2.28,0.10675249236954322,0.17998270676136072,0.713264800869096,0.10340361003208316,0.17588100275181848,0.7207153872160984,-0.33488823374600574,-0.41017040095422397,0.7450586347002353,C Pawson,football-data.co.uk,proxy_shots,,,,,,,,
2023-08-12,Arsenal,Nott'm Forest,2,1,15.0,6.0,8.0,3.0,2.0,2.0,12.0,12.0,2.29,0.79,2.29,0.79,7.0,2.0,1.0,5.0,1.18,7.64,15.67,1.42,2.85,1.18,7.64,15.67,1.19,7.43,15.98,1.42,2.85,1.49,2.63,0.8131711684052801,0.12559449983222912,0.06123433176249077,0.8099595263774367,0.12972433867956257,0.060316134943000616,-0.3211642027843409,0.412983884733345,-0.09181968194901524,M Oliver,football-data.co.uk,proxy_shots,,,,,,,,
2023-08-12,Bournemouth,West Ham,1,1,14.0,16.0,10.0,4.0,1.0,4.0,9.0,14.0,1.77,1.52,1.77,1.52,5.0,3.0,2.0,4.0,2.69,3.44,2.64,1.88,1.94,2.69,3.44,2.64,2.7,3.53,2.59,1.88,1.94,1.74,2.12,0.35702604101144797,0.279186061139766,0.363787897848786,0.35620862830048267,0.27245419161793294,0.3713371800815843,-0.0817412710965304,-0.6731869521833078,0.7549282232798271,P Bankes,football-data.co.uk,proxy_shots,,,,,,,,
2023-08-12,Brighton,Luton,4,1,27.0,9.0,6.0,7.0,2.0,2.0,11.0,12.0,4.0,1.14,4.0,1.14,12.0,3.0,2.0,8.0,1.33,5.52,9.61,1.61,2.34,1.33,5.52,9.61,1.28,5.99,10.91,1.61,2.34,1.55,2.48,0.7249846590342229,0.17467927473107187,0.10033606623470517,0.7513074408878067,0.16054649821976502,0.08814606089242828,2.632278185358372,-1.4132776511306844,-1.219000534227689,D Coote,football-data.co.uk,proxy_shots,,,,,,,,
2023-08-12,Everton,Fulham,0,1,19.0,9.0,10.0,4.0,0.0,2.0,12.0,6.0,2.67,0.95,2.67,0.95,9.0,2.0,1.0,9.0,2.24,3.43,3.3,1.97,1.86,2.24,3.43,3.3,2.32,3.28,3.27,1.97,1.86,2.17,1.71,0.42884421577467774,0.2800615286691773,0.29109425555614493,0.41377075489167336,0.2926671193136226,0.29356212579470403,-1.5073460883004375,1.260559064444533,0.24678702385591,S Attwell,football-data.co.uk,proxy_shots,,,,,,,,
2023-08-12,Newcastle,Aston Villa,5,1,17.0,16.0,6.0,5.0,4.0,4.0,12.0,17.0,3.77,2.06,3.77,2.06,13.0,6.0,5.0,8.0,1.76,3.88,4.61,1.76,2.09,1.76,3.88,4.61,1.65,4.14,5.17,1.76,2.09,1.68,2.22,0.5448442240444482,0.2471458335871724,0.20800994236837933,0.5821739520689345,0.23202585046225652,0.18580019746880888,3.732972802448631,-1.5119983124915888,-2.2209744899570447,A Madley,football-data.co.uk,proxy_shots,,,,,,,,
2023-08-12,Sheffield United,Crystal Palace,0,1,8.0,24.0,5.0,5.0,3.0,0.0,18.0,11.0,0.62,2.86,0.62,2.86,1.0,8.0,7.0,1.0,3.12,3.24,2.41,2.21,1.68,3.12,3.24,2.41,3.81,3.16,2.16,2.21,1.68,2.54,1.53,0.30697740246261257,0.2956078690380714,0.39741472849931586,0.25191549670047386,0.3037335577306346,0.4443509455688914,-5.5061905762138705,0.8125688692563193,4.693621706957551,J Brooks,football-data.co.uk,proxy_shots,,,,,,,,
2023-08-13,Brentford,Tottenham,2,2,11.0,18.0,3.0,6.0,1.0,4.0,12.0,13.0,1.89,2.27,1.89,2.27,6.0,6.0,4.0,4.0,2.73,3.63,2.5,1.7,2.18,2.73,3.63,2.5,2.6,3.52,2.7,1.7,2.18,1.72,2.15,0.3516092662118024,0.26443341508490925,0.38395731870328825,0.3701511138806668,0.27340707275276527,0.356441813366568,1.8541847668864408,0.8973657667856016,-2.7515505336720256,R Jones,football-data.co.uk,proxy_shots,,,,,,,,
2023-08-13,Chelsea,Liverpool,1,1,10.0,13.0,4.0,4.0,3.0,3.0,5.0,12.0,1.37,0.99,1.37,0.99,4.0,1.0,0.0,3.0,2.87,3.64,2.39,1.67,2.24,2.87,3.64,2.39,3.04,3.75,2.26,1.67,2.24,1.54,2.52,0.33452666146267934,0.2637614061532664,0.4017119323840543,0.31687692089106917,0.25688155720236006,0.4262415219065709,-1.7649740571610173,-0.687984895090632,2.4529589522516604,A Taylor,football-data.co.uk,proxy_shots,,,,,,,,
2023-08-14,Man United,Wolves,1,0,15.0,23.0,8.0,7.0,2.0,3.0,14.0,10.0,1.47,2.34,1.47,2.34,3.0,6.0,6.0,2.0,1.31,5.65,9.85,1.6,2.38,1.31,5.65,9.85,1.27,6.12,10.96,1.6,2.38,1.6,2.37,0.7326794589079418,0.16987789224237237,0.09744264884968568,0.755633863110983,0.15680637355407656,0.08755976333494055,2.295440420304118,-1.3071518688295813,-0.988288551474513,S Hooper,football-data.co.uk,proxy_shots,,,,,,,,
2023-08-18,Nott'm Forest,Sheffield United,2,1,16.0,7.0,6.0,7.0,2.0,3.0,5.0,9.0,1.8,1.03,1.8,1.03,4.0,3.0,2.0,2.0,1.95,3.43,4.25,2.24,1.67,1.95,3.43,4.25,1.93,3.44,4.33,2.24,1.67,2.23,1.67,0.49325798974740725,0.2804236384861353,0.22631837176645742,0.4983122179363226,0.2795763315747391,0.2221114504889382,0.5054228188915322,-0.08473069113961729,-0.42069212775192044,P Bankes,football-data.co.uk,proxy_shots,,,,,,,,
2023-08-19,Fulham,Brentford,0,3,10.0,17.0,5.0,5.0,4.0,2.0,13.0,12.0,0.91,2.67,0.91,2.67,2.0,8.0,5.0,2.0,2.72,3.4,2.63,1.93,1.9,2.72,3.4,2.63,2.82,3.19,2.69,1.93,1.9,2.14,1.73,0.3528306949288972,0.2822645559431178,0.364904749127985,0.3410246118262349,0.30147003302507286,0.35750535514869236,-1.180608310266229,1.920547708195508,-0.7399393979292623,D Bond,football-data.co.uk,proxy_shots,,,,,,,,
2023-08-19,Liverpool,Bournemouth,3,1,26.0,13.0,10.0,2.0,3.0,3.0,11.0,13.0,3.53,1.71,3.53,1.71,10.0,5.0,4.0,7.0,1.23,6.86,11.82,1.35,3.21,1.23,6.86,11.82,1.2,7.69,12.7,1.35,3.21,1.28,3.77,0.7792038561774949,0.13971147858576072,0.08108466523674439,0.79965774455298,0.12478404336327384,0.07555821208374613,2.045388837548512,-1.4927435222486878,-0.5526453152998254,T Bramall,football-data.co.uk,proxy_shots,,,,,,,,
2023-08-19,Man City,Newcastle,1,0,14.0,7.0,3.0,0.0,1.0,5.0,12.0,11.0,1.59,0.56,1.59,0.56,4.0,1.0,1.0,3.0,1.7,4.07,4.83,1.72,2.15,1.7,4.07,4.83,1.84,3.78,4.32,1.72,2.15,1.8,2.04,0.5650811628114213,0.23602898692368945,0.19888985026488945,0.5228215767634855,0.25449515905947445,0.2226832641770401,-4.225958604793578,1.8466172135784997,2.3793413912150645,R Jones,football-data.co.uk,proxy_shots,,,,,,,,
2023-08-19,Tottenham,Man United,2,0,17.0,22.0,5.0,6.0,1.0,3.0,9.0,8.0,2.22,2.29,2.22,2.29,6.0,6.0,6.0,4.0,2.84,3.75,2.37,1.57,2.44,2.84,3.75,2.37,3.01,3.78,2.25,1.57,2.44,1.51,2.54,0.3383355603522116,0.25623279770674157,0.40543164194104675,0.31907350508154103,0.2540770503427086,0.42684944457575036,-1.9262055270670542,-0.2155747364032956,2.141780263470361,M Oliver,football-data.co.uk,proxy_shots,,,,,,,,
2023-08-19,Wolves,Brighton,1,4,16.0,16.0,5.0,3.0,5.0,6.0,14.0,11.0,1.88,2.72,1.88,2.72,5.0,8.0,4.0,4.0,4.0,3.81,1.89,1.74,2.12,4.0,3.81,1.89,4.17,4.06,1.81,1.74,2.12,1.56,2.46,0.24002279931602052,0.2519924402267932,0.5079847604571863,0.2308956372833959,0.2371514304117638,0.5319529323048403,-0.912716203262462,-1.4841009815029393,2.3968171847653985,A Madley,football-data.co.uk,proxy_shots,,,,,,,,
2023-08-20,Aston Villa,Everton,4,0,13.0,9.0,7.0,6.0,3.0,4.0,8.0,12.0,2.38,0.85,2.38,0.85,7.0,2.0,2.0,3.0,1.7,3.91,5.0,1.89,1.94,1.7,3.91,5.0,1.84,3.82,4.24,1.89,1.94,1.76,2.09,0.5634492895639392,0.2449779519843214,0.19157275845173935,0.5220193894389439,0.2514438943894389,0.22653671617161714,-4.142990012499537,0.6465942405117525,3.4963957719877787,A Taylor,football-data.co.uk,proxy_shots,,,,,,,,
2023-08-20,West Ham,Chelsea,3,1,12.0,17.0,3.0,9.0,4.0,3.0,12.0,9.0,2.04,1.76,2.04,1.76,6.0,4.0,3.0,3.0,3.66,3.57,2.04,1.92,1.91,3.66,3.57,2.04,3.27,3.59,2.18,1.92,1.91,1.77,2.09,0.2618261826182618,0.2684268426842684,0.46974697469746973,0.29318089015924864,0.26704777460187834,0.43977133523887296,3.1354707540986846,-0.1379068082390078,-2.9975639458596772,J Brooks,football-data.co.uk,proxy_shots,,,,,,,,
2023-08-21,Crystal Palace,Arsenal,0,1,14.0,14.0,1.0,8.0,2.0,3.0,14.0,10.0,1.13,1.41,1.13,1.41,2.0,3.0,2.0,2.0,5.79,4.06,1.6,1.92,1.9,5.79,4.06,1.6,4.42,3.55,1.89,1.92,1.9,2.05,1.8,0.1654298476598909,0.23592089112087894,0.5986492612192302,0.21816461437912746,0.2716303086072516,0.5102050770136208,5.273476671923655,3.5709417486372685,-8.84441842056094,D Coote,football-data.co.uk,proxy_shots,,,,,,,,
2023-08-25,Chelsea,Luton,3,0,19.0,11.0,6.0,4.0,2.0,3.0,15.0,12.0,2.79,0.78,2.79,0.78,8.0,1.0,1.0,5.0,1.29,5.86,10.78,1.66,2.27,1.29,5.86,10.78,1.26,6.12,12.06,1.66,2.27,1.63,2.33,0.7463786266901711,0.16430519256490114,0.08931618074492773,0.7631490787269681,0.15711892797319935,0.0797319932998325,1.6770452036797057,-0.7186264591701796,-0.9584187445095232,R Jones,football-data.co.uk,proxy_shots,,,,,,,,
2023-08-26,Arsenal,Fulham,2,2,19.0,8.0,8.0,3.0,0.0,5.0,6.0,5.0,3.23,1.18,3.23,1.18,11.0,3.0,1.0,9.0,1.23,6.49,13.35,1.48,2.67,1.23,6.49,13.35,1.27,5.98,10.95,1.48,2.67,1.51,2.58,0.7802398493579612,0.14787288362254117,0.07188726701949756,0.7528100609205801,0.1598777219680831,0.0873122171113367,-2.7429788437381086,1.2004838345541917,1.542495009183914,P Tierney,football-data.co.uk,proxy_shots,,,,,,,,
2023-08-26,Bournemouth,Tottenham,0,2,11.0,17.0,6.0,2.0,1.0,3.0,18.0,11.0,1.15,2.22,1.15,2.22,3.0,6.0,4.0,3.0,3.67,3.94,1.95,1.55,2.47,3.67,3.94,1.95,3.47,3.86,2.03,1.55,2.47,1.55,2.5,0.2622246947879301,0.2442549822009399,0.49352032301112997,0.27713702646591754,0.24913613519086375,0.47372683834321877,1.4912331677987445,0.4881152989923837,-1.9793484667911199,T Robinson,football-data.co.uk,proxy_shots,,,,,,,,
2023-08-26,Brentford,Crystal Palace,1,1,12.0,15.0,8.0,6.0,0.0,0.0,9.0,15.0,0.94,1.82,0.94,1.82,1.0,5.0,4.0,0.0,2.14,3.41,3.57,2.13,1.74,2.14,3.41,3.57,2.15,3.33,3.67,2.13,1.74,2.25,1.67,0.449033414604458,0.2817980959687801,0.26916848942676197,0.4481337386464059,0.2893355970239557,0.26253066432963834,-0.08996759580521263,0.7537501055175644,-0.6637825097123629,P Bankes,football-data.co.uk,proxy_shots,,,,,,,,
2023-08-26,Brighton,West Ham,1,3,25.0,12.0,17.0,4.0,1.0,3.0,10.0,9.0,3.27,1.5,3.27,1.5,10.0,3.0,0.0,9.0,1.53,4.67,5.73,1.49,2.63,1.53,4.67,5.73,1.51,4.78,5.91,1.49,2.63,1.48,2.69,0.6271012465111048,0.20545287091263176,0.16744588257626358,0.6363757188843862,0.20103082332958638,0.16259345778602757,0.9274472373281384,-0.4422047583045374,-0.48524247902360096,A Taylor,football-data.co.uk,proxy_shots,,,,,,,,
2023-08-26,Everton,Wolves,0,1,15.0,11.0,7.0,0.0,3.0,4.0,10.0,14.0,2.08,1.06,2.08,1.06,7.0,2.0,1.0,7.0,2.32,3.31,3.24,2.12,1.74,2.32,3.31,3.24,2.43,3.36,3.02,2.12,1.74,1.97,1.88,0.4137436150676687,0.28999552476042034,0.2962608601719109,0.39559308554185857,0.28609857079366563,0.3183083436644757,-1.8150529525810144,-0.38969539667547126,2.20474834925648,C Pawson,football-data.co.uk,proxy_shots,,,,,,,,
2023-08-26,Man United,Nott'm Forest,3,2,18.0,9.0,11.0,3.0,4.0,6.0,13.0,11.0,2.91,1.41,2.91,1.41,9.0,4.0,2.0,6.0,1.31,5.79,9.23,1.52,2.56,1.31,5.79,9.23,1.36,5.26,8.13,1.52,2.56,1.55,2.45,0.7308976324538861,0.16536716727367717,0.10373520027243671,0.7013425350394102,0.18133571248167263,0.11732175247891732,-2.9555097414475817,1.5968545207995455,1.3586552206480613,S Attwell,football-data.co.uk,proxy_shots,,,,,,,,
2023-08-27,Burnley,Aston Villa,1,3,9.0,16.0,4.0,6.0,2.0,0.0,12.0,11.0,0.95,2.26,0.95,2.26,2.0,6.0,3.0,1.0,3.36,3.55,2.16,1.85,1.99,3.36,3.55,2.16,3.21,3.54,2.24,1.85,1.99,1.8,2.06,0.28554830637233,0.27026543927071234,0.4441862543569577,0.29941774847640407,0.27150592446589183,0.429076327057704,1.3869442104074092,0.1240485195179497,-1.51099272992537,M Salisbury,football-data.co.uk,proxy_shots,,,,,,,,
2023-08-27,Newcastle,Liverpool,1,2,23.0,9.0,5.0,9.0,1.0,4.0,16.0,10.0,2.81,1.41,2.81,1.41,8.0,4.0,2.0,7.0,2.2,3.9,3.03,1.49,2.64,2.2,3.9,3.03,2.22,3.84,3.02,1.49,2.64,1.51,2.6,0.4366478217492517,0.2463141558585523,0.317038022392196,0.43229702527398783,0.24992171773652427,0.31778125698948784,-0.4350796475263874,0.3607561877971982,0.07432345972918641,J Brooks,football-data.co.uk,proxy_shots,,,,,,,,
2023-08-27,Sheffield United,Man City,1,2,6.0,30.0,1.0,12.0,3.0,0.0,11.0,2.0,0.79,3.47,0.79,3.47,2.0,9.0,7.0,1.0,16.67,7.51,1.18,1.57,2.41,16.67,7.51,1.18,14.68,6.99,1.2,1.57,2.41,1.61,2.36,0.05764743459223374,0.12796041739714203,0.8143921480106242,0.06521678282531419,0.13696457394500888,0.7978186432296769,0.7569348233080454,0.9004156547866848,-1.6573504780947323,J Gillett,football-data.co.uk,proxy_shots,,,,,,,,
2023-09-01,Luton,West Ham,1,2,16.0,9.0,9.0,6.0,1.0,1.0,8.0,13.0,1.16,1.24,1.16,1.24,1.0,3.0,1.0,0.0,4.7,3.94,1.74,1.82,2.03,4.7,3.94,1.74,4.67,4.02,1.73,1.82,2.03,1.73,2.16,0.20433004685320522,0.24374396452032093,0.5519259886264739,0.20571418429856447,0.2389764280284319,0.5553093876730035,0.1384137445359257,-0.4767536491889046,0.33833990465296226,P Tierney,football-data.co.uk,proxy_shots,,,,,,,,
2023-09-02,Brentford,Bournemouth,2,2,21.0,12.0,5.0,2.0,1.0,2.0,6.0,13.0,2.62,1.76,2.62,1.76,7.0,5.0,3.0,5.0,1.72,4.06,4.67,1.74,2.12,1.72,4.06,4.67,1.73,3.98,4.75,1.74,2.12,1.8,2.06,0.5580501415713537,0.23641533091200206,0.2055345275166442,0.5559002467073827,0.24163503186024418,0.20246472143237304,-0.21498948639709914,0.5219700948242117,-0.3069806084271154,R Madley,football-data.co.uk,proxy_shots,,,,,,,,
2023-09-02,Brighton,Newcastle,3,1,15.0,9.0,5.0,3.0,4.0,4.0,14.0,17.0,2.21,0.95,2.21,0.95,6.0,2.0,1.0,3.0,2.55,3.87,2.55,1.49,2.65,2.55,3.87,2.55,2.55,3.81,2.58,1.49,2.65,1.48,2.7,0.3760932944606414,0.24781341107871713,0.3760932944606414,0.37627036896682403,0.2518344989148035,0.3718951321183725,0.017707450618265064,0.40210878360863456,-0.4198162342268885,S Attwell,football-data.co.uk,proxy_shots,,,,,,,,
2023-09-02,Burnley,Tottenham,2,5,16.0,20.0,7.0,4.0,4.0,3.0,15.0,9.0,1.8,3.4,1.8,3.4,4.0,10.0,5.0,2.0,3.83,3.99,1.88,1.64,2.31,3.83,3.99,1.88,3.64,3.79,1.99,1.64,2.31,1.68,2.23,0.25017926645832844,0.24014701517177894,0.5096737183698926,0.2638823286554495,0.25343843702000957,0.4826792343245408,1.3703062197121085,1.3291421848230622,-2.6994484045351816,D England,football-data.co.uk,proxy_shots,,,,,,,,
2023-09-02,Chelsea,Nott'm Forest,0,1,21.0,7.0,8.0,0.0,3.0,4.0,10.0,9.0,1.52,1.03,1.52,1.03,2.0,3.0,2.0,2.0,1.38,5.03,8.27,1.64,2.3,1.38,5.03,8.27,1.4,4.84,8.03,1.64,2.3,1.73,2.15,0.6938555947164486,0.19036197230789242,0.11578243297565888,0.6832456683168318,0.19763304455445546,0.1191212871287129,-1.0609926399616887,0.7271072246563037,0.3338854153054016,T Robinson,football-data.co.uk,proxy_shots,,,,,,,,
2023-09-02,Man City,Fulham,5,1,7.0,6.0,4.0,5.0,2.0,4.0,12.0,12.0,1.78,1.15,1.78,1.15,5.0,4.0,3.0,0.0,1.15,8.46,17.91,1.4,2.95,1.15,8.46,17.91,1.18,7.68,15.7,1.4,2.95,1.42,2.89,0.833233522561359,0.11326460413068117,0.05350187330795995,0.8137987262797272,0.1250367834648539,0.06116449025541897,-1.9434796281631805,1.1772179334172725,0.7662616947459024,M Oliver,football-data.co.uk,proxy_shots,,,,,,,,
2023-09-02,Sheffield United,Everton,2,2,13.0,16.0,4.0,6.0,1.0,2.0,11.0,13.0,2.35,2.16,2.35,2.16,8.0,6.0,4.0,6.0,3.01,3.23,2.5,2.26,1.66,3.01,3.23,2.5,3.12,3.36,2.35,2.26,1.66,2.03,1.82,0.318888884501013,0.2971688985597675,0.38394221693921965,0.30710351908895733,0.2851675534397461,0.4077289274712966,-1.178536541205566,-1.2001345120021434,2.3786710532076927,A Madley,football-data.co.uk,proxy_shots,,,,,,,,
2023-09-03,Arsenal,Man United,3,1,17.0,10.0,12.0,3.0,2.0,3.0,8.0,7.0,2.13,1.01,2.13,1.01,5.0,2.0,1.0,2.0,1.77,4.04,4.38,1.55,2.47,1.77,4.04,4.38,1.77,4.14,4.29,1.55,2.47,1.47,2.71,0.5428208573374317,0.23782002908100347,0.21935911358156487,0.5434417426266076,0.23234103489108587,0.2242172224823066,0.06208852891759209,-0.5478994189917596,0.4858108900741731,A Taylor,football-data.co.uk,proxy_shots,,,,,,,,
2023-09-03,Crystal Palace,Wolves,3,2,16.0,12.0,4.0,2.0,1.0,3.0,12.0,12.0,3.16,1.58,3.16,1.58,11.0,4.0,2.0,8.0,1.95,3.45,4.15,2.23,1.68,1.95,3.45,4.15,1.9,3.54,4.32,2.23,1.68,2.09,1.78,0.49137709137709146,0.27773487773487776,0.23088803088803087,0.5059351304140697,0.2715471038945572,0.22251776569137321,1.455803903697822,-0.6187773840320543,-0.837026519665765,R Jones,football-data.co.uk,proxy_shots,,,,,,,,
2023-09-03,Liverpool,Aston Villa,3,0,17.0,9.0,7.0,3.0,0.0,1.0,12.0,7.0,1.96,1.04,1.96,1.04,4.0,3.0,3.0,1.0,1.66,4.49,4.57,1.41,2.94,1.66,4.49,4.57,1.61,4.62,4.94,1.41,2.94,1.4,2.97,0.5770510336371486,0.2133418075362286,0.20960715882662287,0.5972303634232121,0.2081257327080891,0.1946439038686987,2.0179329786063516,-0.5216074828139516,-1.4963254957924166,S Hooper,football-data.co.uk,proxy_shots,,,,,,,,
2023-09-16,Aston Villa,Crystal Palace,3,1,16.0,6.0,4.0,2.0,5.0,3.0,13.0,9.0,2.08,0.97,2.08,0.97,5.0,3.0,2.0,2.0,1.9,3.7,4.07,1.87,1.97,1.9,3.7,4.07,1.94,3.64,4.01,1.87,1.97,1.89,1.95,0.5049627791563275,0.2593052109181141,0.2357320099255583,0.49584542113094227,0.2642692629104472,0.23988531595861046,-0.9117358025385214,0.49640519923331294,0.41533060330521676,D England,football-data.co.uk,proxy_shots,,,,,,,,
2023-09-16,Fulham,Luton,1,0,13.0,7.0,6.0,2.0,2.0,2.0,6.0,14.0,1.18,0.74,1.18,0.74,2.0,2.0,2.0,1.0,1.68,3.96,5.18,1.88,1.96,1.68,3.96,5.18,1.66,3.79,5.67,1.88,1.96,2.1,1.77,0.5718969555035128,0.24262295081967214,0.18548009367681498,0.5777796299831419,0.2530644289635925,0.1691559410532655,0.5882674479629091,1.0441478143920353,-1.632415262354947,M Salisbury,football-data.co.uk,proxy_shots,,,,,,,,
2023-09-16,Man United,Brighton,1,3,14.0,10.0,8.0,1.0,2.0,2.0,8.0,9.0,1.59,2.29,1.59,2.29,4.0,8.0,5.0,3.0,2.21,3.98,2.96,1.42,2.87,2.21,3.98,2.96,2.0,3.99,3.44,1.42,2.87,1.43,2.88,0.4344241136948617,0.2412254500667448,0.3243504362383934,0.48015784171051157,0.240680622411284,0.2791615358782044,4.573372801564984,-0.054482765546082224,-4.518890036018897,J Gillett,football-data.co.uk,proxy_shots,,,,,,,,
2023-09-16,Newcastle,Brentford,1,0,9.0,11.0,8.0,3.0,3.0,5.0,8.0,12.0,0.95,0.96,0.95,0.96,2.0,2.0,2.0,1.0,1.53,4.37,6.12,1.67,2.24,1.53,4.37,6.12,1.64,4.08,5.4,1.67,2.24,1.77,2.09,0.6249553092599213,0.21880586342509828,0.15623882731498032,0.5862817728956443,0.2356622812619747,0.17805594584238088,-3.867353636427695,1.6856417836876414,2.1817118527400563,C Pawson,football-data.co.uk,proxy_shots,,,,,,,,
2023-09-16,Tottenham,Sheffield United,2,1,28.0,7.0,15.0,2.0,6.0,7.0,13.0,14.0,3.54,1.39,3.54,1.39,10.0,5.0,4.0,8.0,1.28,6.1,10.52,1.48,2.66,1.28,6.1,10.52,1.29,6.17,9.68,1.48,2.66,1.41,2.97,0.751027554373777,0.15759266714728437,0.09137977847893865,0.744967388904619,0.15575493220210027,0.09927767889328085,-0.6060165469157996,-0.18377349451841052,0.7897900414342198,P Bankes,football-data.co.uk,proxy_shots,,,,,,,,
2023-09-16,West Ham,Man City,1,3,6.0,29.0,4.0,11.0,3.0,2.0,7.0,11.0,0.97,4.0,0.97,4.0,3.0,15.0,12.0,2.0,6.57,4.67,1.48,1.62,2.34,6.57,4.67,1.48,5.6,4.22,1.61,1.62,2.34,1.75,2.08,0.14606981408412603,0.20549864636674692,0.648431539549127,0.1722571256167252,0.22858765484683916,0.5991552195364355,2.618731153259918,2.3089008480092237,-4.9276320012691555,A Madley,football-data.co.uk,proxy_shots,,,,,,,,
2023-09-16,Wolves,Liverpool,1,3,11.0,16.0,4.0,4.0,1.0,3.0,10.0,4.0,1.06,2.26,1.06,2.26,2.0,6.0,3.0,1.0,6.64,4.95,1.45,1.48,2.66,6.64,4.95,1.45,4.77,4.35,1.67,1.48,2.66,1.52,2.56,0.14449354283471066,0.19382568170151085,0.6616807754637785,0.20190439662144696,0.22139861422627635,0.5766969891522767,5.74108537867363,2.7572932524765505,-8.498378631150171,M Oliver,football-data.co.uk,proxy_shots,,,,,,,,
2023-09-17,Bournemouth,Chelsea,0,0,13.0,14.0,1.0,7.0,1.0,5.0,15.0,20.0,1.44,1.85,1.44,1.85,4.0,6.0,6.0,4.0,4.34,3.96,1.79,1.64,2.3,4.34,3.96,1.79,4.06,3.88,1.87,1.64,2.3,1.71,2.19,0.22121248057322257,0.24243994083024897,0.5363475785965284,0.2371064619647981,0.24810624628275266,0.5147872917524492,1.5893981391575522,0.5666305452503684,-2.156028684407918,D Coote,football-data.co.uk,proxy_shots,,,,,,,,
2023-09-17,Everton,Arsenal,0,1,8.0,13.0,1.0,11.0,1.0,1.0,12.0,10.0,0.62,1.54,0.62,1.54,1.0,4.0,3.0,1.0,6.07,4.55,1.52,1.65,2.27,6.07,4.55,1.52,5.74,4.37,1.57,1.65,2.27,1.68,2.23,0.15804062530706633,0.21083661442063578,0.631122760272298,0.16751675558214202,0.22003345012391196,0.6124497942939461,0.9476130275075684,0.9196835703276174,-1.8672965978351885,S Hooper,football-data.co.uk,proxy_shots,,,,,,,,
2023-09-18,Nott'm Forest,Burnley,1,1,14.0,10.0,5.0,4.0,2.0,5.0,16.0,10.0,1.59,1.19,1.59,1.19,4.0,3.0,2.0,3.0,2.24,3.51,3.22,1.91,1.92,2.24,3.51,3.22,2.11,3.45,3.59,1.91,1.92,1.98,1.87,0.4284804415901492,0.2734462077384428,0.2980733506714081,0.45468228591147547,0.2780810502241198,0.2672366638644048,2.6201844321326275,0.4634842485676971,-3.08366868070033,R Jones,football-data.co.uk,proxy_shots,,,,,,,,
2023-09-23,Brentford,Everton,1,3,12.0,18.0,1.0,4.0,2.0,2.0,9.0,12.0,1.12,2.37,1.12,2.37,2.0,6.0,3.0,1.0,1.8,3.78,4.49,1.92,1.92,1.8,3.78,4.49,1.93,3.56,4.16,1.92,1.92,2.03,1.82,0.5327419628227583,0.25368664896321824,0.21357138821402336,0.49848531767937204,0.27024625368572697,0.23126842863490094,-3.425664514338628,1.6559604722508725,1.7697040420877581,M Oliver,football-data.co.uk,proxy_shots,,,,,,,,
2023-09-23,Burnley,Man United,0,1,12.0,11.0,9.0,5.0,1.0,2.0,6.0,12.0,1.38,1.43,1.38,1.43,4.0,4.0,3.0,4.0,4.31,4.16,1.75,1.61,2.36,4.31,4.16,1.75,4.15,3.91,1.84,1.61,2.36,1.7,2.2,0.22227582353497943,0.2302905767874426,0.5474335996775779,0.23165222543138558,0.2458712878619566,0.5224764867066577,0.937640189640615,1.5580711074514002,-2.495711297092018,T Harrington,football-data.co.uk,proxy_shots,,,,,,,,
2023-09-23,Crystal Palace,Fulham,0,0,7.0,10.0,3.0,2.0,3.0,2.0,10.0,15.0,0.93,1.45,0.93,1.45,3.0,5.0,5.0,3.0,1.95,3.51,4.09,2.05,1.8,1.95,3.51,4.09,2.08,3.34,3.87,2.05,1.8,2.2,1.7,0.49204651784520786,0.273359176580671,0.2345943055741211,0.4629153445596041,0.28828260978562176,0.2488020456547743,-2.9131173285603773,1.4923433204950765,1.4207740080653202,P Tierney,football-data.co.uk,proxy_shots,,,,,,,,
2023-09-23,Luton,Wolves,1,1,20.0,3.0,10.0,1.0,0.0,4.0,12.0,17.0,1.92,0.81,1.92,0.81,4.0,3.0,2.0,3.0,3.3,3.43,2.23,1.99,1.85,3.3,3.43,2.23,3.18,3.32,2.37,1.99,1.85,2.08,1.78,0.2905355358967444,0.27952398497354414,0.42994047912971145,0.30306671904971,0.2902867971620717,0.40664648378821844,1.2531183152965586,1.0762812188527537,-2.3293995341493012,J Smith,football-data.co.uk,proxy_shots,,,,,,,,
2023-09-23,Man City,Nott'm Forest,2,0,7.0,10.0,6.0,6.0,5.0,7.0,5.0,17.0,1.3,1.09,1.3,1.09,4.0,3.0,3.0,2.0,1.15,8.55,18.11,1.41,2.94,1.15,8.55,18.11,1.16,8.11,18.46,1.41,2.94,1.51,2.61,0.8347219264741954,0.11227253981816662,0.053005533707638025,0.8292755071405703,0.11861400595352178,0.05211048690590799,-0.5446419333625108,0.6341466135355162,-0.08950468017300331,A Taylor,football-data.co.uk,proxy_shots,,,,,,,,
2023-09-24,Arsenal,Tottenham,2,2,13.0,13.0,11.0,4.0,3.0,4.0,12.0,19.0,1.99,1.81,1.99,1.81,6.0,5.0,3.0,4.0,1.7,4.36,4.5,1.51,2.58,1.7,4.36,4.5,1.64,4.37,5.0,1.51,2.58,1.52,2.57,0.56571131999308,0.2205755146762009,0.2137131653307191,0.5871004492594742,0.22033060338341823,0.19256894735710756,2.1389129266394247,-0.024491129278267354,-2.1144217973611545,R Jones,football-data.co.uk,proxy_shots,,,,,,,,
2023-09-24,Brighton,Bournemouth,3,1,13.0,12.0,4.0,4.0,3.0,3.0,12.0,17.0,1.74,1.48,1.74,1.48,4.0,4.0,3.0,1.0,1.38,5.31,7.58,1.37,3.11,1.38,5.31,7.58,1.5,4.91,5.97,1.37,3.11,1.44,2.83,0.6935077018505117,0.18023364002894654,0.12625865812054168,0.6423617274454503,0.1962408535984064,0.16139741895614332,-5.114597440506142,1.6007213569459862,3.5138760835601635,J Brooks,football-data.co.uk,proxy_shots,,,,,,,,
2023-09-24,Chelsea,Aston Villa,0,1,10.0,15.0,5.0,11.0,2.0,3.0,9.0,11.0,1.27,2.19,1.27,2.19,4.0,7.0,6.0,4.0,1.91,3.85,3.87,1.7,2.2,1.91,3.85,3.87,1.86,3.9,4.09,1.7,2.2,1.71,2.19,0.5026024888091295,0.24934305288972397,0.24805445830114659,0.51768119328582,0.2468941075670834,0.23542469914709666,1.5078704476690463,-0.2448945322640561,-1.262975915404993,J Gillett,football-data.co.uk,proxy_shots,,,,,,,,
2023-09-24,Liverpool,West Ham,3,1,22.0,11.0,7.0,4.0,0.0,2.0,12.0,13.0,2.77,1.43,2.77,1.43,7.0,4.0,3.0,4.0,1.39,5.38,7.19,1.4,2.96,1.39,5.38,7.19,1.37,5.58,7.78,1.4,2.96,1.38,3.11,0.6888530749984418,0.17797505097543384,0.13317187402612432,0.7034266862835328,0.17270511831692473,0.1238681953995424,1.4573611285090937,-0.5269932658509113,-0.9303678626581922,C Kavanagh,football-data.co.uk,proxy_shots,,,,,,,,
2023-09-24,Sheffield United,Newcastle,0,8,9.0,22.0,2.0,6.0,3.0,0.0,12.0,8.0,0.68,4.0,0.68,4.0,1.0,15.0,7.0,1.0,7.01,4.78,1.45,1.66,2.25,7.01,4.78,1.45,6.26,4.37,1.53,1.66,2.25,1.79,2.07,0.1369673519315934,0.2008663466611861,0.6621663014072205,0.15328025382793709,0.21957308671919593,0.6271466594528669,1.6312901896343686,1.8706740058009819,-3.5019641954353697,S Attwell,football-data.co.uk,proxy_shots,,,,,,,,
2023-09-30,Aston Villa,Brighton,6,1,19.0,11.0,1.0,3.0,4.0,4.0,19.0,21.0,3.27,1.25,3.27,1.25,9.0,3.0,2.0,3.0,2.56,3.92,2.55,1.43,2.84,2.56,3.92,2.55,2.5,3.7,2.7,1.43,2.84,1.49,2.63,0.3763667580348805,0.24579053585951383,0.3778427061056056,0.38437860715659866,0.25971527510580983,0.35590611773759134,0.8011849121718151,1.3924739246296003,-2.1936588368014265,A Madley,football-data.co.uk,proxy_shots,,,,,,,,
2023-09-30,Bournemouth,Arsenal,0,4,8.0,15.0,6.0,6.0,0.0,1.0,11.0,10.0,0.62,2.66,0.62,2.66,1.0,8.0,4.0,1.0,5.77,4.68,1.53,1.54,2.49,5.77,4.68,1.53,6.03,4.55,1.53,1.54,2.49,1.64,2.32,0.16655152923444078,0.20534237685528275,0.6281060939102766,0.15957995502465389,0.2114872810546512,0.6289327639206947,-0.697157420978689,0.6144904199368445,0.08266700104181401,M Salisbury,football-data.co.uk,proxy_shots,,,,,,,,
2023-09-30,Everton,Luton,1,2,23.0,9.0,3.0,6.0,0.0,1.0,8.0,10.0,2.27,1.05,2.27,1.05,5.0,2.0,0.0,4.0,1.61,3.94,6.06,2.02,1.82,1.61,3.94,6.06,1.65,3.87,5.72,2.02,1.82,1.99,1.84,0.5972623848070362,0.2440589948069361,0.15867862038602776,0.5831522211596976,0.24863079196731286,0.1682169868729897,-1.4110163647338636,0.4571797160376756,0.9538366486961936,A Taylor,football-data.co.uk,proxy_shots,,,,,,,,
2023-09-30,Man United,Crystal Palace,0,1,19.0,8.0,10.0,4.0,3.0,2.0,10.0,8.0,1.76,0.9,1.76,0.9,4.0,2.0,1.0,4.0,1.57,4.3,5.89,1.77,2.08,1.57,4.3,5.89,1.57,4.26,6.05,1.77,2.08,1.82,2.03,0.6128691140778167,0.2237684904888773,0.16336239543330602,0.6142322275898063,0.22637197120093805,0.15939580120925556,0.13631135119895887,0.2603480712060763,-0.39665942240504626,C Kavanagh,football-data.co.uk,proxy_shots,,,,,,,,
2023-09-30,Newcastle,Burnley,2,0,20.0,8.0,5.0,3.0,1.0,3.0,7.0,15.0,2.74,0.8,2.74,0.8,8.0,2.0,2.0,6.0,1.33,5.62,9.22,1.53,2.52,1.33,5.62,9.22,1.38,5.13,8.43,1.53,2.52,1.67,2.24,0.7241620267883098,0.17137642270968897,0.1044615505020013,0.6979794605115989,0.18776055662885113,0.11425998285954998,-2.6182566276710895,1.6384133919162158,0.9798432357548681,T Bramall,football-data.co.uk,proxy_shots,,,,,,,,
2023-09-30,Tottenham,Liverpool,2,1,24.0,12.0,12.0,5.0,5.0,8.0,11.0,17.0,2.96,1.48,2.96,1.48,8.0,4.0,3.0,6.0,2.96,4.03,2.21,1.39,3.02,2.96,4.03,2.21,2.96,3.94,2.25,1.39,3.02,1.38,3.07,0.32532408946293745,0.23894771831520964,0.43572819222185294,0.3260701648557788,0.24496641826728557,0.4289634168769356,0.07460753928413277,0.6018699952075934,-0.6764775344917318,S Hooper,football-data.co.uk,proxy_shots,,,,,,,,
2023-09-30,West Ham,Sheffield United,2,0,20.0,16.0,7.0,4.0,1.0,1.0,6.0,9.0,2.92,1.24,2.92,1.24,9.0,2.0,2.0,7.0,1.45,4.79,7.1,1.64,2.29,1.45,4.79,7.1,1.44,4.79,7.35,1.64,2.29,1.7,2.2,0.6635967180167612,0.2008800085854496,0.13552327339778925,0.6682059136693105,0.20088027467302863,0.13091381165766086,0.4609195652549247,2.6608757902613078e-05,-0.46094617401283844,G Scott,football-data.co.uk,proxy_shots,,,,,,,,
2023-09-30,Wolves,Man City,2,1,3.0,23.0,0.0,6.0,5.0,4.0,18.0,12.0,0.54,2.81,0.54,2.81,1.0,8.0,7.0,0.0,9.2,5.65,1.33,1.53,2.51,9.2,5.65,1.33,8.34,5.12,1.39,1.53,2.51,1.68,2.23,0.10476017872453142,0.17058294588773254,0.7246568753877359,0.11588954277953824,0.1887732005432322,0.6953372566772296,1.112936405500682,1.8190254655499671,-2.9319618710506368,C Pawson,football-data.co.uk,proxy_shots,,,,,,,,
2023-10-01,Nott'm Forest,Brentford,1,1,6.0,18.0,1.0,11.0,3.0,2.0,6.0,10.0,0.61,1.99,0.61,1.99,1.0,5.0,4.0,0.0,2.81,3.27,2.65,2.09,1.76,2.81,3.27,2.65,2.65,3.21,2.85,2.09,1.76,2.13,1.73,0.3425004051271308,0.2943199200022133,0.3631796748706557,0.3629277000892592,0.2996132103540613,0.3374590895566796,2.042729496212836,0.5293290351848001,-2.572058531397614,P Tierney,football-data.co.uk,proxy_shots,,,,,,,,
2023-10-02,Fulham,Chelsea,0,2,10.0,11.0,8.0,1.0,1.0,4.0,15.0,12.0,1.09,1.52,1.09,1.52,3.0,4.0,2.0,3.0,3.73,3.49,2.06,1.93,1.89,3.73,3.49,2.06,3.46,3.43,2.19,1.93,1.89,1.97,1.87,0.2577686628972174,0.27549487467238415,0.4667364624303984,0.278655928537777,0.28109315240253885,0.44025091905968416,2.0887265640559596,0.5598277730154699,-2.648554337071424,T Robinson,football-data.co.uk,proxy_shots,,,,,,,,
2023-10-03,Luton,Burnley,1,2,18.0,14.0,7.0,6.0,4.0,2.0,14.0,6.0,1.63,1.69,1.63,1.69,3.0,4.0,2.0,2.0,2.92,3.18,2.63,2.24,1.67,2.92,3.18,2.63,2.94,3.16,2.62,2.24,1.67,2.22,1.66,0.33019590502435975,0.3031987555569593,0.36660533941868084,0.3275984868868806,0.30479099729349013,0.36761051581962934,-0.2597418137479157,0.15922417365308306,0.10051764009484931,P Bankes,football-data.co.uk,proxy_shots,,,,,,,,
2023-10-07,Burnley,Chelsea,1,4,10.0,9.0,7.0,3.0,2.0,4.0,11.0,8.0,1.19,1.79,1.19,1.79,3.0,5.0,1.0,2.0,4.63,3.92,1.76,1.8,2.04,4.63,3.92,1.76,5.16,3.99,1.68,1.8,2.04,1.85,1.99,0.2078222522110032,0.2454635274839145,0.5467142203050823,0.1864050455501051,0.24106517168885774,0.5725297827610372,-2.1417206660898107,-0.4398355795056763,2.5815562455954844,S Attwell,football-data.co.uk,proxy_shots,,,,,,,,
2023-10-07,Crystal Palace,Nott'm Forest,0,0,8.0,16.0,3.0,7.0,0.0,1.0,7.0,12.0,0.8,1.78,0.8,1.78,2.0,5.0,5.0,2.0,2.24,3.25,3.49,2.28,1.65,2.24,3.25,3.49,2.31,3.17,3.46,2.28,1.65,2.4,1.59,0.42898854391624847,0.2956721041145836,0.2753393519691681,0.4173036315559191,0.3040919207868054,0.2786044476572755,-1.168491236032937,0.8419816672221803,0.32650956881074,C Pawson,football-data.co.uk,proxy_shots,,,,,,,,
2023-10-07,Everton,Bournemouth,3,0,25.0,11.0,8.0,7.0,1.0,2.0,14.0,15.0,3.12,1.32,3.12,1.32,8.0,4.0,4.0,5.0,1.97,3.7,3.81,1.83,2.01,1.97,3.7,3.81,1.92,3.72,4.03,1.83,2.01,1.83,2.02,0.48792559800911683,0.25978741299404323,0.25228698899683993,0.50186799501868,0.2590286425902864,0.2391033623910336,1.3942397009563123,-0.07587704037568255,-1.3183626605806325,D Coote,football-data.co.uk,proxy_shots,,,,,,,,
2023-10-07,Fulham,Sheffield United,3,1,20.0,5.0,9.0,4.0,1.0,2.0,8.0,10.0,2.48,0.73,2.48,0.73,6.0,2.0,1.0,3.0,1.64,3.96,5.69,1.93,1.9,1.64,3.96,5.69,1.52,4.41,6.6,1.93,1.9,1.78,2.07,0.5874176190873446,0.24327396346041547,0.1693084174522399,0.6349310227480955,0.21884243867961567,0.14622653857228868,4.751340366075096,-2.4431524780799796,-2.308187887995122,S Barrott,football-data.co.uk,proxy_shots,,,,,,,,
2023-10-07,Luton,Tottenham,0,1,12.0,15.0,5.0,6.0,2.0,3.0,16.0,7.0,1.02,1.65,1.02,1.65,2.0,4.0,3.0,2.0,6.46,4.79,1.48,1.55,2.46,6.46,4.79,1.48,6.8,5.05,1.44,1.55,2.46,1.49,2.65,0.1489534263154135,0.20088499665920068,0.6501615770253859,0.14146759007081164,0.19049101237257804,0.6680413975566104,-0.7485836244601862,-1.0393984286622637,1.78798205312245,J Brooks,football-data.co.uk,proxy_shots,,,,,,,,
2023-10-07,Man United,Brentford,2,1,21.0,11.0,7.0,5.0,0.0,5.0,10.0,17.0,2.79,1.25,2.79,1.25,8.0,3.0,2.0,6.0,1.69,4.2,4.78,1.64,2.23,1.69,4.2,4.78,1.66,4.19,5.12,1.64,2.23,1.67,2.24,0.569496371857643,0.22915449248557537,0.2013491356567817,0.5812601266954595,0.23028444160249706,0.18845543170204349,1.1763754837816442,0.11299491169216858,-1.2893703954738212,A Madley,football-data.co.uk,proxy_shots,,,,,,,,
2023-10-08,Arsenal,Man City,1,0,12.0,4.0,5.0,4.0,2.0,3.0,8.0,7.0,1.12,0.4,1.12,0.4,2.0,1.0,1.0,1.0,2.92,3.49,2.44,1.78,2.05,2.92,3.49,2.44,3.0,3.3,2.5,1.78,2.05,2.03,1.82,0.329663352844622,0.2758214871937812,0.39451515996159686,0.3216374269005848,0.29239766081871343,0.3859649122807018,-0.8025925944037227,1.6576173624932244,-0.8550247680895073,M Oliver,football-data.co.uk,proxy_shots,,,,,,,,
2023-10-08,Brighton,Liverpool,2,2,14.0,14.0,8.0,1.0,1.0,2.0,12.0,20.0,1.51,1.69,1.51,1.69,3.0,4.0,2.0,1.0,3.05,4.01,2.17,1.35,3.22,3.05,4.01,2.17,3.25,4.19,2.04,1.35,3.22,1.31,3.45,0.31584315462039075,0.24022983082099544,0.4439270145586137,0.2968421710638269,0.23024750738840985,0.47291032154776336,-1.9000983556563877,-0.9982323432585594,2.8983306989149638,A Taylor,football-data.co.uk,proxy_shots,,,,,,,,
2023-10-08,West Ham,Newcastle,2,2,5.0,10.0,4.0,2.0,3.0,3.0,11.0,18.0,1.02,1.29,1.02,1.29,3.0,3.0,1.0,1.0,3.32,3.72,2.13,1.72,2.15,3.32,3.72,2.13,3.39,3.67,2.13,1.72,2.15,1.78,2.08,0.2897577672459189,0.25860101807969105,0.45164121467439,0.28447438234876693,0.26277061475812535,0.45275500289310794,-0.5283384897151966,0.41695966784343064,0.11137882187179371,P Bankes,football-data.co.uk,proxy_shots,,,,,,,,
2023-10-08,Wolves,Aston Villa,1,1,8.0,18.0,2.0,10.0,4.0,2.0,19.0,9.0,1.08,1.81,1.08,1.81,3.0,4.0,3.0,2.0,3.4,3.59,2.14,1.8,2.04,3.4,3.59,2.14,3.63,3.61,2.06,1.8,2.04,1.83,2.03,0.2828166069075193,0.26784859707118824,0.44933479602129234,0.265415597440281,0.26688604396349586,0.4676983585962233,-1.7401009467238326,-0.09625531076923877,1.8363562574930936,R Jones,football-data.co.uk,proxy_shots,,,,,,,,
2023-10-21,Bournemouth,Wolves,1,2,7.0,20.0,3.0,12.0,4.0,6.0,15.0,10.0,1.21,2.56,1.21,2.56,4.0,7.0,5.0,3.0,2.41,3.48,2.95,1.82,2.02,2.41,3.48,2.95,2.35,3.42,3.11,1.82,2.02,1.91,1.93,0.3984892653218074,0.27596526707630914,0.32554546760188335,0.40937275082077,0.28129414164585076,0.3093331075333793,1.088348549896262,0.532887456954162,-1.6212360068504073,P Tierney,football-data.co.uk,proxy_shots,,,,,,,,
2023-10-21,Brentford,Burnley,3,0,23.0,6.0,5.0,5.0,5.0,4.0,14.0,12.0,3.36,0.51,3.36,0.51,10.0,1.0,1.0,7.0,1.83,3.74,4.4,1.92,1.92,1.83,3.74,4.4,1.75,3.81,4.9,1.92,1.92,1.92,1.92,0.524875447337029,0.25682408252052485,0.21830047014244616,0.5505212096191557,0.2528640726597172,0.196614717721127,2.5645762282126783,-0.3960009860807634,-2.168575242131915,J Smith,football-data.co.uk,proxy_shots,,,,,,,,
2023-10-21,Chelsea,Arsenal,2,2,11.0,13.0,2.0,7.0,3.0,3.0,7.0,14.0,1.7,1.45,1.7,1.45,5.0,3.0,1.0,3.0,3.24,3.47,2.26,1.92,1.9,3.24,3.47,2.26,3.3,3.33,2.32,1.92,1.9,2.07,1.79,0.29696978877132924,0.2772859122821633,0.42574429894650745,0.2929626174603535,0.2903233146003503,0.416714067939296,-0.4007171310975721,1.3037402318187008,-0.9030231007211453,C Kavanagh,football-data.co.uk,proxy_shots,,,,,,,,
2023-10-21,Liverpool,Everton,2,0,26.0,6.0,12.0,4.0,1.0,3.0,9.0,9.0,2.71,0.51,2.71,0.51,6.0,1.0,1.0,4.0,1.36,5.66,8.01,1.41,2.92,1.36,5.66,8.01,1.39,5.43,7.38,1.41,2.92,1.41,2.94,0.7091844236779616,0.17040473784488125,0.12041083847715704,0.69236151784835,0.1772343480311614,0.13040413412048868,-1.6822905829611656,0.6829610186280144,0.9993295643331637,C Pawson,football-data.co.uk,proxy_shots,,,,,,,,
2023-10-21,Man City,Brighton,2,1,10.0,5.0,2.0,2.0,4.0,2.0,9.0,11.0,1.83,0.92,1.83,0.92,6.0,3.0,2.0,4.0,1.41,5.36,6.83,1.37,3.09,1.41,5.36,6.83,1.36,5.74,7.8,1.37,3.09,1.38,3.1,0.6805027074151389,0.17901283907748985,0.14048445350737127,0.7085701986503424,0.1678842282516491,0.12354557309800845,2.806749123520358,-1.1128610825840768,-1.693888040936281,R Jones,football-data.co.uk,proxy_shots,,,,,,,,
2023-10-21,Newcastle,Crystal Palace,4,0,10.0,17.0,6.0,8.0,2.0,3.0,7.0,12.0,2.21,1.48,2.21,1.48,7.0,3.0,3.0,3.0,1.46,4.53,7.44,1.82,2.03,1.46,4.53,7.44,1.46,4.45,7.75,1.82,2.03,1.98,1.87,0.6585305806633137,0.21224164409899296,0.1292277752376933,0.6594231302402508,0.21635006070803733,0.12422680905171177,0.08925495769370739,0.4108416609044374,-0.5000966185981531,T Robinson,football-data.co.uk,proxy_shots,,,,,,,,
2023-10-21,Nott'm Forest,Luton,2,2,19.0,13.0,4.0,2.0,3.0,0.0,12.0,11.0,2.69,1.64,2.69,1.64,8.0,4.0,2.0,6.0,1.69,3.82,5.33,2.03,1.8,1.69,3.82,5.33,1.73,3.67,5.27,2.03,1.8,2.12,1.75,0.5683492397575933,0.2514424647095112,0.18020829553289544,0.5556596211692442,0.2619321919953113,0.18240818683544446,-1.268961858834916,1.048972728580011,0.2199891302549023,S Barrott,football-data.co.uk,proxy_shots,,,,,,,,
2023-10-21,Sheffield United,Man United,1,2,12.0,14.0,5.0,4.0,3.0,1.0,12.0,10.0,1.84,1.87,1.84,1.87,6.0,5.0,3.0,5.0,7.27,5.07,1.42,1.55,2.47,7.27,5.07,1.42,7.91,5.54,1.37,1.55,2.47,1.46,2.74,0.13238644617582754,0.18983224136060473,0.6777813124635678,0.12192861124632316,0.17408940703220513,0.7039819817214718,-1.0457834929504375,-1.5742834328399598,2.6200669257903986,M Oliver,football-data.co.uk,proxy_shots,,,,,,,,
2023-10-22,Aston Villa,West Ham,4,1,15.0,14.0,8.0,7.0,0.0,1.0,9.0,15.0,2.48,1.59,2.48,1.59,7.0,4.0,3.0,3.0,1.9,3.86,3.88,1.58,2.39,1.9,3.86,3.88,1.81,3.94,4.31,1.58,2.39,1.63,2.3,0.5045615642729122,0.24835931920169257,0.2470791165253952,0.5321004327268055,0.24444207696332942,0.22345749030986498,2.7538868453893306,-0.391724223836315,-2.362162621553021,D Coote,football-data.co.uk,proxy_shots,,,,,,,,
2023-10-23,Tottenham,Fulham,2,0,15.0,10.0,3.0,5.0,2.0,0.0,10.0,14.0,1.92,1.09,1.92,1.09,5.0,3.0,3.0,3.0,1.51,4.7,5.99,1.51,2.55,1.51,4.7,5.99,1.5,4.74,6.22,1.51,2.55,1.51,2.6,0.6355810714100268,0.2041973229423703,0.16022160564760274,0.6420078915048735,0.2031670542736941,0.1548250542214325,0.642682009484663,-0.10302686686761986,-0.5396551426170237,A Taylor,football-data.co.uk,proxy_shots,,,,,,,,
2023-10-27,Crystal Palace,Tottenham,1,2,13.0,10.0,11.0,2.0,2.0,1.0,19.0,11.0,1.35,0.93,1.35,0.93,3.0,1.0,0.0,2.0,4.64,3.83,1.79,1.89,1.96,4.64,3.83,1.79,4.54,3.84,1.79,1.89,1.96,1.89,1.96,0.20817429590829728,0.2522007135808092,0.5396249905108935,0.21192706374214557,0.2505596014034742,0.5375133348543804,0.3752767833848286,-0.16411121773349802,-0.21116556565131672,A Madley,football-data.co.uk,proxy_shots,,,,,,,,
2023-10-28,Arsenal,Sheffield United,5,0,13.0,2.0,6.0,1.0,0.0,3.0,9.0,13.0,2.65,0.2,2.65,0.2,8.0,0.0,0.0,3.0,1.13,9.61,21.6,1.36,3.13,1.13,9.61,21.6,1.13,9.57,21.8,1.36,3.13,1.36,3.18,0.854773427967747,0.10050925843949575,0.04471731359275713,0.8547650078398323,0.10092836560700214,0.04430662655316561,-0.0008420127914687825,0.041910716750638566,-0.04106870395915174,T Robinson,football-data.co.uk,proxy_shots,,,,,,,,
2023-10-28,Bournemouth,Burnley,2,1,13.0,6.0,10.0,5.0,2.0,3.0,9.0,12.0,1.99,0.97,1.99,0.97,6.0,3.0,2.0,4.0,2.13,3.66,3.38,1.8,2.05,2.13,3.66,3.38,2.17,3.58,3.35,1.8,2.05,1.83,2.02,0.45204998903749183,0.26307827230870423,0.284871738653804,0.4436741383073571,0.2689309721025041,0.28739488959013876,-0.8375850730134748,0.5852699793799876,0.25231509363347615,S Barrott,football-data.co.uk,proxy_shots,,,,,,,,
2023-10-28,Chelsea,Brentford,0,2,17.0,7.0,10.0,1.0,1.0,4.0,12.0,7.0,1.29,1.48,1.29,1.48,2.0,5.0,3.0,2.0,1.65,4.1,5.31,1.81,2.04,1.65,4.1,5.31,1.65,4.07,5.39,1.81,2.04,1.81,2.04,0.5837120450432334,0.23490850593203297,0.18137944902473357,0.5842732839187883,0.23686754753464387,0.17885916854656783,0.05612388755549258,0.19590416026109003,-0.2520280478165743,S Hooper,football-data.co.uk,proxy_shots,,,,,,,,
2023-10-28,Wolves,Newcastle,2,2,11.0,13.0,8.0,7.0,1.0,4.0,13.0,15.0,1.89,1.81,1.89,1.81,6.0,5.0,3.0,4.0,4.26,3.94,1.82,1.77,2.1,4.26,3.94,1.82,4.22,3.84,1.85,1.77,2.1,1.8,2.06,0.22614827616656785,0.24451564885014695,0.5293360749832852,0.22830844779822473,0.2509014712782574,0.520790080923518,0.2160171631656882,0.6385822428110449,-0.8545994059767192,A Taylor,football-data.co.uk,proxy_shots,,,,,,,,
2023-10-29,Aston Villa,Luton,3,1,17.0,7.0,6.0,4.0,3.0,2.0,11.0,10.0,2.32,0.66,2.32,0.66,6.0,1.0,0.0,3.0,1.28,6.19,10.79,1.51,2.59,1.28,6.19,10.79,1.34,5.71,8.49,1.51,2.59,1.46,2.74,0.7544815277126671,0.15601556631215086,0.08950290597518201,0.7181283413746057,0.16852749167109837,0.11334416695429583,-3.6353186338061394,1.2511925358947518,2.3841260979113823,J Brooks,football-data.co.uk,proxy_shots,,,,,,,,
2023-10-29,Brighton,Fulham,1,1,18.0,10.0,7.0,3.0,0.0,3.0,12.0,8.0,2.35,1.55,2.35,1.55,7.0,5.0,4.0,6.0,1.56,4.6,5.42,1.5,2.59,1.56,4.6,5.42,1.61,4.3,5.3,1.5,2.59,1.64,2.29,0.6146457873146103,0.20844509308930265,0.1769091195960871,0.5958793076400146,0.22310829890707526,0.18101239345291012,-1.876647967459566,1.466320581777261,0.410327385682302,M Salisbury,football-data.co.uk,proxy_shots,,,,,,,,
2023-10-29,Liverpool,Nott'm Forest,3,0,21.0,9.0,8.0,3.0,2.0,3.0,9.0,13.0,2.89,0.68,2.89,0.68,8.0,1.0,1.0,5.0,1.27,6.38,10.39,1.41,2.91,1.27,6.38,10.39,1.23,6.96,12.16,1.41,2.91,1.44,2.79,0.7568347032234567,0.15065518387050003,0.09251011290604332,0.7825488760180193,0.13829527550318443,0.07915584847879636,2.571417279456256,-1.2359908367315597,-1.3354264427246951,C Kavanagh,football-data.co.uk,proxy_shots,,,,,,,,
2023-10-29,Man United,Man City,0,3,7.0,21.0,7.0,12.0,4.0,1.0,9.0,4.0,0.93,3.25,0.93,3.25,3.0,10.0,7.0,3.0,4.99,4.04,1.69,1.73,2.15,4.99,4.04,1.69,5.48,4.25,1.62,1.73,2.15,1.68,2.23,0.19275951925873017,0.23808663393590684,0.5691538468053631,0.17630068164475604,0.22732417303841485,0.596375145316829,-1.6458837613974127,-1.0762460897491999,2.722129851146593,P Tierney,football-data.co.uk,proxy_shots,,,,,,,,
2023-10-29,West Ham,Everton,0,1,12.0,10.0,4.0,3.0,4.0,1.0,7.0,11.0,1.02,1.37,1.02,1.37,2.0,4.0,3.0,2.0,2.15,3.64,3.32,1.74,2.12,2.15,3.64,3.32,2.07,3.69,3.5,1.74,2.12,1.73,2.14,0.44677767590429146,0.26389340747094137,0.2893289166247671,0.4645967559167288,0.26062744844109176,0.2747757956421796,1.7819080012437316,-0.3265959029849608,-1.4553120982587542,S Attwell,football-data.co.uk,proxy_shots,,,,,,,,
2023-11-04,Brentford,West Ham,3,2,16.0,12.0,4.0,3.0,1.0,4.0,12.0,14.0,1.9,1.22,1.9,1.22,4.0,2.0,0.0,1.0,2.08,3.67,3.46,1.75,2.11,2.08,3.67,3.46,2.15,3.66,3.33,1.75,2.11,1.72,2.17,0.461273003349244,0.2614299310535225,0.27729706559723344,0.4478125241123885,0.26305926962886206,0.2891282062587493,-1.3460479236855505,0.1629338575339534,1.183114066151586,T Bramall,football-data.co.uk,proxy_shots,,,,,,,,
2023-11-04,Burnley,Crystal Palace,0,2,17.0,4.0,12.0,1.0,0.0,5.0,9.0,12.0,1.83,0.96,1.83,0.96,5.0,3.0,1.0,5.0,2.85,3.23,2.63,2.23,1.68,2.85,3.23,2.63,3.35,3.17,2.35,2.23,1.68,2.41,1.58,0.33715406077973004,0.29748887715858535,0.3653570620616847,0.28716535281306016,0.3034712719002371,0.4093633752867028,-4.998870796666988,0.5982394741651742,4.400631322501808,P Bankes,football-data.co.uk,proxy_shots,,,,,,,,
2023-11-04,Everton,Brighton,1,1,10.0,7.0,3.0,3.0,4.0,2.0,15.0,5.0,1.37,0.84,1.37,0.84,4.0,2.0,1.0,3.0,3.09,3.81,2.2,1.59,2.41,3.09,3.81,2.2,2.83,3.6,2.46,1.59,2.41,1.7,2.21,0.3109869438910099,0.2522177576438899,0.4367952984651002,0.3405394181298018,0.26770182036314977,0.3917587615070484,2.9552474238791926,1.5484062719259895,-4.503653695805177,T Robinson,football-data.co.uk,proxy_shots,,,,,,,,
2023-11-04,Fulham,Man United,0,1,18.0,12.0,9.0,4.0,5.0,2.0,9.0,15.0,1.53,1.66,1.53,1.66,3.0,5.0,4.0,3.0,3.24,3.61,2.2,1.79,2.05,3.24,3.61,2.2,3.0,3.56,2.36,1.79,2.05,1.81,2.04,0.2967152848347181,0.26630402295415145,0.43698069221113034,0.3211424377713901,0.27062564980735127,0.4082319124212587,2.4427152936672023,0.43216268531998114,-2.8748779789871612,J Brooks,football-data.co.uk,proxy_shots,,,,,,,,
2023-11-04,Man City,Bournemouth,6,1,21.0,5.0,12.0,1.0,0.0,1.0,8.0,9.0,3.19,0.56,3.19,0.56,8.0,1.0,0.0,2.0,1.1,11.39,26.19,1.3,3.53,1.1,11.39,26.19,1.1,11.54,26.43,1.3,3.53,1.31,3.51,0.8782895288893809,0.08482164019124837,0.036888830919370716,0.8795538934830428,0.08383962589526406,0.03660648062169305,0.12643645936618597,-0.09820142959843098,-0.02823502976776679,C Pawson,football-data.co.uk,proxy_shots,,,,,,,,
2023-11-04,Newcastle,Arsenal,1,0,9.0,14.0,0.0,11.0,5.0,1.0,14.0,9.0,0.95,0.95,0.95,0.95,2.0,1.0,1.0,1.0,2.82,3.39,2.56,1.92,1.91,2.82,3.39,2.56,2.8,3.23,2.68,1.92,1.91,2.12,1.75,0.34089891347898843,0.2835796271418134,0.3755214593791982,0.3434479694021679,0.297725793909,0.35882623668883207,0.2549055923179444,1.4146166767186608,-1.6695222690366107,S Attwell,football-data.co.uk,proxy_shots,,,,,,,,
2023-11-04,Sheffield United,Wolves,2,1,11.0,10.0,4.0,4.0,2.0,3.0,13.0,10.0,1.17,1.19,1.17,1.19,2.0,3.0,2.0,0.0,3.83,3.64,1.98,1.89,1.94,3.83,3.64,1.98,4.12,3.68,1.91,1.89,1.94,1.89,1.95,0.25084401255751465,0.26393751870749477,0.4852184687349905,0.23382879346365223,0.2617865839864802,0.5043846225498676,-1.7015219093862415,-0.21509347210145746,1.9166153814877074,R Jones,football-data.co.uk,proxy_shots,,,,,,,,
2023-11-05,Luton,Liverpool,1,1,8.0,24.0,4.0,7.0,1.0,1.0,7.0,13.0,1.44,2.5,1.44,2.5,5.0,6.0,5.0,4.0,11.46,6.8,1.24,1.37,3.09,11.46,6.8,1.24,13.28,7.63,1.2,1.37,3.09,1.35,3.22,0.08384176656352166,0.14129803600264093,0.7748601974338374,0.07242616581130597,0.12605759921024157,0.8015162349784526,-1.141560075221569,-1.5240436792399366,2.6656037544615208,A Madley,football-data.co.uk,proxy_shots,,,,,,,,
2023-11-05,Nott'm Forest,Aston Villa,2,0,5.0,13.0,0.0,10.0,1.0,1.0,6.0,9.0,1.02,1.25,1.02,1.25,3.0,3.0,3.0,1.0,4.09,3.77,1.89,1.76,2.1,4.09,3.77,1.89,3.91,3.75,1.94,1.76,2.1,1.75,2.12,0.23535493332716756,0.2553320098960518,0.5093130567767806,0.24641888161393358,0.2569327538961281,0.4966483644899383,1.1063948286766019,0.16007440000762596,-1.2664692286842305,J Gillett,football-data.co.uk,proxy_shots,,,,,,,,
2023-11-06,Tottenham,Chelsea,1,4,8.0,17.0,1.0,6.0,5.0,5.0,12.0,21.0,1.44,2.77,1.44,2.77,5.0,8.0,4.0,4.0,2.13,3.73,3.29,1.71,2.16,2.13,3.73,3.29,2.32,3.63,3.04,1.71,2.16,1.7,2.21,0.45076273770124486,0.25740606737363314,0.29183119492512205,0.4162718411443402,0.26604701692971605,0.3176811419259438,-3.449089655690468,0.8640949556082911,2.584994700082177,M Oliver,football-data.co.uk,proxy_shots,,,,,,,,
2023-11-11,Arsenal,Burnley,3,1,16.0,8.0,3.0,3.0,2.0,1.0,8.0,9.0,2.26,1.44,2.26,1.44,6.0,5.0,4.0,3.0,1.19,7.34,15.07,1.49,2.62,1.19,7.34,15.07,1.2,7.07,16.18,1.49,2.62,1.62,2.31,0.8057432272473316,0.13063139515317776,0.06362537759949068,0.8039251514133553,0.13645122796266285,0.05962362062398185,-0.1818075833976307,0.5819832809485087,-0.4001756975508829,M Oliver,football-data.co.uk,proxy_shots,,,,,,,,
2023-11-11,Bournemouth,Newcastle,2,0,19.0,8.0,6.0,5.0,2.0,1.0,10.0,4.0,3.04,1.34,3.04,1.34,10.0,5.0,5.0,8.0,4.67,4.03,1.73,1.69,2.2,4.67,4.03,1.73,3.97,3.71,1.93,1.69,2.2,1.82,2.03,0.20583624387752394,0.23852487814095202,0.5556388779815242,0.24230231700342797,0.2592830723729404,0.4984146106236317,3.6466073125904024,2.075819423198838,-5.722426735789254,C Kavanagh,football-data.co.uk,proxy_shots,,,,,,,,
2023-11-11,Crystal Palace,Everton,2,3,13.0,8.0,9.0,2.0,1.0,4.0,9.0,18.0,1.64,1.46,1.64,1.46,4.0,4.0,1.0,2.0,2.44,3.21,3.11,2.29,1.64,2.44,3.21,3.11,2.61,3.12,2.95,2.29,1.64,2.43,1.57,0.39297509437527306,0.29871004058431966,0.3083148650404071,0.3674735593910576,0.3074057660290577,0.3251206745798848,-2.550153498421548,0.8695725444738067,1.680580953947769,S Barrott,football-data.co.uk,proxy_shots,,,,,,,,
2023-11-11,Man United,Luton,1,0,15.0,10.0,11.0,3.0,0.0,2.0,9.0,11.0,1.65,1.27,1.65,1.27,4.0,4.0,4.0,3.0,1.33,5.6,9.17,1.53,2.52,1.33,5.6,9.17,1.29,5.95,9.95,1.53,2.52,1.48,2.66,0.7233073366001794,0.17178549244254263,0.10490717095727795,0.7426910121873961,0.16102040432298168,0.09628858348962223,1.9383675587216653,-1.076508811956095,-0.8618587467655716,G Scott,football-data.co.uk,proxy_shots,,,,,,,,
2023-11-11,Wolves,Tottenham,2,1,17.0,6.0,11.0,3.0,4.0,3.0,19.0,15.0,1.85,0.79,1.85,0.79,4.0,2.0,1.0,2.0,3.13,3.73,2.21,1.63,2.32,3.13,3.73,2.21,3.14,3.53,2.3,1.63,2.32,1.85,2.0,0.30717892344096437,0.2577667641743213,0.43505431238471426,0.3072445998516567,0.27329972904651617,0.419455671101827,0.006567641069232799,1.5532964872194854,-1.5598641282887238,T Robinson,football-data.co.uk,proxy_shots,,,,,,,,
2023-11-12,Aston Villa,Fulham,3,1,12.0,9.0,2.0,2.0,2.0,5.0,4.0,17.0,2.04,1.5,2.04,1.5,6.0,5.0,4.0,3.0,1.59,4.28,5.66,1.69,2.19,1.59,4.28,5.66,1.65,4.13,5.21,1.69,2.19,1.71,2.19,0.6051751962307704,0.2248197574782535,0.17000504629097615,0.5826777837051801,0.23278894506381284,0.1845332712310071,-2.2497412525590343,0.796918758555934,1.4528224940030947,S Hooper,football-data.co.uk,proxy_shots,,,,,,,,
2023-11-12,Brighton,Sheffield United,1,1,11.0,9.0,6.0,3.0,5.0,2.0,13.0,16.0,1.79,0.78,1.79,0.78,6.0,1.0,0.0,5.0,1.24,6.73,11.71,1.41,2.94,1.24,6.73,11.71,1.27,6.18,10.88,1.41,2.94,1.49,2.65,0.7751084594964883,0.14281344573189383,0.08207809477161788,0.756298324271185,0.15542052942142479,0.08828114630739017,-1.8810135225303282,1.2607083689530951,0.6203051535772288,J Brooks,football-data.co.uk,proxy_shots,,,,,,,,
2023-11-12,Chelsea,Man City,4,4,17.0,15.0,3.0,3.0,5.0,3.0,12.0,15.0,2.95,3.02,2.95,3.02,9.0,10.0,6.0,5.0,4.93,3.83,1.74,1.84,2.0,4.93,3.83,1.74,4.65,3.92,1.77,1.84,2.0,1.81,2.05,0.1952919180759752,0.25138098070876175,0.553327101215263,0.20775580967095744,0.24644502932906945,0.545799160999973,1.2463891594982235,-0.49359513796922994,-0.7527940215289908,A Taylor,football-data.co.uk,proxy_shots,,,,,,,,
2023-11-12,Liverpool,Brentford,3,0,17.0,16.0,6.0,8.0,1.0,2.0,16.0,12.0,3.04,1.42,3.04,1.42,10.0,3.0,3.0,7.0,1.42,5.16,7.05,1.46,2.73,1.42,5.16,7.05,1.38,5.42,7.57,1.46,2.73,1.44,2.83,0.6772258648229026,0.1863683581489383,0.1364057770281591,0.6959372816153174,0.17719436321570808,0.1268683551689746,1.8711416792414837,-0.9173994933230206,-0.9537421859184492,P Tierney,football-data.co.uk,proxy_shots,,,,,,,,
2023-11-12,West Ham,Nott'm Forest,3,2,16.0,10.0,9.0,4.0,2.0,2.0,9.0,12.0,2.26,1.65,2.26,1.65,6.0,5.0,3.0,3.0,1.89,3.77,4.09,1.79,2.05,1.89,3.77,4.09,1.8,3.77,4.58,1.79,2.05,1.89,1.95,0.5093130567767806,0.2553320098960518,0.23535493332716756,0.5346259358570252,0.2552590675179431,0.21011499662503175,2.53128790802446,-0.007294237810873128,-2.5239936702135815,M Salisbury,football-data.co.uk,proxy_shots,,,,,,,,
2023-11-25,Brentford,Arsenal,0,1,9.0,15.0,1.0,8.0,1.0,1.0,9.0,7.0,1.04,1.65,1.04,1.65,3.0,4.0,3.0,3.0,4.64,3.84,1.77,1.88,1.96,4.64,3.84,1.77,5.73,4.06,1.61,1.88,1.96,1.91,1.93,0.20704781400789588,0.25018277525954086,0.5427694107325632,0.1674947534573371,0.23639037864791668,0.5961148678947463,-3.9553060550558765,-1.379239661162418,5.334545716218308,T Robinson,football-data.co.uk,proxy_shots,,,,,,,,
2023-11-25,Burnley,West Ham,1,2,11.0,11.0,4.0,5.0,1.0,3.0,11.0,7.0,1.6,1.34,1.6,1.34,5.0,3.0,1.0,4.0,3.47,3.62,2.1,1.78,2.08,3.47,3.62,2.1,3.43,3.43,2.18,1.78,2.08,2.01,1.83,0.27693585521522457,0.26546061259580916,0.45760353218896627,0.2798459563543004,0.2798459563543004,0.44030808729139925,0.29101011390758047,1.438534375849121,-1.7295444897567014,S Barrott,football-data.co.uk,proxy_shots,,,,,,,,
2023-11-25,Luton,Crystal Palace,2,1,8.0,16.0,4.0,5.0,6.0,1.0,15.0,12.0,1.18,2.42,1.18,2.42,3.0,8.0,7.0,1.0,3.63,3.38,2.13,2.16,1.72,3.63,3.38,2.13,3.98,3.34,2.03,2.16,1.72,2.3,1.64,0.26467701198866206,0.2842537140588294,0.45106927395250856,0.2408357250433349,0.28698388792589014,0.4721803870307749,-2.3841286945327167,0.2730173867060759,2.1111113078266355,J Gillett,football-data.co.uk,proxy_shots,,,,,,,,
2023-11-25,Man City,Liverpool,1,1,16.0,8.0,9.0,6.0,1.0,3.0,9.0,11.0,1.88,1.08,1.88,1.08,5.0,3.0,2.0,4.0,1.75,4.31,4.29,1.5,2.62,1.75,4.31,4.29,1.71,4.31,4.54,1.5,2.62,1.49,2.61,0.5512807134189427,0.22383787667822502,0.22488140990283212,0.5638873919696608,0.22372330400652435,0.21238930402381495,1.2606678550718065,-0.011457267170067453,-1.2492105879017168,C Kavanagh,football-data.co.uk,proxy_shots,,,,,,,,
2023-11-25,Newcastle,Chelsea,4,1,14.0,7.0,4.0,2.0,4.0,6.0,13.0,19.0,2.07,1.21,2.07,1.21,5.0,4.0,3.0,1.0,2.62,3.5,2.68,1.84,2.01,2.62,3.5,2.68,2.68,3.54,2.59,1.84,2.01,1.74,2.12,0.366813183375307,0.274585868698087,0.35860094792660613,0.35819041293901627,0.27117240301597845,0.3706371840450053,-0.8622770436290728,-0.3413465682108541,1.2036236118399157,S Hooper,football-data.co.uk,proxy_shots,,,,,,,,
2023-11-25,Nott'm Forest,Brighton,2,3,18.0,11.0,6.0,4.0,2.0,6.0,12.0,7.0,2.09,1.8,2.09,1.8,5.0,5.0,2.0,3.0,3.22,3.64,2.2,1.74,2.13,3.22,3.64,2.2,3.62,3.6,2.07,1.74,2.13,1.92,1.93,0.29866332497911446,0.26420217209690894,0.43713450292397665,0.26635784597568035,0.2678376117866563,0.4658045422376632,-3.230547900343411,0.36354396897473884,2.8670039313686555,A Taylor,football-data.co.uk,proxy_shots,,,,,,,,
2023-11-25,Sheffield United,Bournemouth,1,3,10.0,23.0,4.0,7.0,4.0,1.0,6.0,8.0,1.01,3.54,1.01,3.54,2.0,11.0,8.0,1.0,3.29,3.53,2.21,1.83,2.02,3.29,3.53,2.21,3.41,3.49,2.19,1.83,2.02,1.92,1.92,0.2923379012886955,0.2724622366118437,0.43519986209946077,0.28295306883262555,0.27646703860150523,0.44057989256586916,-0.9384832456069969,0.40048019896615217,0.5380030466408392,A Madley,football-data.co.uk,proxy_shots,,,,,,,,
2023-11-26,Everton,Man United,0,3,24.0,9.0,6.0,5.0,3.0,0.0,10.0,8.0,2.4,1.51,2.4,1.51,6.0,4.0,1.0,6.0,2.74,3.52,2.56,1.82,2.03,2.74,3.52,2.56,2.69,3.41,2.66,1.82,2.03,1.89,1.94,0.3510346546995761,0.27324856644228374,0.3757167788581401,0.3571257022941938,0.2817208619270913,0.3611534357787148,0.6091047594617705,0.8472295484807546,-1.4563343079425306,J Brooks,football-data.co.uk,proxy_shots,,,,,,,,
2023-11-26,Tottenham,Aston Villa,1,2,18.0,15.0,9.0,3.0,0.0,4.0,11.0,13.0,2.53,1.92,2.53,1.92,8.0,5.0,3.0,7.0,2.35,3.89,2.8,1.5,2.59,2.35,3.89,2.8,2.63,3.76,2.56,1.5,2.59,1.54,2.52,0.4092659740357337,0.24724294061284682,0.34349108535141937,0.3667286415312872,0.2565149806455546,0.3767563778231583,-4.253733250444652,0.927204003270779,3.3265292471738928,R Jones,football-data.co.uk,proxy_shots,,,,,,,,
2023-11-27,Fulham,Wolves,3,2,12.0,10.0,6.0,2.0,2.0,2.0,13.0,13.0,2.04,1.83,2.04,1.83,6.0,6.0,4.0,3.0,2.43,3.34,3.02,2.1,1.76,2.43,3.34,3.02,2.4,3.29,3.11,2.1,1.76,2.13,1.73,0.39491652833025326,0.28731951013248974,0.31776396153725683,0.39981009616323915,0.2916547813956759,0.30853512244108483,0.489356783298589,0.4335271263186169,-0.9228839096172003,M Salisbury,football-data.co.uk,proxy_shots,,,,,,,,
2023-12-02,Arsenal,Wolves,2,1,19.0,6.0,4.0,0.0,1.0,2.0,10.0,10.0,2.33,0.97,2.33,0.97,6.0,3.0,2.0,4.0,1.27,5.95,11.58,1.65,2.27,1.27,5.95,11.58,1.24,6.36,13.17,1.65,2.27,1.64,2.29,0.7557909308598452,0.16132008104067283,0.08288898809948216,0.7757218110288725,0.15124135938298772,0.07303682958813985,1.9930880169027332,-1.0078721657685112,-0.9852158511342302,P Bankes,football-data.co.uk,proxy_shots,,,,,,,,
2023-12-02,Brentford,Luton,3,1,27.0,7.0,7.0,5.0,1.0,2.0,10.0,8.0,2.87,0.66,2.87,0.66,6.0,1.0,0.0,3.0,1.48,4.63,6.88,1.72,2.13,1.48,4.63,6.88,1.53,4.39,6.34,1.72,2.13,1.78,2.07,0.6515631264164683,0.2082750382497566,0.14016183533377516,0.6289924179934236,0.21921603633939368,0.15179154566718267,-2.257070842304465,1.0940998089637084,1.1629710333407512,A Taylor,football-data.co.uk,proxy_shots,,,,,,,,
2023-12-02,Burnley,Sheffield United,5,0,19.0,6.0,6.0,1.0,2.0,7.0,9.0,12.0,2.8,0.87,2.8,0.87,7.0,3.0,3.0,2.0,1.83,3.68,4.55,2.0,1.84,1.83,3.68,4.55,1.75,3.73,5.07,2.0,1.84,2.07,1.78,0.5264597593452581,0.2617992825004952,0.21174095815424668,0.5511656577608997,0.25858978581275455,0.190244556426346,2.4705898415641525,-0.3209496687740676,-2.1496401727900682,C Kavanagh,football-data.co.uk,proxy_shots,,,,,,,,
2023-12-02,Newcastle,Man United,1,0,22.0,8.0,7.0,3.0,1.0,2.0,6.0,13.0,2.03,0.62,2.03,0.62,4.0,1.0,1.0,3.0,1.94,3.84,3.84,1.71,2.19,1.94,3.84,3.84,2.0,3.76,3.68,1.71,2.19,1.73,2.15,0.49740932642487046,0.25129533678756477,0.25129533678756477,0.4818364163137955,0.2562959661243593,0.26186761756184534,-1.5572910111074978,0.5000629336794515,1.0572280774280574,R Jones,football-data.co.uk,proxy_shots,,,,,,,,
2023-12-02,Nott'm Forest,Everton,0,1,13.0,12.0,4.0,3.0,1.0,0.0,15.0,14.0,1.07,1.3,1.07,1.3,2.0,3.0,2.0,2.0,2.8,3.35,2.62,2.04,1.8,2.8,3.35,2.62,2.84,3.16,2.71,2.04,1.8,2.28,1.65,0.3442905895736085,0.28776526889734433,0.36794414152904714,0.33936214057001557,0.3049963541831785,0.35564150524680593,-0.4928449003592905,1.723108528583417,-1.2302636282241208,P Tierney,football-data.co.uk,proxy_shots,,,,,,,,
2023-12-03,Bournemouth,Aston Villa,2,2,15.0,11.0,7.0,7.0,5.0,3.0,16.0,12.0,2.29,1.34,2.29,1.34,7.0,3.0,1.0,5.0,3.45,4.0,2.01,1.52,2.54,3.45,4.0,2.01,3.18,3.93,2.13,1.52,2.54,1.51,2.6,0.27941406453630824,0.24099463066256582,0.4795913048011261,0.30283593266694886,0.24504281574577544,0.4521212515872758,2.342186813064062,0.40481850832096156,-2.747005321385032,T Bramall,football-data.co.uk,proxy_shots,,,,,,,,
2023-12-03,Chelsea,Brighton,3,2,8.0,18.0,5.0,8.0,5.0,5.0,16.0,12.0,1.64,2.81,1.64,2.81,5.0,9.0,7.0,2.0,1.75,4.24,4.37,1.53,2.44,1.75,4.24,4.37,1.64,4.33,5.16,1.53,2.44,1.62,2.32,0.5515131130511396,0.22762923298101279,0.22085765396784765,0.5894202562100332,0.22324462359918115,0.18733512019078574,3.7907143158893652,-0.43846093818316334,-3.352253377706191,C Pawson,football-data.co.uk,proxy_shots,,,,,,,,
2023-12-03,Liverpool,Fulham,4,3,26.0,9.0,3.0,4.0,0.0,0.0,6.0,7.0,3.99,1.7,3.99,1.7,12.0,5.0,2.0,8.0,1.26,6.62,10.56,1.41,2.93,1.26,6.62,10.56,1.24,6.82,11.43,1.41,2.93,1.39,3.01,0.7635624877121698,0.14533062454944623,0.09110688773838391,0.7750107871540405,0.14091105220982553,0.08407816063613388,1.1448299441870646,-0.4419572339620703,-0.7028727102250026,S Attwell,football-data.co.uk,proxy_shots,,,,,,,,
2023-12-03,Man City,Tottenham,3,3,18.0,8.0,10.0,8.0,4.0,4.0,14.0,14.0,2.01,1.46,2.01,1.46,4.0,4.0,1.0,1.0,1.3,6.18,9.27,1.36,3.14,1.3,6.18,9.27,1.25,6.97,10.56,1.36,3.14,1.32,3.47,0.7404153354632588,0.15575079872204475,0.10383386581469649,0.7705874531621504,0.13819717596164818,0.0912153708762015,3.017211769889161,-1.755362276039657,-1.2618494938494984,S Hooper,football-data.co.uk,proxy_shots,,,,,,,,
2023-12-03,West Ham,Crystal Palace,1,1,9.0,9.0,2.0,3.0,2.0,0.0,17.0,7.0,1.14,0.95,1.14,0.95,3.0,2.0,1.0,2.0,2.02,3.53,3.84,2.0,1.84,2.02,3.53,3.84,1.95,3.55,4.13,2.0,1.84,2.08,1.78,0.4765809032929479,0.2727176840373243,0.25070141266972784,0.4946942218473218,0.27173344580345843,0.2335723323492197,1.8113318554373925,-0.09842382338658973,-1.7129080320508139,M Oliver,football-data.co.uk,proxy_shots,,,,,,,,
2023-12-05,Luton,Arsenal,3,4,6.0,23.0,3.0,8.0,2.0,1.0,14.0,7.0,1.35,3.28,1.35,3.28,4.0,9.0,5.0,1.0,14.98,6.73,1.21,1.64,2.28,14.98,6.73,1.21,16.38,7.06,1.2,1.64,2.28,1.63,2.31,0.06407783797394646,0.14262793653041875,0.7932942254956349,0.05892712567503276,0.13671760886077006,0.8043552654641972,-0.5150712298913701,-0.5910327669648691,1.1061039968562336,S Barrott,football-data.co.uk,proxy_shots,,,,,,,,
2023-12-05,Wolves,Burnley,1,0,7.0,12.0,6.0,8.0,2.0,4.0,11.0,15.0,1.21,1.2,1.21,1.2,4.0,3.0,3.0,3.0,1.89,3.62,4.31,2.0,1.85,1.89,3.62,4.31,1.93,3.61,4.12,2.0,1.85,1.95,1.89,0.5100441649041023,0.2662937767040755,0.2236620583918221,0.4992330181491067,0.2669029709218216,0.2338640109290718,-1.0811146754995615,0.06091942177460785,1.0201952537249703,J Gillett,football-data.co.uk,proxy_shots,,,,,,,,
2023-12-06,Aston Villa,Man City,1,0,22.0,2.0,6.0,0.0,2.0,2.0,13.0,13.0,2.57,0.47,2.57,0.47,7.0,2.0,2.0,6.0,4.45,4.26,1.73,1.51,2.57,4.45,4.26,1.73,5.19,4.25,1.65,1.51,2.57,1.65,2.29,0.2165976493961846,0.22625810793732898,0.5571442426664864,0.18633664155606042,0.227549922276695,0.5861134361672447,-3.026100784012417,0.12918143393660098,2.8969193500758217,J Brooks,football-data.co.uk,proxy_shots,,,,,,,,
2023-12-06,Brighton,Brentford,2,1,18.0,8.0,7.0,3.0,3.0,1.0,10.0,8.0,2.45,0.9,2.45,0.9,7.0,2.0,1.0,5.0,1.93,3.91,3.77,1.63,2.32,1.93,3.91,3.77,1.77,4.05,4.45,1.63,2.32,1.64,2.31,0.4986182098629712,0.2461210089604947,0.2552607811765343,0.5450215468360172,0.2381946019505557,0.21678385121342708,4.640333697304605,-0.7926407009939018,-3.8476929963107196,P Bankes,football-data.co.uk,proxy_shots,,,,,,,,
2023-12-06,Crystal Palace,Bournemouth,0,2,16.0,11.0,3.0,9.0,1.0,3.0,10.0,17.0,1.42,1.52,1.42,1.52,3.0,4.0,2.0,3.0,2.27,3.45,3.25,1.98,1.86,2.27,3.45,3.25,2.29,3.41,3.22,1.98,1.86,2.02,1.82,0.4243703044868762,0.27922335976382867,0.2964063357492951,0.419685891090055,0.2818418447496263,0.2984722641603186,-0.46844133968211854,0.2618484985797642,0.20659284110234877,C Pawson,football-data.co.uk,proxy_shots,,,,,,,,
2023-12-06,Fulham,Nott'm Forest,5,0,14.0,4.0,6.0,1.0,0.0,1.0,7.0,10.0,2.35,0.4,2.35,0.4,6.0,1.0,1.0,1.0,2.05,3.49,3.78,2.05,1.81,2.05,3.49,3.78,2.01,3.43,3.94,2.05,1.81,2.1,1.75,0.4695451617151379,0.27580732994728724,0.25464750833757477,0.47706324859943733,0.27956184538917456,0.24337490601138803,0.7518086884299446,0.37545154418873183,-1.1272602326186738,J Smith,football-data.co.uk,proxy_shots,,,,,,,,
2023-12-06,Man United,Chelsea,2,1,28.0,13.0,12.0,4.0,4.0,0.0,12.0,12.0,3.36,1.35,3.36,1.35,9.0,3.0,2.0,7.0,2.82,3.65,2.43,1.65,2.28,2.82,3.65,2.43,2.79,3.6,2.5,1.65,2.28,1.64,2.31,0.3409366098919474,0.26340855887542236,0.39565483123263023,0.34590107229332406,0.26807333102732617,0.3860255966793497,0.4964462401376657,0.46647721519038066,-0.9629234553280519,C Kavanagh,football-data.co.uk,proxy_shots,,,,,,,,
2023-12-06,Sheffield United,Liverpool,0,2,6.0,15.0,2.0,12.0,2.0,3.0,12.0,8.0,0.51,2.46,0.51,2.46,1.0,8.0,6.0,1.0,13.54,7.67,1.2,1.32,3.4,13.54,7.67,1.2,14.76,7.96,1.19,1.32,3.4,1.33,3.38,0.07118120271794023,0.1256575599479675,0.8031612373340923,0.06554096690985177,0.1215307376368608,0.8129282954532875,-0.5640235808088465,-0.4126822311106712,0.9767058119195204,S Hooper,football-data.co.uk,proxy_shots,,,,,,,,
2023-12-07,Everton,Newcastle,3,0,21.0,13.0,5.0,2.0,3.0,0.0,18.0,8.0,2.54,1.25,2.54,1.25,6.0,3.0,3.0,3.0,3.13,3.44,2.33,1.92,1.91,3.13,3.44,2.33,3.17,3.45,2.31,1.92,1.91,1.95,1.89,0.30738668394994495,0.27968613975678136,0.4129271762932737,0.30384654977181486,0.27918653993526177,0.4169669102929234,-0.35401341781300943,-0.04995998215195918,0.4039733999649686,T Robinson,football-data.co.uk,proxy_shots,,,,,,,,
2023-12-07,Tottenham,West Ham,1,2,23.0,11.0,8.0,4.0,3.0,3.0,11.0,12.0,2.62,1.7,2.62,1.7,7.0,5.0,3.0,6.0,1.79,4.22,4.08,1.5,2.61,1.79,4.22,4.08,1.68,4.29,4.79,1.5,2.61,1.54,2.51,0.5367985882910465,0.22769418792440127,0.23550722378455227,0.5739410951443296,0.22476014914742973,0.20129875570824082,3.714250685328302,-0.29340387769715426,-3.420846807631145,M Salisbury,football-data.co.uk,proxy_shots,,,,,,,,
2023-12-09,Aston Villa,Arsenal,1,0,10.0,12.0,3.0,3.0,4.0,2.0,16.0,11.0,1.19,1.56,1.19,1.56,3.0,5.0,5.0,2.0,3.41,3.66,2.11,1.72,2.15,3.41,3.66,2.11,3.62,3.72,2.03,1.72,2.15,1.75,2.12,0.2818642032534865,0.26261118390557076,0.45552461284094264,0.2662144916909323,0.25905818815085346,0.4747273201582143,-1.564971156255418,-0.3552995754717292,1.920270731727164,J Gillett,football-data.co.uk,proxy_shots,,,,,,,,
2023-12-09,Brighton,Burnley,1,1,29.0,6.0,9.0,1.0,0.0,4.0,5.0,8.0,3.68,0.97,3.68,0.97,11.0,3.0,2.0,10.0,1.5,4.69,6.18,1.59,2.4,1.5,4.69,6.18,1.53,4.5,6.2,1.59,2.4,1.69,2.22,0.6399803926763996,0.2046845605574839,0.15533504676611645,0.6302093921528765,0.21427119333197803,0.15551941451514534,-0.9771000523523088,0.9586632774494119,0.01843677490288853,S Hooper,football-data.co.uk,proxy_shots,,,,,,,,
2023-12-09,Crystal Palace,Liverpool,1,2,8.0,14.0,6.0,5.0,7.0,2.0,17.0,17.0,1.26,1.33,1.26,1.33,4.0,2.0,0.0,3.0,6.12,4.54,1.52,1.65,2.28,6.12,4.54,1.52,6.59,4.62,1.49,1.65,2.28,1.67,2.25,0.15687914885877965,0.21147585705192323,0.6316449940892971,0.14600190461242835,0.20825812800777116,0.6457399673798006,-1.0877244246351307,-0.32177290441520734,1.4094973290503465,A Madley,football-data.co.uk,proxy_shots,,,,,,,,
2023-12-09,Man United,Bournemouth,0,3,20.0,10.0,10.0,4.0,3.0,1.0,7.0,10.0,1.64,1.57,1.64,1.57,3.0,4.0,1.0,3.0,1.55,4.65,5.54,1.51,2.56,1.55,4.65,5.54,1.66,4.41,4.74,1.51,2.56,1.47,2.71,0.6199179410667661,0.20663931368892202,0.17344274524431183,0.579163480400306,0.21800711507131695,0.20282940452837714,-4.075446066646016,1.136780138239493,2.9386659284065306,P Bankes,football-data.co.uk,proxy_shots,,,,,,,,
2023-12-09,Sheffield United,Brentford,1,0,9.0,10.0,3.0,4.0,5.0,1.0,14.0,13.0,1.31,1.27,1.31,1.27,4.0,4.0,4.0,3.0,4.48,3.82,1.8,1.91,1.93,4.48,3.82,1.8,4.61,3.86,1.78,1.91,1.93,1.9,1.95,0.21451568622557213,0.25157860583522595,0.5339057079392018,0.20902187933510183,0.24963493879140405,0.5413431818734942,-0.5493806890470299,-0.19436670438219006,0.7437473934292393,S Attwell,football-data.co.uk,proxy_shots,,,,,,,,
2023-12-09,Wolves,Nott'm Forest,1,1,10.0,8.0,4.0,3.0,0.0,1.0,9.0,11.0,1.37,0.9,1.37,0.9,4.0,2.0,1.0,3.0,1.87,3.64,4.34,2.0,1.83,1.87,3.64,4.34,1.92,3.37,4.53,2.0,1.83,2.39,1.59,0.5142414437406005,0.2641844779656382,0.22157407829376113,0.5016116790048006,0.28578469545674096,0.2126036255384585,-1.2629764735799909,2.1600217491102747,-0.8970452755302644,S Barrott,football-data.co.uk,proxy_shots,,,,,,,,
2023-12-10,Everton,Chelsea,2,0,9.0,16.0,4.0,8.0,2.0,2.0,12.0,12.0,1.59,1.6,1.59,1.6,5.0,4.0,4.0,3.0,3.02,3.59,2.31,1.78,2.05,3.02,3.59,2.31,2.54,3.47,2.78,1.78,2.05,1.88,1.97,0.317602993385904,0.2671757771658579,0.415221229448238,0.377977869726036,0.2766754435458592,0.34534668672810487,6.0374876340132,0.9499666380001326,-6.987454272013316,M Oliver,football-data.co.uk,proxy_shots,,,,,,,,
2023-12-10,Fulham,West Ham,5,0,14.0,9.0,3.0,6.0,2.0,1.0,5.0,10.0,2.71,1.4,2.71,1.4,8.0,5.0,5.0,3.0,2.39,3.49,2.95,1.85,1.98,2.39,3.49,2.95,2.22,3.54,3.26,1.85,1.98,1.82,2.04,0.4008042947627409,0.2744762935481234,0.3247194116891358,0.43325674640717216,0.27170338334009103,0.29503987025273687,3.245245164443128,-0.27729102080323864,-2.967954143639895,P Tierney,football-data.co.uk,proxy_shots,,,,,,,,
2023-12-10,Luton,Man City,1,2,4.0,18.0,6.0,3.0,2.0,1.0,16.0,6.0,0.68,2.27,0.68,2.27,2.0,6.0,4.0,1.0,18.02,8.94,1.15,1.38,2.99,18.02,8.94,1.15,15.25,7.38,1.19,1.38,2.99,1.55,2.47,0.053518220452799234,0.10787453384333806,0.8386072457038628,0.06296625839668413,0.13011320332648144,0.8069205382768344,0.9448037943884893,2.2238669483143374,-3.1686707427028393,T Robinson,football-data.co.uk,proxy_shots,,,,,,,,
2023-12-10,Tottenham,Newcastle,4,1,23.0,9.0,3.0,6.0,1.0,3.0,10.0,12.0,3.82,1.14,3.82,1.14,12.0,3.0,2.0,8.0,2.2,3.84,3.05,1.53,2.49,2.2,3.84,3.05,2.08,3.88,3.34,1.53,2.49,1.5,2.62,0.43587644212876814,0.2497208783029401,0.3144026795682918,0.4632123759686597,0.24832003660175578,0.28846758742958456,2.7335933839891577,-0.14008417011843188,-2.593509213870726,C Kavanagh,football-data.co.uk,proxy_shots,,,,,,,,
2023-12-15,Nott'm Forest,Tottenham,0,2,15.0,12.0,6.0,4.0,2.0,6.0,16.0,11.0,1.0,1.94,1.0,1.94,1.0,6.0,4.0,1.0,4.52,4.13,1.74,1.63,2.32,4.52,4.13,1.74,5.06,4.17,1.66,1.63,2.32,1.68,2.21,0.21312272751537728,0.23324811824927488,0.5536291542353479,0.1900554609851189,0.23061885673494043,0.5793256822799407,-2.306726653025837,-0.2629261514334458,2.569652804459288,J Gillett,football-data.co.uk,proxy_shots,,,,,,,,
2023-12-16,Burnley,Everton,0,2,14.0,9.0,8.0,6.0,0.0,1.0,9.0,8.0,1.13,1.78,1.13,1.78,2.0,6.0,4.0,2.0,3.55,3.45,2.14,2.02,1.81,3.55,3.45,2.14,3.3,3.48,2.22,2.02,1.81,1.93,1.89,0.27115967312459827,0.2790193737948765,0.44982095308052517,0.29114095780762456,0.2760819427486095,0.43277709944376613,1.998128468302629,-0.2937431046267036,-1.7043853636759032,A Taylor,football-data.co.uk,proxy_shots,,,,,,,,
2023-12-16,Chelsea,Sheffield United,2,0,15.0,6.0,7.0,6.0,1.0,3.0,9.0,14.0,2.1,0.51,2.1,0.51,6.0,1.0,1.0,4.0,1.24,6.49,12.28,1.52,2.54,1.24,6.49,12.28,1.2,7.63,14.35,1.52,2.54,1.4,2.97,0.7739696228100843,0.1478770928019267,0.07815328438798898,0.8058682603879542,0.1267420593008578,0.0673896803111878,3.1898637577869926,-2.1135033501068907,-1.0763604076801172,A Madley,football-data.co.uk,proxy_shots,,,,,,,,
2023-12-16,Man City,Crystal Palace,2,2,19.0,5.0,6.0,1.0,1.0,1.0,12.0,9.0,2.87,0.83,2.87,0.83,9.0,2.0,0.0,7.0,1.18,7.77,16.06,1.46,2.71,1.18,7.77,16.06,1.18,7.38,18.26,1.46,2.71,1.7,2.21,0.8160996065546324,0.12393790678693258,0.05996248665843501,0.8166507084247399,0.13057558752590692,0.05277370404935339,0.055110187010742884,0.6637680738974348,-0.7188782609081623,P Tierney,football-data.co.uk,proxy_shots,,,,,,,,
2023-12-16,Newcastle,Fulham,3,0,27.0,6.0,5.0,1.0,0.0,4.0,7.0,12.0,3.58,1.05,3.58,1.05,10.0,4.0,4.0,7.0,1.87,3.91,4.03,1.72,2.16,1.87,3.91,4.03,1.89,3.78,4.08,1.72,2.16,1.79,2.04,0.5148586346719991,0.24623673832139095,0.23890462700661005,0.5093632958801498,0.2546816479400749,0.23595505617977525,-0.5495338791849269,0.8444909618683966,-0.29495708268348075,S Barrott,football-data.co.uk,proxy_shots,,,,,,,,
2023-12-17,Arsenal,Brighton,2,0,26.0,6.0,10.0,1.0,1.0,3.0,11.0,9.0,3.25,0.51,3.25,0.51,9.0,1.0,1.0,7.0,1.48,4.73,6.5,1.58,2.36,1.48,4.73,6.5,1.48,4.76,6.66,1.58,2.36,1.64,2.3,0.6491025094267124,0.20310184227305164,0.14779564830023606,0.6522533495736905,0.2028014616321559,0.14494518879415347,0.31508401469780845,-0.030038064089574212,-0.2850459506082592,T Robinson,football-data.co.uk,proxy_shots,,,,,,,,
2023-12-17,Brentford,Aston Villa,1,2,4.0,15.0,7.0,12.0,8.0,6.0,19.0,6.0,0.86,1.92,0.86,1.92,3.0,5.0,3.0,2.0,3.26,3.71,2.16,1.69,2.18,3.26,3.71,2.16,3.18,3.46,2.29,1.69,2.18,1.92,1.92,0.2951623953030961,0.25936102660056426,0.44547657809633945,0.30232291936936245,0.27785748080767997,0.4198195998229575,0.7160524066266327,1.849645420711571,-2.5656978273381927,D Coote,football-data.co.uk,proxy_shots,,,,,,,,
2023-12-17,Liverpool,Man United,0,0,34.0,6.0,12.0,0.0,2.0,6.0,13.0,8.0,3.31,0.51,3.31,0.51,8.0,1.0,1.0,8.0,1.32,6.09,8.5,1.32,3.39,1.32,6.09,8.5,1.35,5.88,7.97,1.32,3.39,1.4,3.02,0.728840191597746,0.1579752139423686,0.11318459445988527,0.7148080187794286,0.16411408594425655,0.12107789527631477,-1.4032172818317479,0.6138872001887952,0.7893300816429499,M Oliver,football-data.co.uk,proxy_shots,,,,,,,,
2023-12-17,West Ham,Wolves,3,0,13.0,14.0,6.0,6.0,3.0,1.0,12.0,15.0,1.74,1.31,1.74,1.31,4.0,3.0,3.0,1.0,2.16,3.55,3.4,1.9,1.93,2.16,3.55,3.4,1.96,3.6,4.0,1.9,1.93,1.97,1.87,0.4456834798020825,0.27117642714718265,0.28314009305073484,0.4915346805024577,0.2676133260513381,0.24085199344620425,4.585120070037519,-0.35631010958445675,-4.2288099604530585,C Kavanagh,football-data.co.uk,proxy_shots,,,,,,,,
2023-12-21,Crystal Palace,Brighton,1,1,11.0,18.0,3.0,1.0,5.0,2.0,12.0,11.0,1.25,2.17,1.25,2.17,3.0,6.0,5.0,2.0,3.35,3.5,2.18,1.92,1.92,3.35,3.5,2.18,3.24,3.33,2.3,1.92,1.92,2.09,1.76,0.28621802085677844,0.2739515342486308,0.4398304448945907,0.295712002223921,0.28771978594759884,0.4165682118284801,0.9493981367142579,1.376825169896806,-2.326223306611064,J Brooks,football-data.co.uk,proxy_shots,,,,,,,,
2023-12-22,Aston Villa,Sheffield United,1,1,12.0,5.0,9.0,1.0,3.0,3.0,11.0,16.0,1.48,0.73,1.48,0.73,4.0,2.0,1.0,3.0,1.24,6.67,11.7,1.46,2.74,1.24,6.67,11.7,1.22,7.15,12.8,1.46,2.74,1.41,2.88,0.7740597394507717,0.1439031599578646,0.08203710059136382,0.7899256855315513,0.13478452256622273,0.07528979190222598,1.5865946080779625,-0.9118637391641871,-0.6747308689137838,A Taylor,football-data.co.uk,proxy_shots,,,,,,,,
2023-12-23,Fulham,Burnley,0,2,19.0,7.0,8.0,6.0,2.0,1.0,5.0,17.0,1.94,0.95,1.94,0.95,5.0,2.0,0.0,5.0,1.7,3.94,5.01,1.87,1.97,1.7,3.94,5.01,1.71,3.86,5.06,1.87,1.97,1.94,1.9,0.5647186048108394,0.2436603117204129,0.19162108346874787,0.5614981256180861,0.2487465789655252,0.1897552954163888,-0.3220479192753256,0.5086267245112325,-0.18657880523590686,R Welch,football-data.co.uk,proxy_shots,,,,,,,,
2023-12-23,Liverpool,Arsenal,1,1,13.0,13.0,4.0,5.0,2.0,5.0,13.0,14.0,1.35,1.18,1.35,1.18,3.0,2.0,1.0,2.0,2.43,3.63,2.83,1.69,2.2,2.43,3.63,2.83,2.47,3.63,2.79,1.69,2.2,1.63,2.3,0.3955573011124074,0.2647945569430165,0.339648141944576,0.3897502799681356,0.26520198113534293,0.34504773889652146,-0.5807021144271785,0.04074241923264221,0.5399596951945473,C Kavanagh,football-data.co.uk,proxy_shots,,,,,,,,
2023-12-23,Luton,Newcastle,1,0,16.0,15.0,6.0,7.0,2.0,1.0,11.0,5.0,1.88,1.19,1.88,1.19,5.0,2.0,2.0,4.0,5.0,4.23,1.65,1.77,2.06,5.0,4.23,1.65,5.3,4.15,1.63,1.77,2.06,1.82,2.02,0.19185255432317652,0.22677606893992494,0.5813713767368985,0.18087623835180558,0.23099856946134203,0.5881251921868526,-1.0976315971370942,0.4222500521417094,0.6753815449954015,D England,football-data.co.uk,proxy_shots,,,,,,,,
2023-12-23,Nott'm Forest,Bournemouth,2,3,11.0,18.0,6.0,6.0,2.0,3.0,10.0,10.0,1.7,2.55,1.7,2.55,5.0,7.0,4.0,3.0,2.76,3.49,2.54,1.89,1.95,2.76,3.49,2.54,2.86,3.45,2.49,1.89,1.95,1.91,1.93,0.3475305205548195,0.2748378901808887,0.3776315892642919,0.33584321452447136,0.27840915754782264,0.385747627927706,-1.1687306030348121,0.3571267366933917,0.8116038663414094,R Jones,football-data.co.uk,proxy_shots,,,,,,,,
2023-12-23,Tottenham,Everton,2,1,13.0,18.0,3.0,8.0,1.0,4.0,6.0,18.0,1.99,2.53,1.99,2.53,6.0,8.0,7.0,4.0,1.8,4.16,4.08,1.54,2.48,1.8,4.16,4.08,1.71,4.25,4.57,1.54,2.48,1.55,2.49,0.533655297313613,0.23090854210685177,0.23543616057953515,0.5628943303376062,0.22648218938289566,0.21062348027949815,2.923903302399311,-0.4426352723956112,-2.4812680300037,S Attwell,football-data.co.uk,proxy_shots,,,,,,,,
2023-12-23,West Ham,Man United,2,0,12.0,11.0,4.0,4.0,2.0,3.0,13.0,15.0,1.76,1.15,1.76,1.15,5.0,3.0,3.0,3.0,2.61,3.65,2.6,1.68,2.22,2.61,3.65,2.6,2.19,3.77,3.16,1.68,2.22,1.62,2.34,0.36779381842844694,0.26299777153376613,0.36920841003778704,0.4397653738109037,0.25546052218723586,0.30477410400186045,7.197155538245675,-0.7537249346530273,-6.44343060359266,S Hooper,football-data.co.uk,proxy_shots,,,,,,,,
2023-12-24,Wolves,Chelsea,2,1,14.0,16.0,10.0,6.0,3.0,5.0,11.0,9.0,2.05,1.88,2.05,1.88,6.0,5.0,4.0,4.0,3.73,3.73,1.98,1.83,2.02,3.73,3.73,1.98,3.26,3.65,2.17,1.83,2.02,1.77,2.09,0.2574772431729519,0.2574772431729519,0.48504551365409626,0.29451135396022116,0.26304301750967696,0.44244562853010183,3.703411078726926,0.556577433672506,-4.259988512399443,D Coote,football-data.co.uk,proxy_shots,,,,,,,,
2023-12-26,Bournemouth,Fulham,3,0,16.0,8.0,6.0,5.0,0.0,2.0,10.0,10.0,1.9,0.98,1.9,0.98,4.0,3.0,3.0,1.0,2.22,3.62,3.2,1.76,2.08,2.22,3.62,3.2,1.95,3.85,3.74,1.76,2.08,1.64,2.3,0.43346155573184053,0.26582448997919506,0.30071395428896436,0.4931248822753815,0.2497645507628555,0.257110566961763,5.966332654354095,-1.6059939216339552,-4.3603387327201375,T Robinson,football-data.co.uk,proxy_shots,,,,,,,,
2023-12-26,Burnley,Liverpool,0,2,9.0,19.0,4.0,4.0,2.0,1.0,7.0,10.0,0.49,3.04,0.49,3.04,0.0,10.0,8.0,0.0,7.67,5.3,1.39,1.45,2.73,7.67,5.3,1.39,7.69,5.28,1.38,1.45,2.73,1.46,2.72,0.12554682826823085,0.18168757977685487,0.6927655919549143,0.12455001384572778,0.18139954668061492,0.6940504394736572,-0.09968144225030728,-0.028803309623995355,0.12848475187429154,P Tierney,football-data.co.uk,proxy_shots,,,,,,,,
2023-12-26,Man United,Aston Villa,3,2,13.0,10.0,3.0,6.0,1.0,3.0,10.0,10.0,2.28,1.47,2.28,1.47,7.0,4.0,2.0,4.0,2.63,3.63,2.61,1.63,2.33,2.63,3.63,2.61,2.34,3.75,2.91,1.63,2.33,1.56,2.46,0.36600799675494006,0.2651793475111549,0.3688126557339051,0.4118406304133692,0.25698855337794235,0.3311708162086886,4.583263365842916,-0.8190794133212553,-3.764183952521649,C Pawson,football-data.co.uk,proxy_shots,,,,,,,,
2023-12-26,Newcastle,Nott'm Forest,1,3,19.0,15.0,10.0,2.0,3.0,3.0,10.0,11.0,2.4,2.21,2.4,2.21,7.0,6.0,3.0,6.0,1.51,4.41,6.57,1.78,2.02,1.51,4.41,6.57,1.41,4.95,7.64,1.78,2.02,1.64,2.3,0.6360367479996049,0.21778129013138395,0.14618196186901117,0.6805482824334758,0.19385314711741428,0.12559857044911005,4.45115344338709,-2.3928143013969674,-2.0583391419901123,C Kavanagh,football-data.co.uk,proxy_shots,,,,,,,,
2023-12-26,Sheffield United,Luton,2,3,21.0,12.0,9.0,4.0,5.0,0.0,13.0,13.0,2.44,1.68,2.44,1.68,6.0,4.0,1.0,4.0,2.41,3.32,3.07,2.11,1.75,2.41,3.32,3.07,2.46,3.25,3.07,2.11,1.75,2.19,1.71,0.3982604142652281,0.28909867421060237,0.31264091152416934,0.3908958773266678,0.29587811022264704,0.313226012450685,-0.7364536938560318,0.6779436012044671,0.058510092651564705,S Allison,football-data.co.uk,proxy_shots,,,,,,,,
2023-12-27,Brentford,Wolves,1,4,14.0,11.0,8.0,2.0,1.0,1.0,5.0,14.0,1.59,1.9,1.59,1.9,4.0,5.0,1.0,3.0,1.96,3.59,3.97,1.97,1.86,1.96,3.59,3.97,2.22,3.41,3.39,1.97,1.86,2.06,1.79,0.4902768843374074,0.26767205941540906,0.2420510562471835,0.43367134480546515,0.28233149133962837,0.2839971638549064,-5.660553953194225,1.4659431924219313,4.194610760772291,A Madley,football-data.co.uk,proxy_shots,,,,,,,,
2023-12-27,Chelsea,Crystal Palace,2,1,9.0,13.0,4.0,3.0,3.0,2.0,13.0,16.0,1.41,1.71,1.41,1.71,4.0,5.0,4.0,2.0,1.7,3.91,5.02,1.89,1.94,1.7,3.91,5.02,1.78,3.75,4.7,1.89,1.94,1.93,1.9,0.5638796639968743,0.24516507130298884,0.19095526470013674,0.5395518275883181,0.256107267495255,0.20434090491642684,-2.432783640855618,1.0942196192266134,1.33856402162901,M Salisbury,football-data.co.uk,proxy_shots,,,,,,,,
2023-12-27,Everton,Man City,1,3,7.0,23.0,8.0,4.0,4.0,2.0,13.0,5.0,0.84,3.18,0.84,3.18,2.0,9.0,6.0,1.0,5.84,4.17,1.59,1.74,2.11,5.84,4.17,1.59,5.65,4.02,1.62,1.74,2.11,1.91,1.92,0.16465145385870417,0.23059100492442022,0.6047575412168756,0.1696892001750985,0.23849352760928028,0.5918172722156213,0.5037746316394337,0.7902522684860053,-1.2940269001254334,J Brooks,football-data.co.uk,proxy_shots,,,,,,,,
2023-12-28,Arsenal,West Ham,0,2,30.0,6.0,10.0,3.0,2.0,0.0,8.0,8.0,3.09,1.07,3.09,1.07,8.0,3.0,1.0,8.0,1.35,5.39,8.64,1.58,2.4,1.35,5.39,8.64,1.3,5.97,10.13,1.58,2.4,1.55,2.48,0.7108766434488727,0.17804888101224087,0.11107447553888636,0.7428939600349359,0.161769204027708,0.09533683593735603,3.2017316586063216,-1.6279676984532865,-1.5737639601530322,M Oliver,football-data.co.uk,proxy_shots,,,,,,,,
2023-12-28,Brighton,Tottenham,4,2,15.0,19.0,7.0,6.0,3.0,2.0,18.0,6.0,2.84,1.78,2.84,1.78,9.0,3.0,1.0,5.0,2.52,3.9,2.57,1.45,2.76,2.52,3.9,2.57,2.5,3.82,2.65,1.45,2.76,1.43,2.84,0.38070603249846163,0.24599466715285218,0.37329930034868614,0.3849342155296981,0.25192029812153016,0.3631454863487718,0.42281830312364543,0.5925630968677986,-1.015381399991433,J Gillett,football-data.co.uk,proxy_shots,,,,,,,,
2023-12-30,Aston Villa,Burnley,3,2,19.0,9.0,6.0,2.0,4.0,3.0,9.0,14.0,2.6,1.59,2.6,1.59,7.0,5.0,3.0,4.0,1.37,5.27,8.15,1.57,2.43,1.37,5.27,8.15,1.4,5.17,7.55,1.57,2.43,1.51,2.59,0.7002505873395516,0.18203857773343182,0.11771083492701666,0.686707775129087,0.18595568378737368,0.1273365410835393,-1.3542812210464605,0.39171060539418545,0.9625706156522653,S Attwell,football-data.co.uk,proxy_shots,,,,,,,,
2023-12-30,Crystal Palace,Brentford,3,1,13.0,9.0,7.0,4.0,0.0,1.0,14.0,10.0,2.09,1.31,2.09,1.31,6.0,4.0,3.0,3.0,2.23,3.33,3.43,2.17,1.71,2.23,3.33,3.43,2.12,3.29,3.78,2.17,1.71,2.27,1.66,0.4310687746021203,0.2886736838927112,0.2802575415051686,0.4534687835009444,0.29220480882127725,0.2543264076777784,2.2400008898824098,0.3531124928566054,-2.5931133827390154,R Jones,football-data.co.uk,proxy_shots,,,,,,,,
2023-12-30,Luton,Chelsea,2,3,15.0,12.0,7.0,2.0,2.0,2.0,14.0,21.0,2.1,2.4,2.1,2.4,6.0,8.0,5.0,4.0,6.04,4.53,1.53,1.66,2.27,6.04,4.53,1.53,5.5,4.46,1.58,1.66,2.27,1.6,2.39,0.15920915712799172,0.21227887617065558,0.6285119667013529,0.17500273177903386,0.21581054367369648,0.6091867245472697,1.5793574651042142,0.3531667503040903,-1.9325242154083155,P Tierney,football-data.co.uk,proxy_shots,,,,,,,,
2023-12-30,Man City,Sheffield United,2,0,18.0,4.0,12.0,2.0,1.0,1.0,5.0,6.0,1.91,0.58,1.91,0.58,4.0,2.0,2.0,2.0,1.08,12.85,29.4,1.32,3.42,1.08,12.85,29.4,1.08,12.46,30.83,1.32,3.42,1.32,3.37,0.8922346606206604,0.07498937225449909,0.03277596712484059,0.8914974645795378,0.07727265343065015,0.031229881989811904,-0.07371960411225453,0.2283281176151064,-0.15460851350286886,D Coote,football-data.co.uk,proxy_shots,,,,,,,,
2023-12-30,Nott'm Forest,Man United,2,1,8.0,10.0,4.0,5.0,2.0,4.0,9.0,11.0,1.0,1.55,1.0,1.55,2.0,5.0,4.0,0.0,3.27,3.68,2.16,1.76,2.1,3.27,3.68,2.16,3.25,3.64,2.18,1.76,2.1,1.73,2.14,0.2939036294258585,0.2611589315822167,0.44493743899192467,0.2955359736612763,0.26387140505471096,0.44059262128401283,0.16323442354178042,0.2712473472494259,-0.4344817707911841,T Robinson,football-data.co.uk,proxy_shots,,,,,,,,
2023-12-30,Wolves,Everton,3,0,12.0,10.0,5.0,2.0,2.0,3.0,9.0,14.0,2.04,0.55,2.04,0.55,6.0,0.0,0.0,3.0,2.64,3.38,2.74,2.03,1.81,2.64,3.38,2.74,2.88,3.26,2.6,2.03,1.81,2.12,1.75,0.3643559682115036,0.2845857266504052,0.3510583051380911,0.33432204726894066,0.29535199267930956,0.37032596005174967,-3.0033920942562964,1.0766266028904348,1.926765491365856,T Bramall,football-data.co.uk,proxy_shots,,,,,,,,
2023-12-31,Fulham,Arsenal,2,1,15.0,13.0,5.0,4.0,4.0,1.0,11.0,10.0,1.74,1.35,1.74,1.35,4.0,3.0,2.0,2.0,5.74,4.29,1.57,1.76,2.1,5.74,4.29,1.57,5.92,4.22,1.58,1.76,2.1,1.81,2.04,0.1668322116730284,0.22322072144596342,0.6099470668810083,0.16261011228282393,0.22811655561950658,0.6092733320976694,-0.4222099390204459,0.48958341735431676,-0.06737347833388752,J Smith,football-data.co.uk,proxy_shots,,,,,,,,
2023-12-31,Tottenham,Bournemouth,3,1,12.0,24.0,4.0,13.0,3.0,3.0,9.0,18.0,2.04,2.14,2.04,2.14,6.0,4.0,3.0,3.0,1.78,4.33,4.04,1.4,2.96,1.78,4.33,4.04,1.76,4.49,3.98,1.4,2.96,1.33,3.41,0.540050259633611,0.22200680419118415,0.23794293617520482,0.5451988260203677,0.21370822578972096,0.24109294818991134,0.5148566386756759,-0.8298578401463197,0.31500120147065214,S Hooper,football-data.co.uk,proxy_shots,,,,,,,,
2024-01-01,Liverpool,Newcastle,4,2,34.0,5.0,7.0,3.0,3.0,5.0,16.0,15.0,4.0,1.02,4.0,1.02,15.0,3.0,1.0,11.0,1.46,4.88,6.56,1.45,2.78,1.46,4.88,6.56,1.38,5.47,7.49,1.45,2.78,1.38,3.12,0.657141918744047,0.19660393470621082,0.1462541465497422,0.6961214915954608,0.17562114413194438,0.12825736427259488,3.8979572851413735,-2.098279057426644,-1.799678227714732,A Taylor,football-data.co.uk,proxy_shots,,,,,,,,
2024-01-02,West Ham,Brighton,0,0,6.0,22.0,2.0,0.0,1.0,0.0,4.0,6.0,0.69,2.65,0.69,2.65,2.0,8.0,8.0,2.0,2.47,3.7,2.73,1.62,2.34,2.47,3.7,2.73,3.03,3.63,2.3,1.62,2.34,1.67,2.25,0.3887526892480112,0.2595186871466453,0.35172862360534346,0.31724861210856903,0.2648108249831857,0.41794056290824527,-7.150407713944218,0.5292137836540423,6.621193930290181,S Barrott,football-data.co.uk,proxy_shots,,,,,,,,
2024-01-12,Burnley,Luton,1,1,13.0,14.0,2.0,8.0,1.0,0.0,7.0,12.0,2.08,1.77,2.08,1.77,7.0,5.0,4.0,6.0,2.03,3.58,3.74,1.92,1.88,2.03,3.58,3.74,2.15,3.46,3.5,1.92,1.88,1.97,1.87,0.47397411571464987,0.26876185891082094,0.25726402537452914,0.4472926054517249,0.2779419369136441,0.274765457634631,-2.668151026292498,0.9180078002823167,1.7501432260101868,T Harrington,football-data.co.uk,proxy_shots,,,,,,,,
2024-01-13,Chelsea,Fulham,1,0,17.0,14.0,6.0,4.0,5.0,1.0,13.0,9.0,1.58,1.49,1.58,1.49,3.0,4.0,4.0,2.0,1.64,4.24,5.19,1.64,2.3,1.64,4.24,5.19,1.64,4.16,5.26,1.64,2.3,1.71,2.16,0.587273290135252,0.22715287637306916,0.18557383349167886,0.5861603411696633,0.23108244219188648,0.18275721663845018,-0.11129489655886671,0.39295658188173155,-0.2816616853228676,A Taylor,football-data.co.uk,proxy_shots,,,,,,,,
2024-01-13,Newcastle,Man City,2,3,12.0,27.0,3.0,13.0,1.0,2.0,7.0,7.0,1.76,3.76,1.76,3.76,5.0,11.0,8.0,3.0,5.5,4.47,1.57,1.61,2.35,5.5,4.47,1.57,4.89,4.13,1.68,1.61,2.35,1.7,2.2,0.1744101953630781,0.21459867438410057,0.6109911302528214,0.19628111447751442,0.2324006415968633,0.5713182439256222,2.187091911443631,1.7801967212762726,-3.967288632719912,C Kavanagh,football-data.co.uk,proxy_shots,,,,,,,,
2024-01-14,Everton,Aston Villa,0,0,10.0,16.0,4.0,5.0,1.0,4.0,13.0,14.0,0.91,1.78,0.91,1.78,2.0,5.0,5.0,2.0,2.79,3.62,2.45,1.71,2.17,2.79,3.62,2.45,2.55,3.54,2.75,1.71,2.17,1.71,2.17,0.3437024061881159,0.2648977108466419,0.3913998829652422,0.3776988884362452,0.27207123319560034,0.3502298783681546,3.399648224812929,0.7173522348958461,-4.117000459708758,D Coote,football-data.co.uk,proxy_shots,,,,,,,,
2024-01-14,Man United,Tottenham,2,2,9.0,16.0,8.0,13.0,2.0,1.0,8.0,5.0,1.05,2.16,1.05,2.16,2.0,6.0,4.0,0.0,2.2,3.93,3.0,1.47,2.72,2.2,3.93,3.0,2.04,3.97,3.34,1.47,2.72,1.47,2.72,0.4360852197070572,0.2441189525077674,0.3197958277851753,0.47066966726063286,0.2418554461490406,0.2874748865903267,3.458444755357565,-0.22635063587268245,-3.2320941194848576,J Brooks,football-data.co.uk,proxy_shots,,,,,,,,
2024-01-20,Arsenal,Crystal Palace,5,0,21.0,12.0,6.0,7.0,0.0,0.0,8.0,12.0,2.74,1.56,2.74,1.56,6.0,5.0,5.0,1.0,1.29,5.74,11.19,1.75,2.1,1.29,5.74,11.19,1.26,5.91,12.35,1.75,2.1,1.74,2.14,0.7462574198068324,0.16771290445136128,0.08602967574180641,0.7603277633153845,0.1621003353261226,0.07757190135849268,1.4070343508552186,-0.5612569125238664,-0.845777438331373,P Tierney,football-data.co.uk,proxy_shots,,,,,,,,
2024-01-20,Brentford,Nott'm Forest,3,2,11.0,12.0,6.0,4.0,1.0,3.0,10.0,14.0,1.8,1.4,1.8,1.4,5.0,3.0,1.0,2.0,1.9,3.72,4.06,1.84,2.0,1.9,3.72,4.06,1.78,3.8,4.66,1.84,2.0,1.89,1.94,0.505373897447566,0.25812107665332673,0.2365050258991073,0.5404250643944482,0.2531464775321362,0.2064284580734158,3.505116694688215,-0.4974599121190526,-3.0076567825691485,D England,football-data.co.uk,proxy_shots,,,,,,,,
2024-01-21,Bournemouth,Liverpool,0,4,11.0,14.0,8.0,5.0,1.0,2.0,9.0,12.0,0.78,2.43,0.78,2.43,1.0,7.0,3.0,1.0,4.38,4.37,1.71,1.47,2.68,4.38,4.37,1.71,4.38,4.4,1.7,1.47,2.68,1.42,2.9,0.21912084238676252,0.21962226307872304,0.5612568945345144,0.21872624130066087,0.21773203111293057,0.5635417275864085,-0.0394601086101648,-0.1890231965792466,0.22848330518940863,A Madley,football-data.co.uk,proxy_shots,,,,,,,,
2024-01-21,Sheffield United,West Ham,2,2,21.0,16.0,4.0,1.0,5.0,3.0,11.0,10.0,2.44,1.98,2.44,1.98,6.0,5.0,3.0,4.0,3.43,3.43,2.18,2.05,1.79,3.43,3.43,2.18,2.83,3.34,2.56,2.05,1.79,2.0,1.83,0.2798459563543004,0.2798459563543004,0.44030808729139925,0.33866457536221556,0.2869523198428353,0.3743831047949492,5.8818619007915185,0.7106363488534939,-6.592498249645007,M Salisbury,football-data.co.uk,proxy_shots,,,,,,,,
2024-01-22,Brighton,Wolves,0,0,11.0,8.0,8.0,2.0,1.0,4.0,10.0,13.0,1.32,0.98,1.32,0.98,4.0,3.0,3.0,4.0,1.65,4.29,4.95,1.63,2.29,1.65,4.29,4.95,1.66,4.16,5.0,1.63,2.29,1.62,2.32,0.582089552238806,0.22388059701492538,0.19402985074626866,0.5776879152131892,0.23051969693603216,0.1917923878507788,-0.44016370256168,0.6639099921106784,-0.22374628954898723,C Pawson,football-data.co.uk,proxy_shots,,,,,,,,
2024-01-30,Aston Villa,Newcastle,1,3,12.0,14.0,8.0,7.0,4.0,1.0,14.0,12.0,1.84,1.97,1.84,1.97,6.0,5.0,2.0,5.0,1.86,4.07,3.92,1.51,2.57,1.86,4.07,3.92,1.88,4.02,3.89,1.51,2.57,1.56,2.47,0.5177344089720208,0.23660589697492843,0.24565969405305071,0.5125702261001817,0.2397094589722243,0.24772031492759422,-0.5164182871839174,0.31035619972958617,0.20606208745435062,J Brooks,football-data.co.uk,proxy_shots,,,,,,,,
2024-01-30,Crystal Palace,Sheffield United,3,2,12.0,9.0,11.0,1.0,1.0,4.0,8.0,18.0,1.68,1.59,1.68,1.59,4.0,5.0,3.0,1.0,1.64,3.87,5.92,2.09,1.77,1.64,3.87,5.92,1.61,3.95,6.02,2.09,1.77,2.0,1.85,0.5879587332546323,0.24916080685726016,0.1628804598881076,0.5970018101615087,0.2433349150278554,0.15966327481063605,0.9043076906876335,-0.5825891829404767,-0.32171850774715405,T Harrington,football-data.co.uk,proxy_shots,,,,,,,,
2024-01-30,Fulham,Everton,0,0,25.0,21.0,15.0,6.0,1.0,2.0,6.0,13.0,2.46,1.88,2.46,1.88,6.0,4.0,4.0,6.0,2.45,3.33,3.01,2.03,1.8,2.45,3.33,3.01,2.25,3.27,3.46,2.03,1.8,2.16,1.72,0.3922046618641979,0.2885589854556411,0.3192363526801611,0.4276497068795428,0.2942543854675753,0.2780959076528819,3.5445045015344903,0.5695400011934193,-4.11404450272792,T Bramall,football-data.co.uk,proxy_shots,,,,,,,,
2024-01-30,Luton,Brighton,4,0,18.0,9.0,7.0,4.0,2.0,2.0,13.0,14.0,2.83,0.85,2.83,0.85,8.0,2.0,2.0,4.0,4.34,4.09,1.78,1.65,2.28,4.34,4.09,1.78,4.22,4.03,1.8,1.65,2.28,1.67,2.24,0.2222554646476981,0.2358407619978019,0.5419037733544999,0.22770791609901875,0.23844352504661515,0.5338485588543662,0.5452451451320645,0.2602763048813239,-0.805521450013369,R Jones,football-data.co.uk,proxy_shots,,,,,,,,
2024-01-30,Nott'm Forest,Arsenal,1,2,9.0,19.0,2.0,11.0,0.0,1.0,6.0,7.0,1.14,1.78,1.14,1.78,3.0,3.0,1.0,2.0,8.12,5.09,1.39,1.65,2.29,8.12,5.09,1.39,8.78,5.04,1.38,1.65,2.29,1.73,2.15,0.11852538082546106,0.1890817470142915,0.6923928721602474,0.10983721503155261,0.1913434023763952,0.6988193825920521,-0.8688165793908451,0.22616553621036817,0.6426510431804755,S Hooper,football-data.co.uk,proxy_shots,,,,,,,,
2024-01-31,Liverpool,Chelsea,4,1,28.0,4.0,8.0,1.0,2.0,4.0,15.0,16.0,4.0,0.86,4.0,0.86,13.0,3.0,2.0,9.0,1.58,4.61,5.15,1.45,2.77,1.58,4.61,5.15,1.65,4.4,4.84,1.45,2.77,1.47,2.68,0.6062335460378987,0.20777635634270714,0.18599009761939417,0.5827814569536424,0.21854304635761587,0.1986754966887417,-2.3452089084256333,1.0766690014908735,1.268539906934754,P Tierney,football-data.co.uk,proxy_shots,,,,,,,,
2024-01-31,Man City,Burnley,3,1,14.0,8.0,7.0,3.0,2.0,2.0,3.0,13.0,1.79,1.08,1.79,1.08,4.0,3.0,2.0,1.0,1.1,11.19,24.13,1.34,3.31,1.1,11.19,24.13,1.11,10.59,22.43,1.34,3.31,1.33,3.38,0.8742111078986502,0.0859367487657297,0.0398521433356202,0.8663235418013836,0.09080445055708555,0.042872007641530804,-0.7887566097266596,0.4867701791355858,0.3019864305910607,S Barrott,football-data.co.uk,proxy_shots,,,,,,,,
2024-01-31,Tottenham,Brentford,3,2,19.0,9.0,5.0,3.0,2.0,3.0,13.0,15.0,2.25,1.59,2.25,1.59,5.0,5.0,3.0,2.0,1.67,4.34,4.75,1.5,2.59,1.67,4.34,4.75,1.63,4.46,4.97,1.5,2.59,1.45,2.79,0.575913597595215,0.22160730598709882,0.20247909641768608,0.5905144510364413,0.21581581954919268,0.19366972941436608,1.4600853441226302,-0.579148643790614,-0.8809367003319996,D Coote,football-data.co.uk,proxy_shots,,,,,,,,
2024-02-01,West Ham,Bournemouth,1,1,9.0,9.0,1.0,5.0,1.0,3.0,13.0,11.0,1.14,1.31,1.14,1.31,3.0,4.0,3.0,2.0,2.43,3.73,2.75,1.65,2.27,2.43,3.73,2.75,2.42,3.58,2.85,1.65,2.27,1.76,2.1,0.39446006175996673,0.2569806836666808,0.34855925457335246,0.39602384759893805,0.2677032712819637,0.33627288111909825,0.1563785838971321,1.0722587615282886,-1.2286373454254207,T Robinson,football-data.co.uk,proxy_shots,,,,,,,,
2024-02-01,Wolves,Man United,3,4,16.0,21.0,4.0,5.0,2.0,5.0,10.0,10.0,2.44,2.99,2.44,2.99,7.0,8.0,4.0,4.0,2.7,3.58,2.54,1.76,2.09,2.7,3.58,2.54,2.92,3.5,2.43,1.76,2.09,1.87,1.98,0.354964633137111,0.2677107568352513,0.3773246100276377,0.3293881629396684,0.27480383879538045,0.3958079982649513,-2.5576470197442633,0.7093081960129144,1.8483388237313603,J Gillett,football-data.co.uk,proxy_shots,,,,,,,,
2024-02-03,Brighton,Crystal Palace,4,1,13.0,7.0,3.0,2.0,1.0,3.0,8.0,14.0,2.19,1.39,2.19,1.39,6.0,5.0,4.0,2.0,1.7,4.07,4.82,1.73,2.14,1.7,4.07,4.82,1.72,3.81,5.17,1.73,2.14,2.01,1.84,0.5648480869785549,0.23593163338170595,0.19922027963973926,0.5604965953681071,0.2530325837357334,0.18647082089615943,-0.43514916104477885,1.710095035402745,-1.2749458743579827,S Hooper,football-data.co.uk,proxy_shots,,,,,,,,
2024-02-03,Burnley,Fulham,2,2,12.0,15.0,2.0,13.0,2.0,2.0,11.0,7.0,1.58,2.29,1.58,2.29,4.0,7.0,5.0,2.0,2.94,3.45,2.43,1.93,1.9,2.94,3.45,2.43,2.91,3.31,2.54,1.93,1.9,2.1,1.76,0.32657855064334046,0.2783017214178032,0.3951197279388563,0.33059781604268823,0.290646418333602,0.3787557656237097,0.4019265399347771,1.2344696915798814,-1.6363962315146585,D Bond,football-data.co.uk,proxy_shots,,,,,,,,
2024-02-03,Everton,Tottenham,2,2,14.0,9.0,9.0,5.0,3.0,0.0,8.0,14.0,1.87,1.78,1.87,1.78,5.0,6.0,4.0,3.0,2.94,3.69,2.34,1.64,2.29,2.94,3.69,2.34,3.1,3.73,2.22,1.64,2.29,1.63,2.29,0.32752970094223677,0.2609586235149529,0.4115116755428103,0.3098377585535966,0.2575059119346245,0.43265632951177896,-1.7691942388640192,-0.34527115803283936,2.114465396896864,M Oliver,football-data.co.uk,proxy_shots,,,,,,,,
2024-02-03,Newcastle,Luton,4,4,19.0,11.0,8.0,2.0,2.0,2.0,13.0,16.0,2.52,2.44,2.52,2.44,6.0,8.0,4.0,2.0,1.43,4.97,7.02,1.58,2.43,1.43,4.97,7.02,1.53,4.61,5.91,1.58,2.43,1.6,2.37,0.6704974142453843,0.19291977914907435,0.13658280660554123,0.6286262104672975,0.2086329939294935,0.162740795603209,-4.187120377808684,1.571321478041915,2.6157988997667774,T Bramall,football-data.co.uk,proxy_shots,,,,,,,,
2024-02-03,Sheffield United,Aston Villa,0,5,10.0,14.0,3.0,4.0,1.0,0.0,10.0,7.0,1.45,3.07,1.45,3.07,5.0,10.0,5.0,5.0,5.1,4.29,1.63,1.63,2.31,5.1,4.29,1.63,5.17,4.27,1.64,1.63,2.31,1.66,2.27,0.18805315089270588,0.2235596898724475,0.5883871592348465,0.18645543499966719,0.2257551753977235,0.5877893896026093,-0.1597715893038698,0.21954855252759864,-0.05977696322372328,P Tierney,football-data.co.uk,proxy_shots,,,,,,,,
2024-02-04,Arsenal,Liverpool,3,1,15.0,10.0,2.0,4.0,6.0,4.0,11.0,11.0,2.38,0.83,2.38,0.83,7.0,1.0,0.0,4.0,2.25,3.67,3.07,1.67,2.23,2.25,3.67,3.07,2.21,3.65,3.2,1.67,2.23,1.7,2.2,0.42626144923369114,0.2613319511650695,0.31240659960123945,0.43552025653932924,0.2636985662881966,0.30078117717247427,0.9258807305638106,0.23666151231270804,-1.1625422428765186,A Taylor,football-data.co.uk,proxy_shots,,,,,,,,
2024-02-04,Bournemouth,Nott'm Forest,1,1,9.0,8.0,11.0,6.0,5.0,2.0,19.0,12.0,0.95,1.62,0.95,1.62,2.0,6.0,5.0,1.0,1.7,4.15,4.65,1.65,2.26,1.7,4.15,4.65,1.66,4.34,4.93,1.65,2.26,1.59,2.4,0.5633073049697147,0.23075238998759393,0.20594030504269134,0.5816650536640532,0.2224801818162047,0.19585476451974207,1.8357748694338483,-0.8272208171389239,-1.0085540522949272,R Welch,football-data.co.uk,proxy_shots,,,,,,,,
2024-02-04,Chelsea,Wolves,2,4,15.0,14.0,10.0,1.0,3.0,2.0,15.0,11.0,2.1,2.43,2.1,2.43,6.0,7.0,3.0,4.0,1.63,4.22,5.24,1.69,2.19,1.63,4.22,5.24,1.54,4.48,5.92,1.69,2.19,1.6,2.37,0.5891624880770318,0.22756750131885348,0.1832700106041148,0.6234860452869931,0.21432332806740387,0.16219062664560294,3.4323557209961386,-1.324417325144961,-2.107938395851186,T Robinson,football-data.co.uk,proxy_shots,,,,,,,,
2024-02-04,Man United,West Ham,3,0,12.0,22.0,5.0,8.0,0.0,1.0,10.0,5.0,1.86,1.75,1.86,1.75,5.0,3.0,3.0,2.0,1.66,4.23,4.93,1.62,2.33,1.66,4.23,4.93,1.55,4.49,5.82,1.62,2.33,1.59,2.4,0.5783191669324311,0.2269526754392046,0.19472815762836423,0.6205265445012502,0.21421294966078794,0.16526050583796184,4.22073775688191,-1.273972577841667,-2.9467651790402396,A Madley,football-data.co.uk,proxy_shots,,,,,,,,
2024-02-05,Brentford,Man City,1,3,9.0,25.0,8.0,13.0,1.0,0.0,2.0,4.0,1.14,4.0,1.14,4.0,3.0,15.0,12.0,2.0,7.17,4.99,1.42,1.57,2.42,7.17,4.99,1.42,7.9,5.41,1.37,1.57,2.42,1.51,2.61,0.1335796627423627,0.19193711059373553,0.6744832266639017,0.12155568712412072,0.177502759386424,0.7009415534894553,-1.2023975618241964,-1.4434351207311513,2.64583268255536,J Gillett,football-data.co.uk,proxy_shots,,,,,,,,
2024-02-10,Fulham,Bournemouth,3,1,7.0,25.0,1.0,14.0,1.0,2.0,11.0,11.0,1.77,2.19,1.77,2.19,6.0,4.0,3.0,3.0,2.4,3.58,2.88,1.74,2.12,2.4,3.58,2.88,2.56,3.53,2.75,1.74,2.12,1.78,2.07,0.39940498326515433,0.26775753068055036,0.33283748605429525,0.3764887935681791,0.2730343658738069,0.350476840558014,-2.291618969697523,0.5276835193256557,1.763935450371873,D England,football-data.co.uk,proxy_shots,,,,,,,,
2024-02-10,Liverpool,Burnley,3,1,25.0,9.0,9.0,3.0,3.0,2.0,11.0,13.0,3.47,1.31,3.47,1.31,10.0,4.0,3.0,7.0,1.16,8.4,15.8,1.33,3.37,1.16,8.4,15.8,1.16,8.52,16.31,1.33,3.37,1.32,3.47,0.8254141997114284,0.1139857704363401,0.06060002985223144,0.8283135833671109,0.11277508881524044,0.058911327817648594,0.28993836556825414,-0.12106816210996629,-0.16887020345828438,T Robinson,football-data.co.uk,proxy_shots,,,,,,,,
2024-02-10,Luton,Sheffield United,1,3,20.0,7.0,13.0,1.0,1.0,2.0,7.0,12.0,2.1,1.23,2.1,1.23,5.0,3.0,0.0,4.0,1.77,3.88,4.59,1.83,2.02,1.77,3.88,4.59,1.71,3.98,4.87,1.83,2.02,1.78,2.05,0.5429452061058927,0.24768376670294592,0.20937102719116127,0.5615524349506462,0.2412700160215088,0.19717754902784498,1.860722884475352,-0.6413750681437125,-1.2193478163316285,C Kavanagh,football-data.co.uk,proxy_shots,,,,,,,,
2024-02-10,Man City,Everton,2,0,19.0,5.0,9.0,0.0,0.0,2.0,6.0,11.0,1.78,0.46,1.78,0.46,3.0,1.0,1.0,1.0,1.2,7.36,13.47,1.44,2.78,1.2,7.36,13.47,1.24,6.82,12.04,1.44,2.78,1.49,2.66,0.798638903389208,0.13021286468302304,0.07114823192776908,0.7783262811471556,0.14151386929948281,0.08015984955336154,-2.0312622242052325,1.1301004616459775,0.9011617625592466,J Brooks,football-data.co.uk,proxy_shots,,,,,,,,
2024-02-10,Nott'm Forest,Newcastle,2,3,13.0,7.0,4.0,4.0,1.0,2.0,9.0,6.0,1.45,1.58,1.45,1.58,3.0,5.0,2.0,1.0,3.3,3.71,2.13,1.71,2.16,3.3,3.71,2.13,3.24,3.77,2.15,1.71,2.16,1.64,2.3,0.2908004990008942,0.25866351663152315,0.4505359843675826,0.2970538328758388,0.25529294920894374,0.44765321791521756,0.6253333874944589,-0.3370567422579407,-0.28827664523650154,A Taylor,football-data.co.uk,proxy_shots,,,,,,,,
2024-02-10,Tottenham,Brighton,2,1,16.0,6.0,9.0,6.0,2.0,3.0,14.0,13.0,2.16,0.97,2.16,0.97,6.0,3.0,2.0,4.0,1.82,4.31,3.84,1.38,3.02,1.82,4.31,3.84,1.74,4.51,4.09,1.38,3.02,1.34,3.34,0.5273615988070126,0.2226909767584137,0.2499474244345737,0.5521088060724516,0.21300871897252013,0.23488247495502834,2.4747207265438997,-0.9682257785893572,-1.506494947954537,S Barrott,football-data.co.uk,proxy_shots,,,,,,,,
2024-02-10,Wolves,Brentford,0,2,17.0,9.0,7.0,4.0,2.0,3.0,11.0,9.0,1.83,1.78,1.83,1.78,5.0,6.0,4.0,5.0,2.12,3.66,3.38,1.76,2.09,2.12,3.66,3.38,2.2,3.58,3.27,1.76,2.09,1.79,2.08,0.45321590292940983,0.26251850115036857,0.2842655959202216,0.43719516294077665,0.2686674185669577,0.29413741849226566,-1.6020739988633181,0.6148917416589128,0.9871822572044053,S Hooper,football-data.co.uk,proxy_shots,,,,,,,,
2024-02-11,Aston Villa,Man United,1,2,23.0,17.0,10.0,8.0,3.0,2.0,9.0,7.0,3.16,2.04,3.16,2.04,10.0,5.0,3.0,9.0,2.17,3.83,3.11,1.55,2.46,2.17,3.83,3.11,2.16,3.89,3.13,1.55,2.46,1.5,2.62,0.44163196903352103,0.250219679582961,0.30814835138351787,0.4453617373047197,0.24729597752652815,0.3073422851687522,0.37297682711986413,-0.2923702056432831,-0.08060662147656439,R Jones,football-data.co.uk,proxy_shots,,,,,,,,
2024-02-11,West Ham,Arsenal,0,6,5.0,25.0,2.0,6.0,4.0,0.0,17.0,11.0,0.46,4.0,0.46,4.0,1.0,12.0,6.0,1.0,5.81,4.38,1.55,1.67,2.22,5.81,4.38,1.55,6.31,4.34,1.53,1.67,2.22,1.82,2.03,0.16461254585704485,0.2183559112852581,0.617031542857697,0.15201957879940203,0.2210238576553518,0.6269565635452462,-1.2592967057642817,0.26679463700936823,0.9925020687549191,C Pawson,football-data.co.uk,proxy_shots,,,,,,,,
2024-02-12,Crystal Palace,Chelsea,1,3,13.0,14.0,1.0,7.0,2.0,2.0,14.0,7.0,1.54,1.97,1.54,1.97,4.0,5.0,2.0,3.0,4.2,3.8,1.84,1.83,2.0,4.2,3.8,1.84,4.91,3.97,1.71,1.83,2.0,1.83,2.02,0.22790091264667536,0.25189048239895695,0.5202086049543677,0.19576670751928482,0.2421195299545815,0.5621137625261337,-3.213420512739054,-0.9770952444375453,4.190515757176594,M Oliver,football-data.co.uk,proxy_shots,,,,,,,,
2024-02-17,Brentford,Liverpool,1,4,15.0,15.0,1.0,6.0,2.0,1.0,4.0,18.0,2.0,2.66,2.0,2.66,6.0,8.0,4.0,5.0,5.24,4.52,1.59,1.5,2.61,5.24,4.52,1.59,4.82,4.4,1.65,1.5,2.61,1.45,2.78,0.18332176965145702,0.21252346747204312,0.6041547628764998,0.19933554817275748,0.2183630323165207,0.5823014195107219,1.6013778521300455,0.583956484447759,-2.1853343365777933,M Oliver,football-data.co.uk,proxy_shots,,,,,,,,
2024-02-17,Burnley,Arsenal,0,5,8.0,16.0,4.0,6.0,2.0,1.0,11.0,8.0,0.44,2.64,0.44,2.64,0.0,7.0,2.0,0.0,9.94,5.73,1.31,1.6,2.37,9.94,5.73,1.31,10.38,5.94,1.29,1.6,2.37,1.57,2.45,0.09687560899748206,0.1680529761666617,0.7350714148358561,0.09264417845484221,0.16189336235038085,0.7454624591947769,-0.4231430542639844,-0.6159613816280857,1.0391044358920798,J Gillett,football-data.co.uk,proxy_shots,,,,,,,,
2024-02-17,Fulham,Aston Villa,1,2,15.0,12.0,4.0,4.0,5.0,2.0,11.0,6.0,1.65,1.4,1.65,1.4,4.0,3.0,1.0,3.0,2.94,3.77,2.29,1.62,2.33,2.94,3.77,2.29,2.95,3.72,2.3,1.62,2.33,1.62,2.33,0.3264044582736288,0.2545435297942888,0.4190520119320824,0.32513775413262397,0.257837735132054,0.41702451073532215,-0.12667041410048263,0.3294205337765199,-0.20275011967602619,L Smith,football-data.co.uk,proxy_shots,,,,,,,,
2024-02-17,Man City,Chelsea,1,1,31.0,9.0,12.0,1.0,1.0,3.0,7.0,12.0,2.71,1.68,2.71,1.68,5.0,6.0,5.0,4.0,1.35,5.64,8.22,1.46,2.73,1.35,5.64,8.22,1.33,6.01,8.28,1.46,2.73,1.35,3.28,0.7124560869685486,0.17053470166800366,0.11700921136344776,0.7236278237855994,0.16013727215222084,0.11623490406217962,1.117173681705086,-1.039742951578282,-0.07743073012681373,A Madley,football-data.co.uk,proxy_shots,,,,,,,,
2024-02-17,Newcastle,Bournemouth,2,2,17.0,12.0,4.0,2.0,1.0,3.0,9.0,22.0,2.04,2.12,2.04,2.12,5.0,7.0,5.0,3.0,1.85,4.16,3.83,1.47,2.68,1.85,4.16,3.83,1.99,3.93,3.5,1.47,2.68,1.53,2.53,0.5187420843060073,0.2306905903764696,0.2505673253175231,0.4819433300514703,0.24403746229069362,0.27401920765783594,-3.6798754254537047,1.3346871914224012,2.3451882340312813,M Salisbury,football-data.co.uk,proxy_shots,,,,,,,,
2024-02-17,Nott'm Forest,West Ham,2,0,19.0,10.0,5.0,3.0,4.0,6.0,13.0,15.0,2.69,1.09,2.69,1.09,8.0,3.0,3.0,6.0,2.43,3.51,2.9,1.85,1.99,2.43,3.51,2.9,2.27,3.52,3.17,1.85,1.99,1.87,1.97,0.3952196246986057,0.273613586329804,0.33116678897159035,0.4235538837033635,0.2731441238655214,0.30330199243111516,2.8334259004757776,-0.04694624642825884,-2.786479654047519,T Bramall,football-data.co.uk,proxy_shots,,,,,,,,
2024-02-17,Tottenham,Wolves,1,2,15.0,12.0,10.0,4.0,0.0,1.0,8.0,13.0,1.65,2.12,1.65,2.12,4.0,7.0,5.0,3.0,1.55,4.75,5.37,1.43,2.82,1.55,4.75,5.37,1.52,4.89,5.57,1.43,2.82,1.4,3.0,0.6192117688470269,0.20205857720271403,0.17872965395025917,0.6314211862343955,0.19626998017919858,0.17230883358640595,1.2209417387368582,-0.5788597023515446,-0.6420820363853219,A Taylor,football-data.co.uk,proxy_shots,,,,,,,,
2024-02-18,Luton,Man United,1,2,22.0,21.0,8.0,6.0,3.0,5.0,7.0,21.0,2.03,2.98,2.03,2.98,4.0,9.0,7.0,3.0,4.07,4.09,1.81,1.58,2.41,4.07,4.09,1.81,4.14,4.12,1.8,1.58,2.41,1.53,2.54,0.2356418246811328,0.23448954191985588,0.5298686333990114,0.2322958953540821,0.23342354533152906,0.5342805593143888,-0.33459293270506896,-0.10659965883268174,0.4411925915377424,D Coote,football-data.co.uk,proxy_shots,,,,,,,,
2024-02-18,Sheffield United,Brighton,0,5,6.0,24.0,5.0,10.0,3.0,4.0,3.0,5.0,0.51,3.62,0.51,3.62,1.0,10.0,5.0,1.0,4.92,4.3,1.65,1.57,2.42,4.92,4.3,1.65,4.81,4.25,1.68,1.57,2.42,1.58,2.43,0.1950837251505403,0.22321207621875774,0.581704198630702,0.20020581381980918,0.22658587399371344,0.5732083121864774,0.5122088669268887,0.33737977749556947,-0.849588644422461,S Attwell,football-data.co.uk,proxy_shots,,,,,,,,
2024-02-19,Everton,Crystal Palace,1,1,19.0,10.0,3.0,6.0,0.0,2.0,8.0,12.0,1.86,1.37,1.86,1.37,4.0,4.0,3.0,3.0,1.73,3.68,5.12,2.16,1.7,1.73,3.68,5.12,1.81,3.49,4.98,2.16,1.7,2.33,1.62,0.5530975529566484,0.2600159691888591,0.1868864778544925,0.531327477996631,0.2755595229724648,0.19311299903090404,-2.177007496001737,1.5543553783605668,0.6226521176411537,P Tierney,football-data.co.uk,proxy_shots,,,,,,,,
2024-02-20,Man City,Brentford,1,0,25.0,6.0,10.0,1.0,2.0,4.0,12.0,6.0,3.46,0.69,3.46,0.69,11.0,2.0,2.0,10.0,1.18,8.12,15.16,1.34,3.26,1.18,8.12,15.16,1.19,7.81,14.24,1.34,3.26,1.37,3.16,0.8175567976537097,0.11880751492997259,0.06363568741631777,0.8091032702600655,0.12328206038533648,0.06761466935459817,-0.8453527393644245,0.4474545455363896,0.3978981938280404,D England,football-data.co.uk,proxy_shots,,,,,,,,
2024-02-21,Liverpool,Luton,4,1,29.0,12.0,13.0,4.0,1.0,4.0,15.0,14.0,4.0,1.3,4.0,1.3,13.0,3.0,2.0,9.0,1.2,7.72,13.14,1.3,3.51,1.2,7.72,13.14,1.27,6.68,10.07,1.3,3.51,1.37,3.16,0.8020760195077519,0.12467502893902879,0.07324895155321934,0.7597416311930978,0.14444189694838838,0.09581647185851383,-4.233438831465408,1.9766868009359588,2.2567520305294493,A Madley,football-data.co.uk,proxy_shots,,,,,,,,
2024-02-24,Arsenal,Newcastle,4,1,18.0,3.0,9.0,0.0,1.0,0.0,15.0,6.0,2.83,0.62,2.83,0.62,8.0,2.0,1.0,4.0,1.38,5.34,7.53,1.48,2.67,1.38,5.34,7.53,1.35,5.63,8.17,1.48,2.67,1.46,2.76,0.6936285164255108,0.17925231323355897,0.12711917034093026,0.7117308373731762,0.17066369990298189,0.11760546272384186,1.8102320947665396,-0.8588613330577088,-0.9513707617088405,P Tierney,football-data.co.uk,proxy_shots,,,,,,,,
2024-02-24,Aston Villa,Nott'm Forest,4,2,16.0,10.0,7.0,2.0,1.0,2.0,7.0,16.0,2.36,1.29,2.36,1.29,6.0,3.0,1.0,2.0,1.55,4.54,5.63,1.57,2.42,1.55,4.54,5.63,1.58,4.51,5.39,1.57,2.42,1.51,2.56,0.6185360942993972,0.21117421721675453,0.17028968848384826,0.6084693961838157,0.2131666620777004,0.17836394173848402,-1.0066698115581474,0.199244486094588,0.807425325463576,S Barrott,football-data.co.uk,proxy_shots,,,,,,,,
2024-02-24,Bournemouth,Man City,0,1,13.0,15.0,3.0,8.0,2.0,2.0,14.0,6.0,1.44,2.0,1.44,2.0,4.0,6.0,5.0,4.0,6.96,5.16,1.42,1.49,2.64,6.96,5.16,1.42,6.53,4.89,1.46,1.49,2.64,1.49,2.65,0.13792636096679467,0.1860402078156765,0.6760334312175289,0.14688642503122112,0.19614894794557752,0.6569646270232014,0.8960064064426454,1.0108740129901013,-1.9068804194327549,J Gillett,football-data.co.uk,proxy_shots,,,,,,,,
2024-02-24,Brighton,Everton,1,1,23.0,6.0,11.0,3.0,4.0,3.0,9.0,14.0,2.62,0.97,2.62,0.97,7.0,3.0,2.0,6.0,1.84,3.93,4.1,1.67,2.24,1.84,3.93,4.1,1.87,3.93,4.0,1.67,2.24,1.63,2.32,0.5216555189360338,0.24423566280974612,0.23410881825422009,0.514581444297868,0.24485173049287867,0.24056682520925332,-0.7074074638165784,0.061606768313254845,0.6458006955033235,T Harrington,football-data.co.uk,proxy_shots,,,,,,,,
2024-02-24,Crystal Palace,Burnley,3,0,15.0,2.0,12.0,3.0,3.0,3.0,8.0,13.0,2.21,0.2,2.21,0.2,6.0,0.0,0.0,3.0,2.01,3.46,3.92,2.12,1.74,2.01,3.46,3.92,2.0,3.44,4.0,2.12,1.74,2.15,1.73,0.47762791844208896,0.27746592949959503,0.244906152058316,0.48044692737430167,0.27932960893854747,0.24022346368715083,0.28190089322127077,0.1863679438952437,-0.46826883711651723,L Smith,football-data.co.uk,proxy_shots,,,,,,,,
2024-02-24,Man United,Fulham,1,2,21.0,17.0,10.0,9.0,2.0,5.0,6.0,11.0,2.88,2.04,2.88,2.04,9.0,5.0,3.0,8.0,1.58,4.47,5.33,1.57,2.43,1.58,4.47,5.33,1.65,4.27,5.0,1.57,2.43,1.55,2.48,0.6060962983126044,0.21423538061161412,0.17966832107578143,0.5826090515888717,0.22512996138680055,0.19226098702432767,-2.34872467237327,1.089458077518643,1.2592665948546244,M Oliver,football-data.co.uk,proxy_shots,,,,,,,,
2024-02-25,Wolves,Sheffield United,1,0,13.0,12.0,5.0,6.0,2.0,1.0,8.0,4.0,1.18,1.38,1.18,1.38,2.0,4.0,4.0,1.0,1.46,4.69,6.86,1.66,2.26,1.46,4.69,6.86,1.48,4.53,6.85,1.66,2.26,1.73,2.1,0.6561126020670359,0.20424827271169987,0.1396391252212642,0.6481850901031689,0.21176908021030685,0.14004582968652413,-0.7927511963866984,0.752080749860698,0.040670446525992165,D Bond,football-data.co.uk,proxy_shots,,,,,,,,
2024-02-26,West Ham,Brentford,4,2,17.0,14.0,1.0,7.0,1.0,2.0,5.0,9.0,2.42,2.41,2.42,2.41,6.0,8.0,6.0,2.0,2.5,3.6,2.73,1.72,2.12,2.5,3.6,2.73,2.36,3.53,3.01,1.72,2.12,1.77,2.06,0.38311308618874984,0.26605075429774294,0.35083615951350716,0.407729175700411,0.27258947723880167,0.3196813470607873,2.4616089511661166,0.6538722941058728,-3.115481245271984,S Hooper,football-data.co.uk,proxy_shots,,,,,,,,
2024-03-02,Brentford,Chelsea,2,2,14.0,17.0,0.0,6.0,3.0,1.0,10.0,9.0,1.87,2.22,1.87,2.22,5.0,6.0,4.0,3.0,3.07,3.86,2.19,1.54,2.48,3.07,3.86,2.19,3.23,3.72,2.18,1.54,2.48,1.63,2.32,0.31277727005316924,0.2487632691873652,0.4384594607594655,0.29851361598433374,0.2591932740939242,0.44229310992174214,-1.4263654068835507,1.0430004906558987,0.3833649162276631,J Gillett,football-data.co.uk,proxy_shots,,,,,,,,
2024-03-02,Everton,West Ham,1,3,22.0,12.0,4.0,5.0,1.0,2.0,9.0,6.0,3.29,1.86,3.29,1.86,11.0,5.0,2.0,10.0,2.09,3.57,3.52,1.87,1.95,2.09,3.57,3.52,2.13,3.53,3.45,1.87,1.95,1.9,1.92,0.4588873267724443,0.26864832295641694,0.2724643502711388,0.4502900624493916,0.2717047685601145,0.27800516899049393,-0.8597264323052689,0.3056445603697555,0.5540818719355134,C Pawson,football-data.co.uk,proxy_shots,,,,,,,,
2024-03-02,Fulham,Brighton,3,0,12.0,15.0,2.0,6.0,1.0,2.0,16.0,10.0,1.86,1.72,1.86,1.72,5.0,5.0,5.0,2.0,2.59,3.64,2.62,1.64,2.31,2.59,3.64,2.62,2.56,3.49,2.76,1.64,2.31,1.79,2.04,0.3703582884793128,0.2635241668025879,0.36611754471809926,0.37579001576130205,0.27565112903980893,0.3485588551988889,0.5431727281989263,1.212696223722104,-1.7558689519210358,S Hooper,football-data.co.uk,proxy_shots,,,,,,,,
2024-03-02,Luton,Aston Villa,2,3,13.0,12.0,8.0,6.0,1.0,4.0,8.0,19.0,1.81,2.4,1.81,2.4,5.0,8.0,5.0,3.0,4.29,4.3,1.74,1.46,2.73,4.29,4.3,1.74,4.5,4.41,1.7,1.46,2.73,1.44,2.74,0.22405490872502515,0.22353385079775764,0.5524112404772171,0.21424897119341563,0.21862139917695472,0.5671296296296297,-0.9805937531609521,-0.4912451620802921,1.4718389152412525,M Oliver,football-data.co.uk,proxy_shots,,,,,,,,
2024-03-02,Newcastle,Wolves,3,0,14.0,12.0,3.0,5.0,0.0,1.0,8.0,11.0,2.33,1.2,2.33,1.2,7.0,3.0,3.0,4.0,1.9,3.95,3.8,1.59,2.39,1.9,3.95,3.8,1.74,4.19,4.47,1.59,2.39,1.54,2.52,0.5047923322683707,0.2428115015974441,0.25239616613418536,0.554159010820263,0.23012808563896361,0.21571290354077352,4.936667855189225,-1.2683415958480493,-3.668326259341184,T Robinson,football-data.co.uk,proxy_shots,,,,,,,,
2024-03-02,Nott'm Forest,Liverpool,0,1,8.0,22.0,3.0,12.0,2.0,2.0,11.0,12.0,0.8,1.67,0.8,1.67,2.0,2.0,1.0,2.0,5.63,4.67,1.54,1.48,2.65,5.63,4.67,1.54,5.23,4.44,1.6,1.48,2.65,1.53,2.54,0.17060736678045552,0.20567868843125578,0.6237139447882887,0.18359815161320334,0.21626539030113817,0.6001364580856584,1.2990784832747821,1.0586701869882393,-2.357748670263027,P Tierney,football-data.co.uk,proxy_shots,,,,,,,,
2024-03-02,Tottenham,Crystal Palace,3,1,14.0,4.0,11.0,1.0,1.0,2.0,7.0,16.0,2.15,0.5,2.15,0.5,6.0,1.0,0.0,3.0,1.49,4.66,6.26,1.52,2.48,1.49,4.66,6.26,1.53,4.58,5.93,1.52,2.48,1.5,2.62,0.6419467281657658,0.20525764484270195,0.15279562699153212,0.6281125909754232,0.20982800528218284,0.16205940374239416,-1.3834137190342655,0.45703604394808917,0.926377675086204,J Brooks,football-data.co.uk,proxy_shots,,,,,,,,
2024-03-03,Burnley,Bournemouth,0,2,20.0,10.0,7.0,2.0,2.0,4.0,8.0,13.0,2.18,1.29,2.18,1.29,6.0,3.0,1.0,6.0,3.72,3.78,1.96,1.71,2.18,3.72,3.78,1.96,3.66,3.74,2.01,1.71,2.18,1.66,2.23,0.2575934579439252,0.25350467289719625,0.4889018691588784,0.2631921687253172,0.25756238971514994,0.47924544155953286,0.5598710781392013,0.4057716817953694,-0.9656427599345541,D Coote,football-data.co.uk,proxy_shots,,,,,,,,
2024-03-03,Man City,Man United,3,1,27.0,3.0,15.0,2.0,0.0,1.0,5.0,10.0,3.22,0.44,3.22,0.44,8.0,1.0,0.0,5.0,1.27,6.33,10.06,1.38,3.04,1.27,6.33,10.06,1.26,6.76,10.21,1.38,3.04,1.36,3.17,0.75365080341937,0.15120640131794627,0.09514279526268388,0.7634759484877514,0.14230468862345663,0.09421936288879204,0.9825145068381391,-0.8901712694489639,-0.0923432373891836,A Madley,football-data.co.uk,proxy_shots,,,,,,,,
2024-03-04,Sheffield United,Arsenal,0,6,4.0,22.0,0.0,7.0,1.0,0.0,11.0,4.0,0.22,3.61,0.22,3.61,0.0,10.0,4.0,0.0,16.28,7.82,1.17,1.42,2.85,16.28,7.82,1.17,16.8,7.57,1.18,1.42,2.85,1.51,2.58,0.05883608798597614,0.12248740567924447,0.8186765063347793,0.057285006470744415,0.1271318505559453,0.8155831429733104,-0.1551081515231728,0.46444448767008345,-0.3093363361468926,S Barrott,football-data.co.uk,proxy_shots,,,,,,,,
2024-03-09,Arsenal,Brentford,2,1,17.0,9.0,10.0,4.0,2.0,4.0,9.0,10.0,2.22,1.31,2.22,1.31,6.0,4.0,3.0,4.0,1.23,6.84,12.02,1.44,2.78,1.23,6.84,12.02,1.21,7.14,13.36,1.44,2.78,1.42,2.91,0.7799375039131203,0.14025191956332425,0.07981057652355558,0.7936277095462887,0.13449433172983324,0.07187795872387795,1.3690205633168362,-0.5757587833491007,-0.7932617799677633,R Jones,football-data.co.uk,proxy_shots,,,,,,,,
2024-03-09,Bournemouth,Sheffield United,2,2,32.0,13.0,10.0,3.0,3.0,5.0,12.0,11.0,4.0,2.54,4.0,2.54,12.0,9.0,7.0,10.0,1.34,5.51,8.58,1.53,2.52,1.34,5.51,8.58,1.35,5.64,8.41,1.53,2.52,1.44,2.82,0.714606598908042,0.17378817468907015,0.1116052264028877,0.7143444493139297,0.17098670329322788,0.11466884739284247,-0.02621495941123042,-0.28014713958422754,0.3063620989954774,A Taylor,football-data.co.uk,proxy_shots,,,,,,,,
2024-03-09,Crystal Palace,Luton,1,1,21.0,8.0,8.0,6.0,2.0,3.0,20.0,11.0,1.98,0.9,1.98,0.9,4.0,2.0,1.0,3.0,1.78,3.89,4.49,1.79,2.05,1.78,3.89,4.49,1.89,3.76,4.11,1.79,2.05,1.83,2.02,0.5393684860650043,0.24680614529452635,0.2138253686404694,0.5095506118128852,0.25613049370381724,0.2343188944832975,-2.9817874252119125,0.9324348409290889,2.0493525842828126,S Singh,football-data.co.uk,proxy_shots,,,,,,,,
2024-03-09,Man United,Everton,2,0,15.0,23.0,5.0,8.0,1.0,2.0,13.0,11.0,2.46,2.34,2.46,2.34,8.0,6.0,6.0,6.0,1.85,3.89,4.09,1.68,2.23,1.85,3.89,4.09,1.91,3.77,3.99,1.68,2.23,1.74,2.14,0.5186987947093707,0.24668194607000923,0.23461925922062005,0.5036950967556146,0.25518770153931675,0.24111720170506865,-1.5003697953756112,0.8505755469307513,0.6497942484448599,S Hooper,football-data.co.uk,proxy_shots,,,,,,,,
2024-03-09,Wolves,Fulham,2,1,8.0,23.0,3.0,4.0,2.0,2.0,7.0,11.0,1.18,2.44,1.18,2.44,3.0,6.0,5.0,1.0,2.54,3.45,2.79,1.9,1.94,2.54,3.45,2.79,2.49,3.44,2.88,1.9,1.94,1.9,1.94,0.37783953743066756,0.27817751451417266,0.3439829480551598,0.386335985025737,0.2796443612540946,0.3340196537201685,0.8496447595069456,0.14668467399219232,-0.9963294334991268,T Harrington,football-data.co.uk,proxy_shots,,,,,,,,
2024-03-10,Aston Villa,Tottenham,0,4,10.0,9.0,6.0,4.0,2.0,2.0,11.0,15.0,0.73,1.79,0.73,1.79,1.0,5.0,1.0,1.0,2.42,4.08,2.62,1.36,3.19,2.42,4.08,2.62,2.48,3.9,2.62,1.36,3.19,1.38,3.06,0.3973297253899107,0.2356710626087215,0.3669992120013678,0.3872273340508421,0.24623686883233037,0.36653579711682754,-1.0102391339068595,1.0565806223608865,-0.04634148845402697,C Kavanagh,football-data.co.uk,proxy_shots,,,,,,,,
2024-03-10,Brighton,Nott'm Forest,1,0,10.0,9.0,6.0,3.0,4.0,4.0,14.0,14.0,1.19,1.21,1.19,1.21,3.0,4.0,4.0,2.0,1.78,4.04,4.25,1.62,2.32,1.78,4.04,4.25,1.64,4.3,5.08,1.62,2.32,1.59,2.4,0.5378028077253165,0.23695272221560973,0.22524447005907372,0.5867752610994112,0.2237933553960545,0.1894313835045343,4.897245337409473,-1.3159366819555234,-3.581308655453941,M Salisbury,football-data.co.uk,proxy_shots,,,,,,,,
2024-03-10,Liverpool,Man City,1,1,19.0,10.0,7.0,4.0,0.0,3.0,6.0,10.0,2.23,1.73,2.23,1.73,6.0,6.0,5.0,5.0,2.95,3.83,2.25,1.5,2.59,2.95,3.83,2.25,3.4,3.88,2.05,1.5,2.59,1.47,2.71,0.32453348899391793,0.24996704765850075,0.4254994633475813,0.2828994167022336,0.24790155071845216,0.4691990325793143,-4.163407229168431,-0.20654969400485945,4.369956923173296,M Oliver,football-data.co.uk,proxy_shots,,,,,,,,
2024-03-10,West Ham,Burnley,2,2,22.0,11.0,4.0,4.0,2.0,4.0,11.0,18.0,2.13,1.52,2.13,1.52,4.0,4.0,2.0,2.0,1.67,4.08,4.97,1.72,2.15,1.67,4.08,4.97,1.65,4.08,5.31,1.72,2.15,1.81,2.05,0.5729576079861887,0.23451941307277815,0.1925229789410332,0.5830406665536367,0.2357885048562501,0.1811708285901131,1.0083058567448067,0.1269091783471954,-1.1352150350920103,D England,football-data.co.uk,proxy_shots,,,,,,,,
2024-03-11,Chelsea,Newcastle,3,2,12.0,11.0,0.0,4.0,3.0,1.0,12.0,7.0,2.4,1.34,2.4,1.34,8.0,3.0,1.0,5.0,1.94,4.08,3.54,1.46,2.71,1.94,4.08,3.54,1.85,4.17,3.84,1.46,2.71,1.44,2.83,0.49419010470129343,0.2349825497844385,0.2708273455142681,0.5193683042881746,0.23041519494799118,0.25021650076383417,2.5178199586881167,-0.4567354836447324,-2.0610844750433954,J Brooks,football-data.co.uk,proxy_shots,,,,,,,,
2024-03-13,Bournemouth,Luton,4,3,24.0,8.0,11.0,3.0,1.0,2.0,16.0,11.0,3.52,1.46,3.52,1.46,10.0,4.0,1.0,6.0,1.5,4.77,6.0,1.47,2.71,1.5,4.77,6.0,1.52,4.87,5.65,1.47,2.71,1.4,2.99,0.6391959798994974,0.20100502512562815,0.15979899497487435,0.632454448706957,0.1973985137647997,0.17014703752824328,-0.6741531192540395,-0.3606511360828457,1.0348042553368937,S Allison,football-data.co.uk,proxy_shots,,,,,,,,
2024-03-16,Burnley,Brentford,2,1,17.0,9.0,5.0,4.0,2.0,6.0,14.0,17.0,2.22,1.5,2.22,1.5,6.0,5.0,4.0,4.0,3.27,3.66,2.16,1.75,2.1,3.27,3.66,2.16,3.12,3.64,2.26,1.75,2.1,1.74,2.13,0.2934847978616773,0.26221182759772804,0.44430337454059476,0.3088637251073799,0.26474033580632567,0.4263959390862945,1.5378927245702612,0.2528508208597624,-1.7907435454300291,D Bond,football-data.co.uk,proxy_shots,,,,,,,,
2024-03-16,Fulham,Tottenham,3,0,16.0,14.0,4.0,5.0,2.0,3.0,9.0,10.0,2.44,1.67,2.44,1.67,7.0,5.0,5.0,4.0,3.4,3.93,2.01,1.49,2.62,3.4,3.93,2.01,3.34,3.94,2.05,1.49,2.62,1.47,2.72,0.281160905916648,0.24324353183628578,0.4755955622470663,0.2876055776324973,0.24380777393211694,0.46858664843538583,0.6444671715849282,0.05642420958311689,-0.7008913811680451,R Jones,football-data.co.uk,proxy_shots,,,,,,,,
2024-03-16,Luton,Nott'm Forest,1,1,10.0,16.0,6.0,7.0,1.0,2.0,10.0,17.0,1.37,2.06,1.37,2.06,4.0,6.0,5.0,3.0,2.81,3.63,2.42,1.68,2.22,2.81,3.63,2.42,2.63,3.58,2.64,1.68,2.22,1.68,2.23,0.340685124354763,0.2637259502580948,0.3955889253871422,0.3661864873032724,0.2690140954211191,0.36479941727560844,2.550136294850941,0.5288145163024283,-3.0789508111533745,D England,football-data.co.uk,proxy_shots,,,,,,,,
2024-03-17,West Ham,Aston Villa,1,1,13.0,13.0,7.0,11.0,3.0,3.0,13.0,12.0,1.71,1.71,1.71,1.71,5.0,5.0,4.0,4.0,2.65,3.73,2.51,1.56,2.44,2.65,3.73,2.51,2.45,3.63,2.77,1.56,2.44,1.58,2.39,0.3615024924415888,0.2568315294826301,0.381665978075781,0.3907154042533349,0.2637059890966035,0.3455786066500616,2.9212911811746123,0.6874459613973372,-3.6087371425719383,J Gillett,football-data.co.uk,proxy_shots,,,,,,,,
2024-03-30,Aston Villa,Wolves,2,0,11.0,13.0,5.0,4.0,3.0,4.0,11.0,19.0,1.7,1.25,1.7,1.25,5.0,3.0,3.0,3.0,1.64,4.38,4.86,1.56,2.44,1.64,4.38,4.86,1.54,4.41,6.24,1.56,2.44,1.64,2.28,0.5841538512200745,0.21872427305957126,0.19712187572035433,0.6265659366931243,0.21880080328966245,0.15463326001721336,4.2412085473049865,0.007653023009118742,-4.248861570314097,P Tierney,football-data.co.uk,proxy_shots,,,,,,,,
2024-03-30,Bournemouth,Everton,2,1,11.0,7.0,9.0,8.0,1.0,2.0,14.0,11.0,1.52,1.03,1.52,1.03,4.0,3.0,2.0,2.0,2.2,3.61,3.23,1.73,2.13,2.2,3.61,3.23,2.2,3.69,3.19,1.73,2.13,1.66,2.26,0.4365796400369922,0.2660596144269759,0.29736074553603187,0.43747189403540326,0.260823351457422,0.3017047545071747,0.08922539984110855,-0.5236262969553873,0.4344008971142843,S Barrott,football-data.co.uk,proxy_shots,,,,,,,,
2024-03-30,Brentford,Man United,1,1,31.0,11.0,14.0,4.0,2.0,2.0,7.0,14.0,2.71,1.6,2.71,1.6,5.0,5.0,4.0,4.0,3.06,3.83,2.2,1.54,2.48,3.06,3.83,2.2,3.31,3.98,2.06,1.54,2.48,1.44,2.84,0.3134929198074247,0.2504669280967936,0.4360401520957817,0.2908283435965833,0.24186980334288713,0.46730185306052957,-2.266457621084139,-0.8597124753906477,3.1261700964747896,S Hooper,football-data.co.uk,proxy_shots,,,,,,,,
2024-03-30,Chelsea,Burnley,2,2,33.0,18.0,12.0,4.0,2.0,4.0,12.0,7.0,4.0,2.45,4.0,2.45,13.0,7.0,5.0,11.0,1.3,5.96,9.44,1.48,2.67,1.3,5.96,9.44,1.27,6.53,10.45,1.48,2.67,1.4,3.02,0.7375541409289692,0.16087590322276174,0.10156995584826907,0.7598679778315003,0.14778443060428872,0.09234759156421105,2.231383690253108,-1.3091472618473015,-0.9222364284058024,D England,football-data.co.uk,proxy_shots,,,,,,,,
2024-03-30,Newcastle,West Ham,4,3,24.0,10.0,3.0,4.0,3.0,1.0,9.0,8.0,3.34,1.57,3.34,1.57,9.0,4.0,1.0,5.0,1.84,4.16,3.87,1.51,2.59,1.84,4.16,3.87,1.86,4.13,3.86,1.51,2.59,1.48,2.68,0.5214417122276059,0.23063768040836416,0.2479206073640297,0.5175371389985456,0.23307968003324334,0.24938318096821116,-0.39045732290603485,0.24419996248791764,0.14625736041814497,R Jones,football-data.co.uk,proxy_shots,,,,,,,,
2024-03-30,Nott'm Forest,Crystal Palace,1,1,12.0,10.0,4.0,6.0,1.0,1.0,14.0,12.0,1.66,1.19,1.66,1.19,5.0,3.0,2.0,4.0,2.26,3.36,3.31,2.09,1.76,2.26,3.36,3.31,2.26,3.35,3.34,2.09,1.76,2.07,1.79,0.424556608311256,0.28556486154269006,0.2898785301460539,0.4253014246400389,0.28691976707059336,0.28777880828936764,0.07448163287828713,0.1354905527903294,-0.20997218566862763,C Kavanagh,football-data.co.uk,proxy_shots,,,,,,,,
2024-03-30,Sheffield United,Fulham,3,3,8.0,24.0,2.0,15.0,4.0,1.0,10.0,13.0,1.46,3.24,1.46,3.24,4.0,9.0,6.0,1.0,4.64,4.03,1.73,1.68,2.22,4.64,4.03,1.73,4.8,4.06,1.71,1.68,2.22,1.72,2.16,0.20689174231341048,0.23820786211767359,0.554900395568916,0.20042957856264398,0.23696107810361852,0.5626093433337375,-0.6462163750766498,-0.12467840140550634,0.770894776482145,T Robinson,football-data.co.uk,proxy_shots,,,,,,,,
2024-03-30,Tottenham,Luton,2,1,17.0,7.0,3.0,6.0,2.0,4.0,16.0,14.0,1.85,1.03,1.85,1.03,4.0,3.0,2.0,2.0,1.22,7.47,11.31,1.25,3.94,1.22,7.47,11.31,1.21,7.95,11.35,1.25,3.94,1.21,4.36,0.7866650278917627,0.12847809023131868,0.08485688187691869,0.7944015741445872,0.12090891883206925,0.08468950702334366,0.7736546252824494,-0.7569171399249425,-0.0167374853575028,J Gillett,football-data.co.uk,proxy_shots,,,,,,,,
2024-03-31,Liverpool,Brighton,2,1,30.0,9.0,8.0,4.0,5.0,3.0,20.0,6.0,3.29,1.14,3.29,1.14,8.0,3.0,2.0,6.0,1.37,5.63,7.37,1.36,3.16,1.37,5.63,7.37,1.3,6.29,8.95,1.36,3.16,1.3,3.61,0.6996784316502846,0.17025922759518472,0.13006234075453052,0.7396839996058207,0.1528758663732221,0.10744013402095721,4.0005567955536,-1.7383361221962628,-2.2622206733573305,D Coote,football-data.co.uk,proxy_shots,,,,,,,,
2024-03-31,Man City,Arsenal,0,0,12.0,6.0,7.0,4.0,0.0,2.0,9.0,20.0,0.84,0.69,0.84,0.69,1.0,2.0,2.0,1.0,1.92,3.8,3.86,1.74,2.12,1.92,3.8,3.86,2.06,3.62,3.61,1.74,2.12,1.81,2.04,0.49933277050028596,0.25229445246330234,0.24837277703641167,0.4673556970173807,0.2659537944353051,0.26669050854731424,-3.197707348290524,1.3659341972002748,1.8317731510902573,A Taylor,football-data.co.uk,proxy_shots,,,,,,,,
2024-04-02,Bournemouth,Crystal Palace,1,0,11.0,3.0,9.0,2.0,3.0,2.0,13.0,14.0,1.79,0.53,1.79,0.53,6.0,2.0,2.0,5.0,1.99,3.76,3.69,1.72,2.16,1.99,3.76,3.69,1.89,3.78,4.04,1.72,2.16,1.76,2.09,0.48343025585455,0.25585803434855175,0.2607117097968983,0.5081761006289308,0.2540880503144654,0.23773584905660375,2.47458447743808,-0.1769984034086347,-2.2975860740294536,G Scott,football-data.co.uk,proxy_shots,,,,,,,,
2024-04-02,Burnley,Wolves,1,1,13.0,8.0,7.0,4.0,0.0,2.0,10.0,12.0,1.9,0.9,1.9,0.9,6.0,2.0,1.0,5.0,2.53,3.49,2.8,1.81,2.03,2.53,3.49,2.8,2.35,3.52,3.03,1.81,2.03,1.86,1.99,0.38044515041443294,0.2757954815325258,0.34375936805304114,0.4093007548516584,0.27325476531289694,0.3174444798354446,2.8855604437225457,-0.2540716219628869,-2.6314888217596533,T Bramall,football-data.co.uk,proxy_shots,,,,,,,,
2024-04-02,Newcastle,Everton,1,1,18.0,10.0,7.0,3.0,0.0,3.0,9.0,14.0,2.17,1.19,2.17,1.19,6.0,3.0,2.0,5.0,2.01,3.82,3.55,1.67,2.24,2.01,3.82,3.55,2.02,3.75,3.61,1.67,2.24,1.68,2.22,0.47792575780536883,0.2514740243949715,0.27060021779965954,0.4765936623164476,0.2567251194344598,0.26668121824909263,-0.13320954889212144,0.5251095039488285,-0.3918999550566904,T Harrington,football-data.co.uk,proxy_shots,,,,,,,,
2024-04-02,Nott'm Forest,Fulham,3,1,16.0,18.0,3.0,8.0,0.0,0.0,7.0,8.0,1.9,1.63,1.9,1.63,4.0,3.0,2.0,1.0,2.71,3.49,2.62,1.81,2.03,2.71,3.49,2.62,2.71,3.44,2.63,1.81,2.03,1.84,2.0,0.3557635816807318,0.27625195024492355,0.3679844680743447,0.3548352937023716,0.2795359435852986,0.36562876271232975,-0.09282879783601983,0.32839933403750465,-0.23557053620149593,M Oliver,football-data.co.uk,proxy_shots,,,,,,,,
2024-04-02,West Ham,Tottenham,1,1,11.0,13.0,9.0,5.0,1.0,4.0,13.0,9.0,1.43,1.54,1.43,1.54,4.0,4.0,3.0,3.0,3.3,4.16,2.01,1.35,3.26,3.3,4.16,2.01,3.39,4.16,1.99,1.35,3.26,1.4,2.98,0.29111570679534576,0.23093313279438485,0.47795116041026925,0.28421836858711363,0.2316106417092104,0.48417098970367595,-0.6897338208232129,0.0677508914825542,0.6219829293406698,J Brooks,football-data.co.uk,proxy_shots,,,,,,,,
2024-04-03,Arsenal,Luton,2,0,13.0,5.0,3.0,1.0,1.0,1.0,12.0,8.0,1.64,0.46,1.64,0.46,4.0,1.0,1.0,2.0,1.1,11.25,22.73,1.26,3.86,1.1,11.25,22.73,1.13,9.75,19.39,1.26,3.86,1.31,3.51,0.8724694249728325,0.08530812155289919,0.04222245347426819,0.8516618787128791,0.09870542799441573,0.04963269329270517,-2.0807546259953402,1.3397306441516543,0.7410239818436983,C Pawson,football-data.co.uk,proxy_shots,,,,,,,,
2024-04-03,Brentford,Brighton,0,0,5.0,24.0,1.0,5.0,1.0,1.0,9.0,12.0,0.64,2.4,0.64,2.4,2.0,6.0,6.0,2.0,2.39,3.79,2.78,1.56,2.44,2.39,3.79,2.78,2.49,3.74,2.7,1.56,2.44,1.54,2.51,0.4015549669378966,0.25322331688168154,0.34522171618042197,0.38639911837634316,0.2572550280099183,0.3563458536137387,-1.5155848561553442,0.4031711128236748,1.112413743331675,A Madley,football-data.co.uk,proxy_shots,,,,,,,,
2024-04-03,Man City,Aston Villa,4,1,25.0,8.0,2.0,3.0,1.0,2.0,6.0,13.0,3.75,1.08,3.75,1.08,11.0,3.0,2.0,7.0,1.3,6.08,9.06,1.41,2.95,1.3,6.08,9.06,1.23,6.93,12.59,1.41,2.95,1.44,2.81,0.736754816308843,0.15752981269761449,0.1057153709935426,0.7841994709608181,0.13918691908828376,0.07661360995089804,4.7444654651975116,-1.8342893609330724,-2.9101761042644556,D England,football-data.co.uk,proxy_shots,,,,,,,,
2024-04-04,Chelsea,Man United,4,3,28.0,19.0,12.0,3.0,3.0,0.0,7.0,15.0,3.74,2.25,3.74,2.25,10.0,5.0,2.0,6.0,2.02,4.05,3.31,1.41,2.92,2.02,4.05,3.31,1.82,4.27,3.92,1.41,2.92,1.41,2.97,0.4741499750642847,0.23648961719255682,0.2893604077431586,0.5289563332301022,0.2254567977702075,0.24558686899969032,5.4806358165817475,-1.1032819422349323,-4.377353874346826,J Gillett,football-data.co.uk,proxy_shots,,,,,,,,
2024-04-04,Liverpool,Sheffield United,3,1,29.0,8.0,13.0,1.0,0.0,1.0,6.0,9.0,3.51,1.08,3.51,1.08,9.0,3.0,2.0,6.0,1.08,12.59,25.43,1.2,4.54,1.08,12.59,25.43,1.07,14.54,27.64,1.2,4.54,1.16,5.08,0.8863268990294977,0.0760312192972087,0.03764188167329365,0.8990363255903226,0.06616016976489995,0.03480350464477732,1.2709426560824966,-0.9871049532308745,-0.2838377028516331,S Attwell,football-data.co.uk,proxy_shots,,,,,,,,
2024-04-06,Aston Villa,Brentford,3,3,11.0,8.0,11.0,3.0,2.0,2.0,15.0,11.0,1.45,1.28,1.45,1.28,3.0,3.0,0.0,0.0,1.7,4.2,4.68,1.52,2.56,1.7,4.2,4.68,1.65,4.18,5.22,1.52,2.56,1.6,2.38,0.56560773480663,0.2289364640883978,0.2054558011049724,0.5845120226308345,0.23072842998585574,0.18475954738330974,1.8904287824204502,0.17919658974579478,-2.069625372166267,M Salisbury,football-data.co.uk,proxy_shots,,,,,,,,
2024-04-06,Brighton,Arsenal,0,3,10.0,20.0,8.0,7.0,1.0,2.0,14.0,13.0,0.91,2.66,0.91,2.66,2.0,7.0,4.0,2.0,5.15,4.25,1.64,1.63,2.32,5.15,4.25,1.64,6.32,4.56,1.51,1.63,2.32,1.65,2.29,0.1868457383355449,0.22641307115954265,0.5867411905049124,0.15217468175388965,0.21090876944837342,0.636916548797737,-3.4671056581655257,-1.5504301711169233,5.01753582928246,J Brooks,football-data.co.uk,proxy_shots,,,,,,,,
2024-04-06,Crystal Palace,Man City,2,4,7.0,18.0,2.0,9.0,1.0,1.0,13.0,3.0,1.3,2.83,1.3,2.83,4.0,8.0,4.0,2.0,10.3,5.59,1.31,1.66,2.25,10.3,5.59,1.31,8.9,5.22,1.36,1.66,2.25,1.68,2.23,0.0934127963119109,0.17212017925092707,0.734467024437162,0.10811864541007475,0.18434021918575963,0.7075411354041656,1.4705849098163846,1.222003993483256,-2.692588903299642,P Tierney,football-data.co.uk,proxy_shots,,,,,,,,
2024-04-06,Everton,Burnley,1,0,12.0,6.0,3.0,5.0,2.0,3.0,11.0,13.0,1.3,0.51,1.3,0.51,3.0,1.0,1.0,2.0,1.67,4.07,5.04,1.78,2.06,1.67,4.07,5.04,1.76,3.89,4.68,1.78,2.06,1.79,2.05,0.5741620365834885,0.23558982827872865,0.19024813513778285,0.5468932120498432,0.2474375458117542,0.20566924213840254,-2.726882453364532,1.1847717533025548,1.542110700061969,M Oliver,football-data.co.uk,proxy_shots,,,,,,,,
2024-04-06,Fulham,Newcastle,0,1,14.0,12.0,14.0,3.0,1.0,2.0,10.0,13.0,1.49,1.66,1.49,1.66,4.0,5.0,4.0,4.0,2.37,3.82,2.81,1.48,2.65,2.37,3.82,2.81,2.44,3.66,2.78,1.48,2.65,1.59,2.38,0.40587129877151923,0.25181020368808915,0.34231849754039173,0.3930254476908577,0.26201696512723843,0.3449575871819039,-1.2845851080661552,1.0206761439149281,0.263908964151216,S Allison,football-data.co.uk,proxy_shots,,,,,,,,
2024-04-06,Luton,Bournemouth,2,1,19.0,8.0,7.0,2.0,0.0,0.0,7.0,14.0,2.87,0.72,2.87,0.72,9.0,1.0,0.0,7.0,3.68,4.04,1.91,1.49,2.62,3.68,4.04,1.91,3.75,3.93,1.93,1.49,2.62,1.53,2.55,0.2605800272858667,0.23736002485445287,0.5020599478596804,0.25659423746359084,0.24484182964083098,0.49856393289557815,-0.3985789822275876,0.748180478637811,-0.349601496410229,A Madley,football-data.co.uk,proxy_shots,,,,,,,,
2024-04-06,Wolves,West Ham,1,2,14.0,11.0,4.0,4.0,5.0,2.0,15.0,7.0,2.13,1.52,2.13,1.52,7.0,4.0,2.0,6.0,2.51,3.58,2.75,1.77,2.08,2.51,3.58,2.75,2.82,3.45,2.5,1.77,2.08,1.87,1.97,0.38257821577489093,0.2682322127360268,0.34918957148908225,0.3395134624468587,0.2775153519130845,0.38297118564005667,-4.306475332803222,0.9283139177057698,3.3781614150974413,T Harrington,football-data.co.uk,proxy_shots,,,,,,,,
2024-04-07,Man United,Liverpool,2,2,9.0,28.0,6.0,11.0,5.0,2.0,9.0,10.0,1.59,3.0,1.59,3.0,5.0,7.0,5.0,3.0,4.69,4.65,1.63,1.34,3.25,4.69,4.65,1.63,4.9,4.8,1.6,1.34,3.25,1.31,3.53,0.20467046691167537,0.20643107307865752,0.5888984600096672,0.19672131147540983,0.20081967213114757,0.6024590163934427,-0.7949155436265537,-0.5611400947509948,1.3560556383775513,A Taylor,football-data.co.uk,proxy_shots,,,,,,,,
2024-04-07,Sheffield United,Chelsea,2,2,11.0,6.0,7.0,6.0,4.0,2.0,12.0,10.0,1.89,1.07,1.89,1.07,6.0,3.0,1.0,4.0,6.88,5.28,1.41,1.4,2.95,6.88,5.28,1.41,6.6,5.2,1.44,1.4,2.95,1.4,3.02,0.13922800718132855,0.18141831238779174,0.6793536804308797,0.1459307764265669,0.1852198316183349,0.6688493919550983,0.6702769245238355,0.3801519230543171,-1.0504288475781443,R Jones,football-data.co.uk,proxy_shots,,,,,,,,
2024-04-07,Tottenham,Nott'm Forest,3,1,17.0,13.0,12.0,2.0,2.0,3.0,11.0,12.0,2.5,1.9,2.5,1.9,7.0,6.0,5.0,4.0,1.4,5.3,7.23,1.42,2.88,1.4,5.3,7.23,1.43,5.25,6.55,1.42,2.88,1.4,2.99,0.6859705340040457,0.1811997636991819,0.13282970229677232,0.6708250831520732,0.18271997502999324,0.14645494181793353,-1.5145450851972497,0.1520211330811344,1.362523952116121,S Hooper,football-data.co.uk,proxy_shots,,,,,,,,
2024-04-13,Bournemouth,Man United,2,2,20.0,8.0,7.0,2.0,4.0,0.0,13.0,14.0,2.2,1.0,2.2,1.0,5.0,2.0,0.0,3.0,2.42,3.91,2.68,1.43,2.84,2.42,3.91,2.68,2.39,3.97,2.71,1.43,2.84,1.38,3.04,0.39652471373540304,0.24541938804083768,0.3580558982237594,0.4025871972279495,0.24236357717249354,0.35504922559955693,0.6062483492546455,-0.3055810868344139,-0.30066726242024555,T Harrington,football-data.co.uk,proxy_shots,,,,,,,,
2024-04-13,Brentford,Sheffield United,2,0,9.0,8.0,3.0,6.0,3.0,1.0,8.0,11.0,1.59,0.8,1.59,0.8,5.0,2.0,2.0,3.0,1.43,5.09,6.86,1.52,2.55,1.43,5.09,6.86,1.49,4.84,6.15,1.52,2.55,1.5,2.62,0.6714122820679961,0.18862859790908337,0.13995912002292044,0.6451081573694603,0.1985973459670446,0.15629449666349524,-2.6304124698535825,0.9968748057961219,1.6335376640574801,S Barrott,football-data.co.uk,proxy_shots,,,,,,,,
2024-04-13,Burnley,Brighton,1,1,11.0,20.0,4.0,5.0,1.0,2.0,18.0,8.0,1.25,2.64,1.25,2.64,3.0,8.0,7.0,2.0,3.5,3.8,2.02,1.65,2.26,3.5,3.8,2.02,3.84,3.96,1.89,1.65,2.26,1.57,2.46,0.2736932182842473,0.25208585894601726,0.47422092276973543,0.24990984493328525,0.2423368193292463,0.5077533357374685,-2.378337335096206,-0.9749039616770955,3.353241296773307,S Hooper,football-data.co.uk,proxy_shots,,,,,,,,
2024-04-13,Man City,Luton,5,1,33.0,4.0,12.0,1.0,1.0,0.0,7.0,6.0,4.0,0.68,4.0,0.68,13.0,2.0,1.0,8.0,1.1,11.66,23.86,1.26,3.77,1.1,11.66,23.86,1.09,12.33,24.13,1.26,3.77,1.22,4.3,0.8768530973942226,0.08272199032020967,0.04042491228556768,0.8821654115185035,0.07798542567357411,0.03984916280792246,0.5312314124280904,-0.4736564646635563,-0.05757494776452224,J Brooks,football-data.co.uk,proxy_shots,,,,,,,,
2024-04-13,Newcastle,Tottenham,4,0,18.0,11.0,16.0,3.0,0.0,4.0,14.0,12.0,2.29,0.96,2.29,0.96,5.0,2.0,2.0,1.0,2.75,4.02,2.34,1.36,3.18,2.75,4.02,2.34,2.64,3.97,2.45,1.36,3.18,1.35,3.29,0.34973677166056927,0.23924779155884715,0.41101543678058355,0.3646257024288387,0.24247149985192293,0.39290279771923836,1.4888930768269415,0.32237082930757777,-1.8112639061345193,T Robinson,football-data.co.uk,proxy_shots,,,,,,,,
2024-04-13,Nott'm Forest,Wolves,2,2,18.0,11.0,10.0,1.0,2.0,3.0,15.0,10.0,2.81,1.52,2.81,1.52,9.0,4.0,2.0,7.0,2.16,3.55,3.37,1.83,2.0,2.16,3.55,3.37,2.07,3.51,3.69,1.83,2.0,1.93,1.91,0.4445629433645353,0.27049463596264683,0.2849424206728179,0.4649607444024425,0.27420761849374814,0.26083163710380924,2.0397801037907226,0.37129825311013054,-2.4110783569008643,C Pawson,football-data.co.uk,proxy_shots,,,,,,,,
2024-04-14,Arsenal,Aston Villa,0,2,18.0,11.0,4.0,6.0,3.0,1.0,12.0,7.0,1.71,1.17,1.71,1.17,4.0,2.0,0.0,4.0,1.28,6.1,9.89,1.48,2.66,1.28,6.1,9.89,1.27,6.47,10.91,1.48,2.66,1.43,2.87,0.746681155796931,0.15668063597050358,0.09663820823256539,0.7617901086009865,0.14953221606232658,0.0886776753366868,1.5108952804055553,-0.7148419908176995,-0.7960532895878586,D Coote,football-data.co.uk,proxy_shots,,,,,,,,
2024-04-14,Liverpool,Crystal Palace,0,1,21.0,8.0,11.0,1.0,1.0,1.0,10.0,10.0,2.24,1.44,2.24,1.44,6.0,5.0,4.0,6.0,1.21,7.37,13.35,1.39,3.0,1.21,7.37,13.35,1.19,7.77,13.5,1.39,3.0,1.3,3.56,0.7969297112360453,0.13083920632233578,0.07223108244161908,0.8056061803461124,0.12338112671967487,0.07101269293421286,0.8676469110067142,-0.7458079602660914,-0.12183895074062145,C Kavanagh,football-data.co.uk,proxy_shots,,,,,,,,
2024-04-14,West Ham,Fulham,0,2,15.0,18.0,8.0,3.0,1.0,2.0,6.0,13.0,1.54,2.99,1.54,2.99,4.0,10.0,8.0,4.0,2.38,3.65,2.88,1.66,2.26,2.38,3.65,2.88,2.43,3.59,2.85,1.66,2.26,1.67,2.22,0.4034790084979311,0.26309042197947285,0.33343056952259587,0.39533320196130706,0.2675932258401048,0.33707357219858813,-0.8145806536624056,0.4502803860631954,0.36430026759922685,S Attwell,football-data.co.uk,proxy_shots,,,,,,,,
2024-04-15,Chelsea,Everton,6,0,14.0,10.0,4.0,8.0,1.0,4.0,5.0,21.0,3.17,0.91,3.17,0.91,10.0,2.0,2.0,4.0,1.71,4.2,4.53,1.54,2.48,1.71,4.2,4.53,1.69,4.14,4.89,1.54,2.48,1.63,2.31,0.5603414000583137,0.22813899859517056,0.21151960134651573,0.5701852962797104,0.2327567996890605,0.19705790403122914,0.9843896221396697,0.46178010938899283,-1.4461697315286597,P Tierney,football-data.co.uk,proxy_shots,,,,,,,,
2024-04-20,Luton,Brentford,1,5,6.0,21.0,4.0,9.0,1.0,2.0,13.0,9.0,0.97,3.27,0.97,3.27,3.0,9.0,4.0,2.0,3.18,3.75,2.17,1.56,2.43,3.18,3.75,2.17,2.87,3.59,2.41,1.56,2.43,1.71,2.19,0.3018013507348932,0.25592754542318946,0.44227110384191726,0.3344130118004476,0.26734410692682026,0.3982428812727322,3.2611661065554354,1.1416561503630795,-4.402822256918504,J Gillett,football-data.co.uk,proxy_shots,,,,,,,,
2024-04-20,Sheffield United,Burnley,1,4,18.0,16.0,11.0,2.0,1.0,0.0,10.0,9.0,3.07,2.9,3.07,2.9,11.0,9.0,5.0,10.0,2.76,3.63,2.47,1.66,2.25,2.76,3.63,2.47,2.64,3.52,2.65,1.66,2.25,1.75,2.12,0.34749497133954216,0.2642110525887428,0.38829397607171506,0.3641360357265544,0.27310202679491585,0.3627619374785297,1.6641064387012239,0.8890974206173075,-2.553203859318537,A Madley,football-data.co.uk,proxy_shots,,,,,,,,
2024-04-20,Wolves,Arsenal,0,2,5.0,24.0,1.0,2.0,3.0,2.0,14.0,9.0,0.82,3.14,0.82,3.14,3.0,9.0,7.0,3.0,8.05,5.05,1.39,1.62,2.32,8.05,5.05,1.39,11.3,6.11,1.27,1.62,2.32,1.58,2.42,0.11925452120656116,0.19009879123026088,0.690646687563178,0.08512764704010918,0.15743738323293513,0.7574349697269556,-3.412687416645198,-3.2661407997325753,6.678828216377752,P Tierney,football-data.co.uk,proxy_shots,,,,,,,,
2024-04-21,Aston Villa,Bournemouth,3,1,14.0,14.0,8.0,4.0,1.0,3.0,8.0,14.0,1.79,1.95,1.79,1.95,4.0,6.0,5.0,1.0,1.87,4.11,3.76,1.44,2.77,1.87,4.11,3.76,1.86,4.06,3.92,1.44,2.77,1.49,2.67,0.5122089458245638,0.23304883909779422,0.2547422150776421,0.5174328629949931,0.237050523441056,0.24551661356395083,0.522391717042936,0.40016843432617855,-0.9225601513691284,T Robinson,football-data.co.uk,proxy_shots,,,,,,,,
2024-04-21,Crystal Palace,West Ham,5,2,18.0,4.0,4.0,0.0,3.0,2.0,9.0,9.0,2.75,0.6,2.75,0.6,7.0,1.0,0.0,2.0,2.15,3.59,3.34,1.79,2.04,2.15,3.59,3.34,2.23,3.5,3.25,1.79,2.04,1.82,2.01,0.44591132052316645,0.2670499551879688,0.2870387242888647,0.4304228549806073,0.2742408476019298,0.29533629741746287,-1.548846554255917,0.7190892413960981,0.829757312859819,G Scott,football-data.co.uk,proxy_shots,,,,,,,,
2024-04-21,Everton,Nott'm Forest,2,0,7.0,8.0,6.0,4.0,3.0,2.0,15.0,9.0,1.3,0.98,1.3,0.98,4.0,3.0,3.0,2.0,2.07,3.52,3.63,1.87,1.95,2.07,3.52,3.63,2.27,3.29,3.38,1.87,1.95,2.09,1.76,0.46332415938733995,0.2724661960033505,0.2642096446093095,0.4234476088206511,0.2921659793382608,0.28438641184108815,-3.9876550566688875,1.9699783334910292,2.0176767231778636,A Taylor,football-data.co.uk,proxy_shots,,,,,,,,
2024-04-21,Fulham,Liverpool,1,3,12.0,14.0,1.0,4.0,3.0,0.0,5.0,11.0,1.66,2.33,1.66,2.33,5.0,7.0,4.0,4.0,5.19,4.67,1.57,1.41,2.91,5.19,4.67,1.57,4.59,4.4,1.68,1.41,2.91,1.45,2.77,0.18460124630200792,0.20515641719644995,0.6102423365015421,0.20940984498232257,0.21845254283383192,0.5721376121838455,2.480859868031465,1.3296125637381973,-3.8104724317696625,C Pawson,football-data.co.uk,proxy_shots,,,,,,,,
2024-04-23,Arsenal,Chelsea,5,0,27.0,7.0,4.0,2.0,2.0,2.0,12.0,11.0,3.79,0.56,3.79,0.56,10.0,1.0,1.0,5.0,1.45,4.93,6.78,1.53,2.53,1.45,4.93,6.78,1.39,5.21,7.66,1.53,2.53,1.56,2.46,0.6631379092112075,0.19504056153270813,0.1418215292560842,0.6904852944484143,0.18421776569736964,0.12529693985421614,2.734738523720681,-1.082279583533849,-1.6524589401868073,S Hooper,football-data.co.uk,proxy_shots,,,,,,,,
2024-04-24,Crystal Palace,Newcastle,2,0,20.0,7.0,7.0,2.0,3.0,3.0,10.0,15.0,2.56,0.74,2.56,0.74,7.0,2.0,2.0,5.0,2.76,3.68,2.43,1.61,2.35,2.76,3.68,2.43,3.08,3.64,2.26,1.61,2.35,1.65,2.28,0.346524064171123,0.25989304812834224,0.3935828877005347,0.31162494696648285,0.26368264743317776,0.42469240560033944,-3.4899117204640175,0.37895993048355225,3.110951789980476,T Bramall,football-data.co.uk,proxy_shots,,,,,,,,
2024-04-24,Everton,Liverpool,2,0,16.0,23.0,4.0,13.0,0.0,3.0,6.0,13.0,2.16,2.52,2.16,2.52,6.0,7.0,7.0,4.0,7.11,4.98,1.42,1.51,2.56,7.11,4.98,1.42,7.43,5.14,1.39,1.51,2.56,1.49,2.62,0.1345034578777988,0.19203204528336335,0.6734644968388378,0.1283557152481473,0.18554143274197168,0.686102852009881,-0.6147742629651509,-0.649061254139166,1.263835517104317,A Madley,football-data.co.uk,proxy_shots,,,,,,,,
2024-04-24,Man United,Sheffield United,4,2,25.0,10.0,9.0,4.0,0.0,1.0,7.0,9.0,4.0,1.47,4.0,1.47,13.0,4.0,2.0,9.0,1.31,6.11,8.44,1.36,3.18,1.31,6.11,8.44,1.31,6.15,8.4,1.36,3.18,1.32,3.43,0.7301317166202503,0.15654215200859706,0.11332613137115262,0.7304812607376927,0.1555984474091671,0.11392029185314018,0.03495441174423686,-0.09437045994299675,0.05941604819875573,M Salisbury,football-data.co.uk,proxy_shots,,,,,,,,
2024-04-24,Wolves,Bournemouth,0,1,15.0,21.0,8.0,12.0,4.0,3.0,10.0,17.0,1.54,2.34,1.54,2.34,4.0,6.0,5.0,4.0,2.72,3.6,2.52,1.66,2.24,2.72,3.6,2.52,2.77,3.61,2.48,1.66,2.24,1.66,2.25,0.3527435610302352,0.2665173572228444,0.3807390817469205,0.34671076326092765,0.26603568261295557,0.3872535541261168,-0.6032797769307541,-0.048167460988884914,0.6514472379196279,S Attwell,football-data.co.uk,proxy_shots,,,,,,,,
2024-04-25,Brighton,Man City,0,4,7.0,14.0,4.0,4.0,2.0,0.0,10.0,3.0,0.93,2.25,0.93,2.25,3.0,6.0,2.0,3.0,6.65,4.95,1.44,1.49,2.63,6.65,4.95,1.44,7.99,5.65,1.36,1.49,2.63,1.41,2.95,0.14364741090051691,0.1929808651491793,0.6633717239503039,0.12063949608989245,0.17060346438198948,0.7087570395281181,-2.300791481062446,-2.2377400767189832,4.538531557781422,J Gillett,football-data.co.uk,proxy_shots,,,,,,,,
2024-04-27,Aston Villa,Chelsea,2,2,9.0,21.0,2.0,4.0,3.0,5.0,13.0,14.0,1.41,2.25,1.41,2.25,4.0,5.0,3.0,2.0,2.17,3.9,3.06,1.44,2.77,2.17,3.9,3.06,2.06,3.98,3.28,1.44,2.77,1.43,2.86,0.44139186010385695,0.2455949580577871,0.3130131818383561,0.46606212067118885,0.24122813280971078,0.2927097465191003,2.4670260567331903,-0.4366825248076328,-2.0303435319255767,C Pawson,football-data.co.uk,proxy_shots,,,,,,,,
2024-04-27,Everton,Brentford,1,0,18.0,10.0,6.0,6.0,1.0,2.0,10.0,12.0,1.27,1.27,1.27,1.27,1.0,4.0,4.0,0.0,2.36,3.5,2.97,1.83,2.01,2.36,3.5,2.97,2.84,3.42,2.49,1.83,2.01,1.89,1.93,0.40503892581884493,0.27311196140927824,0.3218491127718767,0.3365902245832049,0.27950767187611164,0.38390210354068344,-6.844870123564001,0.6395710466833404,6.205299076880672,D England,football-data.co.uk,proxy_shots,,,,,,,,
2024-04-27,Fulham,Crystal Palace,1,1,9.0,14.0,5.0,9.0,0.0,2.0,11.0,15.0,0.95,1.59,0.95,1.59,2.0,4.0,3.0,1.0,2.11,3.6,3.42,1.7,2.18,2.11,3.6,3.42,2.1,3.48,3.56,1.7,2.18,1.87,1.97,0.4539120047780211,0.2660428694671179,0.28004512575486096,0.4559265147500442,0.2751280692457163,0.2689454160042396,0.20145099720230708,0.9085199778598396,-1.1099709750621356,S Attwell,football-data.co.uk,proxy_shots,,,,,,,,
2024-04-27,Man United,Burnley,1,1,27.0,16.0,6.0,5.0,1.0,3.0,7.0,11.0,3.39,2.24,3.39,2.24,10.0,7.0,6.0,9.0,1.52,4.9,5.44,1.36,3.15,1.52,4.9,5.44,1.5,5.09,5.59,1.36,3.15,1.31,3.54,0.6290828078389911,0.19514405467658494,0.17577313748442394,0.6397822503940584,0.18854093823007617,0.17167681137586543,1.0699442555067384,-0.6603116446508767,-0.4096326108558507,J Brooks,football-data.co.uk,proxy_shots,,,,,,,,
2024-04-27,Newcastle,Sheffield United,5,1,20.0,15.0,4.0,5.0,0.0,0.0,9.0,10.0,2.86,1.82,2.86,1.82,7.0,5.0,4.0,2.0,1.23,7.04,11.1,1.33,3.31,1.23,7.04,11.1,1.22,7.35,11.45,1.33,3.31,1.3,3.57,0.7778912600715535,0.13590997867727428,0.08619876125117217,0.7858320066110454,0.13043742150550686,0.08373057188344764,0.7940746539491839,-0.5472557171767423,-0.2468189367724527,T Harrington,football-data.co.uk,proxy_shots,,,,,,,,
2024-04-27,West Ham,Liverpool,2,2,11.0,28.0,5.0,8.0,0.0,2.0,8.0,10.0,2.25,3.18,2.25,3.18,8.0,8.0,6.0,6.0,5.63,4.89,1.51,1.37,3.1,5.63,4.89,1.51,5.26,4.81,1.55,1.37,3.1,1.37,3.14,0.17007363661699976,0.1958107513606766,0.6341156120223236,0.18224551505655223,0.19929551126766418,0.6184589736757836,1.2171878439552475,0.34847599069875723,-1.5656638346539964,A Taylor,football-data.co.uk,proxy_shots,,,,,,,,
2024-04-27,Wolves,Luton,2,1,13.0,9.0,4.0,4.0,3.0,1.0,14.0,14.0,1.81,1.68,1.81,1.68,5.0,6.0,5.0,3.0,1.98,3.83,3.58,1.63,2.31,1.98,3.83,3.58,1.9,3.84,3.87,1.63,2.31,1.64,2.29,0.48308154119338204,0.24973928239240112,0.26717917641421685,0.5035886383506496,0.24917146168391519,0.2472398999654352,2.0507097157267564,-0.056782070848593325,-1.9939276448781658,D Coote,football-data.co.uk,proxy_shots,,,,,,,,
2024-04-28,Bournemouth,Brighton,3,0,15.0,13.0,8.0,2.0,2.0,2.0,14.0,10.0,2.21,0.9,2.21,0.9,6.0,1.0,1.0,3.0,2.26,3.8,2.94,1.47,2.68,2.26,3.8,2.94,1.96,4.07,3.49,1.47,2.68,1.4,2.99,0.4231112996318796,0.25163987820211786,0.32524882216600265,0.48943384134050505,0.2356978695398992,0.27486828911959593,6.632254170862545,-1.5942008662218647,-5.0380533046406715,P Tierney,football-data.co.uk,proxy_shots,,,,,,,,
2024-04-28,Nott'm Forest,Man City,0,2,14.0,11.0,4.0,5.0,0.0,0.0,8.0,6.0,1.13,1.7,1.13,1.7,2.0,5.0,3.0,2.0,9.5,5.72,1.31,1.53,2.5,9.5,5.72,1.31,10.37,5.96,1.28,1.53,2.5,1.53,2.55,0.10088020442067794,0.16754579405532177,0.7315740015240002,0.09223819818251286,0.16048827435447288,0.7472735274630143,-0.8642006238165079,-0.7057519700848891,1.5699525939014136,S Hooper,football-data.co.uk,proxy_shots,,,,,,,,
2024-04-28,Tottenham,Arsenal,2,3,14.0,9.0,8.0,6.0,2.0,1.0,12.0,16.0,1.33,1.34,1.33,1.34,2.0,3.0,0.0,0.0,4.12,4.07,1.8,1.48,2.63,4.12,4.07,1.8,4.42,4.17,1.74,1.48,2.63,1.52,2.58,0.2324946684269321,0.23535086828475676,0.5321544632883112,0.21738270717238903,0.2304152435736114,0.5522020492539996,-1.511196125454306,-0.49356247111453644,2.0047585965688453,M Oliver,football-data.co.uk,proxy_shots,,,,,,,,
2024-05-02,Chelsea,Tottenham,2,0,16.0,19.0,4.0,9.0,0.0,1.0,12.0,16.0,1.98,1.58,1.98,1.58,5.0,3.0,3.0,3.0,2.2,4.05,2.91,1.31,3.44,2.2,4.05,2.91,2.46,4.0,2.6,1.31,3.44,1.32,3.45,0.4349294215333518,0.23625795737614175,0.3288126210905065,0.3904490163688242,0.24012614506682686,0.369424838564349,-4.448040516452761,0.38681876906851154,4.061221747384247,R Jones,football-data.co.uk,proxy_shots,,,,,,,,
2024-05-03,Luton,Everton,1,1,18.0,10.0,8.0,7.0,1.0,3.0,14.0,12.0,1.99,1.19,1.99,1.19,5.0,3.0,2.0,4.0,2.66,3.58,2.62,1.74,2.12,2.66,3.58,2.62,2.77,3.62,2.48,1.74,2.12,1.69,2.19,0.3625442570231451,0.26937645912892905,0.36807928384792593,0.3469657501951721,0.26549589172393,0.38753835808089787,-1.557850682797296,-0.3880567404999036,1.945907423297194,T Robinson,football-data.co.uk,proxy_shots,,,,,,,,
2024-05-04,Arsenal,Bournemouth,3,0,25.0,7.0,6.0,1.0,2.0,3.0,16.0,12.0,3.29,0.74,3.29,0.74,9.0,2.0,2.0,6.0,1.2,7.59,12.74,1.34,3.23,1.2,7.59,12.74,1.22,7.12,12.18,1.34,3.23,1.33,3.28,0.7985343447906809,0.12625048929496932,0.07521516591434985,0.7864649271408828,0.13475943976290408,0.07877563309621322,-1.2069417649798075,0.8508950467934762,0.35604671818633693,D Coote,football-data.co.uk,proxy_shots,,,,,,,,
2024-05-04,Brentford,Fulham,0,0,7.0,15.0,7.0,6.0,1.0,1.0,3.0,6.0,0.93,1.36,0.93,1.36,3.0,3.0,3.0,3.0,2.12,3.8,3.25,1.59,2.38,2.12,3.8,3.25,2.07,3.82,3.36,1.59,2.38,1.59,2.39,0.45244724501758504,0.25241793669402113,0.29513481828839394,0.4634014253839655,0.25111019647769856,0.28548837813833583,1.0954180366380462,-0.13077402163225726,-0.9646440150058111,G Scott,football-data.co.uk,proxy_shots,,,,,,,,
2024-05-04,Burnley,Newcastle,1,4,17.0,23.0,4.0,11.0,2.0,2.0,8.0,8.0,1.94,3.65,1.94,3.65,5.0,11.0,7.0,4.0,3.38,3.98,2.02,1.48,2.64,3.38,3.98,2.02,3.35,4.08,2.01,1.48,2.64,1.43,2.86,0.28388819051116543,0.24109097586124098,0.4750208336275936,0.28671820098383693,0.2354181307097681,0.47786366830639504,0.2830010472671507,-0.5672845151472872,0.284283467880142,A Taylor,football-data.co.uk,proxy_shots,,,,,,,,
2024-05-04,Man City,Wolves,5,1,20.0,2.0,6.0,0.0,0.0,4.0,4.0,17.0,3.76,0.39,3.76,0.39,12.0,1.0,0.0,7.0,1.09,11.51,25.33,1.3,3.52,1.09,11.51,25.33,1.1,12.16,23.44,1.3,3.52,1.26,3.92,0.8789414293892835,0.08323598245302512,0.037822588157691246,0.8792067871226291,0.07953350870352731,0.04125970417384351,0.026535773334557256,-0.3702473749497809,0.3437116016152264,C Pawson,football-data.co.uk,proxy_shots,,,,,,,,
2024-05-04,Sheffield United,Nott'm Forest,1,3,17.0,15.0,5.0,3.0,2.0,1.0,9.0,7.0,1.94,1.84,1.94,1.84,5.0,4.0,1.0,4.0,4.68,4.25,1.69,1.57,2.43,4.68,4.25,1.69,4.83,4.2,1.68,1.57,2.43,1.57,2.42,0.20532163960013378,0.22609535843026493,0.5685830019696012,0.1990049751243781,0.2288557213930348,0.572139303482587,-0.6316664475755684,0.276036296276988,0.35563015129858044,C Kavanagh,football-data.co.uk,proxy_shots,,,,,,,,
2024-05-05,Brighton,Aston Villa,1,0,15.0,2.0,7.0,3.0,2.0,1.0,13.0,10.0,2.36,0.29,2.36,0.29,8.0,1.0,1.0,7.0,2.72,3.77,2.43,1.48,2.63,2.72,3.77,2.43,2.45,3.81,2.7,1.48,2.63,1.43,2.84,0.3520101747927962,0.2539702056860493,0.3940196195211546,0.39208735921330967,0.2521296666857241,0.3557829741009662,4.0077184420513445,-0.18405390003251587,-3.8236645420188395,R Jones,football-data.co.uk,proxy_shots,,,,,,,,
2024-05-05,Chelsea,West Ham,5,0,25.0,13.0,8.0,6.0,1.0,3.0,12.0,10.0,4.0,1.07,4.0,1.07,14.0,2.0,2.0,9.0,1.65,4.55,4.58,1.4,2.93,1.65,4.55,4.58,1.5,5.05,5.71,1.4,2.93,1.34,3.3,0.5804169509936357,0.2104808723383514,0.20910217666801287,0.6411379528854598,0.19043701570855245,0.16842503140598772,6.072100189182416,-2.0043856629798933,-4.067714526202515,A Madley,football-data.co.uk,proxy_shots,,,,,,,,
2024-05-05,Liverpool,Tottenham,4,2,25.0,11.0,8.0,3.0,1.0,4.0,14.0,12.0,4.0,1.89,4.0,1.89,13.0,6.0,4.0,9.0,1.48,5.26,5.61,1.26,3.82,1.48,5.26,5.61,1.43,5.69,6.13,1.26,3.82,1.25,3.97,0.6471723520819717,0.18209412187857762,0.17073352603945066,0.6735834445360673,0.1692837127744422,0.1571328426894904,2.6411092454095675,-1.2810409104135418,-1.3600683349960256,P Tierney,football-data.co.uk,proxy_shots,,,,,,,,
2024-05-06,Crystal Palace,Man United,4,0,18.0,7.0,6.0,3.0,1.0,1.0,12.0,8.0,3.19,0.74,3.19,0.74,10.0,2.0,2.0,6.0,2.38,3.76,2.79,1.53,2.48,2.38,3.76,2.79,2.03,3.93,3.43,1.53,2.48,1.52,2.55,0.402248517987377,0.2546147534069035,0.3431367286057194,0.47429866259451736,0.24499396566587026,0.28070737173961224,7.205014460714038,-0.9620787741033227,-6.242935686610718,J Gillett ,football-data.co.uk,proxy_shots,,,,,,,,
2024-05-11,Bournemouth,Brentford,1,2,13.0,11.0,3.0,8.0,2.0,2.0,16.0,12.0,1.54,1.7,1.54,1.7,4.0,5.0,3.0,3.0,1.98,3.99,3.5,1.46,2.71,1.98,3.99,3.5,2.11,3.9,3.22,1.46,2.71,1.44,2.82,0.48497666277712953,0.2406651108518086,0.27435822637106183,0.45531013879019044,0.2463344597044364,0.2983554015053732,-2.966652398693909,0.5669348852627792,2.3997175134311375,M Donohue,football-data.co.uk,proxy_shots,,,,,,,,
2024-05-11,Everton,Sheffield United,1,0,15.0,13.0,3.0,6.0,1.0,2.0,6.0,11.0,2.0,0.9,2.0,0.9,6.0,1.0,1.0,5.0,1.4,5.13,7.46,1.54,2.48,1.4,5.13,7.46,1.43,5.05,7.08,1.54,2.48,1.52,2.55,0.68466324840149,0.1868476701290616,0.1284890814694485,0.6733346013834302,0.19066702573827823,0.1359983728782917,-1.13286470180598,0.3819355609216646,0.7509291408843183,S Attwell,football-data.co.uk,proxy_shots,,,,,,,,
2024-05-11,Fulham,Man City,0,4,1.0,16.0,1.0,7.0,3.0,0.0,9.0,6.0,0.23,2.9,0.23,2.9,1.0,9.0,5.0,1.0,12.3,7.05,1.22,1.34,3.18,12.3,7.05,1.22,11.13,7.21,1.23,1.34,3.18,1.33,3.39,0.07796269103170718,0.1360200141404253,0.7860172948278675,0.08626289449494434,0.13316310897763253,0.7805739965274232,0.8300203463237164,-0.2856905162792772,-0.5443298300444321,A Taylor,football-data.co.uk,proxy_shots,,,,,,,,
2024-05-11,Newcastle,Brighton,1,1,18.0,15.0,8.0,4.0,3.0,4.0,9.0,16.0,2.35,1.65,2.35,1.65,7.0,4.0,3.0,6.0,1.59,4.81,4.84,1.33,3.32,1.59,4.81,4.84,1.59,4.75,4.99,1.33,3.32,1.37,3.14,0.6027459681699673,0.1992445092287418,0.1980095226012909,0.6048237902886262,0.20245680559135068,0.19271940412002317,0.2077822118658923,0.3212296362608891,-0.529011848126773,D England,football-data.co.uk,proxy_shots,,,,,,,,
2024-05-11,Nott'm Forest,Chelsea,2,3,20.0,12.0,5.0,6.0,2.0,3.0,14.0,8.0,2.02,1.86,2.02,1.86,4.0,5.0,2.0,2.0,3.39,3.94,2.03,1.48,2.64,3.39,3.94,2.03,4.11,3.99,1.84,1.48,2.64,1.58,2.4,0.28325748587820726,0.24371646627591942,0.47302604784587327,0.2345341805391833,0.2415878401042715,0.5238779793565452,-4.872330533902397,-0.21286261716479127,5.085193151067196,T Harrington,football-data.co.uk,proxy_shots,,,,,,,,
2024-05-11,Tottenham,Burnley,2,1,21.0,7.0,9.0,3.0,3.0,5.0,10.0,14.0,2.98,1.03,2.98,1.03,9.0,3.0,2.0,7.0,1.35,6.01,7.33,1.24,4.05,1.35,6.01,7.33,1.32,6.25,8.08,1.24,4.05,1.22,4.29,0.7098238383044133,0.15944462258085826,0.13073153911472823,0.727502175303534,0.1536484594241064,0.11884936527235952,1.7678336999120692,-0.5796163156751855,-1.1882173842368713,J Gillett,football-data.co.uk,proxy_shots,,,,,,,,
2024-05-11,West Ham,Luton,3,1,24.0,4.0,7.0,6.0,1.0,3.0,9.0,15.0,3.06,0.5,3.06,0.5,8.0,1.0,0.0,5.0,1.82,4.33,3.83,1.42,2.84,1.82,4.33,3.83,1.86,4.23,3.76,1.42,2.84,1.39,3.02,0.5275599568635061,0.22174575554078085,0.25069428759571305,0.5169569202566452,0.22731439046746102,0.25572868927589365,-1.0603036606860905,0.5568634926680166,0.50344016801806,M Oliver,football-data.co.uk,proxy_shots,,,,,,,,
2024-05-11,Wolves,Crystal Palace,1,3,13.0,13.0,8.0,3.0,3.0,4.0,13.0,12.0,2.08,1.55,2.08,1.55,7.0,3.0,0.0,6.0,2.86,3.51,2.47,1.79,2.04,2.86,3.51,2.47,3.2,3.55,2.24,1.79,2.04,1.81,2.03,0.3363934426229508,0.27409836065573767,0.38950819672131143,0.30030211480362534,0.27069486404833837,0.42900302114803623,-3.6091327819325447,-0.34034966073993034,3.9494824426724806,T Bramall,football-data.co.uk,proxy_shots,,,,,,,,
2024-05-12,Man United,Arsenal,0,1,14.0,11.0,4.0,7.0,0.0,2.0,5.0,6.0,1.13,1.6,1.13,1.6,2.0,5.0,4.0,2.0,7.08,5.5,1.39,1.37,3.09,7.08,5.5,1.39,9.06,6.14,1.3,1.37,3.09,1.37,3.06,0.1354867065299453,0.1744083422240023,0.6901049512460523,0.10587835794366242,0.15623093207973643,0.7378907099766012,-2.9608348586282878,-1.8177410144265882,4.778575873054891,P Tierney,football-data.co.uk,proxy_shots,,,,,,,,
2024-05-13,Aston Villa,Liverpool,3,3,19.0,14.0,5.0,4.0,1.0,1.0,11.0,15.0,2.25,2.33,2.25,2.33,5.0,7.0,4.0,2.0,4.15,4.55,1.71,1.33,3.28,4.15,4.55,1.71,3.83,4.53,1.79,1.33,3.28,1.36,3.2,0.2304684607295724,0.21020749714895068,0.5593240421214769,0.25093224980890816,0.21215684696867954,0.5369109032224124,2.046378907933577,0.19493498197288572,-2.241313889906449,S Hooper,football-data.co.uk,proxy_shots,,,,,,,,
2024-05-14,Tottenham,Man City,0,2,10.0,8.0,7.0,4.0,3.0,3.0,14.0,11.0,1.45,1.54,1.45,1.54,5.0,5.0,3.0,5.0,6.94,5.91,1.38,1.27,3.79,6.94,5.91,1.38,6.73,6.02,1.38,1.27,3.79,1.29,3.68,0.13882590845027268,0.16302060992299364,0.6981534816267337,0.14296432947395954,0.15982557098999134,0.6972100995360492,0.4138421023686861,-0.31950389330022977,-0.09433820906845636,C Kavanagh,football-data.co.uk,proxy_shots,,,,,,,,
2024-05-15,Brighton,Chelsea,1,2,12.0,13.0,4.0,6.0,2.0,4.0,13.0,14.0,1.12,1.99,1.12,1.99,2.0,6.0,4.0,1.0,3.37,3.99,2.02,1.4,2.98,3.37,3.99,2.02,3.25,4.08,2.06,1.4,2.98,1.36,3.2,0.2846627933671217,0.24042947710456142,0.4749077295283169,0.2963631619404932,0.2360735971339713,0.4675632409255354,1.1700368573371533,-0.4355879970590115,-0.7344488602781474,M Salisbury,football-data.co.uk,proxy_shots,,,,,,,,
2024-05-15,Man United,Newcastle,3,2,17.0,21.0,9.0,9.0,3.0,3.0,16.0,7.0,2.67,2.79,2.67,2.79,8.0,8.0,6.0,5.0,2.73,4.04,2.34,1.33,3.33,2.73,4.04,2.34,2.7,3.95,2.4,1.33,3.33,1.37,3.12,0.35181422351233665,0.23773584905660375,0.4104499274310595,0.356056338028169,0.2433802816901408,0.4005633802816902,0.42421145158323403,0.5644432633537061,-0.9886547149369318,R Jones,football-data.co.uk,proxy_shots,,,,,,,,
2024-05-19,Arsenal,Everton,2,1,26.0,5.0,8.0,1.0,4.0,3.0,8.0,11.0,2.53,0.73,2.53,0.73,5.0,2.0,1.0,3.0,1.17,8.04,15.37,1.38,3.04,1.17,8.04,15.37,1.22,7.25,12.71,1.38,3.04,1.38,3.09,0.8185686038770704,0.11912005802688712,0.06231133809604245,0.7909744915608501,0.13310191444196373,0.07592359399718623,-2.759411231622033,1.3981856415076612,1.3612255901143782,M Oliver,football-data.co.uk,proxy_shots,,,,,,,,
2024-05-19,Brentford,Newcastle,2,4,10.0,12.0,3.0,0.0,4.0,4.0,15.0,11.0,1.65,2.32,1.65,2.32,5.0,7.0,3.0,3.0,2.94,3.96,2.22,1.38,3.04,2.94,3.96,2.22,2.94,4.01,2.2,1.38,3.04,1.34,3.24,0.32607824809720926,0.24208839631459478,0.431833355588196,0.3257826982872589,0.23885315036522228,0.43536415134751877,-0.02955498099503351,-0.3235245949372495,0.3530795759322747,S Hooper,football-data.co.uk,proxy_shots,,,,,,,,
2024-05-19,Brighton,Man United,0,2,17.0,11.0,7.0,5.0,1.0,3.0,10.0,9.0,1.48,1.52,1.48,1.52,3.0,4.0,2.0,3.0,2.17,4.11,2.95,1.32,3.38,2.17,4.11,2.95,2.62,4.02,2.44,1.32,3.38,1.31,3.46,0.44177928707546454,0.23325086446563453,0.324969848458901,0.36690356848956385,0.23912620632901926,0.39397022518141694,-7.487571858590069,0.5875341863384731,6.900037672251597,C Pawson,football-data.co.uk,proxy_shots,,,,,,,,
2024-05-19,Burnley,Nott'm Forest,1,2,20.0,12.0,4.0,3.0,1.0,0.0,11.0,5.0,1.74,1.94,1.74,1.94,3.0,6.0,4.0,2.0,2.9,3.74,2.32,1.51,2.55,2.9,3.74,2.32,2.9,3.79,2.32,1.51,2.55,1.54,2.5,0.3305346884666372,0.2562969509500662,0.41316836058329653,0.3316560927586961,0.2537737912929337,0.4145701159483702,0.11214042920589251,-0.2523159657132512,0.14017553650736425,G Scott,football-data.co.uk,proxy_shots,,,,,,,,
2024-05-19,Chelsea,Bournemouth,2,1,16.0,22.0,6.0,5.0,2.0,3.0,5.0,9.0,2.16,2.21,2.16,2.21,6.0,5.0,4.0,4.0,1.45,5.32,5.99,1.27,3.71,1.45,5.32,5.99,1.4,5.56,6.88,1.27,3.71,1.3,3.54,0.6602287724561443,0.1799495714401145,0.1598216561037411,0.6871497140229357,0.17302330928635073,0.13982697669071367,2.6920941566791368,-0.6926262153763768,-1.9994679413027434,A Taylor,football-data.co.uk,proxy_shots,,,,,,,,
2024-05-19,Crystal Palace,Aston Villa,5,0,15.0,8.0,2.0,4.0,1.0,4.0,10.0,8.0,2.94,0.8,2.94,0.8,9.0,2.0,2.0,4.0,1.87,4.28,3.67,1.39,2.96,1.87,4.28,3.67,1.66,4.49,4.68,1.39,2.96,1.45,2.78,0.5137551064463057,0.22446776847069905,0.2617771250829951,0.5799080457232431,0.21439807481082032,0.20569387946593662,6.615293927693733,-1.0069693659878727,-5.6083245617058495,D Bond,football-data.co.uk,proxy_shots,,,,,,,,
2024-05-19,Liverpool,Wolves,2,0,36.0,4.0,10.0,2.0,1.0,3.0,14.0,11.0,4.0,0.76,4.0,0.76,14.0,3.0,3.0,12.0,1.16,8.71,14.55,1.22,4.23,1.16,8.71,14.55,1.13,10.0,17.17,1.22,4.23,1.15,5.17,0.8244666490146189,0.10980267656222246,0.06573067442315861,0.8483113564533173,0.09585918327922487,0.055829460267457685,2.3844707438698487,-1.3943493282997599,-0.9901214155700923,C Kavanagh,football-data.co.uk,proxy_shots,,,,,,,,
2024-05-19,Luton,Fulham,2,4,15.0,15.0,4.0,4.0,5.0,4.0,15.0,20.0,2.1,2.48,2.1,2.48,6.0,7.0,3.0,4.0,2.92,3.95,2.23,1.44,2.76,2.92,3.95,2.23,3.05,3.93,2.18,1.44,2.76,1.48,2.69,0.3280132270305093,0.24248066403268026,0.4295061089368104,0.3149443625495812,0.24442246966316095,0.440633167787258,-1.3068864480928089,0.19418056304806863,1.1127058850447569,M Donohue,football-data.co.uk,proxy_shots,,,,,,,,
2024-05-19,Man City,West Ham,3,1,28.0,3.0,11.0,2.0,0.0,1.0,3.0,12.0,4.0,0.62,4.0,0.62,12.0,2.0,1.0,9.0,1.1,11.72,21.81,1.2,4.45,1.1,11.72,21.81,1.07,14.3,28.36,1.2,4.45,1.18,4.82,0.8739026353162879,0.08202157839999288,0.04407578628371925,0.8988324761266879,0.06725529716472418,0.03391222670858801,2.492984081040006,-1.47662812352687,-1.0163559575131238,J Brooks,football-data.co.uk,proxy_shots,,,,,,,,
2024-05-19,Sheffield United,Tottenham,0,3,6.0,18.0,2.0,6.0,2.0,0.0,11.0,9.0,0.51,2.91,0.51,2.91,1.0,9.0,6.0,1.0,7.32,6.04,1.35,1.22,4.14,7.32,6.04,1.35,7.72,5.98,1.35,1.22,4.14,1.27,3.81,0.13099047692485638,0.15875004819370014,0.7102594748814436,0.12485191909756482,0.16118006947043484,0.7139680114320002,-0.6138557827291558,0.24300212767346951,0.3708536550556585,A Madley,football-data.co.uk,proxy_shots,,,,,,,,
2024-08-16,Man United,Fulham,1,0,14.0,10.0,7.0,8.0,2.0,3.0,12.0,10.0,1.77,0.91,1.77,0.91,5.0,2.0,2.0,4.0,1.62,4.36,5.15,1.53,2.52,1.62,4.36,5.15,1.66,4.2,5.02,1.53,2.52,1.61,2.37,0.5930766345661143,0.22036333669658376,0.18656002873730199,0.5794026799160191,0.22900201158585512,0.19159530849812584,-1.3673954650095133,0.8638674889271364,0.5035279760823852,R Jones,football-data.co.uk,proxy_shots,,,,,,,,
2024-08-17,Arsenal,Wolves,2,0,18.0,9.0,8.0,2.0,2.0,2.0,17.0,14.0,2.27,1.04,2.27,1.04,6.0,3.0,3.0,4.0,1.18,7.86,15.87,1.46,2.7,1.18,7.86,15.87,1.15,8.62,18.11,1.46,2.7,1.42,2.93,0.816672297164586,0.12260474690257142,0.06072295593284257,0.8354836586160814,0.1114624370543496,0.05305390432956894,1.8811361451495423,-1.1142309848221816,-0.7669051603273629,J Gillett,football-data.co.uk,proxy_shots,,,,,,,,
2024-08-17,Everton,Brighton,0,3,9.0,10.0,1.0,5.0,3.0,1.0,8.0,8.0,0.68,1.75,0.68,1.75,1.0,5.0,2.0,1.0,2.67,3.41,2.68,1.81,2.04,2.67,3.41,2.68,3.06,3.4,2.38,1.81,2.04,1.89,1.96,0.3598080246937884,0.28172651786874336,0.3584654574374682,0.3139013452914798,0.2825112107623318,0.40358744394618834,-4.590667940230864,0.07846928935884567,4.512198650872012,S Hooper,football-data.co.uk,proxy_shots,,,,,,,,
2024-08-17,Ipswich,Liverpool,0,2,7.0,18.0,2.0,10.0,3.0,1.0,9.0,18.0,0.74,2.09,0.74,2.09,2.0,5.0,3.0,2.0,8.28,5.76,1.34,1.41,2.94,8.28,5.76,1.34,7.87,5.81,1.35,1.41,2.94,1.37,3.18,0.11605499621089098,0.16682905705315576,0.7171159467359531,0.12218679070984706,0.1655094738186741,0.7123037354714787,0.613179449895608,-0.13195832344816694,-0.48122112644743975,T Robinson,football-data.co.uk,proxy_shots,,,,,,,,
2024-08-17,Newcastle,Southampton,1,0,3.0,19.0,3.0,12.0,4.0,4.0,15.0,16.0,0.44,1.76,0.44,1.76,1.0,4.0,4.0,0.0,1.35,5.62,8.1,1.4,3.01,1.35,5.62,8.1,1.39,5.27,7.33,1.4,3.01,1.43,2.84,0.7107925801011804,0.17074198988195619,0.11846543001686342,0.6880471509410773,0.18147733203189703,0.13047551702702556,-2.2745429160103137,1.0735342149940847,1.2010087010162138,C Pawson,football-data.co.uk,proxy_shots,,,,,,,,
2024-08-17,Nott'm Forest,Bournemouth,1,1,14.0,13.0,2.0,6.0,1.0,3.0,17.0,8.0,2.31,1.54,2.31,1.54,8.0,4.0,3.0,7.0,2.45,3.49,2.89,1.77,2.08,2.45,3.49,2.89,2.25,3.44,3.23,1.77,2.08,1.87,1.96,0.3921942987350829,0.2753226452438261,0.3324830560210911,0.4254116782228824,0.2782489174422923,0.29633940433482525,3.321737948779951,0.29262721984661955,-3.6143651686265823,M Oliver,football-data.co.uk,proxy_shots,,,,,,,,
2024-08-17,West Ham,Aston Villa,1,2,14.0,15.0,5.0,3.0,1.0,2.0,18.0,11.0,1.41,1.56,1.41,1.56,3.0,3.0,1.0,2.0,2.44,3.69,2.79,1.57,2.43,2.44,3.69,2.79,2.47,3.51,2.83,1.57,2.43,1.68,2.22,0.3943530871858517,0.26076464301720276,0.3448822697969456,0.38812414283537355,0.2731243968100777,0.3387514603545487,-0.622894435047816,1.2359753792874961,-0.6130809442396912,T Harrington,football-data.co.uk,proxy_shots,,,,,,,,
2024-08-18,Brentford,Crystal Palace,2,1,9.0,14.0,4.0,7.0,1.0,5.0,6.0,15.0,1.59,1.95,1.59,1.95,5.0,6.0,5.0,3.0,2.46,3.44,2.9,1.81,2.03,2.46,3.44,2.9,2.85,3.28,2.62,1.81,2.03,2.0,1.85,0.39010808527944185,0.278972642380066,0.33091927234049207,0.3382161945168171,0.29387687633321,0.3679069291499728,-5.1891890762624735,1.4904233953143997,3.698765680948074,S Barrott,football-data.co.uk,proxy_shots,,,,,,,,
2024-08-18,Chelsea,Man City,0,2,10.0,11.0,4.0,3.0,1.0,1.0,12.0,9.0,1.09,1.7,1.09,1.7,3.0,5.0,3.0,3.0,4.05,4.0,1.83,1.5,2.59,4.05,4.0,1.83,3.64,3.83,1.98,1.5,2.59,1.56,2.45,0.23665195674312597,0.23961010620241502,0.523737937054459,0.26393751870749477,0.25084401255751465,0.4852184687349905,2.7285561964368794,1.1233906355099632,-3.851946831946851,A Taylor,football-data.co.uk,proxy_shots,,,,,,,,
2024-08-19,Leicester,Tottenham,1,1,7.0,15.0,2.0,13.0,1.0,1.0,11.0,12.0,1.03,2.19,1.03,2.19,3.0,7.0,6.0,2.0,5.01,4.37,1.63,1.52,2.54,5.01,4.37,1.63,4.57,4.23,1.71,1.52,2.54,1.54,2.52,0.191568212440598,0.2196239689536375,0.5888078186057644,0.2103981779627739,0.22730961543495903,0.5622922066022671,1.8829965522175918,0.7685646481321529,-2.651561200349728,C Kavanagh,football-data.co.uk,proxy_shots,,,,,,,,
2024-08-24,Aston Villa,Arsenal,0,2,11.0,9.0,4.0,1.0,1.0,3.0,8.0,15.0,1.15,1.41,1.15,1.41,3.0,4.0,2.0,3.0,4.41,3.92,1.78,1.73,2.13,4.41,3.92,1.78,4.66,4.02,1.74,1.73,2.13,1.72,2.18,0.2172718950259383,0.2444308819041806,0.5382972230698809,0.2067241195871901,0.23963542220803632,0.5536404582047735,-1.0547775438748186,-0.4795459696144283,1.5343235134892552,M Oliver,football-data.co.uk,proxy_shots,,,,,,,,
2024-08-24,Brighton,Man United,2,1,14.0,11.0,4.0,4.0,1.0,2.0,9.0,13.0,1.87,1.43,1.87,1.43,5.0,4.0,3.0,3.0,2.5,3.72,2.69,1.58,2.42,2.5,3.72,2.69,2.41,3.72,2.81,1.58,2.42,1.54,2.52,0.38440676403475754,0.25833787905561656,0.35725535690962595,0.3991218189801645,0.2585708558446765,0.34230732517515894,1.471505494540698,0.023297678905992436,-1.4948031734467015,C Pawson,football-data.co.uk,proxy_shots,,,,,,,,
2024-08-24,Crystal Palace,West Ham,0,2,14.0,18.0,3.0,3.0,1.0,1.0,9.0,17.0,1.13,1.73,1.13,1.73,2.0,3.0,1.0,2.0,2.17,3.63,3.25,1.76,2.1,2.17,3.63,3.25,1.98,3.78,3.72,1.76,2.1,1.67,2.25,0.44140591384774247,0.26387075290622625,0.29472333324603117,0.4863653343294733,0.2547627941725813,0.25887187149794544,4.4959420481730845,-0.910795873364495,-3.5851461748085733,R Jones,football-data.co.uk,proxy_shots,,,,,,,,
2024-08-24,Fulham,Leicester,2,1,18.0,10.0,7.0,5.0,2.0,2.0,14.0,13.0,2.27,1.37,2.27,1.37,6.0,4.0,3.0,4.0,1.83,3.73,4.38,1.87,1.97,1.83,3.73,4.38,1.88,3.71,4.21,1.87,1.97,1.87,1.98,0.5239923409250545,0.2570793522500938,0.2189283068248516,0.5119556061057993,0.2594276386735586,0.22861675522064195,-1.2036734819255268,0.2348286423464796,0.9688448395790361,D Bond,football-data.co.uk,proxy_shots,,,,,,,,
2024-08-24,Man City,Ipswich,4,1,14.0,1.0,10.0,1.0,2.0,3.0,4.0,15.0,2.07,0.33,2.07,0.33,5.0,1.0,0.0,1.0,1.09,12.17,26.97,1.29,3.54,1.09,12.17,26.97,1.09,11.44,27.5,1.29,3.54,1.29,3.62,0.884971588419669,0.07926204037612485,0.035766371204206136,0.8811224143986494,0.0839530971760951,0.034924488425255557,-0.3849174021019697,0.46910567999702557,-0.08418827789505798,M Salisbury,football-data.co.uk,proxy_shots,,,,,,,,
2024-08-24,Southampton,Nott'm Forest,0,1,5.0,23.0,4.0,10.0,3.0,3.0,14.0,14.0,0.46,2.81,0.46,2.81,1.0,8.0,7.0,1.0,2.57,3.32,2.84,1.97,1.87,2.57,3.32,2.84,2.36,3.48,3.04,1.97,1.87,1.83,2.03,0.37326999208234357,0.2889469517022961,0.33778305621536026,0.4074188181650133,0.2762955203647791,0.3162856614702077,3.4148826082669723,-1.2651431337517005,-2.1497394745152554,S Barrott,football-data.co.uk,proxy_shots,,,,,,,,
2024-08-24,Tottenham,Everton,4,0,13.0,10.0,12.0,5.0,0.0,0.0,11.0,15.0,2.38,0.73,2.38,0.73,7.0,1.0,1.0,3.0,1.44,4.95,6.75,1.51,2.55,1.44,4.95,6.75,1.37,5.39,7.91,1.51,2.55,1.42,2.89,0.6647864625302176,0.19339242546333602,0.14182111200644643,0.7005877819570494,0.17807147704659698,0.12134074099635367,3.5801319426831846,-1.5320948416739033,-2.0480371010092755,A Taylor,football-data.co.uk,proxy_shots,,,,,,,,
2024-08-25,Bournemouth,Newcastle,1,1,16.0,14.0,8.0,9.0,2.0,2.0,19.0,8.0,1.7,1.77,1.7,1.77,4.0,5.0,4.0,3.0,2.99,3.8,2.25,1.56,2.44,2.99,3.8,2.25,2.57,3.65,2.64,1.56,2.44,1.57,2.44,0.3209519698192534,0.2525385236209388,0.4265095065598078,0.37346955385968933,0.26296349408750724,0.3635669520528036,5.251758404043594,1.0424970466568428,-6.29425545070042,D Coote,football-data.co.uk,proxy_shots,,,,,,,,
2024-08-25,Liverpool,Brentford,2,0,19.0,8.0,9.0,4.0,2.0,3.0,10.0,7.0,2.69,0.8,2.69,0.8,8.0,2.0,2.0,6.0,1.25,6.78,10.37,1.35,3.2,1.25,6.78,10.37,1.22,7.19,11.82,1.35,3.2,1.32,3.42,0.7663388416510348,0.14128665959642972,0.09237449875253553,0.7856107526484128,0.13330251992087117,0.08108672743071604,1.9271910997378017,-0.7984139675558555,-1.1287771321819489,S Attwell,football-data.co.uk,proxy_shots,,,,,,,,
2024-08-25,Wolves,Chelsea,2,6,12.0,14.0,5.0,5.0,2.0,3.0,13.0,13.0,1.58,2.81,1.58,2.81,4.0,8.0,2.0,2.0,4.37,4.0,1.77,1.64,2.29,4.37,4.0,1.77,3.89,3.89,1.91,1.64,2.29,1.61,2.36,0.21922966164936256,0.23950840535192863,0.5412619329987087,0.2477302204928664,0.2477302204928664,0.5045395590142672,2.8500558843503834,0.8221815140937755,-3.672237398444156,D England,football-data.co.uk,proxy_shots,,,,,,,,
2024-08-31,Arsenal,Brighton,1,1,11.0,22.0,3.0,7.0,5.0,2.0,12.0,7.0,1.97,2.03,1.97,2.03,7.0,4.0,3.0,6.0,1.35,5.66,8.11,1.53,2.52,1.35,5.66,8.11,1.37,5.37,8.0,1.53,2.52,1.54,2.52,0.7117553932962332,0.16976497896641604,0.1184796277373508,0.7010798522771223,0.1788602230204204,0.1200599247024572,-1.0675541019110835,0.9095244054004359,0.15802969651064064,C Kavanagh,football-data.co.uk,proxy_shots,,,,,,,,
2024-08-31,Brentford,Southampton,3,1,20.0,18.0,2.0,8.0,2.0,1.0,10.0,7.0,2.66,2.17,2.66,2.17,7.0,6.0,5.0,4.0,1.77,3.97,4.46,1.73,2.15,1.77,3.97,4.46,1.8,3.86,4.42,1.73,2.15,1.8,2.05,0.5426805160095993,0.24195075902694982,0.21536872496345086,0.5337429454531802,0.2488956740455245,0.21736138050129514,-0.8937570556419083,0.6944915018574693,0.1992655537844279,J Smith,football-data.co.uk,proxy_shots,,,,,,,,
2024-08-31,Everton,Bournemouth,2,3,18.0,17.0,8.0,4.0,2.0,1.0,6.0,1.0,2.63,2.5,2.63,2.5,8.0,7.0,4.0,6.0,2.78,3.4,2.59,1.87,1.95,2.78,3.4,2.59,2.96,3.45,2.43,1.87,1.95,1.84,2.0,0.34590033859424474,0.2828243944976471,0.3712752669081082,0.3250892846756087,0.2789171833738556,0.39599353195053566,-2.0811053918636024,-0.39072111237914986,2.4718265042427467,S Attwell,football-data.co.uk,proxy_shots,,,,,,,,
2024-08-31,Ipswich,Fulham,1,1,11.0,9.0,8.0,6.0,2.0,3.0,15.0,15.0,1.43,1.31,1.43,1.31,4.0,4.0,3.0,3.0,3.1,3.5,2.31,1.82,2.03,3.1,3.5,2.31,3.03,3.41,2.4,1.82,2.03,1.9,1.94,0.3098175965665236,0.2744098712446352,0.4157725321888412,0.3173532183199358,0.2819883435511452,0.40065843812891894,0.7535621753412214,0.7578472306510042,-1.5114094059922256,L Smith,football-data.co.uk,proxy_shots,,,,,,,,
2024-08-31,Leicester,Aston Villa,1,2,9.0,10.0,1.0,4.0,4.0,5.0,13.0,21.0,1.14,1.65,1.14,1.65,3.0,5.0,3.0,2.0,4.62,4.02,1.74,1.69,2.21,4.62,4.02,1.74,4.0,3.76,1.91,1.69,2.21,1.78,2.08,0.20814140332083558,0.23920728441349765,0.5526513122656669,0.2404961555978246,0.25584697404023893,0.5036568703619363,3.235475227698903,1.6639689626741283,-4.899444190373059,D Coote,football-data.co.uk,proxy_shots,,,,,,,,
2024-08-31,Nott'm Forest,Wolves,1,1,16.0,11.0,7.0,3.0,3.0,4.0,15.0,18.0,1.88,1.25,1.88,1.25,5.0,3.0,2.0,4.0,2.03,3.66,3.65,1.83,2.02,2.03,3.66,3.65,2.0,3.61,3.73,1.83,2.02,1.86,1.97,0.4737519637708657,0.26276406733739266,0.2634839688917417,0.4784209086419402,0.26505313498168437,0.2565259563763755,0.46689448710744985,0.2289067644291709,-0.6958012515366208,S Hooper,football-data.co.uk,proxy_shots,,,,,,,,
2024-08-31,West Ham,Man City,1,3,10.0,23.0,3.0,11.0,3.0,2.0,10.0,3.0,1.01,3.0,1.01,3.0,2.0,8.0,5.0,1.0,7.57,5.49,1.38,1.46,2.73,7.57,5.49,1.38,7.32,5.14,1.4,1.46,2.73,1.51,2.58,0.12715563902581475,0.17533118168040396,0.6975131792937812,0.13067290371317333,0.1860944854436632,0.6832326108431634,0.3517264687358579,1.0763303763259235,-1.4280568450617759,M Oliver,football-data.co.uk,proxy_shots,,,,,,,,
2024-09-01,Chelsea,Crystal Palace,1,1,13.0,9.0,4.0,5.0,4.0,2.0,9.0,13.0,2.08,1.14,2.08,1.14,7.0,3.0,2.0,6.0,1.63,4.4,5.01,1.52,2.56,1.63,4.4,5.01,1.65,4.3,4.97,1.52,2.56,1.54,2.53,0.5896908429925393,0.21845365319950885,0.1918555038079519,0.5828481038550175,0.22365101659552997,0.1935008795494525,-0.6842739137521758,0.5197363396021115,0.16453757415005876,J Gillett,football-data.co.uk,proxy_shots,,,,,,,,
2024-09-01,Man United,Liverpool,0,3,8.0,11.0,5.0,2.0,4.0,1.0,7.0,7.0,0.98,1.45,0.98,1.45,3.0,3.0,0.0,3.0,3.82,4.2,1.85,1.43,2.84,3.82,4.2,1.85,3.56,4.04,1.95,1.43,2.84,1.45,2.75,0.25161102295910104,0.2288462161199443,0.5195427609209545,0.26977234747828943,0.237720187381859,0.4925074651398515,1.8161324519188393,0.8873971261914693,-2.7035295781103033,A Taylor,football-data.co.uk,proxy_shots,,,,,,,,
2024-09-01,Newcastle,Tottenham,2,1,9.0,20.0,7.0,12.0,4.0,4.0,16.0,13.0,1.24,2.28,1.24,2.28,3.0,6.0,5.0,1.0,2.51,3.97,2.56,1.38,3.07,2.51,3.97,2.56,2.46,3.89,2.64,1.38,3.07,1.4,3.01,0.38274427100005654,0.24198693204285687,0.37526879695708665,0.389983822825765,0.2466221604502267,0.3633940167240083,0.7239551825708457,0.46352284073698236,-1.1874780233078364,R Jones,football-data.co.uk,proxy_shots,,,,,,,,
2024-09-14,Aston Villa,Everton,3,2,17.0,6.0,6.0,2.0,1.0,4.0,10.0,12.0,2.67,0.89,2.67,0.89,8.0,2.0,0.0,5.0,1.51,4.48,6.34,1.67,2.23,1.51,4.48,6.34,1.68,3.94,5.24,1.67,2.23,1.78,2.07,0.6348303808106139,0.21397184710357742,0.15119777208580865,0.5724076743928136,0.24407230786292558,0.18352001774426083,-6.242270641780035,3.010046075934816,3.2322245658452182,C Pawson,football-data.co.uk,proxy_shots,,,,,,,,
2024-09-14,Bournemouth,Chelsea,0,1,19.0,10.0,6.0,3.0,6.0,8.0,16.0,9.0,2.3,1.19,2.3,1.19,7.0,3.0,2.0,7.0,3.33,3.96,2.05,1.45,2.76,3.33,3.96,2.05,3.11,3.8,2.19,1.45,2.76,1.47,2.73,0.28857535911955723,0.24266564289599132,0.46875899798445153,0.3087837511919825,0.2527151226860698,0.4385011261219477,2.020839207242525,1.0049479790078504,-3.025787186250384,A Taylor,football-data.co.uk,proxy_shots,,,,,,,,
2024-09-14,Brighton,Ipswich,0,0,21.0,6.0,9.0,2.0,4.0,3.0,14.0,16.0,2.24,0.51,2.24,0.51,6.0,1.0,1.0,6.0,1.38,5.16,7.89,1.56,2.46,1.38,5.16,7.89,1.48,4.7,6.48,1.56,2.46,1.62,2.34,0.6933145326916593,0.18542132851056,0.1212641387977807,0.6479669123278812,0.20404064473303493,0.14799244293908398,-4.534762036377815,1.8619316222474924,2.6728304141303285,S Barrott,football-data.co.uk,proxy_shots,,,,,,,,
2024-09-14,Crystal Palace,Leicester,2,2,20.0,9.0,5.0,2.0,0.0,3.0,11.0,15.0,2.02,1.41,2.02,1.41,4.0,4.0,2.0,2.0,1.63,4.14,5.38,1.76,2.1,1.63,4.14,5.38,1.67,3.98,5.27,1.76,2.1,1.85,2.0,0.5893815425976693,0.23205118706140124,0.17856727034092956,0.5758756359463074,0.24163625930410382,0.18248810474958885,-1.3505906651361865,0.958507224270258,0.3920834408659285,T Harrington,football-data.co.uk,proxy_shots,,,,,,,,
2024-09-14,Fulham,West Ham,1,1,21.0,11.0,3.0,2.0,2.0,3.0,15.0,18.0,2.15,1.25,2.15,1.25,5.0,3.0,2.0,4.0,2.42,3.48,2.92,1.72,2.16,2.42,3.48,2.92,2.33,3.39,3.15,1.72,2.16,1.82,2.03,0.39616992077849167,0.27549747364481314,0.32833260557669514,0.4120316243966246,0.28319577724015793,0.3047725983632175,1.5861703618132938,0.7698303595344791,-2.356000721347762,T Robinson,football-data.co.uk,proxy_shots,,,,,,,,
2024-09-14,Liverpool,Nott'm Forest,0,1,14.0,5.0,7.0,2.0,4.0,4.0,15.0,6.0,1.67,0.92,1.67,0.92,5.0,3.0,2.0,5.0,1.22,7.03,12.4,1.41,2.91,1.22,7.03,12.4,1.23,6.75,11.99,1.41,2.91,1.41,2.98,0.7862073692735889,0.13643997020110646,0.07735266052530472,0.7783265870188022,0.14182840030120394,0.07984501267999389,-0.7880782254786722,0.5388430100097485,0.24923521546891675,M Oliver,football-data.co.uk,proxy_shots,,,,,,,,
2024-09-14,Man City,Brentford,2,1,18.0,8.0,12.0,3.0,3.0,1.0,9.0,3.0,2.45,1.44,2.45,1.44,7.0,5.0,4.0,5.0,1.17,8.2,14.79,1.35,3.22,1.17,8.2,14.79,1.19,7.64,13.85,1.35,3.22,1.41,2.96,0.8184709700539154,0.11678183353208306,0.06474719641400142,0.8053606480392672,0.125442299890933,0.06919705206979986,-1.3110322014648235,0.8660466358849941,0.4449855655798432,D Bond,football-data.co.uk,proxy_shots,,,,,,,,
2024-09-14,Southampton,Man United,0,3,6.0,20.0,0.0,7.0,3.0,4.0,11.0,14.0,1.05,3.2,1.05,3.2,4.0,10.0,7.0,4.0,4.56,4.04,1.74,1.61,2.36,4.56,4.04,1.74,4.19,4.05,1.8,1.61,2.36,1.57,2.46,0.21055279994249157,0.23765365538063404,0.5517935446768744,0.22923447007216638,0.23715862459317957,0.533606905334654,1.868167012967481,-0.049503078745447016,-1.8186639342220312,S Attwell,football-data.co.uk,proxy_shots,,,,,,,,
2024-09-15,Tottenham,Arsenal,0,1,15.0,7.0,7.0,6.0,5.0,3.0,13.0,10.0,1.72,1.21,1.72,1.21,5.0,4.0,3.0,5.0,2.99,3.59,2.33,1.58,2.41,2.99,3.59,2.33,2.77,3.51,2.53,1.58,2.41,1.61,2.37,0.3209107824519,0.26727666839308667,0.4118125491550133,0.34673637602445817,0.27363525971160946,0.37962836426393254,2.582559357255815,0.6358591318522788,-3.218418489108077,J Gillett,football-data.co.uk,proxy_shots,,,,,,,,
2024-09-15,Wolves,Newcastle,1,2,12.0,14.0,4.0,7.0,3.0,3.0,17.0,6.0,1.66,2.05,1.66,2.05,5.0,6.0,4.0,4.0,3.36,3.69,2.11,1.56,2.47,3.36,3.69,2.11,3.59,3.69,2.04,1.56,2.47,1.64,2.31,0.2854707247588354,0.25994082254463063,0.4545884526965341,0.2679023286106277,0.26064210290302264,0.47145556848634973,-1.756839614820771,0.07012803583920091,1.6867115789815645,C Kavanagh,football-data.co.uk,proxy_shots,,,,,,,,
2024-09-21,Aston Villa,Wolves,3,1,9.0,10.0,6.0,5.0,3.0,6.0,11.0,16.0,1.51,1.37,1.51,1.37,4.0,4.0,3.0,1.0,1.59,4.39,5.35,1.58,2.41,1.59,4.39,5.35,1.62,4.27,5.28,1.58,2.41,1.64,2.31,0.6026336113883678,0.21826593214293963,0.17910045646869252,0.5930461956092865,0.22499644891968248,0.1819573554710311,-0.9587415779081288,0.6730516776742856,0.285689900233857,T Robinson,football-data.co.uk,proxy_shots,,,,,,,,
2024-09-21,Crystal Palace,Man United,0,0,9.0,15.0,4.0,11.0,3.0,1.0,7.0,12.0,1.21,1.91,1.21,1.91,4.0,6.0,6.0,4.0,2.85,3.72,2.36,1.6,2.39,2.85,3.72,2.36,2.85,3.58,2.44,1.6,2.39,1.68,2.25,0.33627505056076484,0.2576300790586505,0.4060948703805847,0.3373680104432995,0.26857509211268255,0.3940568974440179,0.10929598825346609,1.094501305403206,-1.2037972936566832,D Coote,football-data.co.uk,proxy_shots,,,,,,,,
2024-09-21,Fulham,Newcastle,3,1,22.0,15.0,6.0,0.0,6.0,0.0,16.0,8.0,3.49,1.65,3.49,1.65,11.0,4.0,3.0,8.0,2.86,3.51,2.45,1.68,2.22,2.86,3.51,2.45,2.89,3.51,2.45,1.68,2.22,1.68,2.24,0.3353272165052973,0.2732295838191311,0.39144319967557145,0.3330054716754634,0.2741839923481736,0.39281053597636295,-0.23217448298338828,0.09544085290424942,0.13673363007914996,P Bankes,football-data.co.uk,proxy_shots,,,,,,,,
2024-09-21,Leicester,Everton,1,1,12.0,16.0,6.0,1.0,1.0,2.0,11.0,12.0,1.12,1.88,1.12,1.88,2.0,5.0,4.0,1.0,2.52,3.44,2.82,1.86,1.98,2.52,3.44,2.82,2.11,3.5,3.57,1.86,1.98,1.79,2.07,0.38078191238813,0.2789448893075836,0.3402731983042864,0.4558106279206353,0.2747886928321544,0.26940067924721023,7.502871553250534,-0.4156196475429197,-7.087251905707614,D England,football-data.co.uk,proxy_shots,,,,,,,,
2024-09-21,Liverpool,Bournemouth,3,0,19.0,19.0,3.0,9.0,1.0,4.0,10.0,12.0,3.68,2.12,3.68,2.12,13.0,6.0,6.0,10.0,1.29,6.31,9.35,1.36,3.12,1.29,6.31,9.35,1.26,6.7,10.38,1.36,3.12,1.31,3.53,0.7449314961256264,0.1522918589543674,0.10277664492000621,0.7636811659133735,0.1436176520971419,0.09270118198948464,1.874966978774717,-0.8674206857225503,-1.007546293052157,T Harrington,football-data.co.uk,proxy_shots,,,,,,,,
2024-09-21,Southampton,Ipswich,1,1,11.0,13.0,2.0,10.0,4.0,4.0,16.0,16.0,1.25,1.9,1.25,1.9,3.0,6.0,5.0,2.0,2.25,3.52,3.17,1.77,2.06,2.25,3.52,3.17,2.44,3.44,2.95,1.77,2.06,1.8,2.02,0.4257160189081641,0.27211961435891174,0.302164366732924,0.3942563209995493,0.27964692536014546,0.32609675364030516,-3.145969790861475,0.7527311001233716,2.393238690738114,S Allison,football-data.co.uk,proxy_shots,,,,,,,,
2024-09-21,Tottenham,Brentford,3,1,23.0,6.0,9.0,4.0,3.0,1.0,11.0,9.0,3.36,1.51,3.36,1.51,10.0,6.0,5.0,7.0,1.55,4.72,5.41,1.42,2.81,1.55,4.72,5.41,1.47,4.99,6.19,1.42,2.81,1.4,3.0,0.6192348078289486,0.20335041358789627,0.17741477858315532,0.6527121233572893,0.19228192812328965,0.1550059485194209,3.3477315528340768,-1.1068485464606619,-2.2408830063734424,J Brooks,football-data.co.uk,proxy_shots,,,,,,,,
2024-09-21,West Ham,Chelsea,0,3,15.0,12.0,6.0,5.0,5.0,2.0,17.0,9.0,2.08,1.86,2.08,1.86,7.0,5.0,2.0,7.0,3.49,3.89,2.01,1.52,2.54,3.49,3.89,2.01,3.53,3.91,2.0,1.52,2.54,1.51,2.6,0.27521744180725727,0.24691744779108687,0.47786511040165575,0.2726420126698347,0.24614483496790704,0.4812131523622582,-0.2575429137422591,-0.07726128231798357,0.3348041960602455,S Barrott,football-data.co.uk,proxy_shots,,,,,,,,
2024-09-22,Brighton,Nott'm Forest,2,2,14.0,4.0,9.0,1.0,3.0,6.0,12.0,11.0,1.51,0.96,1.51,0.96,3.0,3.0,1.0,1.0,1.86,3.83,4.21,1.83,2.02,1.86,3.83,4.21,1.84,3.75,4.33,1.83,2.02,1.82,2.03,0.5188215723308891,0.2519603458317111,0.22921808183739995,0.5220272177516581,0.2561413548434802,0.22183142740486164,0.32056454207689544,0.4181009011769099,-0.7386654432538303,R Jones,football-data.co.uk,proxy_shots,,,,,,,,
2024-09-22,Man City,Arsenal,2,2,33.0,5.0,8.0,2.0,3.0,6.0,7.0,10.0,4.0,1.02,4.0,1.02,11.0,3.0,1.0,9.0,1.83,3.62,4.52,2.02,1.82,1.83,3.62,4.52,1.78,3.58,4.98,2.02,1.82,2.0,1.85,0.5234527458043546,0.26461837702264346,0.21192887717300204,0.5391892382323409,0.2680885039255773,0.19272225784208166,1.5736492427986248,0.34701269029338566,-1.9206619330920383,M Oliver,football-data.co.uk,proxy_shots,,,,,,,,
2024-09-28,Arsenal,Leicester,4,2,36.0,5.0,17.0,0.0,2.0,4.0,11.0,6.0,4.0,1.02,4.0,1.02,16.0,3.0,1.0,12.0,1.18,7.82,15.12,1.49,2.55,1.18,7.82,15.12,1.2,7.13,15.65,1.49,2.55,1.59,2.4,0.8137110515898687,0.12278504359028708,0.06350390481984425,0.803225585856659,0.13518523184123293,0.06158918230210804,-1.0485465733209631,1.2400188250945854,-0.19147225177362087,S Barrott,football-data.co.uk,proxy_shots,,,,,,,,
2024-09-28,Brentford,West Ham,1,1,8.0,19.0,7.0,7.0,2.0,3.0,2.0,11.0,1.08,1.69,1.08,1.69,3.0,3.0,2.0,2.0,2.23,3.62,3.16,1.66,2.27,2.23,3.62,3.16,2.23,3.57,3.2,1.66,2.27,1.63,2.32,0.43071547446025016,0.26533025084153533,0.30395427469821445,0.4307513640082802,0.2690687791984495,0.30017985679327025,0.0035889548030021423,0.37385283569141836,-0.3774417904944205,S Hooper,football-data.co.uk,proxy_shots,,,,,,,,
2024-09-28,Chelsea,Brighton,4,2,15.0,15.0,8.0,2.0,3.0,2.0,11.0,8.0,2.48,1.92,2.48,1.92,7.0,5.0,3.0,3.0,1.74,4.23,4.35,1.5,2.58,1.74,4.23,4.35,1.77,4.18,4.26,1.5,2.58,1.48,2.71,0.5520751761942051,0.22709475332811274,0.22083007047768208,0.5437921430665493,0.2302660510114336,0.22594180592201699,-0.828303312765577,0.31712976833208617,0.5111735444334908,P Bankes,football-data.co.uk,proxy_shots,,,,,,,,
2024-09-28,Everton,Crystal Palace,2,1,8.0,17.0,5.0,8.0,2.0,1.0,13.0,11.0,1.0,1.94,1.0,1.94,2.0,5.0,4.0,0.0,2.73,3.39,2.63,1.87,1.97,2.73,3.39,2.63,2.75,3.34,2.65,1.87,1.97,1.89,1.95,0.3516999798818949,0.28322741742701274,0.3650726026910925,0.34951724682607066,0.2877761762789504,0.36270657689497904,-0.21827330558242264,0.4548758851937673,-0.23660257961134468,A Madley,football-data.co.uk,proxy_shots,,,,,,,,
2024-09-28,Newcastle,Man City,1,1,11.0,16.0,5.0,6.0,4.0,4.0,14.0,10.0,1.43,2.06,1.43,2.06,4.0,6.0,5.0,3.0,5.09,4.47,1.61,1.49,2.64,5.09,4.47,1.61,4.95,4.2,1.67,1.49,2.64,1.59,2.42,0.18867236963184156,0.21484169159419989,0.5964859387739586,0.19445253046118016,0.22917619661496233,0.5763712729238575,0.5780160829338604,1.4334505020762445,-2.011466585010113,J Gillett,football-data.co.uk,proxy_shots,,,,,,,,
2024-09-28,Nott'm Forest,Fulham,0,1,11.0,14.0,6.0,5.0,2.0,4.0,11.0,15.0,0.78,1.23,0.78,1.23,1.0,2.0,1.0,1.0,2.4,3.34,3.07,2.0,1.85,2.4,3.34,3.07,2.54,3.17,3.03,2.0,1.85,2.19,1.68,0.39994851352300126,0.28738815342970153,0.31266333304729743,0.37885307911064126,0.303560511337864,0.3175864095514947,-2.109543441236,1.617235790816246,0.4923076504197266,J Smith,football-data.co.uk,proxy_shots,,,,,,,,
2024-09-28,Wolves,Liverpool,1,2,8.0,10.0,2.0,10.0,2.0,3.0,16.0,8.0,1.08,1.83,1.08,1.83,3.0,6.0,4.0,2.0,8.05,5.55,1.35,1.45,2.77,8.05,5.55,1.35,8.71,5.91,1.32,1.45,2.77,1.4,3.03,0.1188578227245687,0.1723973825104105,0.7087447947650208,0.1102261407710404,0.16244833944429135,0.7273255197846681,-0.8631681953528301,-0.9949043066119156,1.8580725019647248,A Taylor,football-data.co.uk,proxy_shots,,,,,,,,
2024-09-29,Ipswich,Aston Villa,2,2,15.0,7.0,10.0,0.0,4.0,1.0,10.0,14.0,1.92,1.12,1.92,1.12,5.0,3.0,1.0,3.0,4.15,3.77,1.87,1.73,2.14,4.15,3.77,1.87,3.65,3.58,2.06,1.73,2.14,1.8,2.05,0.23147895810007255,0.2548110546724937,0.5137099872274337,0.2637549712454579,0.26891219135360933,0.46733283740093273,3.2276013145385334,1.4101136681115622,-4.637714982650093,S Attwell,football-data.co.uk,proxy_shots,,,,,,,,
2024-09-29,Man United,Tottenham,0,3,11.0,24.0,5.0,3.0,7.0,3.0,16.0,14.0,0.96,3.42,0.96,3.42,2.0,10.0,7.0,2.0,2.36,3.89,2.77,1.42,2.87,2.36,3.89,2.77,2.11,3.86,3.24,1.42,2.87,1.44,2.86,0.40672406569307246,0.24675290360813648,0.346523030698791,0.454986648428007,0.24871031818214892,0.29630303338984404,4.826258273493456,0.19574145740124393,-5.021999730894694,C Kavanagh,football-data.co.uk,proxy_shots,,,,,,,,
2024-09-30,Bournemouth,Southampton,3,1,14.0,9.0,7.0,4.0,2.0,5.0,19.0,12.0,2.15,1.14,2.15,1.14,6.0,3.0,2.0,3.0,1.65,4.29,4.91,1.49,2.6,1.65,4.29,4.91,1.52,4.52,6.1,1.49,2.6,1.57,2.46,0.581170900482564,0.22352726941637077,0.19530183010106528,0.6307303771754845,0.21210402064308326,0.1571656021814322,4.955947669292049,-1.1423248773287513,-3.8136227919633088,M Oliver,football-data.co.uk,proxy_shots,,,,,,,,
2024-10-05,Arsenal,Southampton,3,1,29.0,8.0,13.0,1.0,0.0,3.0,10.0,9.0,2.97,0.9,2.97,0.9,6.0,2.0,1.0,3.0,1.14,9.2,18.63,1.36,3.13,1.14,9.2,18.63,1.18,7.99,15.31,1.36,3.13,1.44,2.86,0.8438073238671105,0.10455873360962022,0.05163394252326924,0.8164875528047155,0.12058264234162257,0.06292980485366194,-2.7319771062395026,1.602390873200235,1.1295862330392696,T Harrington,football-data.co.uk,proxy_shots,,,,,,,,
2024-10-05,Brentford,Wolves,5,3,19.0,17.0,10.0,3.0,2.0,3.0,9.0,10.0,3.71,2.32,3.71,2.32,12.0,6.0,3.0,7.0,2.09,3.64,3.47,1.78,2.08,2.09,3.64,3.47,2.05,3.6,3.57,1.78,2.08,1.76,2.1,0.45945719825250003,0.2638092154801442,0.2767335862673559,0.46648881145532745,0.26563946207872813,0.2678717264659443,0.7031613202827414,0.183024659858394,-0.8861859801411576,A Madley,football-data.co.uk,proxy_shots,,,,,,,,
2024-10-05,Crystal Palace,Liverpool,0,1,9.0,16.0,3.0,8.0,4.0,2.0,7.0,15.0,1.4,1.7,1.4,1.7,5.0,4.0,3.0,5.0,6.36,4.65,1.49,1.59,2.4,6.36,4.65,1.49,5.03,4.1,1.67,1.59,2.4,1.66,2.27,0.15068868546224465,0.20610323430965072,0.6432080802281047,0.19088321471085945,0.23418111463307884,0.5749356706560619,4.01945292486148,2.8077880323428115,-6.827240957204284,S Hooper,football-data.co.uk,proxy_shots,,,,,,,,
2024-10-05,Everton,Newcastle,0,0,8.0,14.0,0.0,10.0,1.0,2.0,12.0,8.0,0.8,1.31,0.8,1.31,2.0,3.0,3.0,2.0,3.15,3.62,2.23,1.69,2.21,3.15,3.62,2.23,3.67,3.74,1.98,1.69,2.21,1.67,2.23,0.3046252655650356,0.265074471417089,0.43030026301787544,0.26076851564920983,0.2558878215060427,0.4833436628447475,-4.385674991582578,-0.9186649911046285,5.304339982687206,C Pawson,football-data.co.uk,proxy_shots,,,,,,,,
2024-10-05,Leicester,Bournemouth,1,0,6.0,17.0,0.0,9.0,4.0,1.0,12.0,14.0,0.79,1.29,0.79,1.29,2.0,2.0,2.0,1.0,3.24,3.66,2.17,1.69,2.21,3.24,3.66,2.17,3.5,3.79,2.04,1.69,2.21,1.63,2.33,0.2960039356872918,0.26203627093629106,0.4419597933764172,0.27478799854993136,0.25376200393793136,0.4714499975121372,-2.1215937137360417,-0.8274266998359703,2.9490204135719953,D Bond,football-data.co.uk,proxy_shots,,,,,,,,
2024-10-05,Man City,Fulham,3,2,20.0,11.0,8.0,3.0,2.0,1.0,4.0,10.0,2.66,1.52,2.66,1.52,7.0,4.0,2.0,4.0,1.24,6.85,11.11,1.45,2.74,1.24,6.85,11.11,1.26,6.4,10.93,1.45,2.74,1.49,2.68,0.7736147494406546,0.14004121011772433,0.08634404044162121,0.7621056393115425,0.15003954773945993,0.0878548129489976,-1.1509110129112043,0.9998337621735603,0.15107725073763845,P Bankes,football-data.co.uk,proxy_shots,,,,,,,,
2024-10-05,West Ham,Ipswich,4,1,23.0,9.0,5.0,5.0,0.0,1.0,12.0,6.0,4.0,0.95,4.0,0.95,13.0,2.0,1.0,9.0,1.8,3.96,4.25,1.69,2.21,1.8,3.96,4.25,1.91,3.79,3.98,1.69,2.21,1.73,2.15,0.5324601366742596,0.2420273348519362,0.22551252847380407,0.504068518190537,0.2540292532305872,0.24190222857887575,-2.8391618483722625,1.2001918378651029,1.638970010507168,A Taylor,football-data.co.uk,proxy_shots,,,,,,,,
2024-10-06,Aston Villa,Man United,0,0,11.0,10.0,6.0,3.0,1.0,5.0,12.0,11.0,0.78,1.27,0.78,1.27,1.0,4.0,4.0,1.0,2.21,3.82,3.06,1.53,2.52,2.21,3.82,3.06,2.2,3.86,3.06,1.53,2.52,1.47,2.73,0.43463969658659923,0.2514538558786346,0.3139064475347661,0.4368906182958765,0.24900501560904884,0.31410436609507464,0.2250921709277265,-0.2448840269585778,0.019791856030854094,R Jones,football-data.co.uk,proxy_shots,,,,,,,,
2024-10-06,Brighton,Tottenham,3,2,11.0,13.0,4.0,7.0,2.0,2.0,14.0,10.0,1.62,1.45,1.62,1.45,4.0,3.0,1.0,1.0,2.9,4.01,2.23,1.39,3.0,2.9,4.01,2.23,2.89,3.93,2.27,1.39,3.0,1.4,3.03,0.33072715370419,0.23917923833968852,0.4300936079561215,0.33239192074249874,0.2444306999862141,0.42317737927128696,0.16647670383087565,0.5251461646525596,-0.6916228684834547,D Coote,football-data.co.uk,proxy_shots,,,,,,,,
2024-10-06,Chelsea,Nott'm Forest,1,1,22.0,16.0,11.0,3.0,6.0,4.0,12.0,11.0,2.75,2.6,2.75,2.6,8.0,9.0,8.0,7.0,1.48,4.73,6.32,1.55,2.46,1.48,4.73,6.32,1.5,4.6,6.34,1.55,2.46,1.59,2.41,0.6463816500748147,0.20225049516082996,0.15136785476435535,0.6399262737525783,0.20867161100627557,0.15140211524114627,-0.6455376322236472,0.6421115845445607,0.003426047679092048,C Kavanagh,football-data.co.uk,proxy_shots,,,,,,,,
2024-10-19,Bournemouth,Arsenal,2,0,13.0,6.0,7.0,4.0,1.0,3.0,12.0,11.0,1.64,0.51,1.64,0.51,4.0,1.0,1.0,2.0,4.94,4.09,1.68,1.72,2.15,4.94,4.09,1.68,4.85,3.73,1.77,1.72,2.15,1.89,1.96,0.19423886925795053,0.23460636042402827,0.5711547703180212,0.1983976969146951,0.25797019572017993,0.543632107365125,0.4158827656744579,2.3363835296151656,-2.752266295289618,R Jones,football-data.co.uk,proxy_shots,,,,,,,,
2024-10-19,Fulham,Aston Villa,1,3,10.0,14.0,6.0,11.0,5.0,5.0,8.0,11.0,1.37,1.97,1.37,1.97,4.0,5.0,2.0,3.0,2.44,3.5,2.89,1.73,2.14,2.44,3.5,2.89,2.48,3.44,2.89,1.73,2.14,1.81,2.04,0.3934787175277944,0.2743108773622338,0.3322104051099717,0.38773790951638065,0.27953198127925116,0.33273010920436813,-0.5740808011413745,0.5221103917017356,0.05197040943964448,D England,football-data.co.uk,proxy_shots,,,,,,,,
2024-10-19,Ipswich,Everton,0,2,13.0,11.0,5.0,8.0,1.0,1.0,12.0,10.0,1.07,2.25,1.07,2.25,2.0,8.0,6.0,2.0,2.4,3.42,3.01,1.83,2.01,2.4,3.42,3.01,2.38,3.43,3.05,1.83,2.01,1.86,2.0,0.40014459966882016,0.2808032278377685,0.31905217249341145,0.404170159829083,0.28044460069773103,0.31538523947318614,0.4025560160262842,-0.035862714003748186,-0.3666933020225305,M Oliver,football-data.co.uk,proxy_shots,,,,,,,,
2024-10-19,Man United,Brentford,2,1,23.0,8.0,9.0,2.0,2.0,2.0,14.0,5.0,3.45,0.9,3.45,0.9,11.0,2.0,1.0,9.0,1.71,4.28,4.48,1.49,2.58,1.71,4.28,4.48,1.69,4.27,4.72,1.49,2.58,1.51,2.62,0.5614100837383615,0.22430169233471922,0.21428822392691924,0.5701789376900771,0.22566801046750123,0.2041530518424217,0.8768853951715561,0.1366318132782013,-1.0135172084497546,S Barrott,football-data.co.uk,proxy_shots,,,,,,,,
2024-10-19,Newcastle,Brighton,0,1,21.0,10.0,9.0,4.0,2.0,2.0,11.0,9.0,2.24,1.55,2.24,1.55,6.0,5.0,4.0,6.0,2.01,3.88,3.51,1.51,2.56,2.01,3.88,3.51,1.73,4.08,4.6,1.51,2.56,1.51,2.59,0.47831080297969636,0.2477847201003066,0.27390447691999703,0.5555226672665491,0.23555250352233573,0.20892482921111521,7.7211864286852725,-1.2232216577970885,-6.497964770888181,P Bankes,football-data.co.uk,proxy_shots,,,,,,,,
2024-10-19,Southampton,Leicester,2,3,14.0,18.0,10.0,6.0,7.0,3.0,10.0,10.0,2.23,2.01,2.23,2.01,7.0,4.0,1.0,5.0,2.33,3.54,3.03,1.76,2.08,2.33,3.54,3.03,2.2,3.54,3.32,1.76,2.08,1.76,2.11,0.4120026273032115,0.2711768705131307,0.3168205021836577,0.4378054595303373,0.27208248897365594,0.29011205149600666,2.580283222712576,0.0905618460525226,-2.670845068765104,A Taylor,football-data.co.uk,proxy_shots,,,,,,,,
2024-10-19,Tottenham,West Ham,4,1,22.0,11.0,13.0,5.0,1.0,5.0,10.0,15.0,2.87,1.43,2.87,1.43,7.0,4.0,3.0,3.0,1.5,4.91,5.73,1.37,3.08,1.5,4.91,5.73,1.45,5.23,6.17,1.37,3.08,1.34,3.34,0.6380484552425143,0.19492315333274365,0.16702839142474196,0.6612642446274625,0.18333329917969798,0.15540245619283963,2.321578938494817,-1.1589854153045671,-1.1625935231902336,A Madley,football-data.co.uk,proxy_shots,,,,,,,,
2024-10-20,Liverpool,Chelsea,2,1,9.0,12.0,1.0,6.0,4.0,3.0,12.0,13.0,1.59,1.12,1.59,1.12,5.0,2.0,1.0,3.0,1.63,4.39,4.89,1.4,2.93,1.63,4.39,4.89,1.67,4.45,4.63,1.4,2.93,1.39,3.04,0.5866369710467706,0.21781737193763923,0.1955456570155902,0.5760461429637852,0.21617911432573508,0.20777474271047972,-1.0590828082985393,-0.16382576119041425,1.2229085694889508,J Brooks,football-data.co.uk,proxy_shots,,,,,,,,
2024-10-20,Wolves,Man City,1,2,3.0,22.0,1.0,18.0,4.0,1.0,8.0,5.0,0.62,2.67,0.62,2.67,2.0,7.0,5.0,1.0,8.88,5.85,1.31,1.45,2.75,8.88,5.85,1.31,8.3,5.48,1.35,1.45,2.75,1.49,2.67,0.10756650005684665,0.16328043085552107,0.7291530690876322,0.1154368280618534,0.1748404512615663,0.7097227206765803,0.7870328005006755,1.1560020406045228,-1.9430348411051956,C Kavanagh,football-data.co.uk,proxy_shots,,,,,,,,
2024-10-21,Nott'm Forest,Crystal Palace,1,0,20.0,20.0,6.0,6.0,2.0,3.0,9.0,12.0,2.28,2.36,2.28,2.36,6.0,7.0,7.0,5.0,2.36,3.31,3.11,2.14,1.73,2.36,3.31,3.11,2.36,3.26,3.23,2.14,1.73,2.31,1.64,0.40455801267817637,0.28844619635060303,0.3069957909712206,0.4074022486864607,0.29492923524541326,0.2976685160681261,0.28442360082843177,0.6483038894810222,-0.9327274903094485,T Robinson,football-data.co.uk,proxy_shots,,,,,,,,
2024-10-25,Leicester,Nott'm Forest,1,3,11.0,20.0,6.0,7.0,5.0,2.0,16.0,9.0,0.88,2.3,0.88,2.3,1.0,5.0,2.0,0.0,3.09,3.32,2.41,2.06,1.79,3.09,3.32,2.41,2.96,3.35,2.45,2.06,1.79,2.0,1.85,0.311247174883008,0.2896848705989442,0.39906795451804755,0.32344190262260847,0.2857874721680361,0.39077062520935546,1.2194727739600453,-0.38973984309080834,-0.8297329308692092,C Pawson,football-data.co.uk,proxy_shots,,,,,,,,
2024-10-26,Aston Villa,Bournemouth,1,1,18.0,11.0,9.0,7.0,7.0,6.0,12.0,14.0,2.53,1.25,2.53,1.25,8.0,3.0,2.0,7.0,1.86,3.97,3.97,1.6,2.39,1.86,3.97,3.97,1.81,3.93,4.32,1.6,2.39,1.63,2.33,0.5162548764629389,0.24187256176853056,0.24187256176853056,0.5320447131159101,0.24503840476839622,0.22291688211569377,1.5789836652971179,0.31658429998656645,-1.8955679652836788,A Madley,football-data.co.uk,proxy_shots,,,,,,,,
2024-10-26,Brentford,Ipswich,4,3,20.0,11.0,5.0,5.0,0.0,3.0,7.0,10.0,3.12,1.8,3.12,1.8,9.0,5.0,2.0,5.0,1.67,4.27,4.86,1.65,2.28,1.67,4.27,4.86,1.66,4.16,5.07,1.65,2.28,1.68,2.24,0.5764612089679522,0.22545438383524125,0.1980844071968066,0.579221706533381,0.23113173866476258,0.1896465548018565,0.27604975654288433,0.5677354829521336,-0.8437852394950096,L Smith,football-data.co.uk,proxy_shots,,,,,,,,
2024-10-26,Brighton,Wolves,2,2,19.0,14.0,9.0,6.0,3.0,3.0,12.0,10.0,2.33,2.23,2.33,2.23,6.0,7.0,5.0,4.0,1.64,4.32,4.94,1.56,2.43,1.64,4.32,4.94,1.57,4.37,5.67,1.56,2.43,1.61,2.37,0.5842440701723647,0.22179635997284214,0.19395956985479315,0.6111857960025356,0.21957933632127713,0.16923486767618712,2.694172583017096,-0.22170236515650088,-2.4724702178606033,M Oliver,football-data.co.uk,proxy_shots,,,,,,,,
2024-10-26,Everton,Fulham,1,1,10.0,14.0,4.0,2.0,1.0,0.0,8.0,8.0,1.55,1.41,1.55,1.41,5.0,3.0,2.0,4.0,2.76,3.37,2.6,1.89,1.95,2.76,3.37,2.6,2.76,3.38,2.63,1.89,1.95,1.83,2.02,0.34715838853846404,0.28431962978224345,0.36852198167929245,0.34891863249205163,0.28491580641362796,0.36616556109432036,0.17602439535875924,0.059617663138450405,-0.23564205849720965,J Brooks,football-data.co.uk,proxy_shots,,,,,,,,
2024-10-26,Man City,Southampton,1,0,22.0,5.0,12.0,1.0,1.0,3.0,9.0,9.0,2.75,0.64,2.75,0.64,8.0,2.0,2.0,7.0,1.11,10.94,21.04,1.27,3.73,1.11,10.94,21.04,1.12,10.03,20.56,1.27,3.73,1.24,4.11,0.8663865754977692,0.08790576771503875,0.04570765678719221,0.8575301816052722,0.09575611200377916,0.046713706390948684,-0.8856393892497039,0.7850344288740416,0.10060496037564773,T Harrington,football-data.co.uk,proxy_shots,,,,,,,,
2024-10-27,Arsenal,Liverpool,2,2,9.0,9.0,1.0,3.0,2.0,2.0,14.0,14.0,1.24,1.41,1.24,1.41,3.0,4.0,2.0,1.0,2.49,3.37,2.89,1.89,1.94,2.49,3.37,2.89,2.26,3.38,3.32,1.89,1.94,1.88,1.96,0.3845467431603801,0.2841309764003996,0.3313222804392203,0.42564748365170163,0.2846045304890076,0.2897479858592909,4.110074049132151,0.0473554088607997,-4.157429457992939,A Taylor,football-data.co.uk,proxy_shots,,,,,,,,
2024-10-27,Chelsea,Newcastle,2,1,17.0,11.0,7.0,4.0,6.0,3.0,13.0,16.0,2.4,1.25,2.4,1.25,7.0,3.0,2.0,5.0,1.76,4.26,4.15,1.44,2.78,1.76,4.26,4.15,1.79,4.11,4.16,1.44,2.78,1.5,2.62,0.5442941324975525,0.22487269323842543,0.23083317426402222,0.5359598005071957,0.23342288148610224,0.230617318006702,-0.8334331990356825,0.855018824767681,-0.021585625732023495,S Hooper,football-data.co.uk,proxy_shots,,,,,,,,
2024-10-27,Crystal Palace,Tottenham,1,0,14.0,11.0,8.0,8.0,4.0,4.0,16.0,12.0,1.95,1.15,1.95,1.15,6.0,3.0,3.0,5.0,3.97,3.97,1.85,1.59,2.4,3.97,3.97,1.85,3.73,3.97,1.93,1.59,2.4,1.52,2.59,0.24119947848761408,0.24119947848761408,0.5176010430247717,0.25825185125265004,0.2426396486580314,0.4991085000893185,1.7052372765035961,0.14401701704173098,-1.8492542935453216,D Bond,football-data.co.uk,proxy_shots,,,,,,,,
2024-10-27,West Ham,Man United,2,1,12.0,18.0,6.0,5.0,5.0,1.0,6.0,7.0,1.4,1.99,1.4,1.99,3.0,5.0,4.0,1.0,2.89,3.71,2.33,1.51,2.53,2.89,3.71,2.33,3.3,3.69,2.15,1.51,2.53,1.63,2.32,0.3312005026839183,0.25799715707723014,0.4108023402388515,0.29161382808623254,0.26079285438606165,0.44759331752770576,-3.958667459768578,0.2795697308831502,3.6790977288854276,D Coote,football-data.co.uk,proxy_shots,,,,,,,,
2024-11-02,Bournemouth,Man City,2,1,12.0,18.0,3.0,10.0,2.0,1.0,11.0,6.0,1.94,1.81,1.94,1.81,6.0,4.0,3.0,4.0,5.32,4.44,1.59,1.57,2.42,5.32,4.44,1.59,5.83,4.45,1.55,1.57,2.42,1.56,2.48,0.18037159676232523,0.21612092224675003,0.6035074809909247,0.16470658468151156,0.21578413229060953,0.619509283027879,-1.5665012080813667,-0.03367899561405041,1.6001802036954338,M Oliver,football-data.co.uk,proxy_shots,,,,,,,,
2024-11-02,Ipswich,Leicester,1,1,14.0,20.0,4.0,6.0,6.0,2.0,11.0,10.0,1.23,2.28,1.23,2.28,2.0,6.0,5.0,1.0,2.27,3.61,3.09,1.71,2.18,2.27,3.61,3.09,2.36,3.59,2.97,1.71,2.18,1.69,2.22,0.42311266542506987,0.2660569946024678,0.31083033997246234,0.40783127230443816,0.26810078067924065,0.3240679470163212,-1.5281393120631703,0.20437860767728577,1.3237607043858846,T Robinson,football-data.co.uk,proxy_shots,,,,,,,,
2024-11-02,Liverpool,Brighton,2,1,16.0,13.0,10.0,7.0,1.0,1.0,10.0,18.0,2.52,1.71,2.52,1.71,8.0,5.0,4.0,6.0,1.39,5.4,7.12,1.39,2.99,1.39,5.4,7.12,1.38,5.57,7.49,1.39,2.99,1.39,3.06,0.6884055376109205,0.17720068468132952,0.13439377770774993,0.6983232929542149,0.17301367042671748,0.1286630366190676,0.9917755343294421,-0.41870142546120426,-0.5730741088682323,T Harrington,football-data.co.uk,proxy_shots,,,,,,,,
2024-11-02,Newcastle,Arsenal,1,0,9.0,10.0,4.0,6.0,4.0,4.0,16.0,18.0,1.31,0.73,1.31,0.73,4.0,1.0,1.0,3.0,3.77,3.69,1.98,1.82,2.02,3.77,3.69,1.98,3.99,3.61,1.95,1.82,2.02,1.89,1.95,0.25473030217452697,0.26025291035175246,0.48501678747372046,0.2408816071776867,0.26623756582796954,0.49288082699434366,-1.3848694996840272,0.5984655476217071,0.78640395206232,J Brooks,football-data.co.uk,proxy_shots,,,,,,,,
2024-11-02,Nott'm Forest,West Ham,3,0,19.0,4.0,11.0,6.0,1.0,4.0,7.0,9.0,2.42,0.58,2.42,0.58,6.0,2.0,2.0,3.0,2.15,3.52,3.43,1.86,1.98,2.15,3.52,3.43,2.05,3.48,3.78,1.86,1.98,1.99,1.85,0.44690388323999386,0.2729668605017008,0.28012925625830515,0.4691733184960089,0.27638083417149945,0.25444584733249165,2.226943525601505,0.341397366979862,-2.5683408925813502,P Bankes,football-data.co.uk,proxy_shots,,,,,,,,
2024-11-02,Southampton,Everton,1,0,9.0,16.0,3.0,6.0,4.0,2.0,14.0,18.0,0.95,1.78,0.95,1.78,2.0,5.0,5.0,1.0,2.65,3.48,2.66,1.83,2.02,2.65,3.48,2.66,2.7,3.32,2.71,1.83,2.02,1.94,1.9,0.36261644168318463,0.27613033633920664,0.36125322197760873,0.35592724165486467,0.2894589013458237,0.3546138569993117,-0.6689200028319964,1.3328565006617055,-0.6639364978297035,A Madley,football-data.co.uk,proxy_shots,,,,,,,,
2024-11-02,Wolves,Crystal Palace,2,2,11.0,19.0,3.0,6.0,1.0,2.0,7.0,9.0,1.89,2.5,1.89,2.5,6.0,7.0,5.0,4.0,2.53,3.4,2.85,1.89,1.95,2.53,3.4,2.85,2.43,3.34,3.03,1.89,1.95,1.96,1.89,0.3799627487501226,0.2827369865699441,0.33730026467993335,0.3953311223353763,0.287621145890708,0.31704773177391565,1.5368373585253725,0.4884159320763859,-2.0252532906017695,A Taylor,football-data.co.uk,proxy_shots,,,,,,,,
2024-11-03,Man United,Chelsea,1,1,11.0,12.0,4.0,8.0,6.0,2.0,19.0,14.0,1.43,1.3,1.43,1.3,4.0,3.0,2.0,3.0,2.58,3.78,2.56,1.44,2.79,2.58,3.78,2.56,2.65,3.6,2.58,1.44,2.79,1.48,2.67,0.37169854805254665,0.2536990089882462,0.37460244295920725,0.3618936294564582,0.2663939216832262,0.37171244886031557,-0.9804918596088452,1.2694912694979965,-0.28899940988916795,R Jones,football-data.co.uk,proxy_shots,,,,,,,,
2024-11-03,Tottenham,Aston Villa,4,1,16.0,12.0,6.0,4.0,2.0,0.0,14.0,14.0,2.36,0.94,2.36,0.94,6.0,1.0,0.0,2.0,1.93,4.07,3.55,1.44,2.78,1.93,4.07,3.55,1.94,4.02,3.61,1.44,2.78,1.45,2.79,0.49557367321669277,0.23500176641479528,0.2694245603685118,0.4950536255219278,0.23890647599814424,0.2660398984799279,-0.052004769476499124,0.39047095833489587,-0.3384661888583884,C Pawson,football-data.co.uk,proxy_shots,,,,,,,,
2024-11-04,Fulham,Brentford,2,1,26.0,5.0,11.0,3.0,2.0,1.0,3.0,10.0,3.79,0.73,3.79,0.73,12.0,2.0,1.0,10.0,2.03,3.73,3.52,1.67,2.23,2.03,3.73,3.52,2.02,3.74,3.62,1.67,2.23,1.71,2.18,0.47148895217096215,0.2566012259804432,0.27190982184859463,0.47661761599662045,0.2574244877842709,0.2659578962191087,0.5128663825658297,0.08232618038276907,-0.5951925629485932,S Attwell,football-data.co.uk,proxy_shots,,,,,,,,
2024-11-09,Brentford,Bournemouth,3,2,12.0,15.0,6.0,4.0,2.0,4.0,8.0,16.0,2.04,1.56,2.04,1.56,6.0,3.0,1.0,3.0,2.53,3.59,2.72,1.6,2.39,2.53,3.59,2.72,2.6,3.58,2.66,1.6,2.39,1.64,2.31,0.37952357447403917,0.26746368897474065,0.3530127365512202,0.3698634393400345,0.26861590566594684,0.3615206549940187,-0.9660135134004655,0.11522166912061871,0.8507918442798523,D Bond,football-data.co.uk,proxy_shots,,,,,,,,
2024-11-09,Brighton,Man City,2,1,10.0,15.0,0.0,4.0,3.0,3.0,12.0,10.0,1.47,2.0,1.47,2.0,4.0,6.0,5.0,2.0,4.34,4.17,1.75,1.53,2.5,4.34,4.17,1.75,4.11,4.13,1.8,1.53,2.5,1.47,2.75,0.22120138343694967,0.23021918563941524,0.5485794309236351,0.23372728044444022,0.23259542920742116,0.5336772903481386,1.2525897007490543,0.23762435680059202,-1.4902140575496547,S Barrott,football-data.co.uk,proxy_shots,,,,,,,,
2024-11-09,Crystal Palace,Fulham,0,2,13.0,17.0,1.0,8.0,3.0,1.0,10.0,11.0,1.61,2.4,1.61,2.4,5.0,7.0,5.0,5.0,2.7,3.48,2.61,1.93,1.91,2.7,3.48,2.61,3.35,3.34,2.26,1.93,1.91,2.08,1.78,0.3558282208588957,0.27607361963190186,0.3680981595092025,0.28691976707059336,0.28777880828936764,0.4253014246400389,-6.890845378830235,1.1705188657465782,5.72032651308364,M Salisbury,football-data.co.uk,proxy_shots,,,,,,,,
2024-11-09,Liverpool,Aston Villa,2,0,14.0,12.0,2.0,9.0,0.0,3.0,11.0,15.0,1.87,1.02,1.87,1.02,5.0,2.0,2.0,3.0,1.42,5.26,6.7,1.43,2.83,1.42,5.26,6.7,1.48,4.74,6.41,1.43,2.83,1.57,2.45,0.6748083300781998,0.18217259100970415,0.14301907891209606,0.648035422540919,0.2023401741267004,0.14962440333238067,-2.67729075372809,2.0167583116996264,0.6605324420284608,D Coote,football-data.co.uk,proxy_shots,,,,,,,,
2024-11-09,West Ham,Everton,0,0,11.0,18.0,7.0,6.0,1.0,2.0,10.0,9.0,1.69,1.71,1.69,1.71,6.0,4.0,4.0,6.0,2.18,3.47,3.38,1.81,2.03,2.18,3.47,3.38,2.16,3.44,3.49,1.81,2.03,1.92,1.93,0.4399060821556095,0.2763675098268671,0.28372640801752336,0.4450738477964292,0.27946497419775795,0.27546117800581293,0.5167765640819721,0.3097464370890868,-0.8265230011710423,S Attwell,football-data.co.uk,proxy_shots,,,,,,,,
2024-11-09,Wolves,Southampton,2,0,8.0,9.0,1.0,9.0,1.0,4.0,14.0,12.0,1.36,0.49,1.36,0.49,4.0,0.0,0.0,2.0,1.96,3.84,3.67,1.66,2.26,1.96,3.84,3.67,1.92,3.79,3.93,1.66,2.26,1.71,2.19,0.4891227388207855,0.24965639793977595,0.2612208632394386,0.5012164713245909,0.25391441291377687,0.24486911576163214,1.209373250380541,0.4258014974000912,-1.635174747780646,T Bramall,football-data.co.uk,proxy_shots,,,,,,,,
2024-11-10,Chelsea,Arsenal,1,1,17.0,13.0,4.0,3.0,4.0,2.0,12.0,12.0,1.58,1.35,1.58,1.35,3.0,3.0,2.0,2.0,2.75,3.49,2.53,1.71,2.17,2.75,3.49,2.53,3.01,3.41,2.41,1.71,2.17,1.81,2.05,0.34783550721497597,0.2740824197252676,0.37808207305975655,0.3193194048872604,0.28186258319960517,0.3988180119131343,-2.8516102327715567,0.7780163474337576,2.0735938853377767,M Oliver,football-data.co.uk,proxy_shots,,,,,,,,
2024-11-10,Man United,Leicester,3,0,13.0,6.0,1.0,5.0,0.0,1.0,9.0,5.0,1.55,1.23,1.55,1.23,3.0,5.0,5.0,0.0,1.39,5.35,7.46,1.46,2.72,1.39,5.35,7.46,1.33,5.66,8.87,1.46,2.72,1.48,2.68,0.6914959050122235,0.17965968373214777,0.12884441125562876,0.7220602596610628,0.16967140377194587,0.10826833656699139,3.056435464883933,-0.9988279960201907,-2.057607468863737,P Bankes,football-data.co.uk,proxy_shots,,,,,,,,
2024-11-10,Nott'm Forest,Newcastle,1,3,9.0,17.0,4.0,5.0,1.0,1.0,13.0,6.0,1.14,2.32,1.14,2.32,3.0,6.0,3.0,2.0,2.69,3.31,2.72,1.94,1.9,2.69,3.31,2.72,2.76,3.3,2.67,1.94,1.9,1.93,1.92,0.3569313230705799,0.29007409639270687,0.3529945805367132,0.348423375329205,0.29140864118442594,0.36016798348636914,-0.8507947741374922,0.13345447917190723,0.717340294965596,A Taylor,football-data.co.uk,proxy_shots,,,,,,,,
2024-11-10,Tottenham,Ipswich,1,2,17.0,8.0,12.0,2.0,1.0,5.0,10.0,19.0,1.94,1.18,1.94,1.18,5.0,3.0,1.0,4.0,1.26,6.76,9.98,1.3,3.49,1.26,6.76,9.98,1.25,6.71,10.56,1.3,3.49,1.32,3.44,0.7618217378146555,0.1419963594151577,0.09618190277018696,0.7664830261420021,0.14278744898323437,0.0907295248747635,0.4661288327346691,0.07910895680766639,-0.5452377895423453,D England,football-data.co.uk,proxy_shots,,,,,,,,
2024-11-23,Arsenal,Nott'm Forest,3,0,19.0,7.0,8.0,1.0,3.0,2.0,10.0,1.0,2.6,0.39,2.6,0.39,7.0,0.0,0.0,4.0,1.37,4.97,8.9,1.81,2.03,1.37,4.97,8.9,1.41,4.75,8.43,1.81,2.03,1.83,2.0,0.6995029643440568,0.19282073665017263,0.10767629900577054,0.6830125728555273,0.20274689004764074,0.11424053709683198,-1.6490391488529488,0.9926153397468107,0.6564238091061436,S Hooper,football-data.co.uk,proxy_shots,,,,,,,,
2024-11-23,Aston Villa,Crystal Palace,2,2,17.0,13.0,10.0,1.0,3.0,2.0,10.0,11.0,2.04,1.99,2.04,1.99,5.0,6.0,4.0,3.0,1.63,4.11,5.45,1.75,2.11,1.63,4.11,5.45,1.73,3.83,4.95,1.75,2.11,1.84,2.01,0.5897352187729548,0.23388525708027158,0.17637952414677363,0.5551878739248973,0.2507767681175123,0.19403535795759033,-3.4547344848057437,1.6891511037240736,1.7655833810816701,T Robinson,football-data.co.uk,proxy_shots,,,,,,,,
2024-11-23,Bournemouth,Brighton,1,2,19.0,6.0,7.0,0.0,2.0,4.0,13.0,10.0,2.04,1.25,2.04,1.25,5.0,4.0,2.0,4.0,2.41,3.62,2.86,1.57,2.41,2.41,3.62,2.86,2.46,3.56,2.84,1.57,2.41,1.57,2.45,0.3986599922988062,0.26540623796688484,0.3359337697343088,0.3910514264496565,0.27022092951296495,0.3387276440373786,-0.7608565849149707,0.48146915460801076,0.2793874303069821,S Attwell,football-data.co.uk,proxy_shots,,,,,,,,
2024-11-23,Everton,Brentford,0,0,27.0,9.0,10.0,4.0,0.0,2.0,8.0,10.0,2.38,0.85,2.38,0.85,5.0,2.0,2.0,5.0,2.46,3.41,2.94,1.84,2.01,2.46,3.41,2.94,2.36,3.38,3.13,1.84,2.01,1.86,1.99,0.39090866554370207,0.28200449185850646,0.3270868425977915,0.40779400994487913,0.2847319122692056,0.30747407778591523,1.688534440117706,0.2727420410699122,-1.9612764811876293,C Kavanagh,football-data.co.uk,proxy_shots,,,,,,,,
2024-11-23,Fulham,Wolves,1,4,10.0,10.0,7.0,2.0,3.0,0.0,14.0,14.0,1.19,1.85,1.19,1.85,3.0,5.0,1.0,2.0,1.65,4.09,5.23,1.68,2.21,1.65,4.09,5.23,1.55,4.44,5.85,1.68,2.21,1.61,2.37,0.5817638371767291,0.2346969025285093,0.18353926029476159,0.6195570503416937,0.21628680811478046,0.1641561415435257,3.7793213164964645,-1.8410094413728846,-1.9383118751235884,R Jones,football-data.co.uk,proxy_shots,,,,,,,,
2024-11-23,Leicester,Chelsea,1,2,4.0,16.0,2.0,9.0,4.0,3.0,15.0,12.0,0.5,2.34,0.5,2.34,1.0,7.0,5.0,0.0,6.75,4.81,1.46,1.48,2.64,6.75,4.81,1.46,6.91,4.84,1.45,1.48,2.64,1.56,2.48,0.14231605569752617,0.19971587857760953,0.6579680657248642,0.1390201240444595,0.19847707792297833,0.6625027980325622,-0.3295931653066686,-0.12388006546311947,0.4534732307697964,A Madley,football-data.co.uk,proxy_shots,,,,,,,,
2024-11-23,Man City,Tottenham,0,4,23.0,9.0,9.0,3.0,4.0,2.0,19.0,9.0,2.17,2.15,2.17,2.15,5.0,7.0,3.0,5.0,1.49,5.01,5.92,1.31,3.46,1.49,5.01,5.92,1.41,5.35,6.94,1.31,3.46,1.32,3.45,0.6455384601990646,0.19198648816299524,0.1624750516379402,0.6817927242879362,0.17968742827027853,0.1385198474417853,3.625426408887167,-1.2299059892716708,-2.3955204196154907,J Brooks,football-data.co.uk,proxy_shots,,,,,,,,
2024-11-24,Ipswich,Man United,1,1,11.0,11.0,4.0,3.0,0.0,0.0,11.0,10.0,1.79,1.43,1.79,1.43,6.0,4.0,3.0,5.0,5.06,4.22,1.63,1.56,2.44,5.06,4.22,1.63,5.06,4.09,1.67,1.56,2.44,1.64,2.3,0.1885601815809384,0.22609348786719152,0.5853463305518701,0.1898576547077349,0.23488502024966715,0.575257325042598,0.12974731267965112,0.8791532382475625,-1.0089005509272164,A Taylor,football-data.co.uk,proxy_shots,,,,,,,,
2024-11-24,Southampton,Liverpool,2,3,7.0,27.0,3.0,10.0,3.0,4.0,11.0,9.0,1.48,3.76,1.48,3.76,5.0,11.0,8.0,3.0,10.4,5.96,1.28,1.44,2.8,10.4,5.96,1.28,9.12,5.7,1.32,1.44,2.8,1.4,3.02,0.09199660415219572,0.16053098711121402,0.7474724087365903,0.10516252390057364,0.1682600382409178,0.7265774378585087,1.3165919748377912,0.7729051129703762,-2.0894970878081565,S Barrott,football-data.co.uk,proxy_shots,,,,,,,,
2024-11-25,Newcastle,West Ham,0,2,18.0,15.0,8.0,3.0,1.0,0.0,11.0,8.0,1.35,2.1,1.35,2.1,2.0,6.0,4.0,2.0,1.5,4.57,6.21,1.55,2.45,1.5,4.57,6.21,1.47,4.8,6.5,1.55,2.45,1.5,2.64,0.6370345928255409,0.2090923171199806,0.1538730900544785,0.6525694923762314,0.1998494070402209,0.14758110058354773,1.553489955069054,-0.924291007975972,-0.6291989470930764,C Pawson,football-data.co.uk,proxy_shots,,,,,,,,
2024-11-29,Brighton,Southampton,1,1,22.0,10.0,7.0,6.0,2.0,4.0,20.0,16.0,2.21,1.01,2.21,1.01,5.0,2.0,1.0,4.0,1.39,5.29,7.57,1.43,2.84,1.39,5.29,7.57,1.39,5.45,7.29,1.43,2.84,1.38,3.12,0.6913814922816885,0.18166734863356276,0.1269511590847486,0.6916978155994784,0.17641467223546325,0.13188751216505828,0.03163233177898572,-0.525267639809951,0.493635308030968,R Jones,football-data.co.uk,proxy_shots,,,,,,,,
2024-11-30,Brentford,Leicester,4,1,13.0,7.0,5.0,4.0,1.0,1.0,9.0,10.0,2.19,1.03,2.19,1.03,6.0,3.0,2.0,2.0,1.66,4.24,4.87,1.58,2.41,1.66,4.24,4.87,1.61,4.33,5.27,1.58,2.41,1.59,2.4,0.5772432725585245,0.22599618689791284,0.19676054054356273,0.5961865547052784,0.2216767559065816,0.1821366893881401,1.8943282146753893,-0.43194309913312523,-1.462385115542264,M Oliver,football-data.co.uk,proxy_shots,,,,,,,,
2024-11-30,Crystal Palace,Newcastle,1,1,16.0,1.0,8.0,9.0,3.0,3.0,12.0,11.0,1.7,0.2,1.7,0.2,4.0,0.0,0.0,3.0,3.04,3.56,2.3,1.79,2.08,3.04,3.56,2.3,3.25,3.48,2.24,1.79,2.08,1.86,1.99,0.31489400978371224,0.2688982555456419,0.41620773467064576,0.2954383518032837,0.27591225383927354,0.4286493943574428,-1.9455657980428531,0.701399829363164,1.2441659686797057,D England,football-data.co.uk,proxy_shots,,,,,,,,
2024-11-30,Nott'm Forest,Ipswich,1,0,12.0,7.0,8.0,7.0,1.0,3.0,5.0,16.0,1.66,0.93,1.66,0.93,5.0,3.0,3.0,4.0,1.75,3.82,4.79,1.89,1.94,1.75,3.82,4.79,1.72,3.95,4.86,1.89,1.94,1.77,2.09,0.5484080766544883,0.25123406653019753,0.2003578568153141,0.5588613748973806,0.2433522948920239,0.19778633021059558,1.0453298242892317,-0.7881771638173635,-0.2571526604718516,T Harrington,football-data.co.uk,proxy_shots,,,,,,,,
2024-11-30,West Ham,Arsenal,2,5,12.0,16.0,2.0,10.0,4.0,1.0,10.0,13.0,1.76,2.64,1.76,2.64,5.0,7.0,2.0,3.0,7.09,4.68,1.46,1.7,2.19,7.09,4.68,1.46,7.37,4.78,1.44,1.7,2.19,1.66,2.26,0.13566456337088556,0.20552601587597838,0.6588094207531361,0.1305500658136809,0.20128744457046616,0.6681624896158529,-0.5114497557204667,-0.4238571305512223,0.9353068862716807,A Taylor,football-data.co.uk,proxy_shots,,,,,,,,
2024-11-30,Wolves,Bournemouth,2,4,10.0,12.0,3.0,4.0,4.0,1.0,13.0,11.0,1.29,2.5,1.29,2.5,3.0,8.0,4.0,1.0,2.81,3.61,2.44,1.65,2.27,2.81,3.61,2.44,2.71,3.47,2.62,1.65,2.27,1.75,2.13,0.34129311981525756,0.2656602954794664,0.3930465847052761,0.35519802463733574,0.2774024918637406,0.3673994834989236,1.390490482207818,1.1742196384274206,-2.5647101206352496,P Bankes,football-data.co.uk,proxy_shots,,,,,,,,
2024-12-01,Chelsea,Aston Villa,3,0,17.0,10.0,3.0,4.0,2.0,2.0,21.0,6.0,2.67,1.27,2.67,1.27,8.0,4.0,4.0,5.0,1.71,4.21,4.51,1.53,2.51,1.71,4.21,4.51,1.72,4.08,4.66,1.53,2.51,1.56,2.48,0.56011953401793,0.2275069841260476,0.21237348185602228,0.5584510186338323,0.23542542942406652,0.20612355194210116,-0.16685153840977351,0.7918445298018911,-0.6249929913921121,S Attwell,football-data.co.uk,proxy_shots,,,,,,,,
2024-12-01,Liverpool,Man City,2,0,18.0,8.0,7.0,4.0,1.0,3.0,9.0,8.0,2.45,0.8,2.45,0.8,7.0,2.0,2.0,5.0,2.09,3.7,3.37,1.54,2.42,2.09,3.7,3.37,2.04,3.76,3.5,1.54,2.42,1.52,2.57,0.4576569169728357,0.25851431256033147,0.2838287704668328,0.4704973829476875,0.2552698567056602,0.2742327603466521,1.2840465974851778,-0.32444558546712576,-0.9596010120180687,C Kavanagh,football-data.co.uk,proxy_shots,,,,,,,,
2024-12-01,Man United,Everton,4,0,11.0,8.0,2.0,2.0,2.0,3.0,12.0,12.0,1.9,0.8,1.9,0.8,5.0,2.0,2.0,1.0,1.54,4.33,6.08,1.75,2.11,1.54,4.33,6.08,1.62,4.05,5.68,1.75,2.11,1.8,2.05,0.6215242529120965,0.22105019618582644,0.15742555090207708,0.5933974091099038,0.23735896364396156,0.16924362724613456,-2.812684380219266,1.6308767458135116,1.1818076344057489,J Brooks,football-data.co.uk,proxy_shots,,,,,,,,
2024-12-01,Tottenham,Fulham,1,1,8.0,14.0,7.0,11.0,0.0,3.0,4.0,14.0,1.08,1.95,1.08,1.95,3.0,6.0,5.0,2.0,1.72,4.35,4.24,1.42,2.84,1.72,4.35,4.24,1.95,4.07,3.56,1.42,2.84,1.42,2.92,0.555227762592267,0.2195383337146435,0.2252339036930894,0.4933719698852822,0.23638214773373467,0.2702458823809832,-6.185579270698483,1.684381401909116,4.501197868789378,D Bond,football-data.co.uk,proxy_shots,,,,,,,,
2024-12-03,Ipswich,Crystal Palace,0,1,9.0,13.0,4.0,7.0,2.0,4.0,14.0,13.0,0.85,1.35,0.85,1.35,2.0,3.0,2.0,2.0,3.09,3.37,2.38,1.98,1.86,3.09,3.37,2.38,3.27,3.36,2.29,1.98,1.86,1.99,1.86,0.31101942368766994,0.2851780472388427,0.4038025290734874,0.294017172400353,0.2861417124253436,0.4198411151743033,-1.7002251287316916,0.09636651865008727,1.6038586100815877,C Pawson,football-data.co.uk,proxy_shots,,,,,,,,
2024-12-03,Leicester,West Ham,3,1,8.0,31.0,3.0,9.0,2.0,2.0,9.0,7.0,1.82,3.6,1.82,3.6,6.0,10.0,9.0,3.0,2.9,3.44,2.47,1.79,2.06,2.9,3.44,2.47,2.99,3.47,2.38,1.79,2.06,1.76,2.09,0.33144274803204893,0.2794139445619017,0.3891433074060493,0.32072108457831233,0.2763562083254046,0.40292270709628314,-1.0721663453736596,-0.3057736236497133,1.377939969023384,J Smith,football-data.co.uk,proxy_shots,,,,,,,,
2024-12-04,Arsenal,Man United,2,0,14.0,5.0,13.0,0.0,1.0,3.0,12.0,8.0,2.05,0.64,2.05,0.64,6.0,2.0,2.0,4.0,1.46,4.73,6.92,1.63,2.31,1.46,4.73,6.92,1.45,4.84,6.86,1.63,2.31,1.61,2.37,0.6580459423489061,0.20311777501678707,0.1388362826343068,0.6618321858418017,0.1982761713782257,0.13989164277997262,0.378624349289558,-0.48416036385613703,0.10553601456658179,S Barrott,football-data.co.uk,proxy_shots,,,,,,,,
2024-12-04,Aston Villa,Brentford,3,1,20.0,9.0,10.0,5.0,2.0,2.0,11.0,15.0,3.2,0.78,3.2,0.78,10.0,1.0,0.0,7.0,1.8,4.01,4.24,1.57,2.42,1.8,4.01,4.24,1.69,4.11,4.89,1.57,2.42,1.56,2.48,0.5337870929663071,0.23960517888761912,0.22660772814607372,0.5692182202849787,0.2340581003118282,0.19672367940319305,3.5431127318671596,-0.5547078575790926,-2.988404874288067,L Smith,football-data.co.uk,proxy_shots,,,,,,,,
2024-12-04,Everton,Wolves,4,0,13.0,6.0,3.0,4.0,2.0,0.0,10.0,8.0,1.83,0.69,1.83,0.69,4.0,2.0,2.0,0.0,2.14,3.46,3.51,1.98,1.86,2.14,3.46,3.51,2.11,3.35,3.74,1.98,1.86,2.05,1.81,0.4487960266662725,0.2775790453947466,0.27362492793898097,0.455783970984652,0.28707587426197484,0.25714015475337315,0.6987944318379513,0.9496828867228246,-1.6484773185607815,M Salisbury,football-data.co.uk,proxy_shots,,,,,,,,
2024-12-04,Man City,Nott'm Forest,3,0,17.0,12.0,8.0,2.0,2.0,4.0,7.0,15.0,2.5,1.2,2.5,1.2,7.0,3.0,3.0,4.0,1.37,5.21,8.25,1.59,2.4,1.37,5.21,8.25,1.32,5.64,9.34,1.59,2.4,1.47,2.72,0.6997820024193011,0.1840117741486454,0.11620622343205364,0.7270769842321452,0.17016695375645952,0.10275606201139525,2.7294981812844066,-1.3844820392185875,-1.3450161420658384,M Oliver,football-data.co.uk,proxy_shots,,,,,,,,
2024-12-04,Newcastle,Liverpool,3,3,17.0,16.0,5.0,6.0,2.0,5.0,9.0,17.0,2.32,2.08,2.32,2.08,6.0,5.0,2.0,3.0,4.27,4.04,1.78,1.59,2.38,4.27,4.04,1.78,3.63,3.76,1.99,1.59,2.38,1.63,2.31,0.2244262325778807,0.2372029735414729,0.5383707938806463,0.26388384370955287,0.25476020017704176,0.4813559561134055,3.945761113167218,1.7557226635568857,-5.7014837767240865,A Madley,football-data.co.uk,proxy_shots,,,,,,,,
2024-12-04,Southampton,Chelsea,1,5,6.0,26.0,5.0,7.0,3.0,0.0,7.0,14.0,1.15,4.0,1.15,4.0,4.0,13.0,8.0,3.0,8.39,5.64,1.34,1.43,2.83,8.39,5.64,1.34,8.74,5.8,1.32,1.43,2.83,1.36,3.19,0.11430161615733864,0.170033787156041,0.7156645966866203,0.10955171940107147,0.16508310820092498,0.7253651723980036,-0.47498967562671635,-0.4950678955116028,0.9700575711383275,T Harrington,football-data.co.uk,proxy_shots,,,,,,,,
2024-12-05,Bournemouth,Tottenham,1,0,21.0,12.0,5.0,9.0,2.0,2.0,15.0,8.0,2.69,1.38,2.69,1.38,8.0,4.0,4.0,7.0,2.65,3.92,2.42,1.41,2.9,2.65,3.92,2.42,2.18,3.91,3.05,1.41,2.9,1.45,2.83,0.3608725092629929,0.2439571810068702,0.3951703097301369,0.44008295723347957,0.2453659454652137,0.31455109730130676,7.9210447970486655,0.14087644583435088,-8.061921242883013,S Hooper,football-data.co.uk,proxy_shots,,,,,,,,
2024-12-05,Fulham,Brighton,3,1,6.0,13.0,5.0,6.0,2.0,2.0,7.0,8.0,0.99,1.35,0.99,1.35,2.0,3.0,2.0,0.0,2.33,3.65,2.92,1.62,2.33,2.33,3.65,2.92,2.6,3.58,2.66,1.62,2.33,1.68,2.23,0.410458251335395,0.2620185549620466,0.3275231937025583,0.3698634393400345,0.26861590566594684,0.3615206549940187,-4.059481199536047,0.6597350703900218,3.399746129146042,P Bankes,football-data.co.uk,proxy_shots,,,,,,,,
2024-12-07,Aston Villa,Southampton,1,0,18.0,4.0,14.0,1.0,1.0,3.0,18.0,15.0,1.99,0.22,1.99,0.22,5.0,0.0,0.0,4.0,1.37,5.41,7.78,1.44,2.81,1.37,5.41,7.78,1.32,5.67,9.15,1.44,2.81,1.47,2.73,0.6996298210940474,0.1771705831605998,0.1231995957453528,0.7261813280255981,0.16905808694775828,0.10476058502664366,2.655150693155073,-0.8112496212841519,-1.843901071870914,D Bond,football-data.co.uk,proxy_shots,,,,,,,,
2024-12-07,Brentford,Newcastle,4,2,11.0,16.0,3.0,4.0,3.0,0.0,10.0,7.0,2.44,1.62,2.44,1.62,8.0,3.0,1.0,4.0,2.86,3.74,2.36,1.57,2.45,2.86,3.74,2.36,2.95,3.68,2.33,1.57,2.45,1.59,2.42,0.3359571261095294,0.25690839055434594,0.4071344833361246,0.32597447526792606,0.2613110603370603,0.41271446439501375,-0.9982650841603324,0.44026697827143635,0.5579981058889127,T Robinson,football-data.co.uk,proxy_shots,,,,,,,,
2024-12-07,Crystal Palace,Man City,2,2,12.0,12.0,6.0,8.0,1.0,2.0,4.0,10.0,1.4,1.58,1.4,1.58,3.0,4.0,2.0,1.0,5.39,4.33,1.6,1.64,2.31,5.39,4.33,1.6,4.67,4.0,1.74,1.64,2.31,1.64,2.31,0.17814027518147013,0.2217496728009524,0.6001100520175775,0.20612572484584996,0.2406517837575298,0.5532224913966202,2.7985449664379827,1.89021109565774,-4.688756062095734,R Jones,football-data.co.uk,proxy_shots,,,,,,,,
2024-12-07,Man United,Nott'm Forest,2,3,17.0,11.0,5.0,3.0,0.0,2.0,10.0,13.0,2.4,1.45,2.4,1.45,7.0,3.0,0.0,5.0,1.67,4.05,5.12,1.79,2.05,1.67,4.05,5.12,1.68,3.93,5.09,1.79,2.05,1.79,2.06,0.5752027051392653,0.2371823500203884,0.1876149448403463,0.5689771398827556,0.2432268689575138,0.18779599115973072,-0.6225565256509746,0.6044518937125404,0.018104631938442584,D England,football-data.co.uk,proxy_shots,,,,,,,,
2024-12-08,Fulham,Arsenal,1,1,2.0,12.0,0.0,6.0,4.0,2.0,10.0,9.0,0.57,1.48,0.57,1.48,2.0,4.0,3.0,1.0,5.4,4.24,1.61,1.78,2.06,5.4,4.24,1.61,5.34,4.24,1.62,1.78,2.06,1.74,2.14,0.17769494278485232,0.22630959694297229,0.5959954602721754,0.17999433980063523,0.22669098456023395,0.5933146756391309,0.22993970157829113,0.038138761726166925,-0.2680784633044553,C Kavanagh,football-data.co.uk,proxy_shots,,,,,,,,
2024-12-08,Ipswich,Bournemouth,1,2,18.0,22.0,6.0,13.0,2.0,1.0,9.0,13.0,1.99,2.49,1.99,2.49,5.0,6.0,4.0,4.0,3.57,3.73,2.02,1.72,2.16,3.57,3.73,2.02,3.81,3.83,1.93,1.72,2.16,1.67,2.25,0.26849736833665333,0.2569800549495583,0.47452257671378834,0.251960801022582,0.25064507882403064,0.4973941201533873,-1.6536567314071327,-0.6334976125527636,2.2871543439598963,M Salisbury,football-data.co.uk,proxy_shots,,,,,,,,
2024-12-08,Leicester,Brighton,2,2,10.0,16.0,5.0,5.0,1.0,2.0,9.0,10.0,1.29,2.34,1.29,2.34,3.0,7.0,5.0,1.0,4.48,4.02,1.75,1.59,2.39,4.48,4.02,1.75,4.92,4.22,1.67,1.59,2.39,1.56,2.49,0.21392992464557875,0.23840946826173956,0.5476606070926816,0.19561874413621194,0.2280673509834509,0.5763139048803371,-1.831118050936681,-1.0342117278288654,2.8653297787655463,S Attwell,football-data.co.uk,proxy_shots,,,,,,,,
2024-12-08,Tottenham,Chelsea,3,4,13.0,17.0,5.0,10.0,2.0,2.0,17.0,11.0,1.91,2.77,1.91,2.77,5.0,8.0,4.0,2.0,3.21,4.04,2.07,1.35,3.26,3.21,4.04,2.07,2.9,3.98,2.24,1.35,3.26,1.34,3.31,0.2989287207918243,0.23751514696578122,0.4635561322423943,0.33076592018758444,0.24101034385527506,0.4282237359571405,3.183719939576013,0.34951968894938457,-3.5332396285253753,A Taylor,football-data.co.uk,proxy_shots,,,,,,,,
2024-12-09,West Ham,Wolves,2,1,19.0,19.0,11.0,0.0,5.0,4.0,12.0,17.0,1.96,2.04,1.96,2.04,4.0,5.0,4.0,2.0,1.91,3.85,3.81,1.6,2.36,1.91,3.85,3.81,1.82,3.88,4.24,1.6,2.36,1.68,2.22,0.5006467775460679,0.24837281691246485,0.2509804055414671,0.5267822834746522,0.24709890616594513,0.22611881035940257,2.613550592858427,-0.1273910746519724,-2.4861595182064544,J Brooks,football-data.co.uk,proxy_shots,,,,,,,,
2024-12-14,Arsenal,Everton,0,0,13.0,2.0,8.0,2.0,0.0,3.0,6.0,9.0,1.61,0.2,1.61,0.2,5.0,0.0,0.0,5.0,1.23,6.33,13.36,1.66,2.23,1.23,6.33,13.36,1.23,6.39,12.72,1.66,2.23,1.62,2.32,0.7773760772147534,0.1510541192692175,0.07156980351602896,0.7756830342955792,0.1493098798409331,0.0750070858634876,-0.16930429191742702,-0.17442394282843887,0.3437282347458645,C Pawson,football-data.co.uk,proxy_shots,,,,,,,,
2024-12-14,Liverpool,Fulham,2,2,16.0,12.0,5.0,4.0,5.0,4.0,10.0,7.0,1.8,1.4,1.8,1.4,4.0,3.0,1.0,2.0,1.32,5.75,8.89,1.47,2.66,1.32,5.75,8.89,1.29,6.13,9.58,1.47,2.66,1.38,3.06,0.7256648349074348,0.16658740557875026,0.10774775951381484,0.7434413663276841,0.15645014071169863,0.10010849296061718,1.7776531420249264,-1.0137264867051632,-0.763926655319766,T Harrington,football-data.co.uk,proxy_shots,,,,,,,,
2024-12-14,Newcastle,Leicester,4,0,27.0,4.0,5.0,2.0,3.0,3.0,7.0,16.0,3.86,0.4,3.86,0.4,11.0,1.0,1.0,7.0,1.31,5.83,9.08,1.45,2.75,1.31,5.83,9.08,1.29,6.18,9.42,1.45,2.75,1.37,3.1,0.7304746200073134,0.16413752181982516,0.10538785817286131,0.7431184228665962,0.15511695234594003,0.10176462478746383,1.2643802859282793,-0.9020569473885132,-0.36232333853974813,T Bramall,football-data.co.uk,proxy_shots,,,,,,,,
2024-12-14,Nott'm Forest,Aston Villa,2,1,17.0,8.0,4.0,3.0,0.0,1.0,12.0,6.0,2.22,0.9,2.22,0.9,6.0,2.0,1.0,4.0,2.64,3.39,2.68,1.87,1.96,2.64,3.39,2.68,2.71,3.19,2.76,1.87,1.96,2.1,1.76,0.361816009557945,0.281768219832736,0.35641577060931895,0.3531804451861093,0.3000373060985443,0.34678224871534646,-0.8635564371835713,1.826908626580831,-0.9633521893972485,S Barrott,football-data.co.uk,proxy_shots,,,,,,,,
2024-12-14,Wolves,Ipswich,1,2,16.0,10.0,7.0,3.0,2.0,2.0,13.0,9.0,2.06,1.65,2.06,1.65,6.0,5.0,3.0,5.0,1.9,3.83,3.85,1.72,2.15,1.9,3.83,3.85,1.98,3.64,3.77,1.72,2.15,1.81,2.04,0.5026161056668087,0.24933958244567533,0.24804431188751597,0.483289076091933,0.2628880139181393,0.2538229099899277,-1.9327029574875698,1.3548431472463984,0.5778598102411714,S Hooper,football-data.co.uk,proxy_shots,,,,,,,,
2024-12-15,Brighton,Crystal Palace,1,3,17.0,13.0,8.0,5.0,1.0,4.0,11.0,15.0,1.94,1.91,1.94,1.91,5.0,5.0,2.0,4.0,1.89,3.82,3.9,1.72,2.13,1.89,3.82,3.9,1.9,3.69,4.05,1.72,2.13,1.79,2.06,0.5052087572230813,0.24995930658419466,0.24483193619272403,0.5040218546061618,0.25952344817119444,0.2364546972226438,-0.11869026169195607,0.956414158699978,-0.837723897008022,M Oliver,football-data.co.uk,proxy_shots,,,,,,,,
2024-12-15,Chelsea,Brentford,2,1,26.0,9.0,8.0,5.0,2.0,2.0,11.0,7.0,3.07,1.31,3.07,1.31,8.0,4.0,3.0,6.0,1.33,5.89,8.08,1.32,3.32,1.33,5.89,8.08,1.35,5.84,7.68,1.32,3.32,1.33,3.36,0.7192121055502914,0.16240273351135615,0.11838516093835241,0.7107595177423649,0.16430228577948505,0.1249381964781501,-0.8452587807926459,0.18995522681289068,0.6553035539797691,P Bankes,football-data.co.uk,proxy_shots,,,,,,,,
2024-12-15,Man City,Man United,1,2,10.0,10.0,8.0,2.0,1.0,1.0,5.0,14.0,1.19,1.29,1.19,1.29,3.0,3.0,1.0,2.0,1.58,4.59,5.04,1.43,2.78,1.58,4.59,5.04,1.54,4.79,5.5,1.43,2.78,1.45,2.79,0.6032386763670499,0.20765078620042243,0.18911053743252756,0.6244133903431015,0.20075086036083012,0.17483574929606843,2.117471397605164,-0.6899925839592314,-1.4274788136459131,A Taylor,football-data.co.uk,proxy_shots,,,,,,,,
2024-12-15,Southampton,Tottenham,0,5,9.0,18.0,2.0,5.0,1.0,3.0,8.0,15.0,1.04,3.11,1.04,3.11,3.0,9.0,4.0,3.0,4.29,4.47,1.69,1.3,3.46,4.29,4.47,1.69,3.98,4.42,1.77,1.3,3.46,1.27,3.8,0.22231148858028232,0.21335934810053944,0.5643291633191783,0.24101960591011595,0.21702670396431256,0.5419536901255715,1.870811732983363,0.36673558637731196,-2.2375473193606776,D England,football-data.co.uk,proxy_shots,,,,,,,,
2024-12-16,Bournemouth,West Ham,1,1,29.0,16.0,12.0,6.0,0.0,2.0,6.0,11.0,3.31,1.52,3.31,1.52,9.0,3.0,2.0,8.0,1.71,4.19,4.43,1.51,2.54,1.71,4.19,4.43,1.74,4.18,4.41,1.51,2.54,1.52,2.58,0.5573766061395896,0.22747350751758907,0.2151498863428213,0.552234245245713,0.2298774130927131,0.21788834166157384,-0.5142360893876652,0.24039055751240157,0.2738455318752525,C Kavanagh,football-data.co.uk,proxy_shots,,,,,,,,
2024-12-21,Aston Villa,Man City,2,1,11.0,12.0,5.0,4.0,3.0,3.0,14.0,7.0,1.89,1.84,1.89,1.84,6.0,6.0,5.0,4.0,3.29,3.71,2.12,1.59,2.39,3.29,3.71,2.12,3.2,3.63,2.19,1.59,2.39,1.61,2.35,0.29080932784636493,0.25788751714677643,0.45130315500685875,0.29915668499305703,0.26371939172941666,0.43712392327752625,0.8347357146692103,0.5831874582640229,-1.4179231729332498,P Bankes,football-data.co.uk,proxy_shots,,,,,,,,
2024-12-21,Brentford,Nott'm Forest,0,2,7.0,10.0,9.0,5.0,3.0,4.0,9.0,14.0,0.93,1.83,0.93,1.83,3.0,6.0,4.0,3.0,2.35,3.52,2.99,1.72,2.13,2.35,3.52,2.99,2.49,3.58,2.75,1.72,2.13,1.59,2.39,0.40756990779644736,0.2720992282163783,0.32033086398717436,0.38446968957343186,0.267410482412806,0.348119828013762,-2.3100218223015503,-0.46887458035722585,2.7788964026587646,M Oliver,football-data.co.uk,proxy_shots,,,,,,,,
2024-12-21,Crystal Palace,Arsenal,1,5,15.0,14.0,3.0,3.0,2.0,2.0,9.0,8.0,2.0,2.35,2.0,2.35,6.0,6.0,1.0,5.0,6.08,4.11,1.57,1.83,2.01,6.08,4.11,1.57,7.14,4.42,1.48,1.83,2.01,1.84,2.0,0.15743246045707066,0.23289278821873222,0.6096747513241971,0.1344138605560989,0.21713008243677517,0.6484560570071258,-2.3018599900971743,-1.5762705781957043,3.87813056829287,S Hooper,football-data.co.uk,proxy_shots,,,,,,,,
2024-12-21,Ipswich,Newcastle,0,4,10.0,15.0,2.0,1.0,2.0,0.0,9.0,7.0,0.91,2.48,0.91,2.48,2.0,7.0,3.0,2.0,4.61,3.95,1.74,1.63,2.3,4.61,3.95,1.74,4.69,4.04,1.72,1.63,2.3,1.6,2.37,0.20761904186515787,0.24230981848060196,0.5500711396542401,0.20459791774626654,0.23751589956187874,0.5578861826918547,-0.30211241188913274,-0.4793918918723217,0.78150430376146,S Attwell,football-data.co.uk,proxy_shots,,,,,,,,
2024-12-21,West Ham,Brighton,1,1,11.0,12.0,8.0,4.0,2.0,2.0,14.0,20.0,1.43,1.84,1.43,1.84,4.0,6.0,5.0,3.0,2.8,3.75,2.38,1.51,2.56,2.8,3.75,2.38,2.77,3.63,2.46,1.51,2.56,1.5,2.63,0.3420982023074859,0.2554333243895895,0.40246847330292457,0.34612835331465047,0.26412549274974706,0.38974615393560236,0.4030151007164584,0.869216836015757,-1.272231936732221,R Jones,football-data.co.uk,proxy_shots,,,,,,,,
2024-12-22,Everton,Chelsea,0,0,5.0,12.0,2.0,5.0,4.0,1.0,20.0,12.0,0.99,1.56,0.99,1.56,4.0,5.0,5.0,4.0,5.18,4.13,1.63,1.66,2.25,5.18,4.13,1.63,4.84,4.12,1.68,1.66,2.25,1.61,2.34,0.18408912539959038,0.2308914454164354,0.5850194291839743,0.19779616844222944,0.2323624891408715,0.5698413424168991,1.370704304263906,0.14710437244360997,-1.5178086767075216,C Kavanagh,football-data.co.uk,proxy_shots,,,,,,,,
2024-12-22,Fulham,Southampton,0,0,16.0,5.0,6.0,5.0,1.0,3.0,8.0,15.0,1.78,0.46,1.78,0.46,5.0,1.0,1.0,5.0,1.42,4.96,7.21,1.54,2.46,1.42,4.96,7.21,1.62,4.18,5.45,1.54,2.46,1.7,2.19,0.6742001772147126,0.19301698621872818,0.13278283656655918,0.5935396127311002,0.23003209871396713,0.17642828855493256,-8.066056448361236,3.701511249523895,4.364545198837338,T Robinson,football-data.co.uk,proxy_shots,,,,,,,,
2024-12-22,Leicester,Wolves,0,3,9.0,8.0,6.0,1.0,2.0,0.0,15.0,16.0,1.4,1.46,1.4,1.46,5.0,4.0,1.0,5.0,2.55,3.56,2.69,1.66,2.24,2.55,3.56,2.69,2.92,3.43,2.44,1.66,2.24,1.68,2.21,0.3753405006682632,0.2688534485123795,0.3558060508193573,0.3280804089440838,0.27929877379496343,0.39262081726095277,-4.726009172417939,1.0445325282583906,3.681476644159548,A Taylor,football-data.co.uk,proxy_shots,,,,,,,,
2024-12-22,Man United,Bournemouth,0,3,23.0,10.0,13.0,1.0,1.0,3.0,11.0,11.0,2.52,1.75,2.52,1.75,7.0,5.0,2.0,7.0,1.85,3.88,4.07,1.6,2.36,1.85,3.88,4.07,1.86,3.75,4.2,1.6,2.36,1.7,2.19,0.5177726555865582,0.2468761373286425,0.2353512070847992,0.5157677571470675,0.25582080754494546,0.22841143530798702,-0.20048984394906988,0.8944670216302963,-0.6939771776812181,C Pawson,football-data.co.uk,proxy_shots,,,,,,,,
2024-12-22,Tottenham,Liverpool,3,6,9.0,24.0,7.0,5.0,1.0,2.0,7.0,9.0,1.7,4.0,1.7,4.0,5.0,12.0,6.0,2.0,4.29,4.33,1.72,1.29,3.52,4.29,4.33,1.72,4.69,4.57,1.64,1.29,3.52,1.27,3.74,0.22296801698096824,0.22090826624673296,0.5561237167722988,0.20466579464058962,0.21003995117382174,0.5852942541855887,-1.830222234037862,-1.086831507291122,2.91705374132899,S Barrott,football-data.co.uk,proxy_shots,,,,,,,,
2024-12-26,Bournemouth,Crystal Palace,0,0,18.0,10.0,5.0,2.0,2.0,2.0,13.0,12.0,1.71,1.27,1.71,1.27,4.0,4.0,4.0,4.0,1.9,3.77,3.87,1.72,2.13,1.9,3.77,3.87,2.08,3.64,3.47,1.72,2.13,1.67,2.23,0.5012695020597198,0.25262919201948747,0.24610130592079266,0.4606485871420444,0.2632277640811682,0.2761236487767874,-4.062091491767539,1.0598572061680744,3.0022342855994752,T Bramall,football-data.co.uk,proxy_shots,,,,,,,,
2024-12-26,Chelsea,Fulham,1,2,12.0,14.0,3.0,1.0,1.0,3.0,13.0,13.0,2.2,2.23,2.2,2.23,8.0,7.0,5.0,7.0,1.47,4.88,6.15,1.45,2.72,1.47,4.88,6.15,1.46,4.92,6.28,1.45,2.72,1.49,2.68,0.6492436091299071,0.1955713330780663,0.15518505779202657,0.6539229961735126,0.19405032000270903,0.1520266838237784,0.46793870436054874,-0.15210130753572637,-0.3158373968248168,S Barrott,football-data.co.uk,proxy_shots,,,,,,,,
2024-12-26,Liverpool,Leicester,3,1,19.0,4.0,14.0,1.0,3.0,2.0,17.0,5.0,2.6,0.5,2.6,0.5,7.0,1.0,0.0,4.0,1.08,12.4,25.35,1.19,4.41,1.08,12.4,25.35,1.08,12.79,27.21,1.19,4.41,1.18,4.82,0.8851905043507646,0.07709723747571176,0.0377122581735237,0.889575040278271,0.07511657885070624,0.035308380871022886,0.43845359275063167,-0.19806586250055158,-0.24038773025008148,D Bond,football-data.co.uk,proxy_shots,,,,,,,,
2024-12-26,Man City,Everton,1,1,24.0,8.0,8.0,5.0,1.0,4.0,5.0,10.0,2.32,1.08,2.32,1.08,5.0,3.0,2.0,4.0,1.34,5.46,8.59,1.55,2.44,1.34,5.46,8.59,1.34,5.41,8.72,1.55,2.44,1.53,2.55,0.71356369544976,0.17512369082466636,0.11131261372557373,0.7135929232454084,0.17674944864119174,0.10965762811339991,0.0029227795648401056,0.16257578165253805,-0.16549856121738232,S Hooper,football-data.co.uk,proxy_shots,,,,,,,,
2024-12-26,Newcastle,Aston Villa,3,0,22.0,4.0,9.0,6.0,2.0,3.0,15.0,10.0,2.95,0.4,2.95,0.4,8.0,1.0,1.0,5.0,1.93,3.91,3.66,1.61,2.34,1.93,3.91,3.66,1.94,3.79,3.8,1.61,2.34,1.63,2.32,0.4948220478757431,0.24424720010234888,0.2609307520219082,0.49446210680271646,0.2531019755137915,0.25243591768349205,-0.035994107302661504,0.8854775411442611,-0.8494834338416135,A Taylor,football-data.co.uk,proxy_shots,,,,,,,,
2024-12-26,Nott'm Forest,Tottenham,1,0,10.0,13.0,2.0,7.0,3.0,4.0,12.0,13.0,1.19,1.44,1.19,1.44,3.0,4.0,4.0,2.0,2.35,3.74,2.82,1.48,2.64,2.35,3.74,2.82,2.16,3.91,3.07,1.48,2.64,1.41,2.96,0.4062273714699493,0.2552498189717596,0.3385228095582911,0.44325991026753564,0.24486992485367703,0.3118701648787874,3.703253879758633,-1.0379894118082544,-2.665264467950373,C Pawson,football-data.co.uk,proxy_shots,,,,,,,,
2024-12-26,Southampton,West Ham,0,1,18.0,16.0,2.0,2.0,1.0,2.0,15.0,8.0,1.89,1.34,1.89,1.34,5.0,2.0,1.0,5.0,3.24,3.56,2.18,1.66,2.23,3.24,3.56,2.18,3.08,3.52,2.29,1.66,2.23,1.71,2.16,0.2944336530290154,0.2679677066893287,0.4375986402816559,0.31056111205289033,0.27174097304627903,0.4176979149008307,1.6127459023874913,0.37732663569503555,-1.9900725380825213,L Smith,football-data.co.uk,proxy_shots,,,,,,,,
2024-12-26,Wolves,Man United,2,0,7.0,11.0,4.0,4.0,2.0,4.0,12.0,12.0,1.3,1.32,1.3,1.32,4.0,4.0,4.0,2.0,3.8,3.7,1.94,1.67,2.22,3.8,3.7,1.94,4.35,3.81,1.82,1.67,2.22,1.72,2.14,0.2508912967493883,0.25767214260747984,0.49143656064313185,0.22066081776437013,0.25193557933727295,0.5274036028983571,-3.0230478985018183,-0.5736563270206885,3.5967042255225232,T Harrington,football-data.co.uk,proxy_shots,,,,,,,,
2024-12-27,Arsenal,Ipswich,1,0,13.0,3.0,5.0,1.0,1.0,1.0,7.0,12.0,1.71,0.2,1.71,0.2,5.0,0.0,0.0,4.0,1.16,8.37,17.31,1.39,2.99,1.16,8.37,17.31,1.14,8.78,18.59,1.39,2.99,1.38,3.08,0.8294601069996307,0.11495504469767881,0.05558484830269044,0.8395150754544238,0.10900309635740811,0.051481828188167995,1.0054968454793145,-0.5951948340270699,-0.4103020114522446,D England,football-data.co.uk,proxy_shots,,,,,,,,
2024-12-27,Brighton,Brentford,0,0,24.0,8.0,5.0,3.0,0.0,2.0,6.0,12.0,2.58,0.98,2.58,0.98,7.0,3.0,3.0,7.0,1.64,4.44,4.89,1.44,2.78,1.64,4.44,4.89,1.62,4.5,4.89,1.44,2.78,1.44,2.81,0.5865970691220335,0.21667098949552585,0.19673194138244066,0.5912652350551364,0.2128554846198491,0.19587928032501453,0.466816593310293,-0.38155048756767507,-0.0852661057426124,A Madley,football-data.co.uk,proxy_shots,,,,,,,,
2024-12-29,Crystal Palace,Southampton,2,1,19.0,7.0,8.0,7.0,2.0,3.0,18.0,19.0,3.04,1.03,3.04,1.03,10.0,3.0,2.0,8.0,1.61,4.11,5.42,1.75,2.09,1.61,4.11,5.42,1.53,4.34,6.2,1.75,2.09,1.71,2.16,0.5921450311673467,0.2319594890947514,0.1758954797379019,0.6252701339864573,0.22042933294914277,0.15430053306439992,3.312510281911052,-1.153015614560862,-2.159494667350198,M Salisbury,football-data.co.uk,proxy_shots,,,,,,,,
2024-12-29,Everton,Nott'm Forest,0,2,13.0,11.0,5.0,4.0,4.0,1.0,13.0,10.0,1.07,2.06,1.07,2.06,2.0,7.0,5.0,2.0,2.64,3.16,2.83,2.23,1.66,2.64,3.16,2.83,2.69,3.08,2.89,2.23,1.66,2.35,1.61,0.3612318430789614,0.30178862839508164,0.3369795285259569,0.35661144608481404,0.31145610063900964,0.3319324532761763,-0.46203969941473466,0.9667472243927999,-0.5047075249780597,T Harrington,football-data.co.uk,proxy_shots,,,,,,,,
2024-12-29,Fulham,Bournemouth,2,2,11.0,16.0,1.0,7.0,1.0,3.0,7.0,16.0,1.89,2.7,1.89,2.7,6.0,9.0,7.0,4.0,2.35,3.58,2.91,1.67,2.21,2.35,3.58,2.91,2.3,3.43,3.18,1.67,2.21,1.81,2.03,0.405846672873822,0.26640773219370995,0.3277455949324679,0.4177415895581838,0.2801182670506771,0.30214014339113915,1.1894916684361823,1.371053485696716,-2.560545154132876,R Jones,football-data.co.uk,proxy_shots,,,,,,,,
2024-12-29,Leicester,Man City,0,2,11.0,14.0,4.0,4.0,2.0,1.0,11.0,6.0,1.32,1.87,1.32,1.87,4.0,5.0,3.0,4.0,7.92,5.62,1.34,1.36,3.07,7.92,5.62,1.34,9.62,6.36,1.27,1.36,3.07,1.34,3.3,0.12019663549015226,0.1693874293740224,0.7104159351358252,0.0991337517704209,0.14994759308670583,0.7509186551428731,-2.106288371973136,-1.9439836287316576,4.0502720007047905,M Oliver,football-data.co.uk,proxy_shots,,,,,,,,
2024-12-29,Tottenham,Wolves,2,2,13.0,11.0,5.0,5.0,1.0,2.0,9.0,10.0,1.45,1.34,1.45,1.34,3.0,3.0,1.0,1.0,1.61,4.77,4.56,1.31,3.33,1.61,4.77,4.56,1.66,4.53,4.58,1.31,3.33,1.36,3.18,0.5915072404650213,0.19964919437079343,0.20884356516418523,0.578405352662392,0.21195427934206856,0.20964036799553945,-1.310188780262933,1.2305084971275138,0.07968028313542208,C Kavanagh,football-data.co.uk,proxy_shots,,,,,,,,
2024-12-29,West Ham,Liverpool,0,5,7.0,22.0,3.0,6.0,0.0,0.0,7.0,10.0,0.39,4.0,0.39,4.0,0.0,13.0,8.0,0.0,7.04,5.21,1.4,1.39,2.92,7.04,5.21,1.4,7.44,5.35,1.38,1.39,2.92,1.41,2.94,0.13550467782806103,0.18310037080797495,0.6813949513639639,0.1285023549192226,0.17870234029888157,0.692795304781896,-0.7002322908838426,-0.4398030509093376,1.1400353417932108,A Taylor,football-data.co.uk,proxy_shots,,,,,,,,
2024-12-30,Aston Villa,Brighton,2,2,20.0,13.0,12.0,3.0,2.0,3.0,9.0,14.0,2.02,1.64,2.02,1.64,4.0,4.0,2.0,2.0,1.94,3.86,3.61,1.59,2.36,1.94,3.86,3.61,1.89,3.73,4.06,1.59,2.36,1.63,2.29,0.490199251400107,0.24636957194720405,0.26343117665268906,0.5070429137272364,0.25691986781353265,0.23603721845923076,1.6843662327129416,1.0550295866328607,-2.7393958193458303,C Pawson,football-data.co.uk,proxy_shots,,,,,,,,
2024-12-30,Ipswich,Chelsea,2,0,9.0,20.0,4.0,7.0,4.0,4.0,9.0,5.0,1.78,2.0,1.78,2.0,6.0,5.0,5.0,4.0,6.87,5.02,1.41,1.43,2.75,6.87,5.02,1.41,7.45,5.18,1.39,1.43,2.75,1.48,2.68,0.13810502162829766,0.18900029852318825,0.6728946798485141,0.12823905946386877,0.18443648513625913,0.6873244553998722,-0.9865962164428893,-0.45638133869291275,1.4429775551358048,J Brooks,football-data.co.uk,proxy_shots,,,,,,,,
2024-12-30,Man United,Newcastle,0,2,10.0,12.0,2.0,3.0,1.0,1.0,13.0,8.0,0.55,1.58,0.55,1.58,0.0,4.0,2.0,0.0,2.7,3.61,2.49,1.63,2.28,2.7,3.61,2.49,2.74,3.53,2.52,1.63,2.28,1.66,2.25,0.3530749561057233,0.26407268185192606,0.38285236204235057,0.3492223016103578,0.2710677355275865,0.37970996286205566,-0.38526544953655373,0.6995053675660445,-0.3142399180294908,S Hooper,football-data.co.uk,proxy_shots,,,,,,,,
2025-01-01,Brentford,Arsenal,1,3,5.0,14.0,4.0,3.0,1.0,2.0,6.0,8.0,0.73,1.97,0.73,1.97,2.0,5.0,2.0,1.0,6.67,4.8,1.44,1.54,2.46,6.67,4.8,1.44,5.87,4.46,1.54,1.54,2.46,1.65,2.27,0.14241914746315892,0.19790327366234794,0.6596775788744931,0.16318985753794396,0.21478126989859442,0.6220288725634617,2.0770710074785037,1.6877996236246473,-3.7648706311031344,P Bankes,football-data.co.uk,proxy_shots,,,,,,,,
2025-01-04,Aston Villa,Leicester,2,1,13.0,4.0,7.0,2.0,0.0,1.0,10.0,11.0,1.81,0.68,1.81,0.68,5.0,2.0,1.0,3.0,1.32,5.51,9.16,1.5,2.58,1.32,5.51,9.16,1.33,5.63,8.49,1.5,2.58,1.42,2.91,0.7227160776676785,0.17313706397846385,0.10414685835385762,0.717932119023766,0.16960030520454863,0.11246757577168537,-0.4783958643912567,-0.35367587739152107,0.832071741782775,J Gillett,football-data.co.uk,proxy_shots,,,,,,,,
2025-01-04,Bournemouth,Everton,1,0,19.0,9.0,9.0,3.0,2.0,2.0,15.0,14.0,2.58,0.49,2.58,0.49,8.0,0.0,0.0,7.0,1.75,3.82,4.71,1.86,1.96,1.75,3.82,4.71,1.69,3.86,5.1,1.86,1.96,1.82,2.02,0.5465481155660593,0.2503819901153413,0.20306989431859954,0.5652283768418876,0.24747045514580054,0.18730116801231178,1.8680261275828336,-0.29115349695407466,-1.5768726306287757,J Brooks,football-data.co.uk,proxy_shots,,,,,,,,
2025-01-04,Brighton,Arsenal,1,1,11.0,9.0,2.0,5.0,2.0,3.0,17.0,14.0,1.43,1.14,1.43,1.14,4.0,3.0,2.0,3.0,4.36,3.83,1.8,1.73,2.12,4.36,3.83,1.8,4.74,3.59,1.81,1.73,2.12,1.97,1.87,0.21926922979059058,0.24961196916109002,0.5311188010483194,0.20246526598512488,0.2673218275123933,0.5302129065024818,-1.6803963805465698,1.7709858351303287,-0.0905894545837671,A Taylor,football-data.co.uk,proxy_shots,,,,,,,,
2025-01-04,Crystal Palace,Chelsea,1,1,13.0,15.0,6.0,6.0,0.0,2.0,9.0,12.0,1.9,1.1,1.9,1.1,6.0,1.0,0.0,5.0,3.65,3.88,1.95,1.58,2.39,3.65,3.88,1.95,3.58,3.84,1.98,1.58,2.39,1.52,2.57,0.2622939453294274,0.24674559290010573,0.4909604617704668,0.26735305287142913,0.24925102324992618,0.48339592387864466,0.5059107542001728,0.25054303498204533,-0.7564537891822154,T Robinson,football-data.co.uk,proxy_shots,,,,,,,,
2025-01-04,Man City,West Ham,4,1,10.0,17.0,7.0,1.0,2.0,1.0,8.0,13.0,2.21,1.76,2.21,1.76,7.0,4.0,3.0,3.0,1.31,6.09,8.3,1.34,3.23,1.31,6.09,8.3,1.24,6.97,10.25,1.34,3.23,1.3,3.59,0.7283649793437553,0.15667621066343507,0.11495880999280958,0.7698935183139664,0.1369681438607343,0.09313833782529933,4.152853897021103,-1.9708066802700763,-2.182047216751025,M Salisbury,football-data.co.uk,proxy_shots,,,,,,,,
2025-01-04,Southampton,Brentford,0,5,8.0,20.0,2.0,2.0,2.0,0.0,10.0,4.0,0.62,3.58,0.62,3.58,1.0,11.0,6.0,1.0,2.78,3.54,2.48,1.66,2.24,2.78,3.54,2.48,3.33,3.58,2.15,1.66,2.24,1.69,2.19,0.3440826500697634,0.27021179864235656,0.38570555128788,0.2874385220648371,0.2673659995742758,0.4451954783608872,-5.66441280049263,-0.28457990680807455,5.948992707300721,S Attwell,football-data.co.uk,proxy_shots,,,,,,,,
2025-01-04,Tottenham,Newcastle,1,2,13.0,14.0,9.0,10.0,1.0,4.0,11.0,15.0,1.54,1.69,1.54,1.69,4.0,4.0,2.0,3.0,2.88,3.94,2.24,1.32,3.31,2.88,3.94,2.24,3.81,4.5,1.79,1.32,3.31,1.27,3.82,0.3314903846153846,0.2423076923076923,0.42620192307692306,0.25156230968866233,0.21298942220306746,0.5354482681082702,-7.9928074926722275,-2.9318270104624844,10.924634503134712,A Madley,football-data.co.uk,proxy_shots,,,,,,,,
2025-01-05,Fulham,Ipswich,2,2,15.0,7.0,9.0,2.0,1.0,5.0,10.0,14.0,1.74,1.12,1.74,1.12,4.0,3.0,1.0,2.0,1.56,4.34,5.68,1.7,2.15,1.56,4.34,5.68,1.56,4.16,6.02,1.7,2.15,1.8,2.03,0.6119595654677973,0.2199670327487935,0.16807340178340913,0.6119440914866582,0.2294790343074968,0.158576874205845,-0.0015473981139102477,0.9512001558703298,-0.949652757756414,D Bond,football-data.co.uk,proxy_shots,,,,,,,,
2025-01-05,Liverpool,Man United,2,2,19.0,13.0,6.0,9.0,2.0,4.0,10.0,13.0,2.33,1.64,2.33,1.64,6.0,4.0,2.0,4.0,1.29,6.05,9.49,1.41,2.86,1.29,6.05,9.49,1.36,5.42,7.9,1.41,2.86,1.51,2.6,0.7412042948008742,0.1580419074864674,0.10075379771265836,0.7027039446475812,0.17632423703334144,0.12097181831907726,-3.8500350153293006,1.8282329546874032,2.0218020606418903,M Oliver,football-data.co.uk,proxy_shots,,,,,,,,
2025-01-06,Wolves,Nott'm Forest,0,3,13.0,11.0,5.0,3.0,1.0,2.0,10.0,8.0,1.79,1.45,1.79,1.45,6.0,3.0,0.0,6.0,3.22,3.22,2.33,2.04,1.78,3.22,3.22,2.33,3.86,3.46,2.01,2.04,1.78,1.86,1.98,0.29568527918781723,0.29568527918781723,0.4086294416243655,0.24776976571852025,0.27641366926979427,0.4758165650116857,-4.791551346929698,-1.9271609918022958,6.718712338732019,P Bankes,football-data.co.uk,proxy_shots,,,,,,,,
2025-01-14,Brentford,Man City,2,2,18.0,21.0,4.0,5.0,0.0,0.0,4.0,4.0,2.27,2.79,2.27,2.79,6.0,8.0,6.0,4.0,4.76,4.47,1.64,1.38,3.04,4.76,4.47,1.64,5.16,4.47,1.6,1.38,3.04,1.42,2.89,0.2013159629157696,0.21437673008480163,0.5843073069994288,0.18589563644303048,0.2145909360281963,0.5995134275287733,-1.542032647273911,0.021420594339466303,1.5206120529344558,A Taylor,football-data.co.uk,proxy_shots,,,,,,,,
2025-01-14,Chelsea,Bournemouth,2,2,26.0,7.0,9.0,3.0,2.0,3.0,15.0,16.0,3.43,1.12,3.43,1.12,10.0,3.0,1.0,8.0,1.5,4.81,5.92,1.42,2.87,1.5,4.81,5.92,1.52,4.75,5.54,1.42,2.87,1.41,2.95,0.6388842769384028,0.19923626099950192,0.1618794620620953,0.6272076804637261,0.20070645774839233,0.17208586178788152,-1.167659647467667,0.1470196748890401,1.0206399725786213,R Jones,football-data.co.uk,proxy_shots,,,,,,,,
2025-01-14,Nott'm Forest,Liverpool,1,1,6.0,23.0,0.0,9.0,2.0,1.0,7.0,10.0,0.97,2.62,0.97,2.62,3.0,7.0,6.0,2.0,5.14,4.16,1.64,1.63,2.3,5.14,4.16,1.64,5.37,4.2,1.61,1.63,2.3,1.59,2.41,0.18622933636145264,0.230100670408141,0.5836699932304065,0.17812690158765282,0.22774796702992753,0.5941251313824196,-0.8102434773799821,-0.2352703378213472,1.0455138152013155,C Kavanagh,football-data.co.uk,proxy_shots,,,,,,,,
2025-01-14,West Ham,Fulham,3,2,4.0,21.0,0.0,3.0,3.0,3.0,9.0,18.0,1.06,2.25,1.06,2.25,3.0,5.0,3.0,0.0,2.97,3.43,2.41,1.83,2.01,2.97,3.43,2.41,3.07,3.3,2.42,1.83,2.01,1.91,1.92,0.3227623959923627,0.2794764769963024,0.397761127011335,0.3126076472614537,0.29081984154323115,0.39657251119531517,-1.0154748730909047,1.1343364546928747,-0.11886158160198113,C Pawson,football-data.co.uk,proxy_shots,,,,,,,,
2025-01-15,Arsenal,Tottenham,2,1,14.0,10.0,10.0,4.0,3.0,1.0,16.0,9.0,1.69,1.01,1.69,1.01,4.0,2.0,1.0,2.0,1.4,5.29,6.86,1.43,2.8,1.4,5.29,6.86,1.38,5.31,7.55,1.43,2.8,1.52,2.57,0.6808594468230412,0.18018964566205248,0.13895090751490635,0.693159950412623,0.18014326394904326,0.12669678563833373,1.230050358958179,-0.004638171300921923,-1.2254121876572626,S Hooper,football-data.co.uk,proxy_shots,,,,,,,,
2025-01-15,Everton,Aston Villa,0,1,10.0,11.0,8.0,5.0,2.0,1.0,17.0,10.0,1.09,1.25,1.09,1.25,3.0,3.0,2.0,3.0,3.2,3.24,2.35,2.06,1.78,3.2,3.24,2.35,3.48,3.11,2.29,2.06,1.78,2.26,1.66,0.2985648184456121,0.2948788330327033,0.4065563485216846,0.27482933869467735,0.30752607673873866,0.417644584566584,-2.3735479750934765,1.2647243706035372,1.108823604489939,S Barrott,football-data.co.uk,proxy_shots,,,,,,,,
2025-01-15,Leicester,Crystal Palace,0,2,21.0,9.0,4.0,3.0,0.0,0.0,7.0,6.0,1.88,1.41,1.88,1.41,4.0,4.0,2.0,4.0,3.88,3.73,1.92,1.74,2.11,3.88,3.73,1.92,3.93,3.61,1.95,1.74,2.11,1.84,2.0,0.2462418682694027,0.2561443562695127,0.4976137754610846,0.24366309799482866,0.2652620429694395,0.49107485903573167,-0.2578770274574038,0.9117686699926797,-0.6538916425352925,A Madley,football-data.co.uk,proxy_shots,,,,,,,,
2025-01-15,Newcastle,Wolves,3,0,17.0,13.0,4.0,2.0,0.0,2.0,10.0,13.0,2.13,1.98,2.13,1.98,5.0,7.0,7.0,2.0,1.35,5.54,8.08,1.42,2.82,1.35,5.54,8.08,1.37,5.26,7.88,1.42,2.82,1.49,2.65,0.7088370266444128,0.1727310443989093,0.1184319289566779,0.6971973369486598,0.18158942046001217,0.1212132425913279,-1.163968969575302,0.8858376061102874,0.27813136346500067,D England,football-data.co.uk,proxy_shots,,,,,,,,
2025-01-16,Ipswich,Brighton,0,2,5.0,11.0,1.0,9.0,2.0,2.0,13.0,14.0,0.82,1.7,0.82,1.7,3.0,5.0,3.0,3.0,3.8,3.73,1.94,1.71,2.15,3.8,3.73,1.94,3.81,3.66,1.97,1.71,2.15,1.77,2.09,0.25141233123249784,0.25613052511621764,0.4924571436512845,0.2515727220390433,0.26188307949965983,0.48654419846129693,0.01603908065454518,0.5752554383442188,-0.5912945189987584,T Harrington,football-data.co.uk,proxy_shots,,,,,,,,
2025-01-16,Man United,Southampton,3,1,23.0,13.0,5.0,4.0,1.0,3.0,7.0,10.0,3.18,1.71,3.18,1.71,9.0,5.0,4.0,6.0,1.3,5.79,9.4,1.52,2.52,1.3,5.79,9.4,1.28,5.94,10.77,1.52,2.52,1.56,2.46,0.7337710487643752,0.1647499764065091,0.10147897482911572,0.7494359356439472,0.16149461239465526,0.08906945196139762,1.5664886879572015,-0.3255364011853834,-1.24095228677181,J Brooks,football-data.co.uk,proxy_shots,,,,,,,,
2025-01-18,Arsenal,Aston Villa,2,2,18.0,8.0,10.0,1.0,2.0,3.0,10.0,18.0,2.27,1.36,2.27,1.36,6.0,4.0,2.0,4.0,1.51,4.35,6.45,1.82,2.01,1.51,4.35,6.45,1.57,4.14,6.06,1.82,2.01,1.77,2.08,0.6324170808398418,0.2195286878317612,0.14805423132839707,0.6103877145860095,0.2314755342753708,0.15813675113861964,-2.202936625383234,1.1946846443609604,1.0082519810222568,C Kavanagh,football-data.co.uk,proxy_shots,,,,,,,,
2025-01-18,Brentford,Liverpool,0,2,11.0,37.0,2.0,15.0,2.0,3.0,6.0,14.0,1.69,3.68,1.69,3.68,6.0,8.0,6.0,6.0,6.43,5.15,1.43,1.35,3.16,6.43,5.15,1.43,6.04,4.97,1.48,1.35,3.16,1.33,3.36,0.1482569317086035,0.18510525648278064,0.6666378118086157,0.15882159883921787,0.1930145788710012,0.648163822289781,1.056466713061438,0.7909322388220563,-1.8473989518834721,A Madley,football-data.co.uk,proxy_shots,,,,,,,,
2025-01-18,Leicester,Fulham,0,2,8.0,17.0,5.0,2.0,3.0,1.0,8.0,8.0,1.16,1.49,1.16,1.49,4.0,2.0,0.0,4.0,4.17,3.81,1.84,1.71,2.14,4.17,3.81,1.84,4.5,3.74,1.8,1.71,2.14,1.8,2.05,0.2293161143440331,0.2509837786915008,0.5197001069644662,0.21262080727686183,0.25582717453098347,0.5315520181921546,-1.6695307067171261,0.4843395839482678,1.185191122768836,M Salisbury,football-data.co.uk,proxy_shots,,,,,,,,
2025-01-18,Newcastle,Bournemouth,1,4,13.0,19.0,7.0,6.0,1.0,6.0,7.0,18.0,1.71,3.24,1.71,3.24,5.0,10.0,6.0,4.0,1.64,4.3,4.93,1.54,2.47,1.64,4.3,4.93,1.64,4.23,5.05,1.54,2.47,1.51,2.61,0.583412684870735,0.22251088446232684,0.19407643066693825,0.5839554737880904,0.22640354066488613,0.18964098554702344,0.05427889173553746,0.3892656202559297,-0.44354451199148104,S Attwell,football-data.co.uk,proxy_shots,,,,,,,,
2025-01-18,West Ham,Crystal Palace,0,2,7.0,12.0,2.0,4.0,3.0,0.0,13.0,10.0,0.39,2.12,0.39,2.12,0.0,7.0,5.0,0.0,2.62,3.41,2.69,1.79,2.04,2.62,3.41,2.69,2.78,3.26,2.64,1.79,2.04,2.0,1.84,0.3646565877821021,0.2801760293223189,0.35516738289557903,0.3441403688360711,0.2934693942835207,0.36239023688040817,-2.051621894603101,1.3293364961201815,0.7222853984829136,T Bramall,football-data.co.uk,proxy_shots,,,,,,,,
2025-01-19,Everton,Tottenham,3,2,12.0,11.0,3.0,8.0,2.0,1.0,14.0,14.0,2.04,1.89,2.04,1.89,6.0,6.0,4.0,3.0,2.91,3.51,2.41,1.69,2.19,2.91,3.51,2.41,2.57,3.39,2.79,1.69,2.19,1.84,2.0,0.32932341364852075,0.273028813024842,0.3976477733266371,0.37323751908984365,0.28295587730409977,0.3438066036060567,4.39141054413229,0.9927064279257769,-5.38411697205804,D England,football-data.co.uk,proxy_shots,,,,,,,,
2025-01-19,Ipswich,Man City,0,6,8.0,17.0,4.0,7.0,0.0,1.0,4.0,7.0,1.16,3.15,1.16,3.15,4.0,9.0,3.0,4.0,7.72,5.36,1.36,1.44,2.74,7.72,5.36,1.36,7.72,5.21,1.39,1.44,2.74,1.51,2.62,0.12320173066522448,0.17744726879394268,0.699351000540833,0.12444431461029422,0.18439733374116532,0.6911583516485406,0.12425839450697362,0.695006494722264,-0.8192648892292431,S Barrott,football-data.co.uk,proxy_shots,,,,,,,,
2025-01-19,Man United,Brighton,1,3,10.0,6.0,4.0,2.0,3.0,3.0,13.0,12.0,0.83,1.17,0.83,1.17,1.0,3.0,0.0,0.0,2.09,3.71,3.36,1.66,2.23,2.09,3.71,3.36,2.31,3.4,3.18,1.66,2.23,1.79,2.05,0.4575892283577871,0.2577793766220417,0.2846313950201711,0.41565750928424794,0.2824026018960626,0.30193988881968953,-4.193171907353915,2.4623225274020886,1.7308493799518432,P Bankes,football-data.co.uk,proxy_shots,,,,,,,,
2025-01-19,Nott'm Forest,Southampton,3,2,14.0,10.0,2.0,8.0,0.0,4.0,4.0,18.0,1.97,1.47,1.97,1.47,5.0,4.0,2.0,2.0,1.39,4.86,8.03,1.75,2.09,1.39,4.86,8.03,1.4,4.88,8.13,1.75,2.09,1.69,2.2,0.6853497099726218,0.19601565779052346,0.11863463223685483,0.6853601066880411,0.19661970273837248,0.11802019057358641,0.0010396715419358493,0.06040449478490195,-0.061444166326841965,A Taylor,football-data.co.uk,proxy_shots,,,,,,,,
2025-01-20,Chelsea,Wolves,3,1,19.0,9.0,3.0,6.0,4.0,2.0,8.0,14.0,2.6,1.31,2.6,1.31,7.0,4.0,3.0,4.0,1.37,5.51,7.3,1.37,3.06,1.37,5.51,7.3,1.43,5.16,6.64,1.37,3.06,1.4,2.97,0.6962284954658514,0.1731094444261736,0.13066206010797485,0.6700197902081492,0.18568377906931263,0.14429643072253814,-2.6208705257702247,1.2574334643139036,1.3634370614563296,S Hooper,football-data.co.uk,proxy_shots,,,,,,,,
2025-01-25,Bournemouth,Nott'm Forest,5,0,16.0,18.0,3.0,9.0,2.0,3.0,9.0,12.0,3.18,1.71,3.18,1.71,10.0,4.0,4.0,5.0,2.09,3.64,3.42,1.82,2.02,2.09,3.64,3.42,1.99,3.64,3.77,1.82,2.02,1.8,2.05,0.4576058108674396,0.2627461936024584,0.27964799553010194,0.4820311429745651,0.2635280149778529,0.25444084204758216,2.4425332107125497,0.07818213753945091,-2.5207153482519784,C Pawson,football-data.co.uk,proxy_shots,,,,,,,,
2025-01-25,Brighton,Everton,0,1,16.0,3.0,9.0,1.0,3.0,4.0,8.0,11.0,1.06,0.44,1.06,0.44,1.0,1.0,0.0,1.0,1.67,3.86,5.39,1.9,1.93,1.67,3.86,5.39,1.7,3.74,5.37,1.9,1.93,1.98,1.86,0.5738961572729354,0.24829186078906795,0.1778119819379967,0.564614796406041,0.25664308927547314,0.17874211431848597,-0.9281360866894461,0.8351228486405182,0.09301323804892792,T Robinson,football-data.co.uk,proxy_shots,,,,,,,,
2025-01-25,Liverpool,Ipswich,4,1,16.0,3.0,3.0,4.0,0.0,2.0,10.0,11.0,2.36,0.81,2.36,0.81,6.0,3.0,2.0,2.0,1.1,11.04,20.87,1.25,3.82,1.1,11.04,20.87,1.11,11.32,21.57,1.25,3.82,1.27,3.78,0.8677957317693248,0.08646515443353782,0.04573911379713739,0.8699306648881306,0.08530238851818243,0.044766946593686845,0.21349331188058596,-0.11627659153553849,-0.09721672034505441,M Salisbury,football-data.co.uk,proxy_shots,,,,,,,,
2025-01-25,Man City,Chelsea,3,1,15.0,10.0,2.0,4.0,3.0,2.0,6.0,8.0,2.21,1.37,2.21,1.37,6.0,4.0,3.0,3.0,2.03,4.03,3.29,1.41,2.88,2.03,4.03,3.29,2.34,3.8,2.84,1.41,2.88,1.43,2.84,0.47153277402972443,0.23752147178172217,0.29094575418855334,0.409880894506563,0.25240034030140984,0.33771876519202726,-6.165187952316142,1.4878868519687671,4.677301100347392,J Brooks,football-data.co.uk,proxy_shots,,,,,,,,
2025-01-25,Southampton,Newcastle,1,3,12.0,17.0,3.0,8.0,1.0,0.0,10.0,5.0,1.66,2.85,1.66,2.85,5.0,9.0,6.0,4.0,6.82,5.09,1.42,1.44,2.75,6.82,5.09,1.42,6.48,4.91,1.46,1.44,2.75,1.49,2.64,0.14000309921357454,0.1875876496339054,0.67240925115252,0.14797032584599,0.1952846662896161,0.6567450078643938,0.7967226632415447,0.7697016655710709,-1.5664243288126212,S Barrott,football-data.co.uk,proxy_shots,,,,,,,,
2025-01-25,Wolves,Arsenal,0,1,9.0,9.0,1.0,5.0,2.0,3.0,20.0,10.0,1.21,1.14,1.21,1.14,4.0,3.0,2.0,4.0,6.85,4.65,1.46,1.72,2.14,6.85,4.65,1.46,5.87,4.07,1.6,1.72,2.14,1.91,1.93,0.1395693066762605,0.20560209693169554,0.654828596392044,0.16363905927643996,0.23601014200312098,0.6003507987204391,2.406975260017946,3.0408045071425445,-5.447779767160499,M Oliver,football-data.co.uk,proxy_shots,,,,,,,,
2025-01-26,Aston Villa,West Ham,1,1,14.0,14.0,4.0,3.0,2.0,3.0,13.0,16.0,1.59,1.59,1.59,1.59,4.0,4.0,3.0,3.0,1.55,4.39,5.81,1.67,2.21,1.55,4.39,5.81,1.47,4.75,6.52,1.67,2.21,1.59,2.39,0.6173386032980039,0.2179669328273135,0.16469446387468267,0.6514938921132846,0.20162021503295333,0.14688589285376202,3.4155288815280627,-1.634671779436017,-1.780857102092065,P Bankes,football-data.co.uk,proxy_shots,,,,,,,,
2025-01-26,Crystal Palace,Brentford,1,2,16.0,13.0,4.0,7.0,2.0,2.0,8.0,11.0,1.88,1.99,1.88,1.99,5.0,6.0,4.0,4.0,2.06,3.68,3.47,1.74,2.12,2.06,3.68,3.47,1.97,3.76,3.7,1.74,2.12,1.6,2.38,0.4643727317027048,0.25994777915966627,0.2756794891376288,0.48629413944253747,0.2547870890164359,0.2589187715410267,2.1921407739832643,-0.5160690143230395,-1.6760717596602082,T Harrington,football-data.co.uk,proxy_shots,,,,,,,,
2025-01-26,Fulham,Man United,0,1,9.0,4.0,3.0,0.0,0.0,1.0,7.0,9.0,1.04,0.5,1.04,0.5,3.0,1.0,0.0,3.0,2.31,3.44,3.1,1.85,1.98,2.31,3.44,3.1,2.39,3.44,2.99,1.85,1.98,1.85,1.99,0.4137920330288615,0.27786616171414824,0.3083418052569903,0.40094646692628233,0.2785645511493648,0.3204889819243528,-1.2845566102579142,0.0698389435216551,1.2147176667362536,A Taylor,football-data.co.uk,proxy_shots,,,,,,,,
2025-01-26,Tottenham,Leicester,1,2,15.0,12.0,6.0,4.0,1.0,5.0,6.0,16.0,2.0,1.4,2.0,1.4,6.0,3.0,1.0,5.0,1.46,5.21,5.89,1.33,3.27,1.46,5.21,5.89,1.51,4.92,5.58,1.33,3.27,1.32,3.39,0.654403971603377,0.18338383849154138,0.16221218990508163,0.6339064296698578,0.19455258308973275,0.1715409872404095,-2.049754193351927,1.1168744598191367,0.9328797335327876,R Jones,football-data.co.uk,proxy_shots,,,,,,,,
2025-02-01,Bournemouth,Liverpool,0,2,14.0,19.0,3.0,3.0,2.0,3.0,15.0,9.0,1.31,2.5,1.31,2.5,3.0,7.0,5.0,3.0,4.56,4.32,1.68,1.46,2.69,4.56,4.32,1.68,4.51,4.22,1.71,1.46,2.69,1.44,2.82,0.2096505823627288,0.2212978369384359,0.5690515806988352,0.21248803757306284,0.2270902960792686,0.5604216663476687,0.28374552103340445,0.5792459140832679,-0.8629914351166557,D England,football-data.co.uk,proxy_shots,,,,,,,,
2025-02-01,Everton,Leicester,4,0,13.0,9.0,5.0,6.0,0.0,0.0,7.0,13.0,2.38,0.68,2.38,0.68,7.0,1.0,1.0,3.0,1.79,3.67,4.67,2.01,1.83,1.79,3.67,4.67,1.95,3.35,4.33,2.01,1.83,2.27,1.65,0.5344632415997506,0.2606782568020582,0.20485850159819133,0.4920204195851636,0.2863999457286773,0.2215796346861591,-4.244282201458693,2.572168892661908,1.672113308796777,D Bond,football-data.co.uk,proxy_shots,,,,,,,,
2025-02-01,Ipswich,Southampton,1,2,15.0,9.0,1.0,2.0,0.0,3.0,11.0,14.0,2.0,1.41,2.0,1.41,6.0,4.0,2.0,5.0,1.98,3.67,3.74,1.76,2.09,1.98,3.67,3.74,1.92,3.64,4.01,1.76,2.09,1.78,2.08,0.4833436628447475,0.26076851564920983,0.2558878215060427,0.49843602737293574,0.26291131114176824,0.23865266148529593,1.509236452818824,0.21427954925584136,-1.7235160020746791,M Oliver,football-data.co.uk,proxy_shots,,,,,,,,
2025-02-01,Newcastle,Fulham,1,2,11.0,15.0,4.0,7.0,4.0,4.0,10.0,15.0,1.43,1.74,1.43,1.74,4.0,4.0,2.0,3.0,1.71,4.07,4.66,1.64,2.28,1.71,4.07,4.66,1.73,3.88,4.83,1.64,2.28,1.67,2.24,0.5595657112510879,0.2351000899851008,0.20533419876381123,0.5543070274810922,0.24715236019131173,0.19854061232759612,-0.525868376999572,1.205227020621094,-0.679358643621511,C Kavanagh,football-data.co.uk,proxy_shots,,,,,,,,
2025-02-01,Nott'm Forest,Brighton,7,0,14.0,10.0,4.0,6.0,1.0,3.0,8.0,13.0,3.09,1.45,3.09,1.45,9.0,5.0,5.0,2.0,2.44,3.46,2.89,1.92,1.91,2.44,3.46,2.89,2.63,3.39,2.72,1.92,1.91,1.85,2.0,0.3922348529423302,0.27660492519632535,0.3311602218613445,0.3646011680459943,0.2828616731448274,0.35253715880917824,-2.7633684896335886,0.6256747948502062,2.137693694783377,S Hooper,football-data.co.uk,proxy_shots,,,,,,,,
2025-02-01,Wolves,Aston Villa,2,0,8.0,10.0,5.0,8.0,2.0,3.0,20.0,13.0,1.54,1.09,1.54,1.09,5.0,3.0,3.0,3.0,3.36,3.58,2.14,1.7,2.17,3.36,3.58,2.14,3.17,3.43,2.3,1.7,2.17,1.82,2.03,0.2850106397226232,0.26749601940447315,0.4474933408729037,0.30280465664354717,0.2798515339825203,0.4173438093739325,1.7794016920923972,1.2355514578047122,-3.0149531498971207,A Madley,football-data.co.uk,proxy_shots,,,,,,,,
2025-02-02,Arsenal,Man City,5,1,12.0,7.0,5.0,2.0,2.0,0.0,6.0,7.0,2.42,1.21,2.42,1.21,7.0,4.0,3.0,2.0,1.97,3.58,3.83,1.75,2.1,1.97,3.58,3.83,1.91,3.93,3.81,1.75,2.1,1.62,2.34,0.48434602301026874,0.2665256048408462,0.24912837214888497,0.5031908780207482,0.24455332748591074,0.252255794493341,1.88448550104795,-2.1972277354935454,0.3127422344456038,P Bankes,football-data.co.uk,proxy_shots,,,,,,,,
2025-02-02,Brentford,Tottenham,0,2,20.0,13.0,10.0,3.0,0.0,1.0,4.0,11.0,1.82,1.27,1.82,1.27,4.0,2.0,0.0,4.0,2.11,3.97,3.1,1.33,3.25,2.11,3.97,3.1,2.0,4.12,3.34,1.33,3.25,1.3,3.55,0.4520527315268855,0.2402597641112666,0.30768750436184783,0.4797913586789769,0.23290842654319266,0.28730021477783046,2.7738627152091357,-0.7351337568073935,-2.0387289584017365,J Gillett,football-data.co.uk,proxy_shots,,,,,,,,
2025-02-02,Man United,Crystal Palace,0,2,17.0,11.0,11.0,0.0,3.0,1.0,12.0,13.0,1.29,1.34,1.29,1.34,2.0,3.0,1.0,2.0,2.04,3.48,3.71,1.83,1.99,2.04,3.48,3.71,1.79,3.63,4.74,1.83,1.99,1.91,1.93,0.4681489861630841,0.27443216430249756,0.2574188495344182,0.5345449461764296,0.26359103406496115,0.20186401975860946,6.639596001334547,-1.0841130237536412,-5.555482977580873,J Brooks,football-data.co.uk,proxy_shots,,,,,,,,
2025-02-03,Chelsea,West Ham,2,1,22.0,14.0,4.0,3.0,3.0,1.0,11.0,10.0,1.95,1.77,1.95,1.77,3.0,5.0,4.0,1.0,1.36,5.54,7.58,1.38,2.99,1.36,5.54,7.58,1.29,6.25,9.4,1.38,2.99,1.33,3.31,0.7018002419931679,0.1722830918972398,0.12591666610959215,0.7442502707804176,0.1536132558890782,0.10213647333050413,4.245002878724968,-1.8669836008161607,-2.3780192779088023,S Attwell,football-data.co.uk,proxy_shots,,,,,,,,
2025-02-12,Everton,Liverpool,2,2,10.0,6.0,2.0,3.0,4.0,4.0,9.0,20.0,1.29,1.25,1.29,1.25,3.0,4.0,2.0,1.0,7.36,4.71,1.44,1.71,2.18,7.36,4.71,1.44,7.49,4.55,1.46,1.71,2.18,1.8,2.05,0.13031448861016323,0.20363368071566912,0.6660518306741676,0.1285960133880781,0.21168882203883627,0.6597151645730855,-0.17184752220851252,0.8055141323167148,-0.6336666101082078,M Oliver,football-data.co.uk,proxy_shots,,,,,,,,
2025-02-14,Brighton,Chelsea,3,0,13.0,8.0,2.0,9.0,1.0,2.0,12.0,15.0,1.91,0.44,1.91,0.44,5.0,0.0,0.0,2.0,2.85,3.6,2.43,1.58,2.42,2.85,3.6,2.43,2.93,3.66,2.36,1.58,2.42,1.59,2.43,0.3373243102550755,0.2670484122852681,0.39562727745965637,0.32872333137972765,0.26315829533950874,0.4081183732807636,-0.8600978875347831,-0.3890116945759359,1.2491095821107245,K Kavanagh,football-data.co.uk,proxy_shots,,,,,,,,
2025-02-15,Aston Villa,Ipswich,1,1,25.0,4.0,16.0,1.0,0.0,5.0,7.0,11.0,2.56,0.86,2.56,0.86,6.0,3.0,2.0,5.0,1.41,4.96,7.45,1.58,2.41,1.41,4.96,7.45,1.43,4.94,7.18,1.58,2.41,1.53,2.55,0.6786397086506728,0.19291975588658242,0.12844053546274478,0.6717549734094937,0.19445538703959028,0.13378963955091588,-0.6884735241179052,0.1535631153007866,0.5349104088171103,R Jones,football-data.co.uk,proxy_shots,,,,,,,,
2025-02-15,Crystal Palace,Everton,1,2,17.0,11.0,6.0,2.0,0.0,1.0,9.0,12.0,2.12,1.89,2.12,1.89,6.0,6.0,4.0,5.0,1.81,3.45,4.94,2.23,1.67,1.81,3.45,4.94,2.02,3.18,4.36,2.23,1.67,2.5,1.56,0.5288110981138047,0.27743422828579317,0.1937546736004021,0.47652566023728676,0.3026986898362639,0.22077564992644938,-5.22854378765179,2.526446155047074,2.7020976326047275,A Taylor,football-data.co.uk,proxy_shots,,,,,,,,
2025-02-15,Fulham,Nott'm Forest,2,1,24.0,8.0,8.0,4.0,0.0,0.0,13.0,8.0,3.32,0.9,3.32,0.9,10.0,2.0,1.0,8.0,2.22,3.35,3.39,2.1,1.76,2.22,3.35,3.39,2.16,3.44,3.5,2.1,1.76,1.97,1.89,0.4314894393087962,0.28594225530314255,0.2825683053880612,0.44542441103350305,0.2796850953001066,0.27489049366639046,1.3934971724706868,-0.6257160003035944,-0.7677811721670758,T Bramall,football-data.co.uk,proxy_shots,,,,,,,,
2025-02-15,Leicester,Arsenal,0,2,6.0,11.0,3.0,7.0,2.0,1.0,9.0,10.0,0.69,1.7,0.69,1.7,2.0,5.0,3.0,2.0,9.45,5.29,1.34,1.71,2.17,9.45,5.29,1.34,10.1,5.41,1.32,1.71,2.17,1.72,2.17,0.10164018577014458,0.18156895189562688,0.7167908623342285,0.0950712381946423,0.17748974228574624,0.7274390195196114,-0.6568947575502276,-0.40792096098806463,1.0648157185382923,S Barrott,football-data.co.uk,proxy_shots,,,,,,,,
2025-02-15,Man City,Newcastle,4,0,11.0,3.0,7.0,4.0,0.0,1.0,5.0,13.0,2.27,0.34,2.27,0.34,7.0,1.0,1.0,3.0,1.97,4.07,3.44,1.45,2.77,1.97,4.07,3.44,2.07,4.02,3.26,1.45,2.77,1.38,3.13,0.4862148599607577,0.2353423277942734,0.2784428122449688,0.4651390604369862,0.23951190425486604,0.29534903530814766,-2.1075799523771477,0.41695764605926555,1.690622306317885,A Madley,football-data.co.uk,proxy_shots,,,,,,,,
2025-02-15,Southampton,Bournemouth,1,3,11.0,14.0,4.0,6.0,1.0,3.0,13.0,15.0,1.43,2.33,1.43,2.33,4.0,7.0,4.0,3.0,5.83,4.64,1.52,1.49,2.62,5.83,4.64,1.52,6.02,4.73,1.51,1.49,2.62,1.48,2.72,0.16414992459083544,0.20624871990615748,0.629601355503007,0.15975762239107436,0.20332788304318553,0.6369144945657402,-0.43923021997610834,-0.2920836862971954,0.7313139062733232,J Gillett,football-data.co.uk,proxy_shots,,,,,,,,
2025-02-15,West Ham,Brentford,0,1,13.0,14.0,9.0,2.0,1.0,1.0,10.0,13.0,1.25,1.77,1.25,1.77,3.0,5.0,4.0,3.0,2.41,3.64,2.82,1.6,2.37,2.41,3.64,2.82,2.38,3.65,2.88,1.6,2.37,1.57,2.42,0.39734607136497707,0.26307803076637215,0.33957589786865067,0.4034790084979311,0.26309042197947285,0.33343056952259587,0.6132937132954042,0.0012391213100704235,-0.6145328346054801,D England,football-data.co.uk,proxy_shots,,,,,,,,
2025-02-16,Liverpool,Wolves,2,1,10.0,16.0,4.0,3.0,2.0,2.0,15.0,13.0,1.29,1.7,1.29,1.7,3.0,4.0,3.0,1.0,1.19,7.85,12.84,1.37,3.12,1.19,7.85,12.84,1.23,6.99,11.94,1.37,3.12,1.43,2.88,0.803683129065001,0.12183221956526766,0.0744846513697314,0.7818726023354834,0.13758273259980608,0.08054466506471061,-2.1810526729517554,1.5750513034538423,0.6060013694979216,S Hooper,football-data.co.uk,proxy_shots,,,,,,,,
2025-02-16,Tottenham,Man United,1,0,22.0,16.0,10.0,5.0,1.0,2.0,13.0,9.0,2.57,1.96,2.57,1.96,7.0,6.0,6.0,6.0,2.45,3.73,2.69,1.48,2.67,2.45,3.73,2.69,2.2,3.85,3.08,1.48,2.67,1.49,2.67,0.38946616620152386,0.2558155783361216,0.3547182554623545,0.4375,0.25,0.3125,4.803383379847615,-0.5815578336121618,-4.221825546235452,P Bankes,football-data.co.uk,proxy_shots,,,,,,,,
2025-02-19,Aston Villa,Liverpool,2,2,9.0,17.0,6.0,8.0,1.0,0.0,8.0,6.0,1.41,1.68,1.41,1.68,4.0,3.0,1.0,2.0,3.93,4.0,1.85,1.56,2.45,3.93,4.0,1.85,3.83,3.98,1.9,1.56,2.45,1.57,2.46,0.2434971454895444,0.23923594544347737,0.517266909066978,0.25137621998244825,0.24190224184240622,0.5067215381751456,0.7879074492903843,0.2666296398928847,-1.0545370891832384,C Pawson,football-data.co.uk,proxy_shots,,,,,,,,
2025-02-21,Leicester,Brentford,0,4,8.0,14.0,5.0,6.0,4.0,0.0,10.0,10.0,0.98,2.25,0.98,2.25,3.0,6.0,2.0,3.0,3.7,3.86,1.96,1.58,2.42,3.7,3.86,1.96,3.66,3.84,1.98,1.58,2.42,1.59,2.42,0.2599898280388734,0.24921304760202898,0.4907971243590978,0.2630464565948437,0.25071615394196045,0.486237389463196,0.3056628555970331,0.1503106339931476,-0.4559734895901779,T Harrington,football-data.co.uk,proxy_shots,,,,,,,,
2025-02-22,Arsenal,West Ham,0,1,20.0,5.0,2.0,0.0,3.0,3.0,16.0,15.0,1.46,0.73,1.46,0.73,2.0,2.0,1.0,2.0,1.25,6.2,11.63,1.68,2.22,1.25,6.2,11.63,1.29,5.63,11.79,1.68,2.22,1.81,2.05,0.7638873439378772,0.15400954514876553,0.08210311091335738,0.7470801749025037,0.17117822835243868,0.08174159674505767,-1.6807169035373493,1.7168683203673152,-0.03615141682997147,C Pawson,football-data.co.uk,proxy_shots,,,,,,,,
2025-02-22,Aston Villa,Chelsea,2,1,12.0,15.0,2.0,3.0,1.0,3.0,15.0,16.0,1.94,2.19,1.94,2.19,6.0,7.0,6.0,4.0,2.62,3.7,2.56,1.56,2.45,2.62,3.7,2.56,2.62,3.53,2.65,1.56,2.45,1.62,2.36,0.36609310019634217,0.2592334925714639,0.374673407232194,0.36618113919541534,0.27178316846798534,0.3620356923365993,0.008803899907317003,1.254967589652145,-1.2637714895594676,M Oliver,football-data.co.uk,proxy_shots,,,,,,,,
2025-02-22,Bournemouth,Wolves,0,1,8.0,13.0,6.0,7.0,5.0,3.0,17.0,9.0,0.98,1.71,0.98,1.71,3.0,5.0,4.0,3.0,1.56,4.45,5.5,1.59,2.39,1.56,4.45,5.5,1.64,4.18,5.22,1.59,2.39,1.67,2.26,0.6119208940670551,0.214516088706653,0.173563017226292,0.585987603261395,0.22990901180590617,0.18410338493269882,-2.593329080566009,1.5392923099253164,1.0540367706406817,M Salisbury,football-data.co.uk,proxy_shots,,,,,,,,
2025-02-22,Everton,Man United,2,2,9.0,9.0,7.0,9.0,4.0,1.0,12.0,9.0,2.14,1.24,2.14,1.24,8.0,3.0,1.0,6.0,2.55,3.2,2.96,2.19,1.7,2.55,3.2,2.96,2.65,3.13,2.92,2.19,1.7,2.25,1.68,0.37617156473391583,0.29976171564733917,0.324066719618745,0.36308452612217496,0.3074038320203717,0.32951164185745324,-1.3087038611740875,0.7642116373032526,0.5444922238708239,A Madley,football-data.co.uk,proxy_shots,,,,,,,,
2025-02-22,Fulham,Crystal Palace,0,2,10.0,10.0,7.0,7.0,1.0,3.0,10.0,7.0,0.55,1.65,0.55,1.65,0.0,5.0,3.0,0.0,2.05,3.48,3.74,1.98,1.87,2.05,3.48,3.74,2.08,3.46,3.72,1.98,1.87,1.97,1.89,0.46790000071900556,0.27563074754998884,0.25646925173100565,0.46289955980090336,0.2782748798803119,0.2588255603187847,-0.50004409181022,0.2644132330323068,0.23563085877790213,R Jones,football-data.co.uk,proxy_shots,,,,,,,,
2025-02-22,Ipswich,Tottenham,1,4,17.0,10.0,4.0,4.0,2.0,1.0,15.0,14.0,1.94,2.03,1.94,2.03,5.0,6.0,2.0,4.0,3.87,3.89,1.89,1.52,2.56,3.87,3.89,1.89,3.38,3.8,2.07,1.52,2.56,1.5,2.64,0.24737304303061503,0.24610120219241136,0.5065257547769737,0.2839034742624501,0.2525246692123898,0.4635718565251601,3.653043123183508,0.6423467019978452,-4.295389825181362,T Robinson,football-data.co.uk,proxy_shots,,,,,,,,
2025-02-22,Southampton,Brighton,0,4,6.0,18.0,5.0,6.0,2.0,0.0,11.0,12.0,0.51,3.55,0.51,3.55,1.0,12.0,8.0,1.0,5.52,4.38,1.57,1.58,2.42,5.52,4.38,1.57,5.7,4.5,1.56,1.58,2.42,1.52,2.59,0.17312427304723493,0.2181840153472002,0.6086917116055648,0.1689042875703768,0.21394543092247728,0.6171502815071459,-0.4219985476858146,-0.4238584424722913,0.8458569901581114,D Bond,football-data.co.uk,proxy_shots,,,,,,,,
2025-02-23,Man City,Liverpool,0,2,16.0,8.0,7.0,5.0,0.0,0.0,3.0,10.0,1.78,1.36,1.78,1.36,5.0,4.0,2.0,5.0,2.9,3.86,2.26,1.41,2.89,2.9,3.86,2.26,3.14,3.82,2.19,1.41,2.89,1.52,2.6,0.3295456262560631,0.24758609226491787,0.422868281479019,0.307146108997988,0.25247088540672313,0.4403830055952888,-2.2399517258075097,0.48847931418052604,1.7514724116269809,A Taylor,football-data.co.uk,proxy_shots,,,,,,,,
2025-02-23,Newcastle,Nott'm Forest,4,3,13.0,17.0,7.0,6.0,1.0,4.0,11.0,13.0,2.01,2.13,2.01,2.13,5.0,5.0,2.0,1.0,1.81,3.96,4.11,1.66,2.25,1.81,3.96,4.11,1.91,3.84,3.89,1.66,2.25,1.59,2.42,0.527020332034855,0.24088555580381,0.23209411216133513,0.502917321787495,0.2501489803682593,0.24693369784424563,-2.4103010247359946,0.9263424564449285,1.4839585682910494,J Gillett,football-data.co.uk,proxy_shots,,,,,,,,
2025-02-25,Brighton,Bournemouth,2,1,11.0,19.0,1.0,9.0,2.0,1.0,12.0,14.0,1.52,2.04,1.52,2.04,4.0,5.0,4.0,2.0,2.06,3.81,3.43,1.62,2.35,2.06,3.81,3.43,1.98,3.87,3.64,1.62,2.35,1.58,2.45,0.46701354765623043,0.2525060126435261,0.2804804397002433,0.48647976627090206,0.24889662460371728,0.26462360912538074,1.9466218614671627,-0.3609388039808842,-1.5856830574862535,M Oliver,football-data.co.uk,proxy_shots,,,,,,,,
2025-02-25,Chelsea,Southampton,4,0,19.0,7.0,4.0,2.0,1.0,2.0,6.0,9.0,3.24,0.74,3.24,0.74,10.0,2.0,2.0,6.0,1.17,8.55,14.69,1.28,3.72,1.17,8.55,14.69,1.17,8.31,16.08,1.28,3.72,1.29,3.7,0.8220384409219695,0.11248947086300636,0.06547208821502412,0.8240249973637327,0.11601795991763744,0.05995704271862981,0.19865564417631543,0.3528489054631087,-0.5515045496394311,T Bramall,football-data.co.uk,proxy_shots,,,,,,,,
2025-02-25,Crystal Palace,Aston Villa,4,1,19.0,6.0,3.0,8.0,3.0,1.0,19.0,10.0,2.52,0.79,2.52,0.79,6.0,2.0,1.0,2.0,2.55,3.38,2.83,1.9,1.95,2.55,3.38,2.83,2.26,3.52,3.19,1.9,1.95,1.76,2.11,0.37657720789420845,0.28410410654740575,0.3393186855583857,0.42543969325664743,0.27315162123864295,0.3014086855047095,4.886248536243897,-1.0952485308762805,-3.7910000053676174,S Barrott,football-data.co.uk,proxy_shots,,,,,,,,
2025-02-25,Wolves,Fulham,1,2,18.0,11.0,7.0,5.0,1.0,3.0,8.0,15.0,1.99,1.7,1.99,1.7,5.0,5.0,3.0,4.0,2.71,3.34,2.69,2.01,1.84,2.71,3.34,2.69,2.42,3.28,3.1,2.01,1.84,2.13,1.75,0.35475935702186295,0.28784366991893673,0.35739697305920026,0.3970696199565754,0.2929599025289367,0.3099704775144879,4.231026293471246,0.5116232609999993,-4.742649554471234,P Bankes,football-data.co.uk,proxy_shots,,,,,,,,
2025-02-26,Brentford,Everton,1,1,12.0,14.0,2.0,5.0,2.0,1.0,3.0,6.0,1.3,1.59,1.3,1.59,3.0,4.0,3.0,2.0,2.02,3.68,3.59,1.85,1.99,2.02,3.68,3.59,2.08,3.6,3.54,1.85,1.99,1.79,2.07,0.47357742520593915,0.2599528257923905,0.2664697490016705,0.4618194468603235,0.2668290137415203,0.2713515393981562,-1.175797834561565,0.6876187949129808,0.488179039648573,S Hooper,football-data.co.uk,proxy_shots,,,,,,,,
2025-02-26,Liverpool,Newcastle,2,0,12.0,3.0,4.0,2.0,0.0,1.0,12.0,11.0,1.4,0.2,1.4,0.2,3.0,0.0,0.0,1.0,1.52,4.77,5.64,1.44,2.79,1.52,4.77,5.64,1.37,5.47,7.71,1.44,2.79,1.42,2.94,0.6296587557927258,0.20064597668866732,0.16969526751860692,0.7002073707087628,0.17537186432742322,0.12442076496381389,7.054861491603703,-2.5274112361244105,-4.527450255479303,C Kavanagh,football-data.co.uk,proxy_shots,,,,,,,,
2025-02-26,Man United,Ipswich,3,2,10.0,12.0,5.0,6.0,6.0,4.0,9.0,16.0,1.93,1.4,1.93,1.4,6.0,3.0,1.0,3.0,1.52,4.55,5.83,1.64,2.29,1.52,4.55,5.83,1.51,4.5,6.35,1.64,2.29,1.64,2.28,0.6270432416716111,0.20947378622875795,0.163482972099631,0.6355861516732098,0.21327446422812146,0.15113938409866876,0.854291000159868,0.3800677999363511,-1.2343588000962247,D England,football-data.co.uk,proxy_shots,,,,,,,,
2025-02-26,Nott'm Forest,Arsenal,0,0,6.0,13.0,3.0,11.0,1.0,1.0,10.0,17.0,0.69,0.9,0.69,0.9,2.0,1.0,1.0,2.0,3.94,3.48,1.98,2.17,1.71,3.94,3.48,1.98,4.23,3.45,1.94,2.17,1.71,2.2,1.7,0.24259580041404366,0.2746630613883138,0.4827411381976425,0.22693751335076134,0.27824512506484655,0.4948173615843921,-1.5658287063282317,0.3582063676532743,1.2076223386749574,A Madley,football-data.co.uk,proxy_shots,,,,,,,,
2025-02-26,Tottenham,Man City,0,1,11.0,12.0,8.0,3.0,3.0,0.0,12.0,15.0,1.69,1.66,1.69,1.66,6.0,5.0,4.0,6.0,3.22,4.09,2.04,1.34,3.29,3.22,4.09,2.04,3.88,4.29,1.82,1.34,3.29,1.34,3.32,0.2971134740155686,0.23391329739123004,0.4689732285932014,0.24775183565712405,0.22407392129362266,0.5281742430492533,-4.936163835844454,-0.9839376097607377,5.920101445605192,J Gillett,football-data.co.uk,proxy_shots,,,,,,,,
2025-02-27,West Ham,Leicester,2,0,8.0,10.0,3.0,3.0,0.0,0.0,12.0,6.0,1.0,0.91,1.0,0.91,2.0,2.0,2.0,0.0,1.63,4.15,5.17,1.71,2.17,1.63,4.15,5.17,1.77,3.77,4.77,1.71,2.17,1.91,1.95,0.5854624240390099,0.22995271112857496,0.18458486483241512,0.5433113687244514,0.25508252589980873,0.20160610537573984,-4.215105531455854,2.512981477123377,1.7021240543324712,S Attwell,football-data.co.uk,proxy_shots,,,,,,,,
2025-03-08,Brentford,Aston Villa,0,1,13.0,12.0,6.0,5.0,2.0,2.0,10.0,5.0,1.25,1.48,1.25,1.48,3.0,4.0,3.0,3.0,2.26,3.8,2.95,1.52,2.54,2.26,3.8,2.95,2.16,3.88,3.15,1.52,2.54,1.46,2.76,0.4235783109767618,0.2519176270546004,0.32450406196863785,0.4459477210035465,0.24825955602259295,0.30579272297386045,2.236941002678472,-0.3658071032007465,-1.8711338994777393,J Gillett,football-data.co.uk,proxy_shots,,,,,,,,
2025-03-08,Brighton,Fulham,2,1,9.0,6.0,3.0,7.0,0.0,2.0,6.0,12.0,1.41,0.61,1.41,0.61,4.0,1.0,0.0,2.0,1.99,3.62,3.77,1.75,2.11,1.99,3.62,3.77,2.01,3.55,3.85,1.75,2.11,1.84,2.01,0.48133034722344686,0.26459872678857993,0.2540709259879733,0.47886411015538777,0.27113151025699417,0.25000437958761795,-0.24662370680590961,0.6532783468414238,-0.4066546400355364,S Barrott,football-data.co.uk,proxy_shots,,,,,,,,
2025-03-08,Crystal Palace,Ipswich,1,0,19.0,15.0,5.0,4.0,4.0,3.0,8.0,7.0,1.86,2.26,1.86,2.26,4.0,8.0,8.0,3.0,1.48,4.55,6.74,1.75,2.07,1.48,4.55,6.74,1.55,4.2,6.26,1.75,2.07,1.84,2.02,0.6473081420628924,0.21055297807760018,0.14213887985950752,0.6185625220562286,0.22827902599694153,0.15315845194682978,-2.874562000666381,1.7726047919341348,1.1019572087322267,S Hooper,football-data.co.uk,proxy_shots,,,,,,,,
2025-03-08,Liverpool,Southampton,3,1,28.0,6.0,6.0,4.0,2.0,1.0,10.0,9.0,3.1,1.15,3.1,1.15,7.0,4.0,3.0,4.0,1.12,9.97,19.5,1.27,3.77,1.12,9.97,19.5,1.11,10.91,23.99,1.27,3.77,1.26,3.88,0.8548667803469683,0.09603317893566744,0.04910004071736433,0.871071944311227,0.08862418498491861,0.040303870703854196,1.620516396425875,-0.740899395074883,-0.8796170013510136,L Smith,football-data.co.uk,proxy_shots,,,,,,,,
2025-03-08,Nott'm Forest,Man City,1,0,9.0,14.0,3.0,2.0,3.0,2.0,9.0,7.0,1.31,1.31,1.31,1.31,4.0,3.0,3.0,3.0,3.88,3.89,1.89,1.57,2.42,3.88,3.89,1.89,3.8,3.79,1.95,1.57,2.42,1.6,2.4,0.24689289252312913,0.2462582064240979,0.506848901052773,0.25307764746168987,0.2537453985104015,0.4931769540279086,0.6184754938560744,0.7487192086303607,-1.3671947024864406,C Kavanagh,football-data.co.uk,proxy_shots,,,,,,,,
2025-03-08,Wolves,Everton,1,1,11.0,12.0,5.0,5.0,2.0,2.0,11.0,16.0,1.25,1.48,1.25,1.48,3.0,4.0,3.0,2.0,2.63,3.14,2.87,2.27,1.64,2.63,3.14,2.87,2.84,2.98,2.84,2.27,1.64,2.52,1.54,0.3631140175919994,0.30413690008501854,0.33274908232298195,0.3386363636363636,0.3227272727272727,0.3386363636363636,-2.447765395563578,1.859037264225416,0.5887281313381676,S Attwell,football-data.co.uk,proxy_shots,,,,,,,,
2025-03-09,Chelsea,Leicester,1,0,20.0,3.0,12.0,2.0,1.0,0.0,12.0,13.0,2.46,0.71,2.46,0.71,7.0,3.0,3.0,6.0,1.2,7.67,12.34,1.35,3.22,1.2,7.67,12.34,1.23,6.96,12.22,1.35,3.22,1.43,2.86,0.7976399757963524,0.12479373806461835,0.0775662861390294,0.7828531349581103,0.13834904540207985,0.0787978196398098,-1.478684083824211,1.355530733746149,0.12315335007803963,T Robinson,football-data.co.uk,proxy_shots,,,,,,,,
2025-03-09,Man United,Arsenal,1,1,10.0,17.0,2.0,9.0,0.0,1.0,8.0,11.0,1.73,2.12,1.73,2.12,6.0,6.0,5.0,5.0,5.41,3.58,1.72,2.18,1.7,5.41,3.58,1.72,5.1,3.55,1.78,2.18,1.7,2.09,1.77,0.17678707802908936,0.2671558916584842,0.5560570303124264,0.18861560503850516,0.27096889737926094,0.5404154975822338,1.1828527009415808,0.3813005720776752,-1.564153273019253,A Taylor,football-data.co.uk,proxy_shots,,,,,,,,
2025-03-09,Tottenham,Bournemouth,2,2,12.0,17.0,3.0,6.0,3.0,3.0,15.0,16.0,1.58,2.58,1.58,2.58,4.0,8.0,6.0,2.0,2.71,3.88,2.4,1.39,3.02,2.71,3.88,2.4,2.8,3.75,2.4,1.39,3.02,1.48,2.7,0.353654275601197,0.24701110486578454,0.3993346195330183,0.34324942791762014,0.25629290617848965,0.40045766590389015,-1.0404847683576857,0.9281801312705118,0.11230463708718497,J Brooks,football-data.co.uk,proxy_shots,,,,,,,,
2025-03-10,West Ham,Newcastle,0,1,9.0,9.0,3.0,4.0,0.0,1.0,7.0,15.0,0.85,1.14,0.85,1.14,2.0,3.0,2.0,2.0,3.21,3.57,2.19,1.69,2.18,3.21,3.57,2.19,3.35,3.49,2.2,1.69,2.18,1.89,1.96,0.2971844959118744,0.26721631145017277,0.43559919263795294,0.28714074683520635,0.2756222068475476,0.4372370463172461,-1.0043749076668052,0.8405895397374852,0.16378536792931442,M Salisbury,football-data.co.uk,proxy_shots,,,,,,,,
2025-03-15,Bournemouth,Brentford,1,2,17.0,10.0,4.0,3.0,3.0,0.0,13.0,7.0,1.94,1.47,1.94,1.47,5.0,4.0,2.0,4.0,1.76,4.16,4.25,1.48,2.66,1.76,4.16,4.25,1.76,4.2,4.29,1.48,2.66,1.49,2.69,0.5443081621594996,0.23028422245209593,0.2254076153884045,0.5466559871846217,0.22907488986784144,0.22426912294753706,0.23478250251220967,-0.12093325842544855,-0.11384924408674446,C Pawson,football-data.co.uk,proxy_shots,,,,,,,,
2025-03-15,Everton,West Ham,1,1,13.0,10.0,6.0,5.0,1.0,2.0,12.0,8.0,1.71,1.55,1.71,1.55,5.0,5.0,4.0,4.0,2.11,3.27,3.81,2.3,1.64,2.11,3.27,3.81,2.14,3.22,3.82,2.3,1.64,2.37,1.61,0.4547385710375035,0.29342458253490283,0.2518368464275938,0.449477453774757,0.2987210407074472,0.25180150551779584,-0.5261117262746473,0.5296458172544372,-0.003534090979795401,D Bond,football-data.co.uk,proxy_shots,,,,,,,,
2025-03-15,Ipswich,Nott'm Forest,2,4,11.0,11.0,6.0,3.0,1.0,1.0,4.0,13.0,1.52,2.08,1.52,2.08,4.0,6.0,2.0,2.0,3.8,3.59,1.99,1.85,1.99,3.8,3.59,1.99,3.99,3.56,1.96,1.85,1.99,1.92,1.93,0.25201336244757144,0.26675509117013135,0.4812315463822972,0.24058698590461475,0.2696466499324194,0.48976636416296576,-1.1426376542956695,0.2891558762288027,0.8534817780668558,M Salisbury,football-data.co.uk,proxy_shots,,,,,,,,
2025-03-15,Man City,Brighton,2,2,11.0,15.0,4.0,5.0,2.0,5.0,10.0,10.0,1.34,1.56,1.34,1.56,3.0,3.0,1.0,1.0,1.66,4.45,4.63,1.47,2.68,1.66,4.45,4.63,1.81,4.03,4.15,1.47,2.68,1.5,2.65,0.5775122420206131,0.2154315329784759,0.20705622500091098,0.5304262883638913,0.23823116177137546,0.23134254986473327,-4.708595365672186,2.2799628792899567,2.428632486382229,S Hooper,football-data.co.uk,proxy_shots,,,,,,,,
2025-03-15,Southampton,Wolves,1,2,10.0,5.0,5.0,1.0,0.0,0.0,12.0,13.0,1.19,1.02,1.19,1.02,3.0,3.0,1.0,2.0,3.63,3.51,2.06,1.81,2.03,3.63,3.51,2.06,3.9,3.38,2.04,1.81,2.03,2.06,1.79,0.26341271489305895,0.27241827779538574,0.4641690073115553,0.24596549805230944,0.2838063439065109,0.47022815804117973,-1.7447216840749513,1.138806611112514,0.605915072962443,R Jones,football-data.co.uk,proxy_shots,,,,,,,,
2025-03-16,Arsenal,Chelsea,1,0,12.0,8.0,5.0,4.0,3.0,3.0,10.0,13.0,1.48,0.8,1.48,0.8,4.0,2.0,2.0,3.0,1.81,3.74,4.44,1.88,1.94,1.81,3.74,4.44,1.73,3.68,5.24,1.88,1.94,2.06,1.8,0.5286488344995766,0.25584341990487525,0.21550774559554808,0.5554748983142637,0.2611335799140424,0.1833915217716939,2.6826063814687107,0.5290160009167155,-3.2116223823854178,C Kavanagh,football-data.co.uk,proxy_shots,,,,,,,,
2025-03-16,Fulham,Tottenham,2,0,13.0,12.0,6.0,5.0,0.0,0.0,13.0,10.0,1.64,1.38,1.64,1.38,4.0,4.0,4.0,2.0,2.01,3.84,3.48,1.57,2.42,2.01,3.84,3.48,1.85,3.94,4.04,1.57,2.42,1.66,2.26,0.47595845621233496,0.24913450442364407,0.274907039364021,0.5188164507864904,0.2436067091256364,0.23757684008787314,4.285799457415545,-0.5527795298007676,-3.7330199276147864,A Madley,football-data.co.uk,proxy_shots,,,,,,,,
2025-03-16,Leicester,Man United,0,3,11.0,18.0,6.0,4.0,2.0,0.0,6.0,6.0,1.15,2.19,1.15,2.19,3.0,5.0,2.0,3.0,4.21,3.76,1.84,1.79,2.04,4.21,3.76,1.84,4.5,3.74,1.81,1.79,2.04,1.9,1.94,0.226874442520594,0.2540269688860906,0.5190985885933155,0.2132470608989302,0.2565806882473759,0.5301722508536939,-1.3627381621663797,0.25537193612852893,1.1073662260378425,T Bramall,football-data.co.uk,proxy_shots,,,,,,,,
2025-04-01,Arsenal,Fulham,2,1,17.0,9.0,5.0,4.0,1.0,2.0,2.0,10.0,1.85,1.14,1.85,1.14,4.0,3.0,2.0,2.0,1.48,4.2,7.73,2.12,1.74,1.48,4.2,7.73,1.49,4.16,7.46,2.12,1.74,2.02,1.82,0.6477343463202081,0.22824924584616857,0.12401640783362329,0.6418876713122112,0.2299068822728833,0.12820544641490544,-0.5846675007996849,0.1657636426714737,0.41890385812821535,J Brooks,football-data.co.uk,proxy_shots,,,,,,,,
2025-04-01,Nott'm Forest,Man United,1,0,8.0,23.0,3.0,10.0,1.0,3.0,5.0,12.0,0.9,2.34,0.9,2.34,2.0,6.0,6.0,1.0,2.32,3.42,3.13,1.94,1.89,2.32,3.42,3.13,2.36,3.39,3.11,1.94,1.89,2.0,1.85,0.41329544489316855,0.28036416144799736,0.3063403936588342,0.407330708691839,0.2835694609182124,0.3090998303899486,-0.5964736201329535,0.32052994702150284,0.2759436731114395,J Gillett,football-data.co.uk,proxy_shots,,,,,,,,
2025-04-01,Wolves,West Ham,1,0,9.0,10.0,1.0,2.0,4.0,2.0,16.0,12.0,0.95,0.73,0.95,0.73,2.0,1.0,1.0,1.0,2.57,3.2,2.92,2.18,1.7,2.57,3.2,2.92,2.37,3.25,3.21,2.18,1.7,2.29,1.64,0.37268071664459723,0.29930920055519217,0.3280100828002106,0.40526052045822697,0.2955284410726148,0.29921103846915825,3.257980381362974,-0.37807594825773894,-2.879904433105235,T Harrington,football-data.co.uk,proxy_shots,,,,,,,,
2025-04-02,Bournemouth,Ipswich,1,2,24.0,10.0,8.0,3.0,1.0,2.0,14.0,15.0,2.68,1.11,2.68,1.11,7.0,2.0,0.0,6.0,1.38,5.23,7.72,1.51,2.52,1.38,5.23,7.72,1.39,5.13,7.75,1.51,2.52,1.63,2.29,0.6931838081536089,0.18290509660649718,0.12391109523989383,0.68950775831719,0.1868256889007591,0.12366655278205085,-0.3676049836418893,0.3920592294261921,-0.024454245784297224,R Jones,football-data.co.uk,proxy_shots,,,,,,,,
2025-04-02,Brighton,Aston Villa,0,3,11.0,8.0,4.0,0.0,1.0,3.0,16.0,11.0,1.32,1.64,1.32,1.64,4.0,5.0,2.0,4.0,2.09,3.81,3.27,1.58,2.37,2.09,3.81,3.27,2.35,3.49,3.03,1.58,2.37,1.82,2.03,0.4571010313363345,0.25074571010313357,0.29215325856053176,0.40834160337031356,0.274957813157661,0.3167005834720254,-4.875942796602095,2.4212103054527425,2.4547324911493638,S Attwell,football-data.co.uk,proxy_shots,,,,,,,,
2025-04-02,Liverpool,Everton,1,0,17.0,5.0,11.0,5.0,2.0,2.0,7.0,11.0,1.58,0.28,1.58,0.28,3.0,0.0,0.0,2.0,1.36,5.02,8.78,1.76,2.06,1.36,5.02,8.78,1.48,4.38,7.07,1.76,2.06,1.81,2.03,0.7013538371449121,0.1900082108599762,0.10863795199511168,0.6463143306771079,0.21838931721509583,0.13529635210779628,-5.50395064678042,2.8381106355119616,2.6658400112684597,S Barrott,football-data.co.uk,proxy_shots,,,,,,,,
2025-04-02,Man City,Leicester,2,0,18.0,2.0,5.0,0.0,1.0,4.0,11.0,8.0,2.09,0.2,2.09,0.2,5.0,0.0,0.0,3.0,1.2,7.61,12.4,1.38,2.99,1.2,7.61,12.4,1.2,7.6,13.22,1.38,2.99,1.37,3.11,0.7971548286814895,0.1257011556396567,0.07714401567885382,0.8008544828465758,0.12645070781788037,0.07269480933554393,0.369965416508633,0.07495521782236725,-0.44492063433098916,D England,football-data.co.uk,proxy_shots,,,,,,,,
2025-04-02,Newcastle,Brentford,2,1,21.0,12.0,4.0,5.0,1.0,1.0,12.0,12.0,2.08,1.3,2.08,1.3,4.0,3.0,2.0,2.0,1.73,4.31,4.21,1.46,2.68,1.73,4.31,4.21,1.67,4.32,4.68,1.46,2.68,1.53,2.52,0.5517793989302016,0.22147989794646142,0.226740703123337,0.5735879889694618,0.22173424573587988,0.2046777652946584,2.180859003926028,0.025434778941846314,-2.2062937828678604,P Bankes,football-data.co.uk,proxy_shots,,,,,,,,
2025-04-02,Southampton,Crystal Palace,1,1,8.0,9.0,2.0,2.0,2.0,1.0,14.0,9.0,0.9,1.14,0.9,1.14,2.0,3.0,2.0,1.0,5.5,4.01,1.62,1.78,2.03,5.5,4.01,1.62,5.68,4.04,1.61,1.78,2.03,1.8,2.03,0.17341142301901702,0.23784609142259194,0.588742485558391,0.1685234892373382,0.23693401457130717,0.5945424961913546,-0.4887933781678816,-0.09120768512847766,0.5800010632963537,A Madley,football-data.co.uk,proxy_shots,,,,,,,,
2025-04-03,Chelsea,Tottenham,1,0,11.0,8.0,4.0,6.0,5.0,5.0,7.0,16.0,1.6,0.8,1.6,0.8,5.0,2.0,2.0,4.0,1.64,4.5,4.57,1.39,2.92,1.64,4.5,4.57,1.68,4.36,4.58,1.39,2.92,1.45,2.77,0.5802797984187269,0.21147974875704714,0.20824045282422587,0.5707328226820625,0.21991539956556536,0.20935177775237226,-0.9546975736664409,0.8435650808518214,0.111132492814639,C Pawson,football-data.co.uk,proxy_shots,,,,,,,,
2025-04-05,Aston Villa,Nott'm Forest,2,1,17.0,19.0,4.0,4.0,2.0,2.0,7.0,15.0,2.58,1.69,2.58,1.69,8.0,3.0,2.0,6.0,1.99,3.63,3.72,1.78,2.05,1.99,3.63,3.72,2.14,3.39,3.57,1.78,2.05,1.93,1.9,0.4800409525739333,0.2631629464523767,0.25679610097369016,0.4482881241040572,0.2829901432397293,0.2687217326562136,-3.175282846987609,1.982719678735262,1.1925631682523419,S Hooper,football-data.co.uk,proxy_shots,,,,,,,,
2025-04-05,Crystal Palace,Brighton,2,1,8.0,11.0,2.0,4.0,4.0,3.0,12.0,13.0,1.18,1.6,1.18,1.6,3.0,5.0,4.0,1.0,2.43,3.46,2.87,1.78,2.04,2.43,3.46,2.87,2.53,3.39,2.81,1.78,2.04,1.85,1.98,0.3923103970038045,0.2755243539650997,0.3321652490310958,0.37783348339474615,0.28198192123560695,0.34018459536964685,-1.447691360905834,0.6457567270507225,0.8019346338551059,A Taylor,football-data.co.uk,proxy_shots,,,,,,,,
2025-04-05,Everton,Arsenal,1,1,5.0,14.0,3.0,8.0,3.0,1.0,17.0,13.0,0.73,1.77,0.73,1.77,2.0,5.0,4.0,1.0,5.15,3.44,1.78,2.36,1.59,5.15,3.44,1.78,4.1,3.17,2.07,2.36,1.59,2.44,1.56,0.1855166605062079,0.2777356981415613,0.5367476413522309,0.2339700277045843,0.3026110768418913,0.46341889545352444,4.84533671983764,2.4875378700330018,-7.332874589870642,D England,football-data.co.uk,proxy_shots,,,,,,,,
2025-04-05,Ipswich,Wolves,1,2,6.0,22.0,4.0,8.0,2.0,2.0,12.0,16.0,0.79,2.67,0.79,2.67,2.0,7.0,5.0,1.0,2.74,3.28,2.65,2.07,1.75,2.74,3.28,2.65,2.84,3.2,2.63,2.07,1.75,2.25,1.65,0.348513644637974,0.29113639826464904,0.36034995709737694,0.33700126535646213,0.29908862300386013,0.36391011163967774,-1.1512379281511886,0.7952224739211089,0.35601545423007974,P Bankes,football-data.co.uk,proxy_shots,,,,,,,,
2025-04-05,West Ham,Bournemouth,2,2,9.0,11.0,4.0,7.0,2.0,2.0,13.0,13.0,1.24,1.52,1.24,1.52,3.0,4.0,2.0,1.0,3.04,3.47,2.34,1.8,2.02,3.04,3.47,2.34,2.98,3.49,2.38,1.8,2.02,1.82,2.02,0.3149382131858414,0.2759112876325527,0.40915049918160595,0.32196071135091553,0.27491201141138344,0.4031272772377009,0.7022498165074109,-0.0999276221169243,-0.6023221943905033,T Robinson,football-data.co.uk,proxy_shots,,,,,,,,
2025-04-06,Brentford,Chelsea,0,0,9.0,21.0,3.0,6.0,1.0,3.0,12.0,12.0,0.85,2.05,0.85,2.05,2.0,5.0,5.0,2.0,3.2,3.73,2.15,1.53,2.46,3.2,3.73,2.15,2.89,3.57,2.41,1.53,2.46,1.63,2.3,0.29883922416202424,0.256376814294498,0.4447839615434779,0.3323701320023642,0.26906153543048533,0.39856833256715046,3.3530907840339963,1.2684721135987342,-4.621562897632741,M Oliver,football-data.co.uk,proxy_shots,,,,,,,,
2025-04-06,Fulham,Liverpool,3,2,12.0,14.0,4.0,4.0,3.0,0.0,10.0,9.0,2.04,2.05,2.04,2.05,6.0,6.0,4.0,3.0,4.24,3.7,1.86,1.8,2.02,4.24,3.7,1.86,4.19,3.52,1.92,1.8,2.02,1.81,2.02,0.22596235930707503,0.2589406495843238,0.5150969911086012,0.228695181375203,0.27222523010286953,0.49907958852192746,0.27328220681279713,1.3284580518545752,-1.6017402586673724,C Kavanagh,football-data.co.uk,proxy_shots,,,,,,,,
2025-04-06,Man United,Man City,0,0,13.0,9.0,5.0,3.0,3.0,2.0,13.0,9.0,1.07,1.4,1.07,1.4,2.0,5.0,5.0,2.0,3.33,3.61,2.13,1.66,2.23,3.33,3.61,2.13,3.39,3.67,2.11,1.66,2.23,1.65,2.27,0.28687671386199565,0.2646258884100957,0.44849739772790864,0.28325877261969645,0.261647749095578,0.4550934782847256,-0.3617941242299194,-0.2978139314517736,0.6596080556816986,J Brooks,football-data.co.uk,proxy_shots,,,,,,,,
2025-04-06,Tottenham,Southampton,3,1,13.0,12.0,4.0,1.0,1.0,1.0,16.0,20.0,2.46,1.48,2.46,1.48,8.0,4.0,3.0,5.0,1.39,5.32,7.12,1.38,2.97,1.39,5.32,7.12,1.37,5.41,7.68,1.38,2.97,1.41,2.93,0.6865760377016495,0.17938734819648358,0.13403661410186696,0.698509299436301,0.17688682813821302,0.12460387242548598,1.193326173465148,-0.2500520058270561,-0.9432741676380973,M Salisbury,football-data.co.uk,proxy_shots,,,,,,,,
2025-04-07,Leicester,Newcastle,0,3,7.0,16.0,12.0,2.0,2.0,0.0,8.0,9.0,0.74,2.08,0.74,2.08,2.0,5.0,2.0,2.0,6.4,4.44,1.5,1.6,2.33,6.4,4.44,1.5,7.18,4.63,1.45,1.6,2.33,1.68,2.19,0.14907332796132153,0.21488047273704,0.6360461993016384,0.13328925764226818,0.20669910796360377,0.660011634394128,-1.5784070319053352,-0.8181364773436228,2.3965435092489606,R Jones,football-data.co.uk,proxy_shots,,,,,,,,
2025-04-12,Arsenal,Brentford,1,1,14.0,3.0,13.0,5.0,1.0,3.0,7.0,9.0,1.41,0.62,1.41,0.62,3.0,2.0,1.0,2.0,1.61,4.16,5.35,1.77,2.06,1.61,4.16,5.35,1.63,4.15,5.21,1.77,2.06,1.72,2.15,0.5924332727306606,0.22928306949431818,0.17828365777502125,0.5862932944306002,0.23027905299322365,0.18342765257617624,-0.6139978300060411,0.09959834989054783,0.5143994801154989,S Hooper,football-data.co.uk,proxy_shots,,,,,,,,
2025-04-12,Brighton,Leicester,2,2,21.0,15.0,3.0,6.0,2.0,5.0,9.0,11.0,2.62,2.1,2.62,2.1,7.0,6.0,4.0,5.0,1.27,5.89,10.98,1.61,2.33,1.27,5.89,10.98,1.29,5.98,10.04,1.61,2.33,1.52,2.57,0.7511542200608383,0.16196364337474783,0.0868821365644139,0.7439340809119633,0.16048076327365096,0.09558515581438574,-0.7220139148874982,-0.14828801010968728,0.8703019249971842,D Bond,football-data.co.uk,proxy_shots,,,,,,,,
2025-04-12,Man City,Crystal Palace,5,2,21.0,8.0,1.0,4.0,2.0,3.0,10.0,16.0,3.27,1.18,3.27,1.18,9.0,3.0,1.0,4.0,1.5,4.7,5.95,1.53,2.48,1.5,4.7,5.95,1.63,4.25,5.16,1.53,2.48,1.62,2.32,0.6364360491579426,0.20311788802913064,0.1604460628129267,0.5884357483437667,0.22568241642360934,0.18588183523262397,-4.800030081417594,2.25645283944787,2.5435772419697273,J Gillett,football-data.co.uk,proxy_shots,,,,,,,,
2025-04-12,Nott'm Forest,Everton,0,1,10.0,13.0,1.0,7.0,0.0,3.0,9.0,13.0,1.45,1.71,1.45,1.71,5.0,5.0,4.0,5.0,2.11,3.33,3.67,2.22,1.67,2.11,3.33,3.67,1.97,3.34,4.21,2.22,1.67,2.24,1.67,0.45278258388876336,0.2868982738754627,0.26031914223577407,0.4859667736885214,0.2866330970558046,0.22740012925567396,3.3184189799758066,-0.026517681965809725,-3.291901298010011,C Pawson,football-data.co.uk,proxy_shots,,,,,,,,
2025-04-12,Southampton,Aston Villa,0,3,7.0,25.0,2.0,14.0,3.0,1.0,11.0,4.0,0.74,3.47,0.74,3.47,2.0,10.0,7.0,2.0,5.65,4.42,1.55,1.59,2.37,5.65,4.42,1.55,6.1,4.55,1.52,1.59,2.37,1.57,2.41,0.16882076808397914,0.21580030309377427,0.6153789288222465,0.15738570420772363,0.21100061443233276,0.6316136813599436,-1.1435063876255507,-0.4799688661441509,1.6234752537697017,T Bramall,football-data.co.uk,proxy_shots,,,,,,,,
2025-04-13,Chelsea,Ipswich,2,2,34.0,13.0,15.0,4.0,2.0,2.0,11.0,7.0,3.69,1.64,3.69,1.64,9.0,4.0,2.0,7.0,1.25,6.57,9.7,1.43,2.77,1.25,6.57,9.7,1.2,7.33,13.53,1.43,2.77,1.44,2.81,0.7580784260079817,0.14423105517655663,0.09769051881546156,0.7984653026522681,0.13071737560473692,0.07081732174299495,4.038687664428641,-1.3513679571819703,-2.6873197072466617,S Attwell,football-data.co.uk,proxy_shots,,,,,,,,
2025-04-13,Liverpool,West Ham,2,1,15.0,11.0,10.0,3.0,0.0,2.0,15.0,8.0,2.1,1.43,2.1,1.43,6.0,4.0,3.0,4.0,1.3,5.89,9.45,1.52,2.51,1.3,5.89,9.45,1.28,5.9,10.63,1.52,2.51,1.53,2.53,0.736225653913561,0.16249462650044644,0.10127971958599254,0.7477401001962434,0.162221581059524,0.0900383187442325,1.151444628268239,-0.0273045440922437,-1.1241400841760036,A Madley,football-data.co.uk,proxy_shots,,,,,,,,
2025-04-13,Newcastle,Man United,4,1,13.0,9.0,7.0,2.0,0.0,2.0,7.0,9.0,2.19,1.5,2.19,1.5,6.0,5.0,4.0,2.0,1.65,4.21,4.73,1.64,2.27,1.65,4.21,4.73,1.61,4.29,5.26,1.64,2.27,1.62,2.32,0.5744613334179545,0.22514517818043348,0.20039348840161203,0.5947513105909453,0.2232050373080238,0.18204365210103082,2.028997717299086,-0.19401408724096791,-1.8349836300581206,C Kavanagh,football-data.co.uk,proxy_shots,,,,,,,,
2025-04-13,Wolves,Tottenham,4,2,13.0,11.0,1.0,4.0,1.0,2.0,12.0,15.0,2.01,1.52,2.01,1.52,5.0,4.0,2.0,1.0,2.23,3.55,3.14,1.66,2.23,2.23,3.55,3.14,2.28,3.56,3.1,1.66,2.23,1.81,2.03,0.42765013024779697,0.2686365606908696,0.3037133090613335,0.4208872345618746,0.26955699292165003,0.3095557725164755,-0.6762895685922365,0.09204322307804214,0.5842463455142,A Taylor,football-data.co.uk,proxy_shots,,,,,,,,
2025-04-14,Bournemouth,Fulham,1,0,12.0,12.0,6.0,9.0,3.0,2.0,11.0,10.0,1.3,1.92,1.3,1.92,3.0,7.0,7.0,2.0,2.15,3.58,3.3,1.74,2.1,2.15,3.58,3.3,2.24,3.41,3.3,1.74,2.1,1.83,2.01,0.4440351800345787,0.2666691723671352,0.28929564759828613,0.4281409558885076,0.2812421528417176,0.29061689126977486,-1.5894224146071112,1.4572980474582387,0.13212436714887255,O Oliver,football-data.co.uk,proxy_shots,,,,,,,,
2025-04-16,Newcastle,Crystal Palace,5,0,14.0,11.0,5.0,4.0,2.0,3.0,9.0,15.0,2.53,1.32,2.53,1.32,7.0,4.0,4.0,2.0,1.71,3.96,4.75,1.69,2.18,1.71,3.96,4.75,1.67,3.99,5.1,1.69,2.18,1.67,2.23,0.5580923389142567,0.24099441907661087,0.2009132420091324,0.57273855662791,0.23971764149589211,0.18754380187619799,1.4646217713653265,-0.12767775807187576,-1.3369440132934423,D England,football-data.co.uk,proxy_shots,,,,,,,,
2025-04-19,Aston Villa,Newcastle,4,1,23.0,10.0,7.0,7.0,1.0,3.0,9.0,12.0,3.28,1.19,3.28,1.19,9.0,3.0,2.0,5.0,2.36,3.63,2.85,1.63,2.28,2.36,3.63,2.85,2.54,3.6,2.69,1.63,2.28,1.61,2.33,0.40351739389897145,0.262341886942582,0.3341407191584465,0.3773879020755555,0.2662681309088642,0.35634396701558035,-2.612949182341595,0.3926243966282217,2.2203247857133848,J Gillett,football-data.co.uk,proxy_shots,,,,,,,,
2025-04-19,Brentford,Brighton,4,2,16.0,12.0,4.0,8.0,3.0,5.0,7.0,11.0,2.72,1.4,2.72,1.4,8.0,3.0,1.0,4.0,2.5,3.61,2.7,1.59,2.37,2.5,3.61,2.7,2.64,3.58,2.59,1.59,2.37,1.6,2.37,0.3819058067549565,0.26447770550897265,0.3536164877360708,0.3627479363092211,0.26750127146825237,0.3697507922225265,-1.9157870445735414,0.3023565959279717,1.6134304486455697,T Robinson,football-data.co.uk,proxy_shots,,,,,,,,
2025-04-19,Crystal Palace,Bournemouth,0,0,5.0,15.0,5.0,4.0,5.0,4.0,13.0,10.0,0.28,1.54,0.28,1.54,0.0,4.0,4.0,0.0,2.54,3.54,2.69,1.78,2.04,2.54,3.54,2.69,2.57,3.49,2.72,1.78,2.04,1.75,2.11,0.3756923950952388,0.26956459987059506,0.35474300503416606,0.3729613986838228,0.27464492682447694,0.35239367449170017,-0.2730996411415998,0.5080326953881886,-0.23493305424658883,S Barrott,football-data.co.uk,proxy_shots,,,,,,,,
2025-04-19,Everton,Man City,0,2,8.0,12.0,2.0,5.0,4.0,0.0,7.0,6.0,0.98,2.12,0.98,2.12,3.0,7.0,5.0,3.0,3.8,3.65,1.96,1.83,2.0,3.8,3.65,1.96,4.06,3.64,1.91,1.83,2.0,1.87,1.97,0.2512644001123911,0.26159033436358525,0.4871452655240236,0.23579127296899483,0.2629979583115711,0.5012107687194339,-1.547312714339627,0.14076239479858255,1.4065503195410334,S Hooper,football-data.co.uk,proxy_shots,,,,,,,,
2025-04-19,West Ham,Southampton,1,1,12.0,15.0,2.0,5.0,2.0,1.0,14.0,13.0,1.48,1.65,1.48,1.65,4.0,4.0,3.0,3.0,1.49,4.49,6.44,1.68,2.19,1.49,4.49,6.44,1.6,4.3,5.37,1.68,2.19,1.6,2.36,0.6397072650565361,0.2122859298294518,0.1480068051140122,0.5987864014729145,0.2228042424085263,0.17840935611855924,-4.092086358362157,1.0518312579074514,3.040255100454703,A Kitchen,football-data.co.uk,proxy_shots,,,,,,,,
2025-04-20,Fulham,Chelsea,1,2,6.0,13.0,6.0,4.0,1.0,3.0,13.0,9.0,0.61,2.35,0.61,2.35,1.0,8.0,6.0,0.0,2.82,3.52,2.43,1.81,2.01,2.82,3.52,2.43,3.07,3.57,2.3,1.81,2.01,1.76,2.1,0.3376518793965088,0.27050519883470314,0.391842921768788,0.3130158318688314,0.26917607950625,0.41780808862491847,-2.46360475276774,-0.13291193284531433,2.5965166856130484,A Taylor,football-data.co.uk,proxy_shots,,,,,,,,
2025-04-20,Ipswich,Arsenal,0,4,4.0,24.0,0.0,12.0,2.0,0.0,10.0,7.0,0.22,2.98,0.22,2.98,0.0,7.0,3.0,0.0,7.83,4.81,1.4,1.72,2.13,7.83,4.81,1.4,9.07,5.12,1.35,1.72,2.13,1.64,2.28,0.12164390886280829,0.1980190865687711,0.6803370045684206,0.10537404584807661,0.18666847575040135,0.7079574784015221,-1.6269863014731683,-1.1350610818369744,2.762047383310151,C Kavanagh,football-data.co.uk,proxy_shots,,,,,,,,
2025-04-20,Leicester,Liverpool,0,1,5.0,28.0,1.0,13.0,1.0,2.0,11.0,7.0,0.28,3.44,0.28,3.44,0.0,10.0,9.0,0.0,11.76,6.63,1.23,1.44,2.74,11.76,6.63,1.23,11.84,6.92,1.22,1.44,2.74,1.36,3.15,0.08107189191607389,0.14380172683756093,0.775126381246365,0.08054188132035871,0.13780576225911087,0.7816523564205304,-0.053001059571518294,-0.5995964578450058,0.6525975174165421,S Attwell,football-data.co.uk,proxy_shots,,,,,,,,
2025-04-20,Man United,Wolves,0,1,12.0,4.0,9.0,2.0,2.0,3.0,11.0,18.0,1.02,0.68,1.02,0.68,2.0,2.0,1.0,2.0,2.0,3.58,3.72,1.93,1.89,2.0,3.58,3.72,2.56,3.44,2.76,1.93,1.89,1.91,1.93,0.4770324096627217,0.26649855288420204,0.2564690374530762,0.37429039989907903,0.27854169294815184,0.347167907152769,-10.274200976364266,1.2043140063949798,9.069886969969282,R Jones,football-data.co.uk,proxy_shots,,,,,,,,
2025-04-21,Tottenham,Nott'm Forest,1,2,22.0,4.0,7.0,1.0,1.0,4.0,11.0,12.0,2.39,0.96,2.39,0.96,6.0,3.0,1.0,5.0,2.47,3.71,2.66,1.58,2.38,2.47,3.71,2.66,2.4,3.49,2.96,1.58,2.38,1.67,2.22,0.38545454545454544,0.25662337662337664,0.3579220779220779,0.40024176301025943,0.2752378886030437,0.3245203483866968,1.4787217555713994,1.861451197966707,-3.340172953538112,P Bankes,football-data.co.uk,proxy_shots,,,,,,,,
2025-04-22,Man City,Aston Villa,2,1,14.0,7.0,10.0,2.0,3.0,3.0,9.0,10.0,2.05,1.03,2.05,1.03,6.0,3.0,2.0,4.0,1.85,4.06,3.93,1.51,2.56,1.85,4.06,3.93,1.91,3.92,3.84,1.51,2.56,1.59,2.39,0.5191021983062922,0.23653671597700518,0.2443610857167025,0.5038695337814315,0.24550785957207505,0.25062260664649333,-1.5232664524860717,0.8971143595069869,0.626152092979082,C Pawson,football-data.co.uk,proxy_shots,,,,,,,,
2025-04-23,Arsenal,Crystal Palace,2,2,12.0,15.0,3.0,6.0,1.0,1.0,4.0,6.0,1.94,1.74,1.94,1.74,6.0,4.0,2.0,4.0,1.41,4.66,8.13,1.87,1.95,1.41,4.66,8.13,1.4,4.77,8.6,1.87,1.95,1.74,2.13,0.6775036346761518,0.20499573495565965,0.11750063036818867,0.6866755942417141,0.2015400066956813,0.11178439906260462,0.9171959565562271,-0.34557282599783357,-0.5716231305584046,M Salisbury,football-data.co.uk,proxy_shots,,,,,,,,
2025-04-26,Brighton,West Ham,3,2,16.0,12.0,8.0,1.0,1.0,1.0,7.0,9.0,2.8,1.58,2.8,1.58,9.0,4.0,2.0,6.0,1.67,4.14,4.76,1.67,2.21,1.67,4.14,4.76,1.78,3.96,4.36,1.67,2.21,1.72,2.14,0.5700532841183243,0.22994903006705356,0.19999768581462218,0.5382850301790791,0.24195640245423256,0.21975856736668825,-3.1768253939245206,1.2007372387178998,1.9760881552066067,D England,football-data.co.uk,proxy_shots,,,,,,,,
2025-04-26,Chelsea,Everton,1,0,10.0,6.0,10.0,2.0,0.0,0.0,11.0,11.0,1.91,0.87,1.91,0.87,7.0,3.0,3.0,6.0,1.58,4.08,5.91,1.85,1.97,1.58,4.08,5.91,1.44,4.79,7.31,1.85,1.97,1.64,2.28,0.6043762688923979,0.23404767275735017,0.1615760583502519,0.6677275839119432,0.20073647616559462,0.13153593992246213,6.335131501954527,-3.3311196591755547,-3.004011842778978,C Kavanagh,football-data.co.uk,proxy_shots,,,,,,,,
2025-04-26,Newcastle,Ipswich,3,0,25.0,4.0,11.0,2.0,1.0,4.0,9.0,9.0,2.58,0.22,2.58,0.22,5.0,0.0,0.0,2.0,1.18,7.72,14.89,1.34,3.18,1.18,7.72,14.89,1.17,8.08,15.61,1.34,3.18,1.33,3.32,0.8116240416972038,0.12405652450812184,0.06431943379467431,0.8198374869431205,0.11871409154993204,0.06144842150694753,0.8213445245916717,-0.53424329581898,-0.2871012287726779,M Salisbury,football-data.co.uk,proxy_shots,,,,,,,,
2025-04-26,Southampton,Fulham,1,2,7.0,26.0,0.0,13.0,1.0,1.0,10.0,12.0,1.03,2.53,1.03,2.53,3.0,5.0,3.0,2.0,5.17,4.11,1.64,1.71,2.13,5.17,4.11,1.64,5.15,4.08,1.65,1.71,2.13,1.68,2.21,0.18483104319140942,0.23250036333323273,0.5826685934753577,0.18575390091469723,0.23446877198791438,0.5797773270973884,0.09228577232878177,0.1968408654681647,-0.2891266377969326,T Harrington,football-data.co.uk,proxy_shots,,,,,,,,
2025-04-26,Wolves,Leicester,3,0,20.0,8.0,4.0,2.0,1.0,4.0,7.0,17.0,2.48,0.8,2.48,0.8,6.0,2.0,2.0,3.0,1.51,4.38,6.24,1.75,2.09,1.51,4.38,6.24,1.53,4.39,6.11,1.75,2.09,1.73,2.13,0.6302245465487901,0.21726919298828154,0.15250626046292837,0.6254188244236719,0.217970569787749,0.15661060578857905,-0.4805722125118206,0.0701376799467468,0.41043453256506823,S Barrott,football-data.co.uk,proxy_shots,,,,,,,,
2025-04-27,Bournemouth,Man United,1,1,8.0,25.0,5.0,10.0,6.0,2.0,11.0,12.0,0.72,2.56,0.72,2.56,1.0,6.0,5.0,0.0,1.67,4.13,4.77,1.68,2.2,1.67,4.13,4.77,1.95,3.83,3.69,1.68,2.2,1.71,2.17,0.5699749154445058,0.2304741183516525,0.1995509662038417,0.490774984633656,0.24987238121034697,0.2593526341559971,-7.919993081084986,1.9398262858694477,5.980166795215538,P Bankes,football-data.co.uk,proxy_shots,,,,,,,,
2025-04-27,Liverpool,Tottenham,5,1,25.0,8.0,8.0,2.0,2.0,1.0,16.0,9.0,3.31,1.08,3.31,1.08,8.0,3.0,2.0,3.0,1.25,6.57,9.98,1.31,3.38,1.25,6.57,9.98,1.2,7.4,12.79,1.31,3.38,1.3,3.55,0.7601618899996639,0.14462745243524805,0.09521065756508815,0.7961875599374127,0.1291114962060669,0.07470094385652036,3.6025669937748805,-1.5515956229181143,-2.0509713708567787,T Bramall,football-data.co.uk,proxy_shots,,,,,,,,
2025-05-01,Nott'm Forest,Brentford,0,2,14.0,11.0,4.0,5.0,3.0,5.0,10.0,12.0,1.67,1.34,1.67,1.34,5.0,3.0,1.0,5.0,2.17,3.55,3.27,1.79,2.04,2.17,3.55,3.27,2.31,3.54,3.07,1.79,2.04,1.73,2.14,0.439584366799329,0.2687036833674772,0.2917119498331939,0.41580294526129724,0.27132904055186347,0.31286801418683935,-2.3781421538031755,0.2625357184386279,2.1156064353645476,D England,football-data.co.uk,proxy_shots,,,,,,,,
2025-05-02,Man City,Wolves,1,0,9.0,6.0,4.0,5.0,0.0,0.0,7.0,11.0,0.95,0.51,0.95,0.51,2.0,1.0,1.0,1.0,1.4,5.14,7.49,1.52,2.51,1.4,5.14,7.49,1.34,5.42,9.09,1.52,2.51,1.55,2.47,0.6852650203095019,0.18664806000647913,0.12808691968401903,0.7170272095378919,0.17727240973815042,0.10570038072395767,3.1762189228390025,-0.9375650268328706,-2.238653896006136,P Bankes,football-data.co.uk,proxy_shots,,,,,,,,
2025-05-03,Arsenal,Bournemouth,1,2,13.0,9.0,2.0,3.0,0.0,2.0,7.0,16.0,1.54,1.05,1.54,1.05,4.0,2.0,0.0,3.0,2.08,3.6,3.47,1.84,1.99,2.08,3.6,3.47,1.68,4.04,4.93,1.84,1.99,1.68,2.21,0.4593052328146601,0.2653763567373592,0.2753184104479807,0.5692775561068746,0.2367292807573142,0.19399316313581125,10.997232329221445,-2.864707598004501,-8.132524731216947,J Gillett,football-data.co.uk,proxy_shots,,,,,,,,
2025-05-03,Aston Villa,Fulham,1,0,10.0,11.0,5.0,3.0,0.0,5.0,6.0,17.0,1.19,1.15,1.19,1.15,3.0,3.0,3.0,2.0,1.79,3.88,4.32,1.72,2.12,1.79,3.88,4.32,1.86,3.75,4.18,1.72,2.12,1.71,2.17,0.5331365539001768,0.24595732770137027,0.2209061183984529,0.5152047014277825,0.25554153190818013,0.22925376666403724,-1.793185247239426,0.958420420680986,0.8347648265584345,R Jones,football-data.co.uk,proxy_shots,,,,,,,,
2025-05-03,Everton,Ipswich,2,2,8.0,12.0,3.0,3.0,4.0,4.0,12.0,15.0,1.18,1.76,1.18,1.76,3.0,5.0,3.0,1.0,1.47,4.4,7.07,1.89,1.93,1.47,4.4,7.07,1.56,4.28,5.91,1.89,1.93,1.76,2.09,0.6485035095655726,0.2166591270594072,0.13483736337502006,0.61408261958865,0.22382450620520888,0.16209287420614113,-3.442088997692261,0.7165379145801676,2.7255510831121073,L Smith,football-data.co.uk,proxy_shots,,,,,,,,
2025-05-03,Leicester,Southampton,2,0,14.0,8.0,7.0,7.0,1.0,3.0,12.0,13.0,1.69,0.8,1.69,0.8,4.0,2.0,2.0,2.0,2.33,3.62,2.93,1.74,2.09,2.33,3.62,2.93,2.42,3.55,2.87,1.74,2.09,1.77,2.08,0.4100262485455059,0.2639119224063615,0.32606182904813263,0.3960559613448449,0.26998744407169706,0.333956594583458,-1.3970287200661013,0.6075521665335537,0.7894765535325365,D Webb,football-data.co.uk,proxy_shots,,,,,,,,
2025-05-04,Brentford,Man United,4,3,12.0,14.0,7.0,4.0,0.0,2.0,8.0,10.0,2.14,1.97,2.14,1.97,6.0,5.0,2.0,2.0,1.67,4.14,4.74,1.67,2.21,1.67,4.14,4.74,1.65,4.36,4.79,1.67,2.21,1.53,2.53,0.5695726376650064,0.22975514611124656,0.20067221622374695,0.5804140415042007,0.21965210286282824,0.19993385563297103,1.0841403839194297,-1.010304324841832,-0.07383605907759216,A Taylor,football-data.co.uk,proxy_shots,,,,,,,,
2025-05-04,Brighton,Newcastle,1,1,5.0,13.0,1.0,4.0,2.0,1.0,15.0,10.0,0.73,1.71,0.73,1.71,2.0,5.0,4.0,1.0,2.86,3.77,2.31,1.55,2.47,2.86,3.77,2.31,3.12,3.71,2.21,1.55,2.47,1.57,2.44,0.3336986301369863,0.2531506849315069,0.4131506849315068,0.30743358518157443,0.2585425298562028,0.4340238849622228,-2.6265044955411874,0.539184492469591,2.0873200030715964,C Pawson,football-data.co.uk,proxy_shots,,,,,,,,
2025-05-04,Chelsea,Liverpool,3,1,17.0,11.0,3.0,6.0,2.0,2.0,10.0,11.0,2.5,1.06,2.5,1.06,7.0,2.0,1.0,4.0,2.18,3.71,3.14,1.54,2.45,2.18,3.71,3.14,2.35,3.71,2.86,1.54,2.45,1.5,2.61,0.4382373299626821,0.2575087275791501,0.30425394245816784,0.40731513506666006,0.25800284835758786,0.3346820165757522,-3.092219489602205,0.04941207784377455,3.042807411758436,S Hooper,football-data.co.uk,proxy_shots,,,,,,,,
2025-05-04,West Ham,Tottenham,1,1,11.0,7.0,1.0,3.0,2.0,2.0,18.0,15.0,1.06,0.84,1.06,0.84,2.0,2.0,1.0,1.0,2.1,3.73,3.31,1.56,2.4,2.1,3.73,3.31,1.86,3.93,3.97,1.56,2.4,1.58,2.4,0.4550742159135726,0.25620800359745377,0.28871778048897356,0.5149870775446344,0.24373434204402544,0.24127858041134004,5.9912861631061745,-1.2473661553428328,-4.743920007763353,M Oliver,football-data.co.uk,proxy_shots,,,,,,,,
2025-05-05,Crystal Palace,Nott'm Forest,1,1,20.0,12.0,7.0,4.0,3.0,8.0,9.0,15.0,1.74,1.48,1.74,1.48,3.0,4.0,3.0,2.0,2.29,3.38,3.15,1.96,1.86,2.29,3.38,3.15,2.2,3.43,3.39,1.96,1.86,1.96,1.88,0.41588706558805033,0.28176963911143055,0.30234329530051907,0.4366112565100989,0.2800422053417544,0.2833465381481468,2.072419092204858,-0.17274337696761566,-1.8996757152372257,A Madley,football-data.co.uk,proxy_shots,,,,,,,,
2025-05-10,Bournemouth,Aston Villa,0,1,10.0,6.0,10.0,0.0,4.0,5.0,19.0,12.0,1.27,0.97,1.27,0.97,4.0,3.0,2.0,4.0,2.45,3.68,2.71,1.61,2.33,2.45,3.68,2.71,2.58,3.53,2.68,1.61,2.33,1.68,2.22,0.38913232637357914,0.2590690759824101,0.3517985976440107,0.3712552291403411,0.27134234877679325,0.3574024220828657,-1.7877097233238048,1.2273272794383172,0.5603824438854987,S Attwell,football-data.co.uk,proxy_shots,,,,,,,,
2025-05-10,Fulham,Everton,1,3,18.0,11.0,5.0,5.0,1.0,0.0,15.0,9.0,2.17,2.17,2.17,2.17,6.0,7.0,4.0,5.0,1.87,3.55,4.32,2.04,1.79,1.87,3.55,4.32,1.76,3.68,4.89,2.04,1.79,1.99,1.85,0.5103001706990007,0.26880600541045957,0.2208938238905397,0.5440166392570378,0.26018187094901807,0.19580148979394407,3.3716468558037116,-0.8624134461441502,-2.5092334096595614,M Salisbury,football-data.co.uk,proxy_shots,,,,,,,,
2025-05-10,Ipswich,Brentford,0,1,11.0,15.0,5.0,6.0,2.0,4.0,6.0,12.0,1.32,1.82,1.32,1.82,4.0,5.0,4.0,4.0,4.94,4.2,1.65,1.51,2.52,4.94,4.2,1.65,5.66,4.68,1.53,1.51,2.52,1.44,2.81,0.19341873901029893,0.22749727874068493,0.5790839822490162,0.16924058710912573,0.20467985534992558,0.6260795575409488,-2.41781519011732,-2.2817423390759344,4.699557529193255,S Barrott,football-data.co.uk,proxy_shots,,,,,,,,
2025-05-10,Southampton,Man City,0,0,2.0,26.0,1.0,15.0,2.0,0.0,9.0,8.0,0.2,2.33,0.2,2.33,0.0,5.0,5.0,0.0,13.37,7.58,1.19,1.33,3.22,13.37,7.58,1.19,13.84,7.49,1.19,1.33,3.22,1.4,2.98,0.071432926998276,0.12599712849168207,0.802569944510042,0.06907007903487407,0.1276274891645737,0.8033024318005522,-0.2362847963401929,0.16303606728916287,0.07324872905101198,T Robinson,football-data.co.uk,proxy_shots,,,,,,,,
2025-05-10,Wolves,Brighton,0,2,10.0,7.0,7.0,4.0,1.0,1.0,8.0,12.0,1.09,0.95,1.09,0.95,3.0,2.0,0.0,3.0,2.73,3.47,2.54,1.73,2.12,2.73,3.47,2.54,2.98,3.34,2.45,1.73,2.12,1.97,1.87,0.34946136369944214,0.27493646193068505,0.3756021743698728,0.32169421162706585,0.2870205840265438,0.39128520434639025,-2.776715207237629,1.208412209585874,1.5683029976517437,M Oliver,football-data.co.uk,proxy_shots,,,,,,,,
2025-05-11,Liverpool,Arsenal,2,2,14.0,15.0,3.0,1.0,1.0,3.0,13.0,10.0,1.87,2.29,1.87,2.29,5.0,7.0,5.0,3.0,2.06,3.54,3.57,1.71,2.14,2.06,3.54,3.57,2.24,3.56,3.16,1.71,2.14,1.66,2.25,0.46318775564058584,0.26953863746316575,0.2672736068962484,0.4277024149887463,0.2691161262850539,0.3031814587261999,-3.548534065183956,-0.04225111781118729,3.5907851829951487,A Taylor,football-data.co.uk,proxy_shots,,,,,,,,
2025-05-11,Man United,West Ham,0,2,20.0,9.0,8.0,5.0,0.0,1.0,3.0,13.0,2.0,1.41,2.0,1.41,5.0,4.0,2.0,5.0,1.92,3.72,3.83,1.76,2.07,1.92,3.72,3.83,2.01,3.67,3.66,1.76,2.07,1.75,2.12,0.4956790381163112,0.2558343422535799,0.24848661963010896,0.47690259359855147,0.26119188368749,0.2619055227139585,-1.8776444517759727,0.5357541433910096,1.3418903083849547,J Gillett,football-data.co.uk,proxy_shots,,,,,,,,
2025-05-11,Newcastle,Chelsea,2,0,15.0,10.0,2.0,8.0,4.0,4.0,9.0,13.0,2.1,1.09,2.1,1.09,6.0,3.0,3.0,4.0,2.13,3.76,3.18,1.55,2.43,2.13,3.76,3.18,2.24,3.75,3.03,1.55,2.43,1.56,2.46,0.447167059351509,0.25331538202625375,0.29951755862223717,0.4279709375247178,0.2556413066814314,0.3163877557938508,-1.9196121826791201,0.2325924655177669,1.6870197171613643,J Brooks,football-data.co.uk,proxy_shots,,,,,,,,
2025-05-11,Nott'm Forest,Leicester,2,2,15.0,10.0,4.0,4.0,3.0,3.0,11.0,11.0,1.74,1.83,1.74,1.83,4.0,6.0,4.0,2.0,1.33,5.34,8.83,1.66,2.22,1.33,5.34,8.83,1.39,5.03,7.8,1.66,2.22,1.64,2.29,0.7144456751158742,0.17794246215432824,0.10761186272979759,0.6874992333666856,0.18998487761027688,0.12251588902303756,-2.6946441749188588,1.204241545594864,1.4904026293239974,T Harrington,football-data.co.uk,proxy_shots,,,,,,,,
2025-05-11,Tottenham,Crystal Palace,0,2,8.0,23.0,4.0,8.0,1.0,1.0,12.0,10.0,0.62,3.26,0.62,3.26,1.0,10.0,8.0,1.0,2.65,3.68,2.5,1.53,2.46,2.65,3.68,2.5,3.05,3.64,2.27,1.53,2.46,1.67,2.23,0.35969816632130436,0.25902177737811316,0.3812800563005826,0.31431473317026964,0.2633681143322314,0.4223171524974988,-4.5383433151034716,0.4346336954118235,4.10370961969162,C Kavanagh,football-data.co.uk,proxy_shots,,,,,,,,
2025-05-16,Aston Villa,Tottenham,2,0,18.0,3.0,9.0,1.0,1.0,2.0,5.0,12.0,2.45,0.34,2.45,0.34,7.0,1.0,1.0,5.0,1.32,5.95,8.45,1.37,3.06,1.32,5.95,8.45,1.26,6.66,10.21,1.37,3.06,1.36,3.18,0.7256568834748973,0.16098606490535536,0.11335705161974728,0.7618481022869358,0.14413342475698787,0.09401847295607631,3.619121881203846,-1.6852640148367488,-1.9338578663670973,P Bankes,football-data.co.uk,proxy_shots,,,,,,,,
2025-05-16,Chelsea,Man United,1,0,11.0,4.0,7.0,2.0,1.0,6.0,10.0,14.0,1.25,0.4,1.25,0.4,3.0,1.0,1.0,2.0,1.46,4.9,6.51,1.49,2.6,1.46,4.9,6.51,1.57,4.53,5.46,1.49,2.6,1.54,2.51,0.6569311498097105,0.19573866912697496,0.1473301810633145,0.6119486071834154,0.2120881486264817,0.17596324419010295,-4.498254262629509,1.634947949950674,2.8633063126788456,C Kavanagh,football-data.co.uk,proxy_shots,,,,,,,,
2025-05-18,Arsenal,Newcastle,1,0,12.0,14.0,10.0,7.0,3.0,3.0,9.0,9.0,1.48,1.67,1.48,1.67,4.0,5.0,5.0,3.0,2.01,3.59,3.7,1.77,2.06,2.01,3.59,3.7,1.9,3.76,3.99,1.77,2.06,1.73,2.14,0.4754813698502644,0.266216588690538,0.2583020414591976,0.5046657292598747,0.2550172568068516,0.2403170139332737,2.918435940961034,-1.119933188368638,-1.7985027525923902,S Hooper,football-data.co.uk,proxy_shots,,,,,,,,
2025-05-18,Brentford,Fulham,2,3,11.0,16.0,5.0,3.0,4.0,4.0,12.0,8.0,1.89,2.44,1.89,2.44,6.0,7.0,4.0,4.0,1.93,3.9,3.64,1.61,2.32,1.93,3.9,3.64,2.04,3.75,3.5,1.61,2.32,1.63,2.31,0.49380482951976135,0.24437008230080495,0.26182508817943384,0.4701773240193445,0.2557764642665234,0.27404621171413224,-2.362750550041687,1.1406381965718442,1.2221123534698397,J Gillett,football-data.co.uk,proxy_shots,,,,,,,,
2025-05-18,Everton,Southampton,2,0,13.0,6.0,4.0,5.0,1.0,1.0,6.0,10.0,1.81,0.69,1.81,0.69,5.0,2.0,2.0,3.0,1.4,4.79,7.93,1.79,2.04,1.4,4.79,7.93,1.43,4.76,7.54,1.79,2.04,1.77,2.09,0.6808184583287777,0.19898660577459057,0.12019493589663163,0.6711070056881715,0.20161407943993384,0.12727891487189458,-0.9711452640606244,0.2627473665343272,0.7083978975262945,M Oliver,football-data.co.uk,proxy_shots,,,,,,,,
2025-05-18,Leicester,Ipswich,2,0,9.0,20.0,2.0,2.0,1.0,0.0,15.0,12.0,1.24,1.46,1.24,1.46,3.0,2.0,2.0,1.0,2.33,3.59,2.94,1.74,2.11,2.33,3.59,2.94,2.27,3.67,3.04,1.74,2.11,1.66,2.24,0.4095772133723976,0.26582587943111047,0.324596907196492,0.4227902305928719,0.2615078537999508,0.3157019156071774,1.32130172204743,-0.4318025631159683,-0.889499158931456,A Kitchen,football-data.co.uk,proxy_shots,,,,,,,,
2025-05-18,West Ham,Nott'm Forest,1,2,16.0,10.0,8.0,7.0,6.0,3.0,14.0,7.0,1.88,1.65,1.88,1.65,5.0,5.0,3.0,4.0,2.8,3.4,2.53,1.94,1.89,2.8,3.4,2.53,3.0,3.39,2.41,1.94,1.89,1.99,1.86,0.3412679520749028,0.2810441958263905,0.3776878520987067,0.31951239543369353,0.28275433224220664,0.39773327232409983,-2.1755556641209264,0.17101364158161325,2.004542022539313,S Barrott,football-data.co.uk,proxy_shots,,,,,,,,
2025-05-19,Brighton,Liverpool,3,2,25.0,18.0,3.0,3.0,1.0,0.0,9.0,8.0,3.83,2.09,3.83,2.09,12.0,5.0,3.0,9.0,2.63,3.82,2.46,1.45,2.7,2.63,3.82,2.46,2.22,3.89,2.97,1.45,2.7,1.46,2.74,0.3626358360088911,0.2496681279328229,0.38769603605828595,0.43137496499579947,0.24618314197703725,0.32244189302716325,6.873912898690837,-0.3484985955785641,-6.52541430311227,J Brooks,football-data.co.uk,proxy_shots,,,,,,,,
2025-05-20,Crystal Palace,Wolves,4,2,14.0,12.0,0.0,10.0,1.0,2.0,14.0,8.0,2.97,1.4,2.97,1.4,10.0,3.0,1.0,6.0,2.27,3.32,3.26,1.99,1.83,2.27,3.32,3.26,2.37,3.31,3.12,1.99,1.83,1.93,1.9,0.42015854160358385,0.2872770751325709,0.2925643832638452,0.40393799650320933,0.2892244869222375,0.3068375165745532,-1.6220545100374517,0.194741178966662,1.4273133310708008,D Webb,football-data.co.uk,proxy_shots,,,,,,,,
2025-05-20,Man City,Bournemouth,3,1,12.0,8.0,3.0,1.0,3.0,5.0,7.0,13.0,1.86,0.9,1.86,0.9,5.0,2.0,1.0,2.0,1.55,4.51,5.49,1.51,2.52,1.55,4.51,5.49,1.34,5.59,8.53,1.51,2.52,1.49,2.66,0.6150015275745842,0.21136416136155334,0.17363431106386254,0.7159188330943569,0.17161560578648272,0.11246556111916042,10.091730551977275,-3.974855557507062,-6.116874994470212,T Bramall,football-data.co.uk,proxy_shots,,,,,,,,
2025-05-25,Bournemouth,Leicester,2,0,20.0,3.0,6.0,1.0,0.0,2.0,19.0,16.0,2.56,0.2,2.56,0.2,7.0,0.0,0.0,5.0,1.33,5.61,8.35,1.46,2.67,1.33,5.61,8.35,1.34,5.6,8.53,1.46,2.67,1.47,2.72,0.7161486799479593,0.16978212911422208,0.11406919093781866,0.716138298287013,0.17136166423296384,0.11250003748002317,-0.001038166094624593,0.15795351187417594,-0.15691534577954858,L Smith,football-data.co.uk,proxy_shots,,,,,,,,
2025-05-25,Fulham,Man City,0,2,13.0,20.0,1.0,6.0,0.0,0.0,11.0,5.0,1.25,2.2,1.25,2.2,3.0,5.0,3.0,3.0,5.15,4.28,1.61,1.51,2.52,5.15,4.28,1.61,6.06,4.53,1.52,1.51,2.52,1.56,2.44,0.18511563682863078,0.22274428263258142,0.5921400805387879,0.1581130047808655,0.21151541036910484,0.6303715848500296,-2.700263204776526,-1.1228872263476575,3.823150431124178,A Madley,football-data.co.uk,proxy_shots,,,,,,,,
2025-05-25,Ipswich,West Ham,1,3,14.0,10.0,4.0,0.0,1.0,1.0,10.0,9.0,1.59,1.93,1.59,1.93,4.0,6.0,3.0,3.0,2.99,3.85,2.21,1.5,2.57,2.99,3.85,2.21,3.2,3.59,2.22,1.5,2.57,1.69,2.18,0.3195332714934336,0.2481570082507445,0.43230972025582187,0.30004743654421007,0.2674517540226942,0.43250080943309555,-1.9485834949223513,1.9294745771949728,0.019108917727367336,T Robinson,football-data.co.uk,proxy_shots,,,,,,,,
2025-05-25,Liverpool,Crystal Palace,1,1,14.0,8.0,11.0,0.0,3.0,0.0,7.0,10.0,1.41,1.44,1.41,1.44,3.0,5.0,4.0,2.0,1.4,5.65,6.27,1.3,3.43,1.4,5.65,6.27,1.37,5.95,6.99,1.3,3.43,1.31,3.49,0.6797758738138869,0.16844003952910475,0.15178408665700827,0.7011411318260975,0.16143921858853,0.13741964958537245,2.1365258012210564,-0.7000820940574748,-1.4364437071635816,D England,football-data.co.uk,proxy_shots,,,,,,,,
2025-05-25,Man United,Aston Villa,2,0,25.0,6.0,4.0,3.0,2.0,4.0,10.0,10.0,3.38,0.51,3.38,0.51,10.0,1.0,1.0,8.0,4.37,4.16,1.73,1.6,2.35,4.37,4.16,1.73,4.74,4.29,1.67,1.6,2.35,1.57,2.42,0.2185079593515929,0.22953840922270696,0.5519536314257001,0.20229735109996694,0.22351735296359984,0.5741852959364332,-1.6210608251625958,-0.6021056259107121,2.2231664510733107,T Bramall,football-data.co.uk,proxy_shots,,,,,,,,
2025-05-25,Newcastle,Everton,0,1,17.0,14.0,12.0,3.0,1.0,4.0,12.0,9.0,2.02,1.95,2.02,1.95,6.0,6.0,5.0,6.0,1.32,5.6,8.77,1.5,2.55,1.32,5.6,8.77,1.27,6.18,10.88,1.5,2.55,1.47,2.71,0.7213823655560191,0.1700401290239188,0.10857750542006217,0.756298324271185,0.15542052942142479,0.08828114630739017,3.491595871516595,-1.4619599602494011,-2.0296359112671998,T Harrington,football-data.co.uk,proxy_shots,,,,,,,,
2025-05-25,Nott'm Forest,Chelsea,0,1,10.0,6.0,7.0,4.0,2.0,2.0,10.0,11.0,0.91,0.79,0.91,0.79,2.0,2.0,1.0,2.0,3.09,3.72,2.2,1.67,2.21,3.09,3.72,2.2,3.44,3.78,2.06,1.67,2.21,1.68,2.21,0.30910079767947796,0.25675308194343727,0.43414612037708483,0.2793330559182678,0.2542078604123919,0.4664590836693404,-2.9767741761210162,-0.2545221531045361,3.2312963292255583,A Taylor,football-data.co.uk,proxy_shots,,,,,,,,
2025-05-25,Southampton,Arsenal,1,2,7.0,23.0,5.0,8.0,0.0,0.0,7.0,8.0,0.84,2.91,0.84,2.91,2.0,8.0,6.0,1.0,9.45,5.83,1.29,1.47,2.64,9.45,5.83,1.29,11.73,6.4,1.25,1.47,2.64,1.4,2.97,0.1005378004323258,0.16296435919133423,0.73649784037634,0.08185441169699544,0.15002378893839943,0.7681217993646051,-1.8683388735330362,-1.2940570252934798,3.162395898826509,D Bond,football-data.co.uk,proxy_shots,,,,,,,,
2025-05-25,Tottenham,Brighton,1,4,4.0,23.0,2.0,11.0,3.0,1.0,13.0,8.0,0.68,3.1,0.68,3.1,2.0,8.0,4.0,1.0,4.23,4.43,1.71,1.32,3.34,4.23,4.43,1.71,3.71,4.02,1.91,1.32,3.34,1.47,2.69,0.22580818242790077,0.21561368209255538,0.5585781354795439,0.2587125360109169,0.23876206681604528,0.5025253971730377,3.290435358301616,2.31483847234899,-5.605273830650626,R Jones,football-data.co.uk,proxy_shots,,,,,,,,
2025-05-25,Wolves,Brentford,1,1,18.0,13.0,8.0,3.0,2.0,1.0,7.0,9.0,2.17,2.08,2.17,2.08,6.0,7.0,6.0,5.0,2.71,3.76,2.43,1.5,2.55,2.71,3.76,2.43,2.91,3.74,2.32,1.5,2.55,1.5,2.6,0.3526129123137424,0.25414388094953244,0.3932432067367251,0.32977340620415485,0.256588398944944,0.4136381948509012,-2.2839506109587573,0.2444517995411566,2.0394988114176114,C Pawson,football-data.co.uk,proxy_shots,,,,,,,,
2025-08-15,Liverpool,Bournemouth,4,2,19.0,10.0,6.0,7.0,1.0,2.0,7.0,10.0,3.24,1.29,3.24,1.29,10.0,3.0,1.0,6.0,1.31,5.96,8.31,1.35,3.13,1.31,5.96,8.31,1.29,6.02,8.68,1.35,3.13,1.36,3.05,0.7259844066296011,0.15957039810147275,0.11444519526892628,0.7337278106508877,0.15722738799661878,0.10904480135249367,0.7743404021286593,-0.23430101048539653,-0.5400393916432613,A Taylor,football-data.co.uk,proxy_shots,,,,,,,,
2025-08-16,Aston Villa,Newcastle,0,0,3.0,16.0,3.0,6.0,3.0,1.0,13.0,11.0,0.71,1.42,0.71,1.42,3.0,3.0,3.0,3.0,2.3,3.56,2.94,1.61,2.25,2.3,3.56,2.94,2.38,3.41,2.93,1.61,2.25,1.75,2.04,0.41179710737948727,0.2660486929698934,0.32215419965061926,0.3983692510117422,0.2780407089172863,0.3235900400709714,-1.3427856367745072,1.1992015947392909,0.14358404203521635,C Pawson,football-data.co.uk,proxy_shots,,,,,,,,
2025-08-16,Brighton,Fulham,1,1,10.0,7.0,4.0,3.0,3.0,3.0,16.0,15.0,1.37,0.84,1.37,0.84,4.0,2.0,1.0,3.0,1.92,3.62,3.91,1.71,2.08,1.92,3.62,3.91,1.83,3.64,4.26,1.71,2.08,1.84,1.93,0.49469799173767465,0.2623812552862805,0.24292075297604485,0.5175113638639139,0.26017741644806663,0.2223112196880194,2.2813372126239297,-0.22038388382138452,-2.060953328802545,S Barrott,football-data.co.uk,proxy_shots,,,,,,,,
2025-08-16,Sunderland,West Ham,3,0,10.0,12.0,5.0,7.0,0.0,1.0,8.0,10.0,1.75,1.38,1.75,1.38,5.0,4.0,4.0,2.0,3.17,3.38,2.26,1.88,1.88,3.17,3.38,2.26,3.4,3.17,2.25,1.88,1.88,2.11,1.69,0.29935417123867447,0.28075524343982194,0.4198905853215036,0.2790438371706344,0.2992899199937404,0.4216662428356253,-2.031033406804006,1.8534676553918439,0.17756575141217312,R Jones,football-data.co.uk,proxy_shots,,,,,,,,
2025-08-16,Tottenham,Burnley,3,0,16.0,14.0,6.0,5.0,0.0,0.0,14.0,8.0,2.26,1.49,2.26,1.49,6.0,4.0,4.0,3.0,1.37,4.8,8.3,1.66,2.16,1.37,4.8,8.3,1.55,4.01,6.16,1.66,2.16,1.88,1.88,0.6894284181563327,0.1967743610154533,0.11379722082821393,0.6104420846606088,0.23595641676407572,0.15360149857531552,-7.898633349572393,3.9182055748622435,3.980427774710159,M Oliver,football-data.co.uk,proxy_shots,,,,,,,,
2025-08-16,Wolves,Man City,0,4,9.0,15.0,4.0,6.0,1.0,2.0,13.0,7.0,1.04,1.94,1.04,1.94,3.0,4.0,0.0,3.0,6.73,4.73,1.44,1.61,2.25,6.73,4.73,1.44,6.24,4.32,1.51,1.61,2.25,1.74,2.04,0.140915645501321,0.20049942795431083,0.6585849265443683,0.15204743790557168,0.21962407697471467,0.6283284851197136,1.1131792404250689,1.9124649020403839,-3.0256441424654668,J Gillett,football-data.co.uk,proxy_shots,,,,,,,,
2025-08-17,Chelsea,Crystal Palace,0,0,19.0,12.0,11.0,2.0,2.0,3.0,10.0,12.0,1.58,1.38,1.58,1.38,3.0,4.0,4.0,3.0,1.61,4.21,5.08,1.63,2.22,1.61,4.21,5.08,1.82,3.72,4.26,1.63,2.22,1.71,2.09,0.5884596229883033,0.22504037838745097,0.18649999862424577,0.521790667351535,0.25528468133865423,0.22292465130981076,-6.6668955636768334,3.0244302951203257,3.6424652685564993,D England,football-data.co.uk,proxy_shots,,,,,,,,
2025-08-17,Man United,Arsenal,0,1,22.0,9.0,3.0,4.0,1.0,4.0,10.0,19.0,2.47,1.14,2.47,1.14,7.0,3.0,2.0,7.0,3.57,3.56,2.01,1.8,1.97,3.57,3.56,2.01,3.79,3.7,1.93,1.8,1.97,1.69,2.12,0.26462528429577853,0.2653686137460476,0.4700061019581739,0.2507488052474305,0.2568481005102058,0.4924030942423636,-1.3876479048348045,-0.8520513235841798,2.2396992284189734,S Hooper,football-data.co.uk,proxy_shots,,,,,,,,
2025-08-17,Nott'm Forest,Brentford,3,1,11.0,10.0,5.0,5.0,1.0,2.0,7.0,15.0,1.8,1.19,1.8,1.19,5.0,3.0,2.0,2.0,2.15,3.36,3.43,1.92,1.83,2.15,3.36,3.43,1.91,3.44,4.16,1.92,1.83,1.99,1.79,0.44116937752887275,0.28229588145448703,0.27653474101664033,0.4964338245497183,0.27563622235173313,0.22792995309854852,5.526444702084554,-0.6659659102753901,-4.8604787918091805,P Bankes,football-data.co.uk,proxy_shots,,,,,,,,
2025-08-18,Leeds,Everton,1,0,21.0,7.0,7.0,2.0,0.0,2.0,6.0,8.0,1.8,0.56,1.8,0.56,3.0,1.0,1.0,2.0,2.39,3.29,2.96,2.07,1.72,2.39,3.29,2.96,2.34,3.21,3.16,2.07,1.72,2.13,1.68,0.39465227205492004,0.2866926839547899,0.31865504399029015,0.4049438309899639,0.29519269922632874,0.29986346978370737,1.0291558935043854,0.8500015271538819,-1.8791574206582784,C Kavanagh,football-data.co.uk,proxy_shots,,,,,,,,
2025-08-22,West Ham,Chelsea,1,5,12.0,12.0,7.0,5.0,0.0,1.0,7.0,10.0,1.48,2.42,1.48,2.42,4.0,7.0,2.0,3.0,4.68,3.88,1.71,1.72,2.09,4.68,3.88,1.71,4.75,3.82,1.72,1.72,2.09,1.72,2.08,0.20230515916575192,0.24401756311745335,0.5536772777167946,0.19979687034367832,0.24843851678860526,0.5517646128677164,-0.2508288822073601,0.4420953671151917,-0.19126648490782605,M Oliver,football-data.co.uk,proxy_shots,,,,,,,,
2025-08-23,Arsenal,Leeds,5,0,18.0,3.0,2.0,2.0,0.0,2.0,8.0,11.0,2.39,0.34,2.39,0.34,5.0,1.0,1.0,0.0,1.27,5.93,10.61,1.55,2.38,1.27,5.93,10.61,1.33,5.36,8.94,1.55,2.38,1.62,2.25,0.7497018103478064,0.16056008417229584,0.08973810547989768,0.7158688565734552,0.17763163791841333,0.1064995055081315,-3.3832953774351138,1.707155374611749,1.6761400028233828,J Gillett,football-data.co.uk,proxy_shots,,,,,,,,
2025-08-23,Bournemouth,Wolves,1,0,14.0,6.0,8.0,3.0,2.0,6.0,13.0,16.0,1.59,0.51,1.59,0.51,4.0,1.0,1.0,3.0,1.79,3.88,4.24,1.72,2.06,1.79,3.88,4.24,1.8,3.74,4.32,1.72,2.06,1.81,1.96,0.5309236429355192,0.2449364229006648,0.22413993416381586,0.5268842451279644,0.2535806527353839,0.21953510213665178,-0.4039397807554801,0.8644229834719075,-0.46048320271640797,T Bramall,football-data.co.uk,proxy_shots,,,,,,,,
2025-08-23,Brentford,Aston Villa,1,0,9.0,17.0,2.0,9.0,1.0,2.0,11.0,9.0,0.95,1.29,0.95,1.29,2.0,2.0,2.0,1.0,3.11,3.53,2.21,1.77,2.0,3.11,3.53,2.21,3.25,3.45,2.18,1.77,2.0,1.85,1.91,0.304112237698176,0.26792891196638174,0.4279588503354423,0.2913027480295138,0.2744156322017159,0.4342816197687705,-1.2809489668662244,0.6486720235334142,0.6322769433328213,T Harrington,football-data.co.uk,proxy_shots,,,,,,,,
2025-08-23,Burnley,Sunderland,2,0,7.0,9.0,4.0,3.0,0.0,1.0,9.0,5.0,0.95,0.68,0.95,0.68,2.0,1.0,1.0,0.0,2.25,3.16,3.42,2.26,1.6,2.25,3.16,3.42,2.38,3.11,3.22,2.26,1.6,2.29,1.59,0.4219551619931126,0.30044275774826057,0.27760208025862676,0.3992966394998326,0.3055710617394217,0.2951322987607458,-2.265852249328004,0.5128303991161154,1.7530218502119055,M Salisbury,football-data.co.uk,proxy_shots,,,,,,,,
2025-08-23,Man City,Tottenham,0,2,10.0,12.0,7.0,2.0,1.0,4.0,7.0,12.0,1.27,1.76,1.27,1.76,4.0,5.0,3.0,4.0,1.48,4.7,6.08,1.46,2.62,1.48,4.7,6.08,1.54,4.53,5.46,1.46,2.62,1.48,2.58,0.6417189156171963,0.20207319044967031,0.1562078939331333,0.6165201005025125,0.2095896147403685,0.1738902847571189,-2.5198815114683804,0.7516424290698182,1.7682390823985594,P Bankes,football-data.co.uk,proxy_shots,,,,,,,,
2025-08-24,Crystal Palace,Nott'm Forest,1,1,8.0,9.0,1.0,3.0,3.0,3.0,11.0,11.0,1.26,0.78,1.26,0.78,4.0,1.0,0.0,3.0,2.35,3.26,3.07,2.05,1.73,2.35,3.26,3.07,2.39,3.24,3.06,2.05,1.73,2.05,1.74,0.40219902988703454,0.2899287485381997,0.3078722215747659,0.39703020255171917,0.29287104447487927,0.31009875297340156,-0.5168827335315374,0.2942295936679551,0.2226531398635656,A Taylor,football-data.co.uk,proxy_shots,,,,,,,,
2025-08-24,Everton,Brighton,2,0,11.0,13.0,2.0,2.0,4.0,3.0,7.0,15.0,1.34,1.44,1.34,1.44,3.0,4.0,4.0,1.0,3.08,3.3,2.32,2.01,1.76,3.08,3.3,2.32,2.9,3.34,2.43,2.01,1.76,1.89,1.88,0.3066619668664082,0.28621783574198095,0.40712019739161087,0.32661816074561756,0.28359061861146434,0.38979122064291805,1.9956193879209383,-0.26272171305166125,-1.7328976748692826,S Attwell,football-data.co.uk,proxy_shots,,,,,,,,
2025-08-24,Fulham,Man United,1,1,13.0,10.0,9.0,6.0,1.0,1.0,12.0,10.0,1.54,1.19,1.54,1.19,4.0,3.0,2.0,3.0,3.27,3.53,2.13,1.77,1.99,3.27,3.53,2.13,3.45,3.51,2.08,1.77,1.99,1.76,2.02,0.2888873520292311,0.26760953006673815,0.44350311790403085,0.27460759865043277,0.2699134516649553,0.45547894968461194,-1.4279753378798332,0.2303921598217129,1.1975831780581092,C Kavanagh,football-data.co.uk,proxy_shots,,,,,,,,
2025-08-25,Newcastle,Liverpool,2,3,10.0,5.0,7.0,1.0,4.0,3.0,17.0,15.0,1.29,1.29,1.29,1.29,3.0,4.0,1.0,1.0,3.3,3.83,2.02,1.53,2.43,3.3,3.83,2.02,2.92,3.65,2.29,1.53,2.43,1.56,2.37,0.28609993491509383,0.2465090823028223,0.4673909827820839,0.32519170690144844,0.26015336552115875,0.4146549275773928,3.9091771986354606,1.364428321833644,-5.27360552046911,S Hooper,football-data.co.uk,proxy_shots,,,,,,,,
2025-08-30,Chelsea,Fulham,2,0,13.0,11.0,6.0,4.0,2.0,2.0,11.0,17.0,1.99,1.15,1.99,1.15,6.0,3.0,3.0,4.0,1.55,4.35,5.6,1.67,2.16,1.55,4.35,5.6,1.67,3.93,5.03,1.67,2.16,1.79,1.98,0.6123295418839941,0.21818638848740024,0.16948406962860554,0.5691699946157767,0.24186104096904504,0.18896896441517833,-4.315954726821747,2.36746524816448,1.9484894786572782,R Jones,football-data.co.uk,proxy_shots,,,,,,,,
2025-08-30,Leeds,Newcastle,0,0,10.0,8.0,5.0,5.0,1.0,1.0,10.0,15.0,0.73,0.8,0.73,0.8,1.0,2.0,2.0,1.0,3.37,3.49,2.12,1.76,2.01,3.37,3.49,2.12,3.67,3.36,2.06,1.76,2.01,2.03,1.75,0.28127506700374466,0.2716037179950199,0.4471212150012356,0.2581434378846082,0.28196024316562857,0.4598963189497631,-2.3131629119136465,1.0356525170608644,1.2775103948527544,P Bankes,football-data.co.uk,proxy_shots,,,,,,,,
2025-08-30,Man United,Burnley,3,2,26.0,6.0,7.0,1.0,1.0,5.0,9.0,9.0,2.81,1.07,2.81,1.07,6.0,3.0,1.0,3.0,1.35,5.15,8.28,1.65,2.17,1.35,5.15,8.28,1.38,5.06,7.6,1.65,2.17,1.56,2.36,0.7016660496112551,0.183931877082562,0.1144020733061829,0.6876130942589243,0.1875308438887975,0.12485606185227832,-1.4052955352330865,0.3598966806235504,1.0453988546095416,S Barrott,football-data.co.uk,proxy_shots,,,,,,,,
2025-08-30,Sunderland,Brentford,2,1,12.0,7.0,3.0,4.0,3.0,2.0,11.0,12.0,1.4,1.21,1.4,1.21,3.0,4.0,3.0,1.0,2.92,3.27,2.46,2.04,1.73,2.92,3.27,2.46,3.1,3.25,2.35,2.04,1.73,2.07,1.73,0.32467972779890053,0.2899280749763883,0.38539219722471124,0.3055305530553056,0.29142914291429145,0.4030403040304031,-1.9149174743594954,0.15010679379031666,1.7648106805691843,A Taylor,football-data.co.uk,proxy_shots,,,,,,,,
2025-08-30,Tottenham,Bournemouth,0,1,5.0,20.0,0.0,8.0,2.0,4.0,17.0,13.0,0.46,2.28,0.46,2.28,1.0,6.0,5.0,1.0,1.73,4.06,4.29,1.54,2.38,1.73,4.06,4.29,1.89,3.75,3.84,1.54,2.38,1.63,2.22,0.5466357425093133,0.2329260676209636,0.2204381898697231,0.5009549453646013,0.252481292463759,0.24656376217163967,-4.568079714471207,1.9555224842795398,2.612557230191656,S Hooper,football-data.co.uk,proxy_shots,,,,,,,,
2025-08-30,Wolves,Everton,2,3,12.0,10.0,2.0,2.0,0.0,1.0,15.0,10.0,1.58,1.57,1.58,1.57,4.0,4.0,1.0,2.0,2.66,3.19,2.74,2.17,1.65,2.66,3.19,2.74,3.33,3.11,2.32,2.17,1.65,2.43,1.53,0.3565496198152922,0.2973109682472343,0.3461394119374735,0.2852184637764803,0.30539468950986476,0.40938684671365494,-7.1331156038811905,0.8083721262630461,6.324743477618144,M Oliver,football-data.co.uk,proxy_shots,,,,,,,,
2025-08-31,Aston Villa,Crystal Palace,0,3,13.0,6.0,10.0,1.0,2.0,3.0,7.0,14.0,1.44,1.35,1.44,1.35,4.0,4.0,1.0,4.0,1.88,3.56,4.07,1.95,1.81,1.88,3.56,4.07,2.09,3.51,3.44,1.95,1.81,1.8,1.96,0.5025109594362133,0.2653709561067643,0.23211808445702234,0.45392651852074634,0.27028673040124207,0.2757867510780116,-4.858444091546693,0.49157742944777594,4.366866662098926,S Attwell,football-data.co.uk,proxy_shots,,,,,,,,
2025-08-31,Brighton,Man City,2,1,12.0,12.0,3.0,2.0,2.0,2.0,16.0,14.0,2.12,1.3,2.12,1.3,7.0,3.0,2.0,5.0,3.78,3.84,1.85,1.57,2.32,3.78,3.84,1.85,3.47,3.64,2.03,1.57,2.32,1.57,2.33,0.24828569631136374,0.24440623230649866,0.5073080713821376,0.2730258903861573,0.2602746812197708,0.46669942839407197,2.474019407479358,1.586844891327216,-4.060864298806566,D England,football-data.co.uk,proxy_shots,,,,,,,,
2025-08-31,Liverpool,Arsenal,1,0,9.0,11.0,3.0,8.0,2.0,2.0,7.0,10.0,1.14,0.78,1.14,0.78,3.0,1.0,1.0,2.0,2.2,3.49,3.17,1.73,2.06,2.2,3.49,3.17,2.37,3.33,3.01,1.73,2.06,1.77,2.0,0.430222474557948,0.2712004137614572,0.2985771116805948,0.40014611303400116,0.2847886750422171,0.3150652119237817,-3.0076361523946824,1.3588261280759906,1.6488100243186865,C Kavanagh,football-data.co.uk,proxy_shots,,,,,,,,
2025-08-31,Nott'm Forest,West Ham,0,3,11.0,12.0,9.0,7.0,0.0,0.0,14.0,6.0,1.15,2.4,1.15,2.4,3.0,8.0,5.0,3.0,1.69,3.74,5.03,1.94,1.82,1.69,3.74,5.03,1.65,4.01,4.98,1.94,1.82,1.72,2.07,0.5593292401920704,0.252745030995882,0.1879257288120475,0.5737904164260286,0.23609830102317886,0.19011128255079257,1.446117623395815,-1.6646729972703167,0.21855537387450719,C Pawson,football-data.co.uk,proxy_shots,,,,,,,,
2025-09-13,Arsenal,Nott'm Forest,3,0,16.0,5.0,8.0,4.0,1.0,1.0,8.0,11.0,2.08,0.46,2.08,0.46,5.0,1.0,1.0,2.0,1.38,4.85,8.16,1.69,2.11,1.38,4.85,8.16,1.41,4.78,7.48,1.69,2.11,1.65,2.2,0.6879217379514617,0.19573855636557055,0.11633970568296777,0.6740898550178165,0.1988424049320337,0.12706774005014987,-1.3831882933645234,0.31038485664631466,1.0728034367182102,D England,football-data.co.uk,proxy_shots,,,,,,,,
2025-09-13,Bournemouth,Brighton,2,1,13.0,6.0,4.0,4.0,4.0,4.0,16.0,10.0,1.81,0.79,1.81,0.79,5.0,2.0,1.0,3.0,2.38,3.5,2.87,1.67,2.14,2.38,3.5,2.87,2.42,3.51,2.82,1.67,2.14,1.62,2.24,0.3985225505443235,0.27099533437013995,0.33048211508553654,0.3925240315979823,0.2706291044065861,0.3368468639954316,-0.599851894634118,-0.03662299635538435,0.6364748909895079,P Bankes,football-data.co.uk,proxy_shots,,,,,,,,
2025-09-13,Brentford,Chelsea,2,2,7.0,16.0,5.0,6.0,3.0,2.0,13.0,9.0,1.3,2.16,1.3,2.16,4.0,6.0,4.0,2.0,4.54,3.92,1.73,1.7,2.11,4.54,3.92,1.73,4.21,3.72,1.83,1.7,2.11,1.79,2.0,0.2090982529923595,0.2421699154554368,0.5487318315522036,0.22561818308360765,0.25533670719945917,0.5190451097169333,1.6519930091248136,1.3166791744022355,-2.9686721835270324,S Attwell,football-data.co.uk,proxy_shots,,,,,,,,
2025-09-13,Crystal Palace,Sunderland,0,0,14.0,6.0,5.0,3.0,1.0,1.0,10.0,8.0,1.85,0.33,1.85,0.33,6.0,0.0,0.0,6.0,1.66,3.76,5.42,2.08,1.71,1.66,3.76,5.42,1.68,3.65,5.41,2.08,1.71,2.16,1.67,0.5721601437475434,0.2526026166545005,0.17523723959795606,0.5647133178712683,0.2599228421982824,0.17536383993044932,-0.7446825876275098,0.7320225543781866,0.012660033249325964,T Bramall,football-data.co.uk,proxy_shots,,,,,,,,
2025-09-13,Everton,Aston Villa,0,0,20.0,7.0,10.0,3.0,3.0,3.0,17.0,15.0,1.46,0.56,1.46,0.56,2.0,1.0,1.0,2.0,2.44,3.27,2.95,2.02,1.76,2.44,3.27,2.95,2.62,3.2,2.8,2.02,1.76,2.1,1.71,0.3886066719573949,0.2899695044575057,0.3214238235850995,0.3630470016207455,0.2972447325769854,0.33970826580226904,-2.555967033664941,0.7275228119479726,1.8284442217169516,S Hooper,football-data.co.uk,proxy_shots,,,,,,,,
2025-09-13,Fulham,Leeds,1,0,5.0,10.0,3.0,3.0,1.0,2.0,20.0,15.0,0.92,1.09,0.92,1.09,3.0,3.0,3.0,2.0,1.96,3.51,3.89,1.98,1.78,1.96,3.51,3.89,2.04,3.37,3.76,1.98,1.78,2.06,1.73,0.4849047691766787,0.2707730335003676,0.24432219732295377,0.4655722285092812,0.28183007304419394,0.2525976984465249,-1.933254066739748,1.1057039543826364,0.8275501123571144,C Pawson,football-data.co.uk,proxy_shots,,,,,,,,
2025-09-13,Newcastle,Wolves,1,0,16.0,8.0,10.0,4.0,1.0,4.0,10.0,17.0,1.7,0.98,1.7,0.98,4.0,3.0,3.0,3.0,1.43,4.62,7.45,1.74,2.04,1.43,4.62,7.45,1.36,5.0,8.48,1.74,2.04,1.68,2.14,0.6660139205210617,0.2061471658755667,0.12783891360337157,0.6981400495284261,0.18989409347173192,0.11196585699984192,3.2126129007364446,-1.6253072403834778,-1.5873056603529654,C Kavanagh,football-data.co.uk,proxy_shots,,,,,,,,
2025-09-13,West Ham,Tottenham,0,3,7.0,14.0,2.0,13.0,2.0,1.0,8.0,7.0,1.1,1.97,1.1,1.97,4.0,5.0,2.0,4.0,3.36,3.56,2.1,1.76,2.02,3.36,3.56,2.1,3.27,3.51,2.17,1.76,2.02,1.73,2.07,0.2821813570069753,0.26632847178186436,0.4514901712111604,0.2908214109804011,0.27093618629798055,0.4382424027216183,0.8640053973425821,0.46077145161161903,-1.3247768489542122,J Gillett,football-data.co.uk,proxy_shots,,,,,,,,
2025-09-14,Burnley,Liverpool,0,1,3.0,27.0,1.0,13.0,0.0,2.0,9.0,9.0,0.2,2.31,0.2,2.31,0.0,4.0,3.0,0.0,8.6,5.43,1.33,1.52,2.44,8.6,5.43,1.33,8.63,5.54,1.32,1.52,2.44,1.49,2.55,0.11049773631037718,0.17500562288568025,0.7144966408039426,0.10994277947999387,0.171264654677319,0.7187925658426872,-0.0554956830383313,-0.3740968208361256,0.42959250387446524,M Oliver,football-data.co.uk,proxy_shots,,,,,,,,
2025-09-14,Man City,Man United,3,0,13.0,12.0,2.0,4.0,0.0,0.0,8.0,8.0,2.09,1.02,2.09,1.02,6.0,2.0,2.0,3.0,1.76,3.99,4.19,1.55,2.38,1.76,3.99,4.19,1.65,4.14,4.83,1.55,2.38,1.53,2.44,0.537302064284314,0.23700542183969736,0.22569251387598865,0.5746579417013682,0.22903033908387863,0.19631171921475307,3.735587741705415,-0.7975082755818735,-2.938079466123558,A Taylor,football-data.co.uk,proxy_shots,,,,,,,,
2025-09-20,Brighton,Tottenham,2,2,12.0,11.0,2.0,10.0,1.0,2.0,10.0,13.0,1.58,1.34,1.58,1.34,4.0,3.0,1.0,2.0,2.25,3.61,3.0,1.64,2.2,2.25,3.61,3.0,2.17,3.63,3.14,1.64,2.2,1.65,2.2,0.4213597899037059,0.26262036766851476,0.3160198424277794,0.43689510178580326,0.2611742068526703,0.30193069136152645,1.5535311882097391,-0.14461608158444772,-1.408915106625297,C Kavanagh,football-data.co.uk,proxy_shots,,,,,,,,
2025-09-20,Burnley,Nott'm Forest,1,1,12.0,17.0,4.0,5.0,1.0,1.0,12.0,11.0,1.66,2.48,1.66,2.48,5.0,8.0,7.0,4.0,3.36,3.37,2.18,1.94,1.82,3.36,3.37,2.18,3.41,3.31,2.18,1.94,1.82,2.04,1.75,0.28262023651065993,0.28178160079401104,0.435598162695329,0.2782080989485941,0.2866131774666785,0.4351787235847275,-0.4412137562065821,0.48315766726674814,-0.04194391106015494,T Bramall,football-data.co.uk,proxy_shots,,,,,,,,
2025-09-20,Fulham,Brentford,3,1,14.0,8.0,2.0,10.0,4.0,1.0,11.0,13.0,1.61,1.08,1.61,1.08,3.0,3.0,2.0,0.0,2.02,3.48,3.69,1.91,1.86,2.02,3.48,3.69,2.12,3.29,3.58,1.91,1.86,2.02,1.77,0.46995015480555985,0.2727871588239169,0.2572626863705233,0.4471160781395914,0.28811127223584615,0.26477264962456254,-2.283407666596843,1.532411341192924,0.7509963254039242,M Oliver,football-data.co.uk,proxy_shots,,,,,,,,
2025-09-20,Liverpool,Everton,2,1,11.0,9.0,5.0,4.0,2.0,3.0,11.0,10.0,1.34,0.95,1.34,0.95,3.0,2.0,1.0,1.0,1.45,4.65,6.7,1.59,2.28,1.45,4.65,6.7,1.51,4.35,6.31,1.59,2.28,1.69,2.13,0.6543449724337096,0.20404305592018898,0.14161197164610131,0.6303464683741683,0.21880992350459638,0.15084360812123523,-2.3998504059541292,1.47668675844074,0.923163647513392,D England,football-data.co.uk,proxy_shots,,,,,,,,
2025-09-20,Man United,Chelsea,2,1,11.0,5.0,5.0,5.0,2.0,7.0,13.0,14.0,1.52,0.56,1.52,0.56,4.0,1.0,0.0,2.0,2.68,3.69,2.44,1.57,2.32,2.68,3.69,2.44,2.64,3.62,2.51,1.57,2.32,1.57,2.37,0.35402642340358603,0.2571248820383769,0.38884869455803717,0.35957323877891834,0.262230207286283,0.37819655393479856,0.5546815375332304,0.5105325247906078,-1.0652140623238604,P Bankes,football-data.co.uk,proxy_shots,,,,,,,,
2025-09-20,West Ham,Crystal Palace,1,2,8.0,18.0,8.0,8.0,3.0,3.0,15.0,5.0,1.08,1.73,1.08,1.73,3.0,3.0,1.0,2.0,2.98,3.36,2.37,1.98,1.79,2.98,3.36,2.37,3.04,3.42,2.31,1.98,1.79,1.83,1.95,0.3180369509477367,0.28206848625721886,0.39989456279504443,0.31202161188653765,0.27735254389914454,0.4106258442143179,-0.6015339061199054,-0.4715942358074321,1.0731281419273486,T Harrington,football-data.co.uk,proxy_shots,,,,,,,,
2025-09-20,Wolves,Leeds,1,3,16.0,6.0,4.0,0.0,1.0,1.0,11.0,9.0,2.06,1.35,2.06,1.35,6.0,4.0,1.0,5.0,2.67,3.16,2.74,2.22,1.62,2.67,3.16,2.74,2.88,3.08,2.58,2.22,1.62,2.3,1.59,0.35468674471763195,0.29968785075825227,0.3456254045241158,0.3277244382856577,0.30644363060477087,0.3658319311095714,-2.6962306431974223,0.6755779846518595,2.020652658545563,A Taylor,football-data.co.uk,proxy_shots,,,,,,,,
2025-09-21,Arsenal,Man City,1,1,12.0,5.0,11.0,2.0,1.0,2.0,11.0,10.0,1.3,0.92,1.3,0.92,3.0,3.0,2.0,2.0,1.9,3.7,3.85,1.77,2.0,1.9,3.7,3.85,2.05,3.56,3.54,1.77,2.0,1.75,2.03,0.49825113676110533,0.2558586918502973,0.24589017138859742,0.4640503140948692,0.26721998424002297,0.26872970166510785,-3.420082266623614,1.1361292389725663,2.2839530276510422,S Attwell,football-data.co.uk,proxy_shots,,,,,,,,
2025-09-21,Bournemouth,Newcastle,0,0,11.0,4.0,5.0,2.0,2.0,1.0,7.0,10.0,0.96,0.4,0.96,0.4,2.0,1.0,1.0,2.0,2.44,3.45,2.78,1.8,1.97,2.44,3.45,2.78,2.38,3.29,3.02,1.8,1.97,1.86,1.91,0.3868555432757077,0.27360218133122516,0.33954227539306725,0.39817100538599637,0.28803859964093353,0.31379039497307,1.1315462110288665,1.4436418309708376,-2.575188041999726,R Jones,football-data.co.uk,proxy_shots,,,,,,,,
2025-09-21,Sunderland,Aston Villa,1,1,14.0,12.0,6.0,5.0,4.0,1.0,14.0,8.0,1.59,1.12,1.59,1.12,4.0,2.0,1.0,3.0,3.56,3.34,2.1,2.09,1.7,3.56,3.34,2.1,3.8,3.32,2.04,2.09,1.7,2.05,1.75,0.2658792133553699,0.28339221543266974,0.45072857121196036,0.2495431232682898,0.28562164711430765,0.4648352296174026,-1.633609008708009,0.22294316816379167,1.410665840544223,S Barrott,football-data.co.uk,proxy_shots,,,,,,,,
2025-09-27,Brentford,Man United,3,1,10.0,14.0,4.0,2.0,2.0,2.0,14.0,10.0,2.29,1.95,2.29,1.95,8.0,6.0,5.0,5.0,3.4,3.77,2.02,1.64,2.22,3.4,3.77,2.02,3.3,3.74,2.07,1.64,2.22,1.58,2.33,0.27893807643564067,0.25156219094991467,0.46949973261444466,0.28764100049043656,0.25380088278567925,0.45855811672388436,0.8702924054795891,0.22386918357645835,-1.0941615890560308,C Pawson,football-data.co.uk,proxy_shots,,,,,,,,
2025-09-27,Chelsea,Brighton,1,3,13.0,12.0,5.0,7.0,5.0,5.0,9.0,16.0,1.35,1.5,1.35,1.5,3.0,3.0,0.0,2.0,1.86,3.86,3.86,1.59,2.29,1.86,3.86,3.86,1.98,3.75,3.57,1.59,2.29,1.64,2.22,0.5092348284960422,0.2453825857519789,0.2453825857519789,0.4801639820523581,0.25352658252364507,0.26630943542399693,-2.9070846443684073,0.8143996771666162,2.0926849672018024,S Hooper,football-data.co.uk,proxy_shots,,,,,,,,
2025-09-27,Crystal Palace,Liverpool,2,1,16.0,20.0,2.0,6.0,1.0,3.0,10.0,8.0,2.34,1.92,2.34,1.92,7.0,4.0,3.0,5.0,3.82,3.72,1.91,1.72,2.07,3.82,3.72,1.91,4.01,3.71,1.87,1.72,2.07,1.71,2.11,0.2483311081441923,0.25500667556742324,0.4966622162883846,0.2366725228990056,0.255810462756068,0.5075170143449264,-1.1658585245186703,0.08037871886447667,1.085479805654177,C Kavanagh,football-data.co.uk,proxy_shots,,,,,,,,
2025-09-27,Leeds,Bournemouth,2,2,19.0,12.0,7.0,4.0,2.0,2.0,12.0,13.0,2.69,1.76,2.69,1.76,8.0,5.0,3.0,6.0,2.98,3.29,2.41,1.96,1.81,2.98,3.29,2.41,2.96,3.23,2.46,1.96,1.81,1.99,1.8,0.31823928653135275,0.2882532139402526,0.39350749952839464,0.3205476799444897,0.29375267264262833,0.3856996474128819,0.23083934131369332,0.5499458702375726,-0.780785211551277,M Oliver,football-data.co.uk,proxy_shots,,,,,,,,
2025-09-27,Man City,Burnley,5,1,21.0,9.0,10.0,2.0,1.0,3.0,5.0,7.0,3.09,0.95,3.09,0.95,8.0,2.0,1.0,3.0,1.17,7.48,15.54,1.43,2.74,1.17,7.48,15.54,1.19,7.02,14.17,1.43,2.74,1.44,2.74,0.8118816030441579,0.1269921758772279,0.0611262210786142,0.7977688578428818,0.13523432205598707,0.06699682010113121,-1.4112745201276145,0.824214617875918,0.5870599022517013,R Jones,football-data.co.uk,proxy_shots,,,,,,,,
2025-09-27,Nott'm Forest,Sunderland,0,1,22.0,11.0,7.0,4.0,4.0,2.0,11.0,6.0,2.29,1.25,2.29,1.25,6.0,3.0,2.0,6.0,1.77,3.67,4.64,1.97,1.8,1.77,3.67,4.64,1.75,3.69,4.73,1.97,1.8,1.95,1.83,0.536551398188263,0.2587727451752659,0.20467585663647106,0.5422306585851556,0.257155461388624,0.20061388002622035,0.5679260396892594,-0.16172837866418877,-0.4061976610250706,T Harrington,football-data.co.uk,proxy_shots,,,,,,,,
2025-09-27,Tottenham,Wolves,1,1,10.0,9.0,10.0,9.0,3.0,2.0,9.0,11.0,1.19,1.14,1.19,1.14,3.0,3.0,2.0,2.0,1.47,4.57,6.38,1.68,2.14,1.47,4.57,6.38,1.53,4.27,6.05,1.68,2.14,1.72,2.1,0.6443006114498233,0.207247680269418,0.14845170828075868,0.6206529547294651,0.22238852944638915,0.15695851582414572,-2.364765672035818,1.5140849176971143,0.8506807543387035,M Salisbury,football-data.co.uk,proxy_shots,,,,,,,,
2025-09-28,Aston Villa,Fulham,3,1,9.0,11.0,2.0,8.0,1.0,4.0,10.0,13.0,1.51,1.43,1.51,1.43,4.0,4.0,3.0,1.0,2.29,3.19,3.3,2.11,1.69,2.29,3.19,3.3,2.25,3.24,3.34,2.11,1.69,2.04,1.76,0.41462674927429494,0.29764741562323993,0.28772583510246524,0.4222799747137739,0.29324998244012074,0.2844700428461052,0.7653225439478939,-0.43974331831191926,-0.3255792256360024,A Madley,football-data.co.uk,proxy_shots,,,,,,,,
2025-09-28,Newcastle,Arsenal,1,2,8.0,20.0,7.0,12.0,2.0,1.0,8.0,9.0,1.08,2.56,1.08,2.56,3.0,7.0,5.0,2.0,3.51,3.32,2.12,2.08,1.71,3.51,3.32,2.12,3.4,3.26,2.21,2.08,1.71,2.11,1.71,0.2693320271842282,0.2847456070532052,0.4459223657625665,0.2792199235735934,0.291210963236263,0.4295691131901436,0.9887896389365158,0.6465356183057824,-1.6353252572422872,J Gillett,football-data.co.uk,proxy_shots,,,,,,,,
2025-09-29,Everton,West Ham,1,1,12.0,14.0,3.0,5.0,3.0,4.0,7.0,16.0,1.84,1.41,1.84,1.41,6.0,3.0,2.0,5.0,1.72,3.69,4.83,1.91,1.85,1.72,3.69,4.83,1.65,3.87,5.28,1.91,1.85,1.86,1.91,0.5487774462621355,0.255798701238719,0.19542385249914554,0.5750905544719978,0.24519364725550288,0.17971579827249928,2.6313108209862213,-1.0605053983216122,-1.5708054226646255,S Barrott,football-data.co.uk,proxy_shots,,,,,,,,
2025-10-03,Bournemouth,Fulham,3,1,11.0,12.0,4.0,3.0,0.0,1.0,8.0,10.0,1.99,1.48,1.99,1.48,6.0,4.0,3.0,3.0,1.97,3.5,3.85,1.93,1.85,1.97,3.5,3.85,1.95,3.43,4.01,1.93,1.85,2.06,1.75,0.4820333041191937,0.2713158883185176,0.24665080756228872,0.48666598259872695,0.2766759959380517,0.23665802146322132,0.46326784795332476,0.5360107619534094,-0.9992786099067397,S Hooper,football-data.co.uk,proxy_shots,,,,,,,,
2025-10-04,Arsenal,West Ham,2,0,21.0,4.0,8.0,3.0,0.0,2.0,14.0,14.0,2.25,0.22,2.25,0.22,5.0,0.0,0.0,3.0,1.19,6.83,15.25,1.52,2.47,1.19,6.83,15.25,1.18,7.28,14.63,1.52,2.47,1.41,2.84,0.7985535835722176,0.13913305482444202,0.062313361603340264,0.8046708904942724,0.13042742455813755,0.06490168494758997,0.611730692205481,-0.870563026630447,0.25883233442497017,J Brooks,football-data.co.uk,proxy_shots,,,,,,,,
2025-10-04,Chelsea,Liverpool,2,1,12.0,12.0,7.0,2.0,0.0,2.0,9.0,8.0,1.94,1.12,1.94,1.12,6.0,2.0,1.0,4.0,2.87,3.7,2.28,1.53,2.43,2.87,3.7,2.28,2.87,3.64,2.31,1.53,2.43,1.55,2.41,0.3295492722258248,0.25562335440219386,0.41482737337198133,0.32993655066333394,0.26014228033070563,0.40992116900596043,0.038727843750913094,0.45189259285117744,-0.49062043660209054,A Taylor,football-data.co.uk,proxy_shots,,,,,,,,
2025-10-04,Leeds,Tottenham,1,2,16.0,9.0,4.0,1.0,2.0,3.0,10.0,12.0,1.7,1.24,1.7,1.24,4.0,3.0,1.0,3.0,2.75,3.46,2.49,1.89,1.89,2.75,3.46,2.49,2.75,3.35,2.55,1.89,1.89,1.91,1.86,0.34492091008451475,0.2741423418301779,0.38093674808530736,0.34490764106187544,0.2831331381851216,0.371959220753003,-0.0013269022639317285,0.8990796354943709,-0.8977527332304391,T Bramall,football-data.co.uk,proxy_shots,,,,,,,,
2025-10-04,Man United,Sunderland,2,0,15.0,8.0,2.0,3.0,1.0,4.0,10.0,12.0,2.1,0.98,2.1,0.98,6.0,3.0,3.0,4.0,1.5,4.55,5.98,1.64,2.21,1.5,4.55,5.98,1.61,4.22,5.1,1.64,2.21,1.64,2.22,0.632708585247884,0.2085852478839178,0.15870616686819833,0.5892047570030005,0.22479138833526796,0.18600385466173155,-4.350382824488353,1.620614045135016,2.7297687793533227,S Attwell,football-data.co.uk,proxy_shots,,,,,,,,
2025-10-05,Aston Villa,Burnley,2,1,15.0,5.0,6.0,4.0,3.0,1.0,9.0,15.0,2.29,0.73,2.29,0.73,7.0,2.0,1.0,5.0,1.59,4.0,5.76,1.9,1.87,1.59,4.0,5.76,1.55,4.05,6.13,1.9,1.87,1.88,1.9,0.5975351674343334,0.23752022905514752,0.16494460351051912,0.6114073216682469,0.23399539471253894,0.15459728361921415,1.3872154233913414,-0.3524834342608585,-1.034731989130497,A Kitchen,football-data.co.uk,proxy_shots,,,,,,,,
2025-10-05,Brentford,Man City,0,1,6.0,10.0,3.0,2.0,3.0,2.0,10.0,6.0,0.51,1.37,0.51,1.37,1.0,4.0,3.0,1.0,4.73,4.27,1.64,1.56,2.35,4.73,4.27,1.64,5.03,4.18,1.62,1.56,2.35,1.58,2.32,0.20032554187847387,0.22190627941104954,0.5777681787104765,0.18838467016825422,0.22669255764266003,0.5849227721890856,-1.1940871710219652,0.47862782316104857,0.7154593478609139,D England,football-data.co.uk,proxy_shots,,,,,,,,
2025-10-05,Everton,Crystal Palace,2,1,14.0,15.0,2.0,4.0,2.0,3.0,13.0,16.0,2.23,2.36,2.23,2.36,7.0,8.0,7.0,5.0,2.53,3.21,2.89,2.2,1.65,2.53,3.21,2.89,2.65,3.1,2.82,2.2,1.65,2.25,1.62,0.37543251894989466,0.29590164266144336,0.32866583838866203,0.3578387228817028,0.30589439214081043,0.3362668849774867,-1.7593796068191836,0.9992749479367069,0.7601046588824656,M Salisbury,football-data.co.uk,proxy_shots,,,,,,,,
2025-10-05,Newcastle,Nott'm Forest,2,0,18.0,5.0,8.0,1.0,0.0,4.0,16.0,15.0,2.81,0.99,2.81,0.99,9.0,4.0,4.0,7.0,1.58,4.21,5.46,1.69,2.12,1.58,4.21,5.46,1.51,4.42,6.06,1.69,2.12,1.64,2.23,0.6007181459916582,0.22544766524152496,0.17383418876681683,0.628613001642807,0.21475240553860597,0.1566345928185872,2.7894855651148798,-1.0695259702918984,-1.7199595948229645,P Bankes,football-data.co.uk,proxy_shots,,,,,,,,
2025-10-05,Wolves,Brighton,1,1,6.0,17.0,2.0,8.0,2.0,4.0,13.0,9.0,0.97,2.12,0.97,2.12,3.0,6.0,5.0,2.0,3.67,3.6,1.99,1.83,1.94,3.67,3.6,1.99,3.46,3.53,2.08,1.83,1.94,1.77,2.02,0.25882157424501345,0.26385421596644426,0.47732420978854234,0.27445146338728366,0.2690090830934848,0.45653945351923136,1.5629889142270204,0.5154867127040552,-2.0784756269310978,J Gillett,football-data.co.uk,proxy_shots,,,,,,,,
2025-10-18,Brighton,Newcastle,2,1,13.0,16.0,8.0,4.0,0.0,1.0,9.0,9.0,1.81,1.52,1.81,1.52,5.0,3.0,2.0,3.0,2.61,3.48,2.62,1.84,1.92,2.61,3.48,2.62,2.86,3.44,2.42,1.84,1.92,1.75,2.05,0.364141765114663,0.27310632383599726,0.36275191104933985,0.33187160147342576,0.2759165058761621,0.39221189265041223,-3.227016364123725,0.2810182040164866,2.945998160107238,C Pawson,football-data.co.uk,proxy_shots,,,,,,,,
2025-10-18,Burnley,Leeds,2,0,4.0,19.0,1.0,5.0,2.0,1.0,10.0,7.0,0.96,1.76,0.96,1.76,3.0,4.0,4.0,1.0,3.3,3.25,2.26,2.2,1.64,3.3,3.25,2.26,3.48,3.22,2.19,2.2,1.64,2.26,1.62,0.28772328423691634,0.2921497963020997,0.420126919460984,0.2724954209269435,0.2944981567781874,0.4330064222948692,-1.5227863309972833,0.23483604760877186,1.287950283388517,T Robinson,football-data.co.uk,proxy_shots,,,,,,,,
2025-10-18,Crystal Palace,Bournemouth,3,3,20.0,8.0,6.0,5.0,1.0,4.0,8.0,16.0,2.66,1.64,2.66,1.64,7.0,5.0,2.0,4.0,2.25,3.35,3.22,1.92,1.85,2.25,3.35,3.22,2.13,3.39,3.44,1.92,1.85,1.8,1.99,0.42186980582334427,0.28334539197090286,0.294784802205753,0.44493790419504375,0.2795627539632576,0.2754993418416986,2.306809837169949,-0.3782638007645278,-1.9285460364054374,J Gillett,football-data.co.uk,proxy_shots,,,,,,,,
2025-10-18,Fulham,Arsenal,0,1,9.0,16.0,6.0,10.0,0.0,0.0,11.0,4.0,0.49,1.88,0.49,1.88,0.0,5.0,4.0,0.0,6.14,4.13,1.54,1.89,1.87,6.14,4.13,1.54,6.77,4.18,1.5,1.89,1.87,1.91,1.86,0.15447126827609658,0.22964977898673922,0.6158789527371643,0.14019443873033477,0.22706132780008764,0.6327442334695775,-1.4276829545761816,-0.25884511866515747,1.6865280732413224,A Taylor,football-data.co.uk,proxy_shots,,,,,,,,
2025-10-18,Man City,Everton,2,0,19.0,5.0,11.0,3.0,0.0,2.0,8.0,14.0,2.5,0.46,2.5,0.46,7.0,1.0,1.0,5.0,1.38,4.92,7.91,1.69,2.12,1.38,4.92,7.91,1.44,4.46,7.29,1.69,2.12,1.67,2.17,0.6873086011592545,0.1927816808129616,0.11990971802778394,0.6577212977460583,0.21235844590904124,0.1299202563449004,-2.9587303413196264,1.957676509607964,1.0010538317116457,T Harrington,football-data.co.uk,proxy_shots,,,,,,,,
2025-10-18,Nott'm Forest,Chelsea,0,3,12.0,17.0,5.0,2.0,2.0,4.0,13.0,16.0,1.02,2.32,1.02,2.32,2.0,6.0,3.0,2.0,3.75,3.74,1.93,1.68,2.13,3.75,3.74,1.93,3.07,3.43,2.27,1.68,2.13,1.82,1.97,0.25344180445003106,0.2541194563335873,0.4924387392163817,0.3079323395992106,0.27561291037013885,0.4164547500306504,5.449053514917956,2.1493454036551563,-7.598398918573129,C Kavanagh,football-data.co.uk,proxy_shots,,,,,,,,
2025-10-18,Sunderland,Wolves,2,0,8.0,16.0,3.0,2.0,0.0,0.0,5.0,12.0,1.0,1.42,1.0,1.42,2.0,3.0,3.0,0.0,2.46,3.07,3.13,2.43,1.53,2.46,3.07,3.13,2.49,3.03,3.08,2.43,1.53,2.37,1.56,0.386511457658752,0.3097127641174365,0.30377577822381147,0.38019579325601005,0.31243812713117664,0.30736607961281337,-0.631566440274195,0.27253630137401563,0.3590301389001904,R Jones,football-data.co.uk,proxy_shots,,,,,,,,
2025-10-19,Liverpool,Man United,1,2,19.0,12.0,9.0,4.0,0.0,2.0,8.0,14.0,2.23,1.58,2.23,1.58,6.0,4.0,2.0,5.0,1.6,4.4,4.89,1.43,2.71,1.6,4.4,4.89,1.67,4.3,4.55,1.43,2.71,1.44,2.69,0.5914238592633315,0.21506322155030236,0.19351291918636612,0.5696690882091748,0.22124357611844692,0.20908733567237842,-2.1754771054156685,0.6180354568144558,1.5574416486012295,M Oliver,football-data.co.uk,proxy_shots,,,,,,,,
2025-10-19,Tottenham,Aston Villa,1,2,9.0,8.0,6.0,6.0,2.0,0.0,11.0,7.0,1.14,1.0,1.14,1.0,3.0,2.0,0.0,2.0,2.06,3.56,3.42,1.78,1.99,2.06,3.56,3.42,2.24,3.36,3.21,1.78,1.99,1.83,1.95,0.45850719288996006,0.2653159599307072,0.2761768471793326,0.4229249011857707,0.28194993412384717,0.295125164690382,-3.558229170418936,1.6633974193139944,1.8948317511049417,S Hooper,football-data.co.uk,proxy_shots,,,,,,,,
2025-10-20,West Ham,Brentford,0,2,7.0,22.0,6.0,10.0,1.0,1.0,10.0,10.0,0.56,2.67,0.56,2.67,1.0,7.0,5.0,1.0,2.46,3.37,2.82,1.85,1.91,2.46,3.37,2.82,2.75,3.29,2.57,1.85,1.91,1.9,1.88,0.38427386093454313,0.2805085156970255,0.33521762336843125,0.3441268523379853,0.287644025510474,0.3682291221515407,-4.014700859655784,0.7135509813448515,3.3011498783109436,A Madley,football-data.co.uk,proxy_shots,,,,,,,,
2025-10-24,Leeds,West Ham,2,1,13.0,9.0,3.0,4.0,3.0,3.0,12.0,11.0,1.81,1.14,1.81,1.14,5.0,3.0,2.0,3.0,1.81,3.57,4.59,2.04,1.76,1.81,3.57,4.59,1.79,3.64,4.56,2.04,1.76,1.97,1.81,0.5259453265673596,0.2666557538058602,0.20739891962678017,0.5307004642478034,0.26097632719878244,0.2083232085534141,0.4755137680443777,-0.5679426607077764,0.09242889266339316,S Attwell,football-data.co.uk,proxy_shots,,,,,,,,
2025-10-25,Brentford,Liverpool,3,2,17.0,18.0,5.0,4.0,3.0,2.0,7.0,10.0,2.67,2.09,2.67,2.09,8.0,5.0,3.0,5.0,4.28,4.13,1.73,1.54,2.41,4.28,4.13,1.73,3.92,4.01,1.82,1.54,2.41,1.53,2.44,0.22171434600334516,0.22976692515600905,0.5485187288406459,0.2420485675813716,0.23661605608952038,0.521335376329108,2.0334221578026446,0.6849130933511333,-2.7183352511537917,S Hooper,football-data.co.uk,proxy_shots,,,,,,,,
2025-10-25,Chelsea,Sunderland,1,2,16.0,10.0,9.0,1.0,1.0,1.0,15.0,13.0,2.24,1.47,2.24,1.47,7.0,4.0,2.0,6.0,1.37,4.99,8.31,1.69,2.12,1.37,4.99,8.31,1.44,4.52,7.2,1.69,2.12,1.7,2.11,0.694728747367557,0.19073715108087233,0.11453410155157075,0.6585081585081585,0.2097902097902098,0.1317016317016317,-3.6220588859398495,1.9053058709337463,1.7167530150060963,A Madley,football-data.co.uk,proxy_shots,,,,,,,,
2025-10-25,Man United,Brighton,4,2,13.0,17.0,1.0,6.0,2.0,2.0,4.0,13.0,2.73,2.04,2.73,2.04,9.0,5.0,3.0,5.0,2.0,3.83,3.45,1.53,2.43,2.0,3.83,3.45,1.99,3.85,3.41,1.53,2.43,1.5,2.53,0.4757592669271068,0.24843825949196174,0.2758024735809315,0.4760860026327337,0.24608081694523118,0.2778331804220352,0.03267357056269127,-0.23574425467305649,0.203070684110368,A Taylor,football-data.co.uk,proxy_shots,,,,,,,,
2025-10-25,Newcastle,Fulham,2,1,18.0,12.0,4.0,3.0,0.0,2.0,11.0,18.0,2.45,1.66,2.45,1.66,7.0,5.0,4.0,5.0,1.62,3.97,5.44,1.85,1.92,1.62,3.97,5.44,1.6,3.99,5.62,1.85,1.92,1.8,2.0,0.5862164436361662,0.23921174778100487,0.1745718085828289,0.5932253609807459,0.23788485653363242,0.16888978248562161,0.7008917344579646,-0.13268912473724526,-0.5682026097207277,P Bankes,football-data.co.uk,proxy_shots,,,,,,,,
2025-10-26,Arsenal,Crystal Palace,1,0,10.0,7.0,4.0,3.0,0.0,0.0,6.0,11.0,1.19,0.56,1.19,0.56,3.0,1.0,1.0,2.0,1.41,4.6,7.76,1.74,2.05,1.41,4.6,7.76,1.38,4.91,8.08,1.74,2.05,1.66,2.18,0.6719424135412511,0.20596495719416608,0.12209262926458299,0.6887758468028959,0.19358669421344116,0.1176374589836629,1.6833433261644881,-1.237826298072492,-0.4455170280920087,T Bramall,football-data.co.uk,proxy_shots,,,,,,,,
2025-10-26,Aston Villa,Man City,1,0,9.0,18.0,5.0,6.0,1.0,4.0,8.0,16.0,1.14,1.71,1.14,1.71,3.0,4.0,4.0,2.0,4.08,3.8,1.83,1.73,2.07,4.08,3.8,1.83,4.16,3.77,1.82,1.73,2.07,1.68,2.15,0.2323856117415888,0.24950876208044273,0.5181056261779685,0.22783389450056118,0.2514029180695848,0.5207631874298542,-0.4551717241027625,0.18941559891420823,0.2657561251885654,M Oliver,football-data.co.uk,proxy_shots,,,,,,,,
2025-10-26,Bournemouth,Nott'm Forest,2,0,13.0,8.0,6.0,4.0,3.0,1.0,17.0,7.0,1.81,1.16,1.81,1.16,5.0,4.0,4.0,3.0,1.79,3.79,4.29,1.84,1.92,1.79,3.79,4.29,1.95,3.59,3.82,1.84,1.92,1.81,1.97,0.5292279549382696,0.2499519892716366,0.22082005579009384,0.48693867551032727,0.2644931524359716,0.24856817205370105,-4.228927942794231,1.4541163164335014,2.7748116263607208,S Barrott,football-data.co.uk,proxy_shots,,,,,,,,
2025-10-26,Everton,Tottenham,0,3,12.0,7.0,9.0,8.0,2.0,0.0,9.0,8.0,1.02,1.41,1.02,1.41,2.0,4.0,1.0,2.0,2.35,3.38,2.99,1.91,1.85,2.35,3.38,2.99,2.2,3.34,3.32,1.91,1.85,1.92,1.89,0.40302763232930683,0.2802115195188968,0.31676084815179634,0.4307869219293884,0.28375186474390857,0.28546121332670316,2.775928960008156,0.35403452250117873,-3.129963482509318,C Pawson,football-data.co.uk,proxy_shots,,,,,,,,
2025-10-26,Wolves,Burnley,2,3,15.0,11.0,5.0,3.0,1.0,0.0,12.0,7.0,2.29,2.17,2.29,2.17,7.0,7.0,4.0,5.0,1.97,3.3,4.06,2.22,1.63,1.97,3.3,4.06,1.92,3.3,4.34,2.22,1.63,2.22,1.64,0.4802632522260299,0.2867026081470542,0.23303413962691602,0.49401879216855005,0.28742911544352,0.21855209238792997,1.3755539942520156,0.07265072964657837,-1.448204723898605,T Harrington,football-data.co.uk,proxy_shots,,,,,,,,
2025-11-01,Brighton,Leeds,3,0,14.0,5.0,4.0,7.0,0.0,1.0,10.0,7.0,2.33,0.64,2.33,0.64,7.0,2.0,2.0,4.0,1.85,3.74,4.11,1.79,1.97,1.85,3.74,4.11,1.93,3.61,3.88,1.79,1.97,1.82,1.97,0.5141985488678292,0.2543495495736588,0.23145190155851195,0.4921141853315767,0.26309705753184015,0.24478875713658324,-2.208436353625254,0.8747507958181355,1.3336855578071294,M Oliver,football-data.co.uk,proxy_shots,,,,,,,,
2025-11-01,Burnley,Arsenal,0,2,3.0,12.0,1.0,6.0,2.0,1.0,10.0,13.0,0.2,2.3,0.2,2.3,0.0,8.0,6.0,0.0,10.97,5.65,1.28,1.73,2.05,10.97,5.65,1.28,13.66,5.78,1.24,1.73,2.05,1.85,1.93,0.08686659275639277,0.16865956151108474,0.7444738457325225,0.06954368506235178,0.1643541069120632,0.766102208025585,-1.732290769404099,-0.4305454599021541,2.162836229306253,C Kavanagh,football-data.co.uk,proxy_shots,,,,,,,,
2025-11-01,Crystal Palace,Brentford,2,0,9.0,6.0,6.0,5.0,0.0,3.0,7.0,11.0,1.05,0.69,1.05,0.69,2.0,2.0,2.0,0.0,1.92,3.65,3.85,1.74,2.04,1.92,3.65,3.85,2.06,3.43,3.6,1.74,2.04,1.82,1.96,0.49389333099024696,0.25980142342500656,0.24630524558474648,0.4602345153523321,0.27640906752938893,0.26335641711827895,-3.365881563791484,1.6607644104382369,1.7051171533532472,P Bankes,football-data.co.uk,proxy_shots,,,,,,,,
2025-11-01,Fulham,Wolves,3,0,19.0,5.0,10.0,1.0,1.0,5.0,13.0,14.0,2.42,0.64,2.42,0.64,6.0,2.0,2.0,3.0,1.84,3.46,4.51,2.17,1.66,1.84,3.46,4.51,1.79,3.69,4.44,2.17,1.66,1.89,1.89,0.5155239284558003,0.27415145328285334,0.21032461826134646,0.5295914508199105,0.25690208589908947,0.21350646328099998,1.406752236411024,-1.724936738376387,0.31818450196535175,J Brooks,football-data.co.uk,proxy_shots,,,,,,,,
2025-11-01,Liverpool,Aston Villa,2,0,16.0,10.0,1.0,4.0,2.0,3.0,13.0,11.0,1.8,1.09,1.8,1.09,4.0,3.0,3.0,2.0,1.63,4.32,4.81,1.52,2.44,1.63,4.32,4.81,1.65,4.28,4.67,1.52,2.44,1.53,2.46,0.5826853350008834,0.2198558092711666,0.19745885572795008,0.5750983308924446,0.22170846868517136,0.20319320042238403,-0.7587004108438822,0.18526594140047536,0.5734344694433957,S Attwell,football-data.co.uk,proxy_shots,,,,,,,,
2025-11-01,Nott'm Forest,Man United,2,2,17.0,18.0,8.0,5.0,1.0,1.0,10.0,7.0,1.68,2.45,1.68,2.45,3.0,7.0,5.0,1.0,3.41,3.67,2.05,1.71,2.09,3.41,3.67,2.05,3.27,3.63,2.12,1.71,2.09,1.7,2.13,0.2783522699944873,0.25863249064882887,0.46301523935668387,0.2904208226250184,0.2616187575712976,0.44796041980368406,1.2068552630531082,0.29862669224687277,-1.505481955299981,D England,football-data.co.uk,proxy_shots,,,,,,,,
2025-11-01,Tottenham,Chelsea,0,1,3.0,15.0,6.0,5.0,4.0,2.0,14.0,12.0,0.34,2.54,0.34,2.54,1.0,9.0,8.0,1.0,2.71,3.52,2.5,1.7,2.1,2.71,3.52,2.5,3.02,3.44,2.31,1.7,2.1,1.76,2.04,0.3503993756520216,0.2697677011411871,0.37983292320679146,0.31394549491533463,0.27561494030357864,0.4104395647810868,-3.6453880736686983,0.5847239162391549,3.0606641574295326,J Gillett,football-data.co.uk,proxy_shots,,,,,,,,
2025-11-02,Man City,Bournemouth,3,1,15.0,8.0,10.0,4.0,2.0,2.0,8.0,11.0,2.56,1.44,2.56,1.44,8.0,5.0,4.0,5.0,1.49,4.64,5.9,1.52,2.45,1.49,4.64,5.9,1.41,5.08,6.86,1.52,2.45,1.47,2.64,0.6354600446604736,0.20405936778967795,0.1604805875498484,0.6742640884448245,0.1871481032888194,0.13858780826635603,3.8804043784350983,-1.6911264500858558,-2.189277928349237,A Taylor,football-data.co.uk,proxy_shots,,,,,,,,
2025-11-02,West Ham,Newcastle,3,1,15.0,12.0,7.0,6.0,1.0,2.0,5.0,10.0,2.75,1.48,2.75,1.48,9.0,4.0,3.0,6.0,4.99,4.08,1.64,1.74,2.04,4.99,4.08,1.64,4.99,4.08,1.64,1.74,2.04,1.68,2.15,0.18990747573366634,0.2322642901742635,0.5778282340920702,0.18990747573366634,0.2322642901742635,0.5778282340920702,0.0,0.0,0.0,R Jones,football-data.co.uk,proxy_shots,,,,,,,,
2025-11-03,Sunderland,Everton,1,1,17.0,8.0,4.0,1.0,3.0,2.0,10.0,12.0,1.58,0.9,1.58,0.9,3.0,2.0,1.0,2.0,2.74,3.12,2.67,2.29,1.59,2.74,3.12,2.67,3.24,3.09,2.37,2.29,1.59,2.35,1.58,0.34430254184748915,0.3023682579045257,0.35332920024798514,0.2927715611844709,0.306983772892455,0.4002446659230741,-5.153098066301825,0.4615514987929281,4.691546567508897,T Bramall,football-data.co.uk,proxy_shots,,,,,,,,
2025-11-08,Chelsea,Wolves,3,0,20.0,3.0,10.0,1.0,1.0,2.0,12.0,14.0,2.84,0.2,2.84,0.2,8.0,0.0,0.0,5.0,1.36,5.06,8.27,1.62,2.23,1.36,5.06,8.27,1.36,5.1,8.12,1.62,2.23,1.56,2.37,0.6977273864110045,0.18753147144643603,0.1147411421425594,0.6972750171742614,0.1859400045798031,0.11678497824593544,-0.04523692367430776,-0.15914668666329457,0.20438361033760372,A Kitchen,football-data.co.uk,proxy_shots,,,,,,,,
2025-11-08,Everton,Fulham,2,0,14.0,8.0,7.0,5.0,2.0,2.0,11.0,14.0,1.87,1.16,1.87,1.16,5.0,4.0,4.0,3.0,2.2,3.28,3.4,2.17,1.66,2.2,3.28,3.4,2.31,3.21,3.23,2.17,1.66,2.12,1.7,0.4314453729495512,0.2893840916125039,0.27917053543794496,0.41071195141950584,0.2955590678439434,0.2937289807365506,-2.0733421530045373,0.6174976231439533,1.4558445298605671,A Madley,football-data.co.uk,proxy_shots,,,,,,,,
2025-11-08,Sunderland,Arsenal,2,2,6.0,17.0,2.0,2.0,2.0,1.0,13.0,13.0,0.89,2.4,0.89,2.4,2.0,7.0,5.0,0.0,8.39,4.67,1.39,2.0,1.78,8.39,4.67,1.39,7.33,4.23,1.46,2.0,1.78,2.13,1.69,0.11321765004438845,0.20340387234955443,0.6833784776060571,0.12897553436987688,0.22349661156765896,0.647527854062464,1.5757884325488427,2.009273921810453,-3.585062354359303,C Pawson,football-data.co.uk,proxy_shots,,,,,,,,
2025-11-08,Tottenham,Man United,2,2,10.0,5.0,5.0,3.0,5.0,1.0,10.0,8.0,1.47,0.83,1.47,0.83,4.0,2.0,0.0,2.0,2.65,3.58,2.52,1.64,2.23,2.65,3.58,2.52,2.9,3.47,2.38,1.64,2.23,1.68,2.15,0.3581904663590958,0.2651409876680457,0.3766685459728586,0.3274155949190441,0.27363262975943164,0.39895177532152426,-3.07748714400517,0.849164209138592,2.2283229348665667,S Barrott,football-data.co.uk,proxy_shots,,,,,,,,
2025-11-08,West Ham,Burnley,3,2,15.0,16.0,7.0,4.0,2.0,2.0,15.0,13.0,2.21,2.34,2.21,2.34,6.0,7.0,5.0,3.0,1.94,3.5,3.98,1.96,1.8,1.94,3.5,3.98,1.86,3.56,4.23,1.96,1.8,1.95,1.83,0.48978242830822893,0.2714794031194183,0.23873816857235275,0.509635104676427,0.26627002660060517,0.2240948687229679,1.9852676368198097,-0.5209376518813147,-1.4643299849384839,M Salisbury,football-data.co.uk,proxy_shots,,,,,,,,
2025-11-09,Aston Villa,Bournemouth,4,0,16.0,13.0,6.0,9.0,2.0,2.0,8.0,20.0,2.72,1.44,2.72,1.44,8.0,4.0,4.0,4.0,2.19,3.45,3.25,1.82,1.95,2.19,3.45,3.25,2.3,3.37,3.1,1.82,1.95,1.83,1.95,0.4331575592513184,0.2749608854377934,0.2918815553108884,0.4124684144030323,0.2815066329753632,0.30602495262160456,-2.06891448482861,0.6545747537569813,1.4143397310716177,J Brooks,football-data.co.uk,proxy_shots,,,,,,,,
2025-11-09,Brentford,Newcastle,3,1,15.0,5.0,6.0,2.0,2.0,1.0,10.0,13.0,2.38,0.56,2.38,0.56,7.0,1.0,0.0,4.0,2.84,3.4,2.45,1.81,1.95,2.84,3.4,2.45,2.83,3.38,2.47,1.81,1.95,1.81,1.98,0.3339480436177037,0.2789448364336113,0.387107119948685,0.33522994205773343,0.2806806911311792,0.3840893668110873,0.12818984400297384,0.1735854697567929,-0.3017753137597723,S Attwell,football-data.co.uk,proxy_shots,,,,,,,,
2025-11-09,Crystal Palace,Brighton,0,0,10.0,7.0,4.0,8.0,1.0,4.0,10.0,12.0,0.91,0.93,0.91,0.93,2.0,3.0,3.0,2.0,2.27,3.52,3.04,1.71,2.08,2.27,3.52,3.04,2.38,3.39,2.97,1.71,2.08,1.81,1.98,0.41813066583307285,0.2696467646139419,0.31222256955298533,0.3994548722282395,0.2804432436292655,0.3201018841424949,-1.8675793604833346,1.0796479015323601,0.7879314589509578,T Robinson,football-data.co.uk,proxy_shots,,,,,,,,
2025-11-09,Man City,Liverpool,3,0,14.0,7.0,7.0,7.0,2.0,4.0,14.0,15.0,2.15,0.56,2.15,0.56,6.0,1.0,1.0,3.0,1.88,3.92,3.72,1.48,2.58,1.88,3.92,3.72,1.89,3.94,3.69,1.48,2.58,1.46,2.68,0.5037864131336024,0.24161185119672768,0.25460173566967,0.502035615501756,0.24082419119246665,0.2571401933057775,-0.17507976318463792,-0.07876600042610316,0.2538457636107494,C Kavanagh,football-data.co.uk,proxy_shots,,,,,,,,
2025-11-09,Nott'm Forest,Leeds,3,1,14.0,10.0,6.0,4.0,2.0,1.0,10.0,11.0,2.15,1.19,2.15,1.19,6.0,3.0,2.0,3.0,2.22,3.32,3.29,2.04,1.74,2.22,3.32,3.29,2.23,3.14,3.46,2.04,1.74,2.3,1.6,0.4267218814704848,0.2853381255615893,0.28793999296792594,0.4246825942835699,0.30160579148164357,0.2737116142347864,-0.20392871869148732,1.6267665920054297,-1.4228378733139535,J Gillett,football-data.co.uk,proxy_shots,,,,,,,,
2025-11-22,Bournemouth,West Ham,2,2,28.0,5.0,9.0,2.0,3.0,2.0,9.0,10.0,3.54,0.83,3.54,0.83,10.0,2.0,0.0,8.0,1.62,4.09,5.14,1.65,2.19,1.62,4.09,5.14,1.67,3.97,4.95,1.65,2.19,1.67,2.16,0.5843636727523405,0.23145944984322533,0.18417687740443417,0.568818944132639,0.2392764827963494,0.19190457307101152,-1.5544728619701464,0.7817032953124053,0.7727695666577356,T Bramall,football-data.co.uk,proxy_shots,,,,,,,,
2025-11-22,Brighton,Brentford,2,1,14.0,10.0,7.0,4.0,4.0,2.0,10.0,9.0,1.87,1.37,1.87,1.37,5.0,4.0,3.0,3.0,1.93,3.66,3.82,1.68,2.13,1.93,3.66,3.82,2.1,3.44,3.47,1.68,2.13,1.72,2.08,0.4919908788919543,0.2594378131861944,0.24857130792185123,0.45133432648462257,0.27552386209817076,0.2731418114172068,-4.065655240733173,1.6086048911976347,2.457050349535556,C Kavanagh,football-data.co.uk,proxy_shots,,,,,,,,
2025-11-22,Burnley,Chelsea,0,2,8.0,15.0,1.0,9.0,2.0,3.0,13.0,8.0,0.8,1.92,0.8,1.92,2.0,5.0,3.0,2.0,6.56,4.45,1.48,1.76,2.01,6.56,4.45,1.48,5.46,4.14,1.58,1.76,2.01,1.67,2.16,0.1447892575428476,0.2134421414564225,0.6417686010007299,0.17317406360199514,0.2283889824316168,0.5984369539663882,2.838480605914753,1.4946840975194275,-4.333164703434167,P Bankes,football-data.co.uk,proxy_shots,,,,,,,,
2025-11-22,Fulham,Sunderland,1,0,24.0,4.0,7.0,4.0,3.0,3.0,5.0,13.0,2.5,0.58,2.5,0.58,6.0,2.0,2.0,5.0,2.1,3.24,3.74,2.19,1.65,2.1,3.24,3.74,2.02,3.33,3.81,2.19,1.65,2.06,1.74,0.45256128714202487,0.29332676018464576,0.2541119526733294,0.4679916341142231,0.28388681709030955,0.24812154879546738,1.543034697219825,-0.9439943094336212,-0.5990403877862038,D England,football-data.co.uk,proxy_shots,,,,,,,,
2025-11-22,Liverpool,Nott'm Forest,0,3,21.0,15.0,8.0,6.0,2.0,0.0,11.0,8.0,1.88,2.38,1.88,2.38,4.0,7.0,4.0,4.0,1.42,4.86,6.97,1.53,2.43,1.42,4.86,6.97,1.45,4.6,6.58,1.53,2.43,1.56,2.37,0.6684888145119275,0.19531977707961667,0.1361914084084558,0.6512188300092515,0.2052755007637858,0.1435056692269627,-1.7269984502676028,0.9955723684169138,0.731426081850689,A Madley,football-data.co.uk,proxy_shots,,,,,,,,
2025-11-22,Newcastle,Man City,2,1,9.0,17.0,5.0,9.0,1.0,3.0,13.0,8.0,1.59,1.76,1.59,1.76,5.0,4.0,3.0,3.0,3.54,3.75,1.98,1.68,2.13,3.54,3.75,1.98,3.67,3.7,1.95,1.68,2.13,1.6,2.29,0.2679615434584903,0.25295569702481485,0.4790827595166949,0.258134917085562,0.2560419312713547,0.48582315164308343,-0.9826626372928304,0.3086234246539865,0.674039212638855,S Barrott,football-data.co.uk,proxy_shots,,,,,,,,
2025-11-22,Wolves,Crystal Palace,0,2,8.0,10.0,1.0,4.0,2.0,3.0,13.0,9.0,0.62,1.47,0.62,1.47,1.0,4.0,2.0,1.0,3.86,3.5,1.97,1.99,1.78,3.86,3.5,1.97,4.43,3.65,1.81,1.99,1.78,1.93,1.84,0.24616911586193108,0.2714893677791582,0.4823415163589106,0.21453645642213007,0.2603826032739825,0.5250809403038874,-3.1632659439801007,-1.1106764505175726,4.2739423944976815,A Taylor,football-data.co.uk,proxy_shots,,,,,,,,
2025-11-23,Arsenal,Tottenham,4,1,17.0,3.0,4.0,1.0,1.0,3.0,11.0,15.0,2.77,0.62,2.77,0.62,8.0,2.0,1.0,4.0,1.39,4.66,8.03,1.77,2.0,1.39,4.66,8.03,1.47,4.29,7.15,1.77,2.0,1.92,1.86,0.6796321757245423,0.20272290220109734,0.11764492207436036,0.6458897922312556,0.22131887985546522,0.13279132791327913,-3.374238349328662,1.859597765436788,1.514640583891877,M Oliver,football-data.co.uk,proxy_shots,,,,,,,,
2025-11-23,Leeds,Aston Villa,1,2,14.0,14.0,3.0,3.0,5.0,1.0,18.0,16.0,1.77,1.51,1.77,1.51,5.0,3.0,1.0,4.0,3.04,3.25,2.37,2.12,1.69,3.04,3.25,2.37,3.22,3.3,2.27,2.12,1.69,2.07,1.74,0.31074380832119675,0.2906649776296733,0.39859121404912995,0.2946150457791901,0.28747286285120977,0.4179120913696001,-1.6128762542006625,-0.31921147784635395,1.9320877320470164,R Jones,football-data.co.uk,proxy_shots,,,,,,,,
2025-11-24,Man United,Everton,0,1,25.0,3.0,9.0,1.0,2.0,2.0,12.0,9.0,2.46,0.44,2.46,0.44,6.0,1.0,0.0,6.0,1.74,3.83,4.49,1.74,2.04,1.74,3.83,4.49,1.86,3.69,4.09,1.74,2.04,1.78,2.01,0.5429365242237201,0.24666045748022794,0.2104030182960519,0.5105081030616075,0.25732928772211117,0.2321626092162812,-3.242842116211253,1.0668830241883227,2.1759590920229304,T Harrington,football-data.co.uk,proxy_shots,,,,,,,,
2025-11-29,Brentford,Burnley,3,1,14.0,6.0,5.0,6.0,0.0,2.0,7.0,7.0,1.79,0.79,1.79,0.79,4.0,2.0,1.0,1.0,1.45,4.54,6.96,1.78,1.99,1.45,4.54,6.96,1.48,4.36,6.61,1.78,1.99,1.77,2.02,0.654571668869398,0.20905923344947733,0.13636909768112457,0.6396509170972496,0.2171292103908095,0.1432198725119409,-1.4920751772148355,0.8069976941332185,0.6850774830816336,S Barrott,football-data.co.uk,proxy_shots,,,,,,,,
2025-11-29,Everton,Newcastle,1,4,10.0,13.0,8.0,7.0,0.0,0.0,4.0,6.0,1.01,2.55,1.01,2.55,2.0,8.0,4.0,1.0,2.79,3.31,2.55,1.96,1.8,2.79,3.31,2.55,2.68,3.3,2.65,1.96,1.8,1.87,1.91,0.34048140573378677,0.28699187975748186,0.3725267145087315,0.3541776355757158,0.2876351707099753,0.35818719371430885,1.369622984192903,0.0643290952493436,-1.4339520794422633,C Pawson,football-data.co.uk,proxy_shots,,,,,,,,
2025-11-29,Man City,Leeds,3,2,18.0,9.0,8.0,1.0,4.0,1.0,17.0,11.0,2.91,1.41,2.91,1.41,9.0,4.0,2.0,6.0,1.23,6.42,11.78,1.52,2.46,1.23,6.42,11.78,1.22,6.58,11.56,1.52,2.46,1.41,2.83,0.7716031244643601,0.14783050515438675,0.08056637038125324,0.7746253396282522,0.14362354321374887,0.08175111715799893,0.3022215163892117,-0.4206961940637882,0.1184746776745696,P Bankes,football-data.co.uk,proxy_shots,,,,,,,,
2025-11-29,Sunderland,Bournemouth,3,2,12.0,18.0,6.0,3.0,5.0,7.0,14.0,13.0,2.04,2.27,2.04,2.27,6.0,6.0,4.0,3.0,3.04,3.3,2.35,1.96,1.81,3.04,3.3,2.35,3.14,3.3,2.3,1.96,1.81,1.96,1.82,0.31105852151939356,0.2865508804299868,0.4023905980506197,0.30150154921744654,0.2868832922856916,0.41161515849686187,-0.955697230194702,0.033241185570481724,0.9224560446242147,T Robinson,football-data.co.uk,proxy_shots,,,,,,,,
2025-11-29,Tottenham,Fulham,1,2,14.0,7.0,8.0,2.0,3.0,2.0,11.0,7.0,1.23,1.12,1.23,1.12,2.0,3.0,1.0,1.0,2.18,3.39,3.33,1.87,1.9,2.18,3.39,3.33,2.34,3.35,3.04,1.87,1.9,1.82,1.96,0.43521356449728776,0.279871849735719,0.28491458576699324,0.40514628072213427,0.2829977005641176,0.3118560187137481,-3.0067283775153495,0.3125850828398613,2.6941432946754826,S Attwell,football-data.co.uk,proxy_shots,,,,,,,,
2025-11-30,Aston Villa,Wolves,1,0,16.0,9.0,7.0,3.0,0.0,4.0,13.0,21.0,2.06,1.21,2.06,1.21,6.0,4.0,4.0,5.0,1.48,4.39,6.57,1.78,1.98,1.48,4.39,6.57,1.46,4.46,6.83,1.78,1.98,1.75,2.04,0.6400425181578719,0.21577743208966985,0.1441800497524582,0.6488799706892291,0.21241362269198982,0.13870640661878106,0.8837452531357148,-0.3363809397680023,-0.5473643133677153,C Kavanagh,football-data.co.uk,proxy_shots,,,,,,,,
2025-11-30,Chelsea,Arsenal,1,1,11.0,8.0,3.0,3.0,3.0,6.0,12.0,13.0,1.43,1.26,1.43,1.26,4.0,4.0,3.0,3.0,3.33,3.35,2.18,1.92,1.84,3.33,3.35,2.18,3.01,3.14,2.46,1.92,1.84,2.05,1.75,0.28396564260690027,0.2822703253376053,0.4337640320554944,0.31425037835023023,0.30124001236757736,0.38450960928219224,3.0284735743329962,1.8969687029972038,-4.925442277330216,A Taylor,football-data.co.uk,proxy_shots,,,,,,,,
2025-11-30,Crystal Palace,Man United,1,2,14.0,14.0,4.0,4.0,3.0,2.0,14.0,14.0,1.41,2.05,1.41,2.05,3.0,6.0,4.0,2.0,2.32,3.51,2.93,1.71,2.08,2.32,3.51,2.93,2.07,3.6,3.4,1.71,2.08,1.71,2.1,0.4077010596588319,0.26947762347820226,0.32282131686296583,0.4579124579124579,0.26329966329966326,0.27878787878787875,5.021139825362598,-0.6177960178538999,-4.403343807508708,R Jones,football-data.co.uk,proxy_shots,,,,,,,,
2025-11-30,Nott'm Forest,Brighton,0,2,19.0,17.0,9.0,2.0,0.0,1.0,11.0,10.0,1.58,2.22,1.58,2.22,3.0,6.0,4.0,3.0,2.72,3.36,2.54,1.88,1.88,2.72,3.36,2.54,2.85,3.29,2.51,1.88,1.88,1.9,1.88,0.34717521478781566,0.28104660244727936,0.37177818276490493,0.3331423799515086,0.2885883838485713,0.37826923619992014,-1.4032834836307073,0.7541781401291914,0.6491053435015215,M Oliver,football-data.co.uk,proxy_shots,,,,,,,,
2025-11-30,West Ham,Liverpool,0,2,7.0,9.0,7.0,2.0,3.0,0.0,12.0,14.0,0.39,1.59,0.39,1.59,0.0,5.0,3.0,0.0,4.28,4.06,1.74,1.51,2.47,4.28,4.06,1.74,5.07,4.49,1.58,1.51,2.47,1.49,2.57,0.2215351036740633,0.23353946889778104,0.5449254274281556,0.18733479274659284,0.2115339419209857,0.6011312653324213,-3.4200310927470445,-2.2005526976795338,5.62058379042657,D England,football-data.co.uk,proxy_shots,,,,,,,,
2025-12-02,Bournemouth,Everton,0,1,5.0,13.0,1.0,6.0,3.0,3.0,14.0,14.0,0.64,1.35,0.64,1.35,2.0,3.0,2.0,2.0,2.2,3.29,3.38,1.92,1.86,2.2,3.29,3.38,2.17,3.4,3.34,1.92,1.86,1.79,1.99,0.43111242062169014,0.28828186181389615,0.2806057175644137,0.4370751833976091,0.27895680822729757,0.28396800837509334,0.596276277591895,-0.9325053586598575,0.33622908106796245,M Salisbury,football-data.co.uk,proxy_shots,,,,,,,,
2025-12-02,Fulham,Man City,4,5,12.0,11.0,7.0,2.0,0.0,1.0,9.0,7.0,2.14,1.82,2.14,1.82,6.0,4.0,0.0,2.0,4.66,4.04,1.69,1.65,2.2,4.66,4.04,1.69,5.14,4.08,1.63,1.65,2.2,1.68,2.15,0.20363024688780593,0.2348804332913801,0.561489319820814,0.1847343596353313,0.23272907071705953,0.5825365696476091,-1.8895887252474624,-0.21513625743205533,2.104724982679518,C Pawson,football-data.co.uk,proxy_shots,,,,,,,,
2025-12-02,Newcastle,Tottenham,2,2,19.0,8.0,11.0,8.0,0.0,3.0,5.0,12.0,2.5,1.0,2.5,1.0,7.0,2.0,0.0,5.0,1.8,3.78,4.24,1.72,2.09,1.8,3.78,4.24,1.83,3.78,4.07,1.72,2.09,1.66,2.18,0.5261167572677853,0.2505317891751359,0.22335145355707864,0.5171276735204251,0.25035546099004713,0.23251686548952774,-0.8989083747360183,-0.0176328185088781,0.9165411932449102,T Bramall,football-data.co.uk,proxy_shots,,,,,,,,
2025-12-03,Arsenal,Brentford,2,0,15.0,6.0,4.0,8.0,0.0,1.0,7.0,9.0,2.29,0.51,2.29,0.51,7.0,1.0,1.0,5.0,1.35,4.97,8.94,1.73,2.06,1.35,4.97,8.94,1.43,4.53,7.43,1.73,2.06,1.85,1.93,0.7029202519209686,0.19093407245338184,0.10614567562564964,0.6630700522254421,0.2093135043448967,0.12761644342966114,-3.98501996955265,1.8379431891514864,2.1470767804011497,T Harrington,football-data.co.uk,proxy_shots,,,,,,,,
2025-12-03,Brighton,Aston Villa,3,4,16.0,14.0,5.0,6.0,2.0,2.0,10.0,9.0,2.44,2.97,2.44,2.97,7.0,10.0,6.0,4.0,2.15,3.48,3.33,1.82,1.94,2.15,3.48,3.33,2.25,3.42,3.17,1.82,1.94,1.83,1.96,0.44180115059531294,0.272951860281587,0.2852469891231,0.42235545738227975,0.27786543248834195,0.29977911012937836,-1.9445693213033188,0.49135722067549237,1.4532121006278376,A Madley,football-data.co.uk,proxy_shots,,,,,,,,
2025-12-03,Burnley,Crystal Palace,0,1,11.0,3.0,3.0,4.0,0.0,0.0,9.0,8.0,1.32,0.81,1.32,0.81,4.0,3.0,2.0,4.0,4.57,3.71,1.77,1.97,1.8,4.57,3.71,1.77,4.99,3.62,1.73,1.97,1.8,2.14,1.69,0.2077392495484067,0.25589443947067886,0.5363663109809145,0.19001125637532573,0.2619215937328386,0.5480671498918356,-1.7727993173080963,0.6027154262159717,1.1700838910921108,T Kirk,football-data.co.uk,proxy_shots,,,,,,,,
2025-12-03,Leeds,Chelsea,3,1,17.0,14.0,4.0,2.0,1.0,1.0,10.0,13.0,2.13,1.23,2.13,1.23,5.0,2.0,1.0,2.0,4.31,3.87,1.78,1.81,1.96,4.31,3.87,1.78,3.94,3.45,1.95,1.81,1.96,1.96,1.81,0.22050505600174133,0.245575398286177,0.5339195457120816,0.2402378274144303,0.27435856232256683,0.4854036102630029,1.9732771412688976,2.8783164036389834,-4.8515935449078675,D England,football-data.co.uk,proxy_shots,,,,,,,,
2025-12-03,Liverpool,Sunderland,1,1,23.0,9.0,7.0,3.0,1.0,1.0,10.0,5.0,2.08,1.68,2.08,1.68,4.0,6.0,5.0,3.0,1.35,5.29,8.05,1.55,2.38,1.35,5.29,8.05,1.35,5.25,7.98,1.55,2.38,1.59,2.31,0.7027899032074397,0.17935092047826912,0.11785917631429112,0.7011070110701108,0.18028465998945706,0.11860832894043227,-0.1682892137328973,0.09337395111879421,0.07491526261411557,S Attwell,football-data.co.uk,proxy_shots,,,,,,,,
2025-12-03,Wolves,Nott'm Forest,0,1,5.0,10.0,3.0,9.0,2.0,2.0,19.0,11.0,0.46,1.19,0.46,1.19,1.0,3.0,2.0,1.0,3.28,3.3,2.24,2.07,1.72,3.28,3.3,2.24,3.1,3.23,2.37,2.07,1.72,2.12,1.7,0.28916567565875945,0.2874131564123428,0.4234211679288978,0.3060191644246875,0.2937026036274091,0.40027823194790346,1.685348876592807,0.6289447215066302,-2.3142935980994315,T Robinson,football-data.co.uk,proxy_shots,,,,,,,,
2025-12-04,Man United,West Ham,1,1,17.0,11.0,6.0,6.0,2.0,2.0,13.0,9.0,1.76,1.25,1.76,1.25,4.0,3.0,2.0,3.0,1.43,4.81,6.59,1.49,2.53,1.43,4.81,6.59,1.4,5.03,7.21,1.49,2.53,1.5,2.52,0.6603742924464426,0.19632749234894237,0.143298215204615,0.6791149444874097,0.18901807600047188,0.1318669795121184,1.8740652040967087,-0.7309416348470488,-1.14312356924966,A Kitchen,football-data.co.uk,proxy_shots,,,,,,,,
2025-12-06,Aston Villa,Arsenal,2,1,15.0,15.0,3.0,3.0,0.0,2.0,10.0,8.0,2.1,2.54,2.1,2.54,6.0,9.0,8.0,4.0,4.13,3.45,1.91,2.06,1.74,4.13,3.45,1.91,4.18,3.47,1.9,2.06,1.74,2.04,1.76,0.2293890964029478,0.2746020197519346,0.4960088838451175,0.22703480764197853,0.2734886155456686,0.4994765768123527,-0.23542887609692698,-0.11134042062659888,0.3467692967235203,P Bankes,football-data.co.uk,proxy_shots,,,,,,,,
2025-12-06,Bournemouth,Chelsea,0,0,13.0,11.0,5.0,0.0,0.0,2.0,15.0,13.0,1.61,1.32,1.61,1.32,5.0,4.0,4.0,5.0,3.14,3.67,2.16,1.63,2.2,3.14,3.67,2.16,3.33,3.75,2.05,1.63,2.2,1.59,2.32,0.30217966409234037,0.2585406390326836,0.4392796968749762,0.28470640519971113,0.2528192878173435,0.4624743069829454,-1.747325889262924,-0.572135121534012,2.3194610107969194,M Oliver,football-data.co.uk,proxy_shots,,,,,,,,
2025-12-06,Everton,Nott'm Forest,3,0,11.0,7.0,6.0,3.0,4.0,3.0,17.0,15.0,1.8,0.93,1.8,0.93,5.0,3.0,3.0,2.0,2.17,3.25,3.52,2.09,1.7,2.17,3.25,3.52,2.08,3.28,3.72,2.09,1.7,2.09,1.72,0.4377958661967249,0.29231293219904403,0.269891201604231,0.45593686476144923,0.2891306947267727,0.2549324405117781,1.8140998564724342,-0.318223747227131,-1.4958761092452921,C Kavanagh,football-data.co.uk,proxy_shots,,,,,,,,
2025-12-06,Leeds,Liverpool,3,3,12.0,16.0,5.0,4.0,3.0,3.0,14.0,14.0,1.86,2.44,1.86,2.44,5.0,7.0,4.0,2.0,3.95,3.9,1.84,1.64,2.2,3.95,3.9,1.84,4.4,3.88,1.76,1.64,2.2,1.75,2.05,0.24041006398874332,0.24349224429629138,0.5160976917149653,0.21579532814238042,0.24471635150166857,0.5394883203559512,-2.4614735846362894,0.12241072053771895,2.3390628640985844,A Taylor,football-data.co.uk,proxy_shots,,,,,,,,
2025-12-06,Man City,Sunderland,3,0,18.0,8.0,6.0,5.0,1.0,2.0,9.0,10.0,2.37,0.62,2.37,0.62,6.0,1.0,1.0,3.0,1.24,6.22,11.38,1.48,2.57,1.24,6.22,11.38,1.25,6.18,10.59,1.48,2.57,1.44,2.72,0.7643389959355387,0.15237626285531639,0.0832847412091448,0.75740290040239,0.15319637953122778,0.08940072006638221,-0.6936095533148667,0.0820116675911392,0.6115978857237414,A Madley,football-data.co.uk,proxy_shots,,,,,,,,
2025-12-06,Newcastle,Burnley,2,1,17.0,9.0,9.0,9.0,2.0,4.0,9.0,11.0,2.4,1.14,2.4,1.14,7.0,3.0,2.0,5.0,1.28,5.72,10.39,1.58,2.29,1.28,5.72,10.39,1.3,5.53,9.5,1.58,2.29,1.57,2.35,0.7424061480345177,0.16613284431541656,0.09146100765006569,0.7289036268279823,0.17135166634292534,0.09974470682909232,-1.350252120653539,0.5218822027508785,0.8283699179026632,S Attwell,football-data.co.uk,proxy_shots,,,,,,,,
2025-12-06,Tottenham,Brentford,2,0,15.0,4.0,7.0,6.0,3.0,4.0,8.0,9.0,2.29,0.4,2.29,0.4,7.0,1.0,1.0,5.0,2.31,3.44,3.03,1.8,1.97,2.31,3.44,3.03,2.42,3.35,2.9,1.8,1.97,1.9,1.87,0.41086527204569373,0.27590080768184666,0.31323392027245955,0.39110305958132047,0.2825281803542673,0.3263687600644123,-1.9762212464373263,0.6627372672420639,1.3134839791952735,R Jones,football-data.co.uk,proxy_shots,,,,,,,,
2025-12-07,Brighton,West Ham,1,1,22.0,14.0,10.0,6.0,2.0,2.0,12.0,8.0,2.03,1.77,2.03,1.77,4.0,5.0,4.0,3.0,1.55,4.32,5.63,1.6,2.27,1.55,4.32,5.63,1.6,4.24,5.16,1.6,2.27,1.58,2.34,0.6119549819973279,0.2195671810407079,0.16847783696196417,0.5926150645748461,0.22362832625465892,0.1837566091704949,-1.9339917422481756,0.4061145213951012,1.5278772208530744,S Hooper,football-data.co.uk,proxy_shots,,,,,,,,
2025-12-07,Fulham,Crystal Palace,1,2,12.0,11.0,6.0,4.0,0.0,0.0,5.0,8.0,1.48,1.7,1.48,1.7,4.0,5.0,3.0,3.0,2.57,3.27,2.77,2.02,1.76,2.57,3.27,2.77,2.49,3.32,2.85,2.02,1.76,1.93,1.85,0.3684964219896097,0.28961339587562596,0.34189018213476424,0.38114343029087255,0.2858575727181545,0.3329989969909729,1.2647008301262863,-0.3755823157471472,-0.8891185143791336,S Barrott,football-data.co.uk,proxy_shots,,,,,,,,
2025-12-08,Wolves,Man United,1,4,8.0,27.0,1.0,9.0,3.0,2.0,17.0,12.0,0.9,3.69,0.9,3.69,2.0,10.0,6.0,1.0,4.22,3.9,1.77,1.67,2.14,4.22,3.9,1.77,5.04,4.09,1.64,1.67,2.14,1.68,2.15,0.22390238206445584,0.24227385956718045,0.5338237583683636,0.18848561826295146,0.23226589634358813,0.5792484853934605,-3.541676380150438,-1.000796322359232,4.542472702509692,M Salisbury,football-data.co.uk,proxy_shots,,,,,,,,
2025-12-13,Arsenal,Wolves,2,1,16.0,3.0,8.0,0.0,0.0,4.0,7.0,15.0,1.44,0.62,1.44,0.62,2.0,2.0,1.0,0.0,1.12,8.62,22.31,1.51,2.48,1.12,8.62,22.31,1.12,8.9,22.31,1.51,2.48,1.47,2.61,0.8473627672239902,0.11009817857202658,0.04253905420398338,0.8503080326592558,0.10700505579532209,0.042686911545422083,0.29452654352656316,-0.3093122776704496,0.014785734143870494,R Jones,football-data.co.uk,proxy_shots,,,,,,,,
2025-12-13,Burnley,Fulham,2,3,16.0,6.0,10.0,4.0,1.0,2.0,8.0,8.0,2.52,1.35,2.52,1.35,8.0,4.0,1.0,6.0,3.93,3.48,1.95,2.04,1.74,3.93,3.48,1.95,3.88,3.41,1.99,2.04,1.74,2.05,1.74,0.24127227928706282,0.27247128091901057,0.4862564397939267,0.244643610367043,0.27836281766103416,0.4769935719719229,0.33713310799801666,0.5891536742023584,-0.9262867822003806,M Oliver,football-data.co.uk,proxy_shots,,,,,,,,
2025-12-13,Chelsea,Everton,2,0,17.0,11.0,4.0,7.0,1.0,0.0,13.0,11.0,2.04,0.96,2.04,0.96,5.0,2.0,2.0,3.0,1.66,3.9,5.09,1.84,1.91,1.66,3.9,5.09,1.71,3.84,4.77,1.84,1.91,1.82,1.95,0.5708509708291156,0.24297759271188,0.1861714364590043,0.5543842445043718,0.24687423388085314,0.19874152161477485,-1.6466726324743775,0.3896641168973147,1.2570085155770543,T Bramall,football-data.co.uk,proxy_shots,,,,,,,,
2025-12-13,Liverpool,Brighton,2,0,18.0,14.0,2.0,2.0,1.0,2.0,8.0,15.0,1.91,0.95,1.91,0.95,4.0,1.0,1.0,2.0,1.67,4.17,4.62,1.5,2.48,1.67,4.17,4.62,1.74,3.98,4.37,1.5,2.48,1.58,2.32,0.567552519244536,0.22729321514109713,0.20515426561436687,0.5448536414214826,0.23820234574708035,0.21694401283143702,-2.2698877823053354,1.0909130605983224,1.1789747217070157,C Pawson,football-data.co.uk,proxy_shots,,,,,,,,
2025-12-14,Brentford,Leeds,1,1,7.0,18.0,0.0,3.0,0.0,0.0,8.0,9.0,0.84,1.81,0.84,1.81,2.0,4.0,3.0,1.0,1.94,3.54,3.85,1.86,1.89,1.94,3.54,3.85,2.14,3.25,3.56,1.86,1.89,2.09,1.71,0.48734874274108203,0.2670781245530223,0.2455731327058958,0.442559116258788,0.29140815655194047,0.26603272718927146,-4.478962648229401,2.4330031998918145,2.0459594483375643,J Brooks,football-data.co.uk,proxy_shots,,,,,,,,
2025-12-14,Crystal Palace,Man City,0,3,16.0,7.0,2.0,2.0,2.0,0.0,9.0,6.0,1.6,1.77,1.6,1.77,4.0,6.0,3.0,4.0,3.98,3.81,1.83,1.66,2.16,3.98,3.81,1.83,4.01,3.73,1.85,1.66,2.16,1.69,2.13,0.23699587008616732,0.24757048896140316,0.5154336409524295,0.23570259903061522,0.2533960917192405,0.5109013092501442,-0.12932710555521032,0.5825602757837334,-0.4532331702285286,D England,football-data.co.uk,proxy_shots,,,,,,,,
2025-12-14,Nott'm Forest,Tottenham,3,0,15.0,6.0,3.0,3.0,1.0,3.0,9.0,13.0,2.21,0.51,2.21,0.51,6.0,1.0,1.0,3.0,2.55,3.28,2.76,1.95,1.8,2.55,3.28,2.76,2.62,3.31,2.7,1.95,1.8,1.92,1.85,0.3701849943569361,0.2877962608567643,0.3420187447862997,0.36206812730926297,0.2865916898943411,0.3513401827963959,-0.8116867047673115,-0.12045709624232126,0.9321438010096217,S Barrott,football-data.co.uk,proxy_shots,,,,,,,,
2025-12-14,Sunderland,Newcastle,1,0,5.0,6.0,3.0,6.0,5.0,4.0,10.0,10.0,0.56,0.69,0.56,0.69,1.0,2.0,2.0,0.0,3.26,3.33,2.22,1.91,1.84,3.26,3.33,2.22,3.41,3.35,2.16,1.91,1.84,1.89,1.87,0.29006968641114983,0.28397212543554007,0.42595818815331005,0.2780392774667532,0.28301908542138166,0.438941637111865,-1.203040894439661,-0.09530400141584128,1.2983448958554966,P Bankes,football-data.co.uk,proxy_shots,,,,,,,,
2025-12-14,West Ham,Aston Villa,2,3,10.0,7.0,5.0,3.0,1.0,2.0,18.0,13.0,1.29,1.41,1.29,1.41,3.0,4.0,1.0,1.0,3.63,3.51,2.0,1.78,1.97,3.63,3.51,2.0,3.31,3.42,2.18,1.78,1.97,1.75,2.04,0.25979505057121605,0.26867693264202686,0.4715280167867571,0.28684651964480834,0.2776204619954139,0.43553301835977776,2.7051469073592296,0.8943529353387047,-3.5994998426979343,A Taylor,football-data.co.uk,proxy_shots,,,,,,,,
2025-12-15,Man United,Bournemouth,4,4,25.0,14.0,5.0,4.0,2.0,3.0,15.0,12.0,3.4,2.79,3.4,2.79,9.0,9.0,5.0,5.0,1.82,3.98,3.84,1.55,2.36,1.82,3.98,3.84,1.76,4.18,4.1,1.55,2.36,1.47,2.64,0.5178007562102752,0.23678326037756306,0.24541598341216175,0.5404467878451505,0.22755654225058972,0.23199666990425974,2.264603163487533,-0.9226718126973343,-1.3419313507902015,S Hooper,football-data.co.uk,proxy_shots,,,,,,,,
2025-12-20,Bournemouth,Burnley,1,1,16.0,4.0,5.0,3.0,1.0,1.0,11.0,11.0,1.16,0.5,1.16,0.5,1.0,1.0,0.0,0.0,1.47,4.44,6.59,1.68,2.13,1.47,4.44,6.59,1.47,4.62,6.47,1.68,2.13,1.57,2.35,0.6434400543610922,0.21303082880873997,0.14352911683016775,0.6470882393053599,0.20589171250625088,0.14702004818838935,0.3648184944267663,-0.713911630248909,0.3490931358221594,C Kavanagh,football-data.co.uk,proxy_shots,,,,,,,,
2025-12-20,Brighton,Sunderland,0,0,16.0,14.0,3.0,4.0,2.0,2.0,11.0,15.0,1.6,1.85,1.6,1.85,4.0,6.0,6.0,4.0,1.65,3.95,5.16,1.8,1.96,1.65,3.95,5.16,1.83,3.65,4.27,1.8,1.96,1.83,1.94,0.575543225041298,0.2404167902071244,0.1840399847515778,0.5181504765767593,0.25978503346177245,0.22206448996146827,-5.739274846453868,1.9368243254648059,3.802450520989048,D England,football-data.co.uk,proxy_shots,,,,,,,,
2025-12-20,Everton,Arsenal,0,1,5.0,13.0,2.0,3.0,2.0,2.0,4.0,5.0,0.46,1.18,0.46,1.18,1.0,2.0,1.0,1.0,6.03,3.89,1.57,2.05,1.73,6.03,3.89,1.57,6.26,4.02,1.54,2.05,1.73,1.94,1.82,0.15647265898219626,0.2425527335893685,0.6009746074284353,0.15100838122371718,0.23515235484091287,0.6138392639353699,-0.5464277758479075,-0.7400378748455616,1.286465650693458,S Barrott,football-data.co.uk,proxy_shots,,,,,,,,
2025-12-20,Leeds,Crystal Palace,4,1,20.0,9.0,9.0,5.0,1.0,3.0,5.0,10.0,2.94,1.14,2.94,1.14,8.0,3.0,2.0,4.0,2.6,3.25,2.76,2.05,1.73,2.6,3.25,2.76,2.83,3.06,2.66,2.05,1.73,2.35,1.57,0.3646934460887949,0.29175475687103597,0.3435517970401692,0.3345884442105955,0.30943963958038734,0.355971916209017,-3.010500187819937,1.7684882709351368,1.2420119168847832,T Bramall,football-data.co.uk,proxy_shots,,,,,,,,
2025-12-20,Man City,West Ham,3,0,17.0,7.0,6.0,0.0,1.0,1.0,16.0,10.0,2.67,0.93,2.67,0.93,8.0,3.0,3.0,5.0,1.2,7.36,11.88,1.34,3.13,1.2,7.36,11.88,1.2,7.44,12.02,1.34,3.13,1.34,3.17,0.7911057065925476,0.12898462607487188,0.07990966733258056,0.7929434797412326,0.12789410963568268,0.0791624106230848,0.18377731486849402,-0.10905164391891986,-0.07472567094957694,P Tierney,football-data.co.uk,proxy_shots,,,,,,,,
2025-12-20,Newcastle,Chelsea,2,2,11.0,13.0,6.0,4.0,3.0,6.0,13.0,14.0,1.7,1.64,1.7,1.64,5.0,4.0,2.0,3.0,2.73,3.51,2.47,1.66,2.18,2.73,3.51,2.47,2.79,3.53,2.41,1.66,2.18,1.63,2.23,0.34685598377281945,0.2697768762677485,0.38336713995943206,0.3392078915785151,0.2680991551002995,0.39269295332118553,-0.7648092194304346,-0.16777211674489645,0.9325813361753477,A Madley,football-data.co.uk,proxy_shots,,,,,,,,
2025-12-20,Tottenham,Liverpool,1,2,15.0,8.0,2.0,6.0,7.0,3.0,9.0,7.0,1.65,1.36,1.65,1.36,4.0,4.0,2.0,3.0,3.36,3.71,2.02,1.63,2.2,3.36,3.71,2.02,3.54,3.59,2.02,1.63,2.2,1.76,2.02,0.280188432347553,0.25375556137136873,0.4660560062810782,0.2674835492342648,0.2637581516126177,0.4687582991531175,-1.2704883113288157,1.0002590241248943,0.27022928720393247,J Brooks,football-data.co.uk,proxy_shots,,,,,,,,
2025-12-20,Wolves,Brentford,0,2,9.0,7.0,3.0,4.0,2.0,4.0,12.0,15.0,0.85,1.67,0.85,1.67,2.0,6.0,4.0,2.0,3.59,3.48,2.05,1.93,1.83,3.59,3.48,2.05,3.42,3.37,2.15,1.93,1.83,1.96,1.81,0.264352440276136,0.2727084082158989,0.4629391515079651,0.2773513908719602,0.2814663966712474,0.4411822124567925,1.2998950595824177,0.8757988455348475,-2.1756939051172597,M Donohue,football-data.co.uk,proxy_shots,,,,,,,,
2025-12-21,Aston Villa,Man United,2,1,12.0,15.0,5.0,5.0,1.0,2.0,11.0,14.0,1.58,2.0,1.58,2.0,4.0,6.0,5.0,2.0,2.1,3.64,3.26,1.63,2.21,2.1,3.64,3.26,2.01,3.67,3.53,1.63,2.21,1.61,2.26,0.4502284075215128,0.2597471581854881,0.29002443429299907,0.47234669359866704,0.2586966904995424,0.26895661590179054,2.211828607715427,-0.10504676859456885,-2.1067818391208526,M Oliver,football-data.co.uk,proxy_shots,,,,,,,,
2025-12-22,Fulham,Nott'm Forest,1,0,11.0,12.0,1.0,5.0,5.0,4.0,5.0,9.0,0.88,1.02,0.88,1.02,1.0,2.0,2.0,0.0,2.42,3.27,2.93,1.99,1.76,2.42,3.27,2.93,2.55,3.33,2.75,1.99,1.76,1.88,1.88,0.3897116546200748,0.2884104599940614,0.32187788538586376,0.37132777811568646,0.284350100358859,0.34432212152545466,-1.838387650438833,-0.4060359635202404,2.24442361395909,A Taylor,football-data.co.uk,proxy_shots,,,,,,,,
2025-12-26,Man United,Newcastle,1,0,10.0,16.0,2.0,11.0,2.0,1.0,9.0,5.0,1.37,1.42,1.37,1.42,4.0,3.0,3.0,3.0,2.47,3.58,2.67,1.62,2.22,2.47,3.58,2.67,2.47,3.64,2.66,1.62,2.22,1.58,2.32,0.3824036549701753,0.26383715859674106,0.3537591864330836,0.3835616438356165,0.2602739726027397,0.35616438356164387,0.11579888654411619,-0.356318599400135,0.2405197128560299,A Taylor,football-data.co.uk,proxy_shots,,,,,,,,
2025-12-27,Arsenal,Brighton,2,1,24.0,8.0,7.0,2.0,2.0,3.0,7.0,13.0,2.6,1.08,2.6,1.08,6.0,3.0,2.0,4.0,1.41,4.73,7.34,1.64,2.2,1.41,4.73,7.34,1.32,5.45,8.87,1.64,2.2,1.53,2.45,0.6710529621991268,0.2000390436999511,0.12890799410092219,0.7188979223394241,0.1741183958693651,0.1069836817912108,4.784496014029727,-2.5920647830586008,-2.1924312309711382,J Brooks,football-data.co.uk,proxy_shots,,,,,,,,
2025-12-27,Brentford,Bournemouth,4,1,15.0,20.0,2.0,15.0,2.0,2.0,9.0,8.0,2.48,3.0,2.48,3.0,7.0,10.0,9.0,3.0,2.25,3.57,2.98,1.69,2.11,2.25,3.57,2.98,2.28,3.47,3.04,1.69,2.11,1.8,1.98,0.4192369985931644,0.2642249991133389,0.31653800229349666,0.41544447770128706,0.2729721640227477,0.3115833582759653,-0.37925208918773157,0.87471649094088,-0.49546440175313733,P Bankes,football-data.co.uk,proxy_shots,,,,,,,,
2025-12-27,Burnley,Everton,0,0,16.0,15.0,6.0,5.0,0.0,2.0,8.0,8.0,0.88,1.91,0.88,1.91,0.0,6.0,6.0,0.0,4.03,3.33,1.96,2.16,1.66,4.03,3.33,1.96,3.66,3.1,2.18,2.16,1.66,2.41,1.55,0.2343933490151012,0.2836652241834408,0.4819414268014581,0.2590979496066373,0.3059027405033202,0.4349993098900425,2.4704600591536092,2.223751631987941,-4.694211691141559,C Pawson,football-data.co.uk,proxy_shots,,,,,,,,
2025-12-27,Chelsea,Aston Villa,1,2,14.0,11.0,6.0,7.0,5.0,3.0,16.0,8.0,1.41,2.25,1.41,2.25,3.0,8.0,6.0,2.0,1.84,3.82,3.97,1.68,2.12,1.84,3.82,3.97,1.77,3.94,4.23,1.68,2.12,1.67,2.16,0.5140987830095937,0.2476287331773959,0.23827248381301067,0.5354241159632603,0.2405331688464393,0.22404271519030042,2.1325332953666676,-0.7095564330956594,-1.4229768622710248,S Attwell,football-data.co.uk,proxy_shots,,,,,,,,
2025-12-27,Liverpool,Wolves,2,1,14.0,9.0,6.0,4.0,0.0,1.0,5.0,13.0,1.69,1.31,1.69,1.31,4.0,4.0,3.0,2.0,1.24,6.31,11.25,1.46,2.62,1.24,6.31,11.25,1.24,6.43,11.22,1.46,2.62,1.45,2.7,0.7652656963688756,0.1503850179869106,0.08434928564421385,0.7672459816272574,0.147960344823919,0.08479367354882346,0.19802852583817865,-0.24246731629915808,0.044438790460961386,S Hooper,football-data.co.uk,proxy_shots,,,,,,,,
2025-12-27,Nott'm Forest,Man City,1,2,7.0,16.0,5.0,5.0,1.0,2.0,5.0,13.0,0.84,1.98,0.84,1.98,2.0,5.0,3.0,1.0,5.21,4.24,1.59,1.62,2.23,5.21,4.24,1.59,5.17,4.16,1.61,1.62,2.23,1.6,2.28,0.1816364415250607,0.22319006140225617,0.5951734970726832,0.18335272458491317,0.22786865050576946,0.5887786249093173,0.17162830598524692,0.4678589103513292,-0.6394872163365872,R Jones,football-data.co.uk,proxy_shots,,,,,,,,
2025-12-27,West Ham,Fulham,0,1,11.0,15.0,5.0,4.0,1.0,3.0,8.0,8.0,0.96,1.65,0.96,1.65,2.0,4.0,3.0,2.0,2.65,3.38,2.59,1.78,1.98,2.65,3.38,2.59,2.98,3.33,2.39,1.78,1.98,1.86,1.9,0.3562281533447,0.2792913036578269,0.36448054299747296,0.3182932535603876,0.2848390076906772,0.39686773874893516,-3.7934899784312357,0.554770403285032,3.2387195751462206,C Kavanagh,football-data.co.uk,proxy_shots,,,,,,,,
2025-12-28,Crystal Palace,Tottenham,0,1,15.0,8.0,3.0,2.0,3.0,2.0,7.0,5.0,1.19,1.26,1.19,1.26,2.0,4.0,3.0,2.0,2.25,3.33,3.19,1.96,1.8,2.25,3.33,3.19,2.23,3.38,3.22,1.96,1.8,1.86,1.91,0.4199907483186848,0.28377753264776007,0.29623171903355516,0.4251140553715393,0.28047465783388537,0.2944112867945753,0.5123307052854464,-0.3302874813874701,-0.18204322389798744,J Gillett,football-data.co.uk,proxy_shots,,,,,,,,
2025-12-28,Sunderland,Leeds,1,1,8.0,17.0,3.0,9.0,1.0,0.0,7.0,9.0,1.08,2.12,1.08,2.12,3.0,6.0,5.0,2.0,2.56,3.18,2.8,2.19,1.64,2.56,3.18,2.8,2.84,3.1,2.63,2.19,1.64,2.31,1.58,0.3677393775193286,0.2960417630344281,0.3362188594462433,0.3337809401380485,0.3057864096748573,0.3604326501870942,-3.3958437381280127,0.9744646640429233,2.421379074085089,T Harrington,football-data.co.uk,proxy_shots,,,,,,,,
2025-12-30,Arsenal,Aston Villa,4,1,22.0,11.0,3.0,3.0,2.0,3.0,18.0,9.0,2.87,1.25,2.87,1.25,7.0,3.0,2.0,3.0,1.43,4.68,7.02,1.67,2.17,1.43,4.68,7.02,1.37,5.03,7.76,1.67,2.17,1.66,2.17,0.6625766871165645,0.20245398773006135,0.13496932515337423,0.6901729463832615,0.1879795102475285,0.12184754336920986,2.7596259266697065,-1.447447748253286,-1.312178178416437,D England,football-data.co.uk,proxy_shots,,,,,,,,
2025-12-30,Burnley,Newcastle,1,3,15.0,20.0,3.0,4.0,2.0,1.0,9.0,3.0,1.65,3.02,1.65,3.02,4.0,9.0,6.0,3.0,5.5,4.11,1.59,1.77,2.0,5.5,4.11,1.59,5.71,4.12,1.56,1.77,2.0,1.77,2.01,0.17249352644457294,0.23083075314967177,0.5966757204057553,0.1653937210499228,0.2292228512609367,0.6053834276891404,-0.7099805394650133,-0.16079018887350804,0.8707707283385102,R Jones,football-data.co.uk,proxy_shots,,,,,,,,
2025-12-30,Chelsea,Bournemouth,2,2,17.0,17.0,12.0,3.0,1.0,1.0,5.0,12.0,1.68,2.22,1.68,2.22,3.0,6.0,4.0,1.0,1.51,4.56,5.81,1.49,2.58,1.51,4.56,5.81,1.56,4.45,5.25,1.49,2.58,1.45,2.7,0.6285208636302171,0.20812861931614643,0.16335051705363646,0.6069048825156841,0.21275766667965557,0.18033745080466043,-2.1615981114533,0.46290473635091367,1.6986933751023976,S Barrott,football-data.co.uk,proxy_shots,,,,,,,,
2025-12-30,Man United,Wolves,1,1,15.0,11.0,8.0,4.0,0.0,2.0,9.0,12.0,2.0,1.43,2.0,1.43,6.0,4.0,3.0,5.0,1.37,5.06,8.09,1.58,2.32,1.37,5.06,8.09,1.37,5.04,7.63,1.58,2.32,1.53,2.45,0.6943982195352404,0.18800900410341492,0.1175927763613448,0.6889995359512373,0.18728757227245935,0.12371289177630343,-0.5398683584003083,-0.07214318309555767,0.6120115414958632,T Bramall,football-data.co.uk,proxy_shots,,,,,,,,
2025-12-30,Nott'm Forest,Everton,0,2,21.0,11.0,9.0,2.0,1.0,0.0,11.0,9.0,2.24,1.34,2.24,1.34,6.0,3.0,1.0,6.0,2.12,3.21,3.7,2.28,1.6,2.12,3.21,3.7,1.9,3.37,4.29,2.28,1.6,2.21,1.65,0.44774600206588205,0.29570763999366667,0.25654635794045133,0.49833340801687614,0.28095948819942573,0.22070710378369807,5.058740595099409,-1.4748151794240938,-3.5839254156753264,M Oliver,football-data.co.uk,proxy_shots,,,,,,,,
2025-12-30,West Ham,Brighton,2,2,10.0,16.0,5.0,5.0,3.0,5.0,11.0,18.0,1.47,2.16,1.47,2.16,4.0,6.0,4.0,2.0,3.41,3.67,2.04,1.65,2.19,3.41,3.67,2.04,3.32,3.59,2.1,1.65,2.19,1.69,2.13,0.27772192937877205,0.2580468063165158,0.4642312643047121,0.2852461993658673,0.2637931425890472,0.4509606580450854,0.7524269987095267,0.5746336272531405,-1.3270606259626727,M Salisbury,football-data.co.uk,proxy_shots,,,,,,,,
2026-01-01,Brentford,Tottenham,0,0,7.0,9.0,3.0,1.0,1.0,2.0,8.0,10.0,0.74,1.04,0.74,1.04,2.0,3.0,3.0,2.0,2.11,3.49,3.35,1.87,1.88,2.11,3.49,3.35,2.4,3.4,2.91,1.87,1.88,1.91,1.86,0.4475403749057377,0.2705759859745291,0.2818836391197333,0.3951593577761802,0.27893601725377426,0.3259046249700455,-5.238101712955751,0.8360031279245173,4.402098585031222,A Madley,football-data.co.uk,proxy_shots,,,,,,,,
2026-01-01,Crystal Palace,Fulham,1,1,11.0,17.0,6.0,3.0,0.0,5.0,7.0,10.0,1.06,1.94,1.06,1.94,2.0,5.0,4.0,1.0,2.17,3.34,3.4,2.01,1.74,2.17,3.34,3.4,2.22,3.27,3.34,2.01,1.74,2.06,1.73,0.4370751833976091,0.28396800837509334,0.27895680822729757,0.426699484294421,0.28968588842006565,0.28361462728551345,-1.0375699103188085,0.5717880044972312,0.4657819058215884,T Harrington,football-data.co.uk,proxy_shots,,,,,,,,
2026-01-01,Liverpool,Leeds,0,0,19.0,4.0,8.0,3.0,0.0,2.0,10.0,8.0,1.76,0.58,1.76,0.58,4.0,2.0,2.0,4.0,1.53,4.41,5.83,1.59,2.29,1.53,4.41,5.83,1.47,4.45,6.68,1.59,2.29,1.69,2.13,0.6213594344752583,0.215573681348559,0.1630668841761827,0.6449961052008046,0.21306612913374892,0.14193776566544652,2.3636670725546316,-0.25075522148100826,-2.112911851073618,C Kavanagh,football-data.co.uk,proxy_shots,,,,,,,,
2026-01-01,Sunderland,Man City,0,0,10.0,14.0,3.0,5.0,1.0,1.0,9.0,6.0,1.27,1.49,1.27,1.49,4.0,4.0,4.0,4.0,7.81,4.82,1.39,1.62,2.22,7.81,4.82,1.39,7.23,4.7,1.42,1.62,2.22,1.63,2.24,0.12137340828515993,0.19666521135002052,0.6819613803648196,0.13106422421919184,0.2016158172563313,0.6673199585244769,0.9690815934031913,0.4950605906310773,-1.4641421840342672,J Gillett,football-data.co.uk,proxy_shots,,,,,,,,
2026-01-03,Aston Villa,Nott'm Forest,3,1,11.0,10.0,4.0,4.0,1.0,2.0,10.0,20.0,1.62,1.55,1.62,1.55,4.0,5.0,4.0,1.0,1.76,3.74,4.54,1.8,1.97,1.76,3.74,4.54,1.9,3.51,4.1,1.8,1.97,1.83,1.93,0.5381397294659044,0.25324222563101373,0.20861804490308183,0.49882149046793756,0.27001733102253034,0.23116117850953208,-3.9318238997966826,1.677510539151661,2.2543133606450243,S Hooper,football-data.co.uk,proxy_shots,,,,,,,,
2026-01-03,Bournemouth,Arsenal,2,3,15.0,12.0,7.0,5.0,3.0,1.0,13.0,8.0,1.56,1.86,1.56,1.86,3.0,5.0,2.0,1.0,6.13,4.57,1.48,1.62,2.22,6.13,4.57,1.48,5.95,4.43,1.51,1.62,2.22,1.61,2.27,0.1542436619300754,0.20689576534603116,0.6388605727238934,0.15914665626196994,0.21375228098391,0.62710106275412,0.49029943318945335,0.685651563787884,-1.1759509969773374,C Kavanagh,football-data.co.uk,proxy_shots,,,,,,,,
2026-01-03,Brighton,Burnley,2,0,15.0,5.0,4.0,4.0,0.0,4.0,7.0,17.0,1.74,0.82,1.74,0.82,4.0,3.0,3.0,2.0,1.49,4.35,6.56,1.7,2.1,1.49,4.35,6.56,1.45,4.51,7.0,1.7,2.1,1.67,2.16,0.6370794719580996,0.21821802602702722,0.14470250201487322,0.6541717174856765,0.21032128389229066,0.13550699862203297,1.7092245527576932,-0.7896742134736567,-0.9195503392840254,T Robinson,football-data.co.uk,proxy_shots,,,,,,,,
2026-01-03,Wolves,West Ham,3,0,11.0,6.0,6.0,7.0,1.0,0.0,11.0,10.0,2.34,0.33,2.34,0.33,8.0,0.0,0.0,5.0,2.48,3.37,2.82,1.91,1.85,2.48,3.37,2.82,2.63,3.36,2.66,1.91,1.85,1.86,1.91,0.38235980462369146,0.28138050904058,0.3362596863357286,0.3608206635392528,0.28242807890126037,0.3567512575594868,-2.153914108443866,0.10475698606803863,2.0491571223758163,P Bankes,football-data.co.uk,proxy_shots,,,,,,,,
2026-01-04,Everton,Brentford,2,4,14.0,11.0,4.0,5.0,0.0,2.0,9.0,8.0,2.05,2.27,2.05,2.27,6.0,7.0,3.0,4.0,2.36,3.19,3.1,2.19,1.64,2.36,3.19,3.1,2.46,3.16,3.01,2.19,1.64,2.15,1.68,0.39982372015169776,0.2957943509586228,0.3043819288896795,0.3852441089032718,0.29990522401963565,0.31485066707709264,-1.4579611248425939,0.41108730610128763,1.0468738187413118,A Taylor,football-data.co.uk,proxy_shots,,,,,,,,
2026-01-04,Fulham,Liverpool,2,2,8.0,10.0,3.0,8.0,1.0,1.0,11.0,4.0,1.0,1.11,1.0,1.11,2.0,2.0,0.0,0.0,3.74,3.68,1.92,1.77,2.0,3.74,3.68,1.92,4.07,3.61,1.88,1.77,2.0,1.87,1.89,0.2522563692448303,0.25636924483034385,0.4913743859248258,0.23297438133129195,0.26266086759511315,0.5043647510735949,-1.9281987913538357,0.62916227647693,1.2990365148769112,C Pawson,football-data.co.uk,proxy_shots,,,,,,,,
2026-01-04,Leeds,Man United,1,1,11.0,15.0,6.0,4.0,0.0,1.0,9.0,9.0,1.25,1.29,1.25,1.29,3.0,2.0,1.0,2.0,2.68,3.44,2.56,1.8,1.96,2.68,3.44,2.56,2.73,3.3,2.59,1.8,1.96,1.95,1.82,0.3538639578243538,0.2756847113282757,0.3704513308473704,0.3470623347829795,0.2871152042295558,0.36582246098746485,-0.6801623041374327,1.1430492901280065,-0.4628869859905571,J Gillett,football-data.co.uk,proxy_shots,,,,,,,,
2026-01-04,Man City,Chelsea,1,1,14.0,8.0,8.0,2.0,3.0,3.0,12.0,14.0,1.41,1.08,1.41,1.08,3.0,3.0,2.0,2.0,1.63,4.39,4.66,1.49,2.55,1.63,4.39,4.66,1.47,4.9,5.88,1.49,2.55,1.37,3.02,0.5810292284053179,0.2157352260365987,0.20323554555808332,0.6451612903225806,0.19354838709677416,0.16129032258064516,6.413206191726273,-2.218683893982454,-4.194522297743816,M Oliver,football-data.co.uk,proxy_shots,,,,,,,,
2026-01-04,Newcastle,Crystal Palace,2,0,12.0,11.0,8.0,6.0,1.0,3.0,5.0,12.0,2.12,0.78,2.12,0.78,7.0,1.0,1.0,5.0,1.67,3.92,4.89,1.75,2.02,1.67,3.92,4.89,1.68,3.93,4.9,1.75,2.02,1.71,2.09,0.5657600755574577,0.2410253383114679,0.19321458613107448,0.5648638659603302,0.24146852285327092,0.1936676111863989,-0.08962095971274397,0.04431845418030045,0.04530250553244353,J Brooks,football-data.co.uk,proxy_shots,,,,,,,,
2026-01-04,Tottenham,Sunderland,1,1,13.0,10.0,3.0,5.0,2.0,3.0,10.0,6.0,1.71,1.19,1.71,1.19,5.0,3.0,2.0,4.0,1.8,3.65,4.37,2.0,1.77,1.8,3.65,4.37,1.97,3.39,3.95,2.0,1.77,2.09,1.72,0.524920606190249,0.25886495647738306,0.216214437332368,0.48080272025795057,0.2794045306513754,0.23979274909067405,-4.411788593229849,2.0539574173992325,2.3578311758306048,S Attwell,football-data.co.uk,proxy_shots,,,,,,,,
2026-01-06,West Ham,Nott'm Forest,1,2,14.0,13.0,6.0,5.0,3.0,0.0,15.0,9.0,1.41,1.81,1.41,1.81,3.0,5.0,3.0,2.0,3.1,3.33,2.3,1.91,1.86,3.1,3.33,2.3,2.92,3.39,2.39,1.91,1.86,1.83,1.93,0.30499362854412226,0.2839280025485823,0.41107836890729527,0.3243473700644924,0.2793788556307722,0.3962737743047354,1.9353741520370116,-0.45491469178101096,-1.480459460255984,T Harrington,football-data.co.uk,proxy_shots,,,,,,,,
2026-01-07,Bournemouth,Tottenham,3,2,11.0,16.0,3.0,7.0,3.0,3.0,19.0,10.0,1.45,1.8,1.45,1.8,3.0,4.0,2.0,0.0,2.11,3.62,3.27,1.69,2.11,2.11,3.62,3.27,2.17,3.51,3.21,1.69,2.11,1.72,2.07,0.4488062695021478,0.261597024488821,0.28959670600903115,0.4358730342946672,0.26947136308245806,0.2946556026228747,-1.2933235207480576,0.7874338593637065,0.5058896613843566,D England,football-data.co.uk,proxy_shots,,,,,,,,
2026-01-07,Brentford,Sunderland,3,0,18.0,11.0,7.0,4.0,2.0,1.0,13.0,13.0,2.37,1.15,2.37,1.15,6.0,3.0,3.0,3.0,1.83,3.56,4.36,1.98,1.79,1.83,3.56,4.36,2.01,3.22,4.07,1.98,1.79,2.31,1.59,0.5171246568405341,0.2658253151736454,0.21705002798582052,0.47212545436860326,0.2947118519505877,0.23316269368080894,-4.499920247193084,2.8886536776942306,1.6112665694988426,M Donohue,football-data.co.uk,proxy_shots,,,,,,,,
2026-01-07,Burnley,Man United,2,2,7.0,30.0,2.0,6.0,2.0,0.0,9.0,8.0,0.76,3.65,0.76,3.65,1.0,10.0,8.0,0.0,4.68,3.95,1.7,1.71,2.08,4.68,3.95,1.7,4.8,3.76,1.72,1.71,2.08,1.81,1.96,0.2025213378773713,0.23994933196610063,0.5575293301565281,0.19734400937408456,0.2519285226052143,0.550727468020701,-0.5177328503286754,1.197919063911368,-0.6801862135827008,S Attwell,football-data.co.uk,proxy_shots,,,,,,,,
2026-01-07,Crystal Palace,Aston Villa,0,0,11.0,15.0,3.0,5.0,2.0,0.0,8.0,3.0,1.5,1.36,1.5,1.36,5.0,3.0,3.0,5.0,3.08,3.36,2.31,1.9,1.86,3.08,3.36,2.31,2.99,3.33,2.38,1.9,1.86,1.84,1.93,0.30769230769230765,0.28205128205128205,0.41025641025641024,0.3170375585539817,0.28466735738030186,0.3982950840657165,0.9345250861674037,0.2616075329019807,-1.1961326190693733,A Madley,football-data.co.uk,proxy_shots,,,,,,,,
2026-01-07,Everton,Wolves,1,1,13.0,13.0,2.0,7.0,5.0,3.0,13.0,15.0,1.18,1.54,1.18,1.54,2.0,4.0,3.0,1.0,1.76,3.55,4.85,2.05,1.73,1.76,3.55,4.85,1.84,3.46,4.51,2.05,1.73,2.01,1.77,0.538021655234911,0.26673749667984314,0.19524084808524603,0.5155239284558003,0.27415145328285334,0.21032461826134646,-2.249772677911066,0.7413956603010197,1.5083770176100435,T Kirk,football-data.co.uk,proxy_shots,,,,,,,,
2026-01-07,Fulham,Chelsea,2,1,16.0,14.0,2.0,11.0,3.0,5.0,11.0,6.0,1.98,1.95,1.98,1.95,5.0,6.0,5.0,3.0,3.38,3.59,2.07,1.77,2.0,3.38,3.59,2.07,3.61,3.56,2.01,1.77,2.0,1.84,1.93,0.27977080125441894,0.26340537833981503,0.4568238204057662,0.262462724615142,0.2661489988372648,0.47138827654759335,-1.730807663927697,0.274362049744975,1.4564456141827165,P Bankes,football-data.co.uk,proxy_shots,,,,,,,,
2026-01-07,Man City,Brighton,1,1,22.0,6.0,6.0,2.0,1.0,6.0,6.0,16.0,2.39,0.97,2.39,0.97,6.0,3.0,2.0,5.0,1.37,5.23,7.27,1.42,2.76,1.37,5.23,7.27,1.5,4.62,5.79,1.42,2.76,1.43,2.75,0.6894668985313824,0.18060605181414796,0.1299270496544696,0.6314157036029912,0.20500509857239976,0.1635791978246091,-5.805119492839128,2.43990467582518,3.3652148170139506,T Bramall,football-data.co.uk,proxy_shots,,,,,,,,
2026-01-07,Newcastle,Leeds,4,3,18.0,14.0,8.0,4.0,3.0,2.0,11.0,10.0,2.83,2.15,2.83,2.15,8.0,6.0,3.0,4.0,1.67,3.87,5.02,1.79,1.98,1.67,3.87,5.02,1.61,3.94,5.56,1.79,1.98,1.78,1.99,0.5668311270741123,0.24460154579167115,0.18856732713421664,0.588859559048853,0.2406253528093029,0.17051508814184416,2.202843197474069,-0.39761929823682596,-1.805223899237249,M Salisbury,football-data.co.uk,proxy_shots,,,,,,,,
2026-01-08,Arsenal,Liverpool,0,0,9.0,8.0,3.0,0.0,2.0,2.0,10.0,9.0,1.21,0.44,1.21,0.44,4.0,0.0,0.0,4.0,1.6,4.11,5.25,1.71,2.07,1.6,4.11,5.25,1.57,4.16,5.65,1.71,2.07,1.77,2.01,0.5902991505601379,0.2298001559358201,0.17990069350404203,0.6041274157771226,0.22800001028126984,0.16787257394160754,1.3828265216984659,-0.18001456545502503,-1.2028119562434492,A Taylor,football-data.co.uk,proxy_shots,,,,,,,,
2026-01-17,Chelsea,Brentford,2,0,6.0,15.0,3.0,9.0,3.0,2.0,7.0,10.0,0.89,1.72,0.89,1.72,2.0,5.0,5.0,0.0,1.69,3.97,4.75,1.63,2.21,1.69,3.97,4.75,1.86,3.78,3.93,1.63,2.21,1.61,2.27,0.5613303447311002,0.23895422735404517,0.19971542791485458,0.5088162762022194,0.25036991368680644,0.24081381011097408,-5.251406852888085,1.141568633276127,4.10983821961195,J Brooks,football-data.co.uk,proxy_shots,,,,,,,,
2026-01-17,Leeds,Fulham,1,0,14.0,8.0,7.0,3.0,1.0,5.0,6.0,11.0,1.77,0.62,1.77,0.62,5.0,1.0,1.0,4.0,2.17,3.33,3.41,2.05,1.74,2.17,3.33,3.41,2.31,3.34,3.1,2.05,1.74,1.91,1.86,0.4370600167044506,0.2848108817563537,0.2781291015391958,0.4103779567505866,0.2838242754772021,0.3057977677722113,-2.668205995386402,-0.09866062791515917,2.76686662330155,C Kavanagh,football-data.co.uk,proxy_shots,,,,,,,,
2026-01-17,Liverpool,Burnley,1,1,32.0,7.0,9.0,1.0,1.0,2.0,8.0,10.0,3.84,0.66,3.84,0.66,11.0,1.0,0.0,10.0,1.22,6.4,12.44,1.54,2.39,1.22,6.4,12.44,1.23,6.38,11.91,1.54,2.39,1.53,2.44,0.7759783549446008,0.1479208739113145,0.07610077114408464,0.7715665219709085,0.14875028558373316,0.0796831924453583,-0.4411832973692298,0.08294116724186507,0.3582421301273661,A Madley,football-data.co.uk,proxy_shots,,,,,,,,
2026-01-17,Man United,Man City,2,0,11.0,7.0,1.0,6.0,2.0,3.0,13.0,8.0,2.06,0.56,2.06,0.56,7.0,1.0,1.0,5.0,3.55,3.87,1.94,1.48,2.56,3.55,3.87,1.94,3.01,3.63,2.23,1.48,2.56,1.5,2.54,0.26686524510100135,0.24479886824510455,0.48833588665389427,0.3145666155011949,0.2608389842034702,0.42459440029533485,4.770137040019357,1.604011595836563,-6.374148635855942,A Taylor,football-data.co.uk,proxy_shots,,,,,,,,
2026-01-17,Nott'm Forest,Arsenal,0,0,6.0,15.0,4.0,9.0,1.0,1.0,8.0,14.0,0.33,1.36,0.33,1.36,0.0,3.0,3.0,0.0,6.1,4.16,1.54,1.86,1.89,6.1,4.16,1.54,5.79,3.87,1.6,1.86,1.89,1.99,1.78,0.15558426671588582,0.22814039109781328,0.6162753421863009,0.16353566646330353,0.2446696405226169,0.5917946930140796,0.7951399747417709,1.6529249424803605,-2.448064917222126,M Oliver,football-data.co.uk,proxy_shots,,,,,,,,
2026-01-17,Sunderland,Crystal Palace,2,1,13.0,6.0,3.0,4.0,3.0,3.0,8.0,15.0,2.18,0.79,2.18,0.79,7.0,2.0,1.0,5.0,2.69,3.15,2.74,2.2,1.64,2.69,3.15,2.74,2.38,3.13,3.15,2.2,1.64,2.23,1.63,0.35264411585652355,0.3011468798901741,0.3462090042533023,0.3974659254451562,0.3022264864407258,0.300307588114118,4.482180958863263,0.1079606550551726,-4.59014161391843,R Jones,football-data.co.uk,proxy_shots,,,,,,,,
2026-01-17,Tottenham,West Ham,1,2,21.0,17.0,11.0,5.0,5.0,3.0,12.0,17.0,2.34,1.85,2.34,1.85,6.0,4.0,2.0,5.0,1.71,3.91,4.63,1.71,2.08,1.71,3.91,4.63,1.84,3.72,4.13,1.71,2.08,1.71,2.09,0.5535043278594295,0.2420696676827684,0.20442600445780224,0.5154255961566848,0.2549416927226613,0.22963271112065378,-3.8078731702744673,1.2872025039892905,2.5206706662851546,J Gillett,football-data.co.uk,proxy_shots,,,,,,,,
2026-01-18,Aston Villa,Everton,0,1,18.0,9.0,6.0,4.0,1.0,2.0,15.0,13.0,1.89,1.14,1.89,1.14,5.0,3.0,2.0,5.0,1.66,3.87,5.09,1.88,1.87,1.66,3.87,5.09,1.6,3.94,5.77,1.88,1.87,1.81,1.95,0.5697777674932532,0.24440079949323001,0.18582143301351675,0.5940402092511589,0.24123460274158737,0.16472518800725378,2.4262441757905706,-0.3166196751642647,-2.1096245006262975,T Harrington,football-data.co.uk,proxy_shots,,,,,,,,
2026-01-18,Wolves,Newcastle,0,0,6.0,12.0,4.0,7.0,2.0,2.0,14.0,8.0,0.69,1.02,0.69,1.02,2.0,2.0,2.0,2.0,4.6,3.98,1.7,1.66,2.16,4.6,3.98,1.7,4.5,3.98,1.72,1.66,2.16,1.6,2.27,0.20569100747856756,0.23773332522648505,0.5565756672949475,0.21066236659732393,0.23818609288642154,0.5511515405162546,0.49713591187563744,0.045276765993648715,-0.5424126778692862,S Barrott,football-data.co.uk,proxy_shots,,,,,,,,
2026-01-19,Brighton,Bournemouth,1,1,17.0,11.0,11.0,6.0,2.0,3.0,7.0,6.0,1.94,1.06,1.94,1.06,5.0,2.0,1.0,4.0,1.85,3.92,3.75,1.5,2.53,1.85,3.92,3.75,1.96,3.79,3.55,1.5,2.53,1.51,2.51,0.5088353900205956,0.2401391509025771,0.2510254590768272,0.4832638312698224,0.24992008160655724,0.26681608712362026,-2.5571558750773216,0.9780930703980145,1.5790628046793043,P Tierney,football-data.co.uk,proxy_shots,,,,,,,,
2026-01-24,Bournemouth,Liverpool,3,2,12.0,14.0,3.0,11.0,1.0,1.0,7.0,7.0,1.86,1.69,1.86,1.69,5.0,4.0,2.0,2.0,3.73,3.87,1.89,1.57,2.32,3.73,3.87,1.89,4.21,3.98,1.77,1.57,2.32,1.53,2.44,0.25397668677146157,0.2447888996531141,0.5012344135754242,0.22541205231008477,0.23843837694106954,0.5361495707488457,-2.8564634461376803,-0.635052271204456,3.491515717342153,M Salisbury,football-data.co.uk,proxy_shots,,,,,,,,
2026-01-24,Burnley,Tottenham,2,2,9.0,18.0,1.0,3.0,1.0,0.0,8.0,9.0,1.41,3.17,1.41,3.17,4.0,11.0,9.0,2.0,3.64,3.39,2.05,1.99,1.77,3.64,3.39,2.05,3.85,3.33,2.01,1.99,1.77,2.1,1.71,0.25978370982875465,0.27894180052409057,0.46127448964715473,0.2456049581136271,0.28395768430554486,0.4704373575808281,-1.4178751715127558,0.5015883781454289,0.916286793367338,P Bankes,football-data.co.uk,proxy_shots,,,,,,,,
2026-01-24,Fulham,Brighton,2,1,12.0,13.0,6.0,6.0,1.0,1.0,10.0,6.0,1.58,1.71,1.58,1.71,4.0,5.0,4.0,2.0,2.54,3.42,2.71,1.76,2.01,2.54,3.42,2.71,2.57,3.28,2.76,1.76,2.01,1.84,1.93,0.37313997681010047,0.2771273511981448,0.34973267199175473,0.3683653705301193,0.28862774459219714,0.3430068848776836,-0.4774606279981164,1.1500393394052344,-0.6725787114071125,M Oliver,football-data.co.uk,proxy_shots,,,,,,,,
2026-01-24,Man City,Wolves,2,0,11.0,11.0,4.0,6.0,1.0,3.0,16.0,14.0,1.52,0.78,1.52,0.78,4.0,1.0,1.0,2.0,1.21,6.68,12.0,1.39,2.87,1.21,6.68,12.0,1.3,5.63,9.5,1.39,2.87,1.54,2.43,0.780048811437602,0.1412962667424399,0.07865492181995819,0.7311288514640348,0.16882193728299208,0.1000492112529732,-4.891995997356712,2.752567054055219,2.139428943301501,F Hallam,football-data.co.uk,proxy_shots,,,,,,,,
2026-01-24,West Ham,Sunderland,3,1,13.0,7.0,3.0,3.0,2.0,4.0,9.0,16.0,1.91,0.84,1.91,0.84,5.0,2.0,1.0,2.0,2.51,3.24,2.85,2.08,1.71,2.51,3.24,2.85,2.21,3.32,3.28,2.08,1.71,2.02,1.76,0.37659207419279855,0.2917426253777544,0.33166530042944714,0.42745215029282924,0.2845389313696243,0.2880089183375465,5.086007610003068,-0.720369400813009,-4.365638209190065,T Bramall,football-data.co.uk,proxy_shots,,,,,,,,
2026-01-25,Arsenal,Man United,2,3,15.0,10.0,9.0,2.0,2.0,0.0,11.0,9.0,1.74,1.39,1.74,1.39,4.0,3.0,0.0,2.0,1.55,4.08,5.89,1.69,2.1,1.55,4.08,5.89,1.54,4.32,5.69,1.69,2.1,1.66,2.18,0.6086205542906493,0.23121614194865353,0.1601633037606972,0.6145783849465699,0.21908581315224945,0.1663358019011806,0.5957830655920593,-1.2130328796404077,0.6172498140483401,C Pawson,football-data.co.uk,proxy_shots,,,,,,,,
2026-01-25,Brentford,Nott'm Forest,0,2,10.0,7.0,6.0,5.0,1.0,0.0,11.0,10.0,0.73,0.95,0.73,0.95,1.0,2.0,0.0,1.0,1.9,3.49,4.02,1.92,1.85,1.9,3.49,4.02,1.84,3.5,4.38,1.92,1.85,1.93,1.85,0.4957736723818678,0.2699054376864037,0.2343208899317286,0.5139259517519745,0.27017821463532377,0.21589583361270168,1.8152279370106716,0.027277694892008375,-1.8425056319026911,S Barrott,football-data.co.uk,proxy_shots,,,,,,,,
2026-01-25,Crystal Palace,Chelsea,1,3,13.0,10.0,4.0,5.0,4.0,2.0,11.0,10.0,2.08,1.93,2.08,1.93,7.0,6.0,3.0,6.0,3.5,3.66,2.0,1.74,2.04,3.5,3.66,2.0,3.39,3.48,2.11,1.74,2.04,1.78,2.0,0.2698120162182086,0.25801695539992625,0.4721710283818651,0.27926930844448505,0.2720468263295414,0.4486838652259736,0.9457292226276448,1.4029870929615162,-2.34871631558915,D England,football-data.co.uk,proxy_shots,,,,,,,,
2026-01-25,Newcastle,Aston Villa,0,2,15.0,14.0,6.0,5.0,1.0,2.0,7.0,12.0,1.54,2.41,1.54,2.41,4.0,8.0,6.0,4.0,1.98,3.66,3.54,1.64,2.19,1.98,3.66,3.54,2.15,3.53,3.26,1.64,2.19,1.64,2.22,0.4761211800502712,0.25757375314194997,0.2663050668077788,0.4408054760728253,0.26847925596503525,0.2907152679621394,-3.531570397744593,1.0905502823085278,2.44102011543606,J Gillett,football-data.co.uk,proxy_shots,,,,,,,,
2026-01-26,Everton,Leeds,1,1,10.0,14.0,4.0,4.0,0.0,3.0,9.0,13.0,1.19,1.59,1.19,1.59,3.0,4.0,3.0,2.0,2.48,3.15,2.92,2.19,1.64,2.48,3.15,2.92,2.49,3.07,3.03,2.19,1.64,2.24,1.63,0.3792739448118887,0.29860297877253456,0.32212307641557664,0.3798155248233031,0.30805884586645765,0.31212562931023924,0.05415800114144109,0.9455867093923098,-0.9997447105337398,S Hooper,football-data.co.uk,proxy_shots,,,,,,,,
2026-01-31,Brighton,Everton,1,1,11.0,7.0,5.0,2.0,1.0,2.0,13.0,14.0,1.06,1.21,1.06,1.21,2.0,4.0,3.0,1.0,1.86,3.6,4.13,1.83,1.93,1.86,3.6,4.13,1.91,3.47,4.08,1.83,1.93,1.98,1.8,0.5083806905606959,0.2626633567896929,0.22895595264961124,0.49540032402434026,0.2726843282093631,0.23191534776629655,-1.2980366536355648,1.0020971419670233,0.2959395116685304,C Kavanagh,football-data.co.uk,proxy_shots,,,,,,,,
2026-01-31,Chelsea,West Ham,3,2,14.0,11.0,9.0,3.0,3.0,4.0,11.0,13.0,2.15,1.89,2.15,1.89,6.0,6.0,4.0,3.0,1.49,4.53,6.05,1.53,2.43,1.49,4.53,6.05,1.59,4.34,5.11,1.53,2.43,1.51,2.49,0.6348402967753592,0.20881060534112256,0.15634909788351822,0.5961201949310403,0.21839426496321523,0.18548554010574445,-3.8720101844318955,0.9583659622092677,2.913644222222622,A Taylor,football-data.co.uk,proxy_shots,,,,,,,,
2026-01-31,Leeds,Arsenal,0,4,3.0,14.0,4.0,12.0,1.0,1.0,10.0,7.0,0.34,2.61,0.34,2.61,1.0,8.0,4.0,1.0,6.16,4.1,1.54,1.92,1.85,6.16,4.1,1.54,5.87,3.99,1.57,1.92,1.85,1.87,1.89,0.15378844711177797,0.2310577644411103,0.6151537884471119,0.1610297803426603,0.2369034613061193,0.6020667583512204,0.724133323088233,0.5845696865008992,-1.3087030095891516,S Attwell,football-data.co.uk,proxy_shots,,,,,,,,
2026-01-31,Liverpool,Newcastle,4,1,17.0,8.0,7.0,11.0,1.0,3.0,11.0,7.0,2.6,0.9,2.6,0.9,7.0,2.0,1.0,3.0,1.77,3.99,4.12,1.61,2.24,1.77,3.99,4.12,1.64,4.22,4.78,1.61,2.24,1.45,2.68,0.5338399337522529,0.2368162112134054,0.22934385503434165,0.5774599503028776,0.22441571528358276,0.19812433441353958,4.362001655062464,-1.2400495929822646,-3.121952062080208,S Hooper,football-data.co.uk,proxy_shots,,,,,,,,
2026-01-31,Wolves,Bournemouth,0,2,17.0,9.0,5.0,6.0,3.0,3.0,11.0,15.0,2.2,1.41,2.2,1.41,7.0,4.0,2.0,7.0,2.95,3.5,2.31,1.73,2.06,2.95,3.5,2.31,2.94,3.41,2.37,1.73,2.06,1.79,1.98,0.32052171499930626,0.2701540169279867,0.40932426807270716,0.3223023820633383,0.2778794730985966,0.39981814483806516,0.17806670640320155,0.7725456170609935,-0.9506123234642005,M Oliver,football-data.co.uk,proxy_shots,,,,,,,,
2026-02-01,Aston Villa,Brentford,0,1,27.0,6.0,12.0,1.0,0.0,3.0,8.0,8.0,2.38,0.79,2.38,0.79,5.0,2.0,1.0,5.0,2.08,3.47,3.46,1.78,1.98,2.08,3.47,3.46,2.3,3.32,3.13,1.78,1.98,1.85,1.92,0.45442571326919146,0.27239351112389576,0.27318077560691284,0.4119302640863216,0.2853733757224517,0.3026963601912267,-4.249544918286984,1.2979864598555935,2.9515584584313856,T Robinson,football-data.co.uk,proxy_shots,,,,,,,,
2026-02-01,Man United,Fulham,3,2,13.0,14.0,3.0,7.0,2.0,1.0,6.0,9.0,2.09,2.05,2.09,2.05,6.0,6.0,4.0,3.0,1.58,4.32,5.2,1.65,2.17,1.58,4.32,5.2,1.52,4.63,5.47,1.65,2.17,1.47,2.62,0.5989505567168636,0.21906062028070472,0.18198882300243163,0.6225979089485498,0.20439499386647852,0.1730070971849718,2.3647352231686236,-1.4665626414226196,-0.8981725817459846,J Brooks,football-data.co.uk,proxy_shots,,,,,,,,
2026-02-01,Nott'm Forest,Crystal Palace,1,1,9.0,14.0,5.0,7.0,1.0,3.0,4.0,12.0,0.78,1.41,0.78,1.41,1.0,3.0,2.0,0.0,1.95,3.48,3.88,1.97,1.78,1.95,3.48,3.88,2.09,3.22,3.73,1.97,1.78,2.16,1.68,0.48474926762019643,0.271626744787179,0.2436239875926245,0.45261360938495115,0.29377715640203345,0.2536092342130155,-3.2135658235245277,2.2150411614854426,0.998524662039102,M Salisbury,football-data.co.uk,proxy_shots,,,,,,,,
2026-02-01,Tottenham,Man City,2,2,12.0,15.0,3.0,4.0,3.0,3.0,15.0,12.0,1.94,1.56,1.94,1.56,6.0,3.0,1.0,4.0,4.41,4.06,1.71,1.61,2.26,4.41,4.06,1.71,4.98,4.01,1.65,1.61,2.26,1.61,2.27,0.2143551838163781,0.2328340789729625,0.5528107372106593,0.19011128255079257,0.23609830102317886,0.5737904164260286,-2.4243901265585537,0.326422205021637,2.097967921536925,R Jones,football-data.co.uk,proxy_shots,,,,,,,,
2026-02-02,Sunderland,Burnley,3,0,14.0,5.0,1.0,2.0,1.0,4.0,12.0,10.0,1.97,0.28,1.97,0.28,5.0,0.0,0.0,2.0,1.8,3.42,4.73,2.21,1.63,1.8,3.42,4.73,1.91,3.23,4.46,2.21,1.63,2.42,1.54,0.5244208437882943,0.2760109704148917,0.19956818579681387,0.4951518713673406,0.29279878461660086,0.21204934401605843,-2.926897242095372,1.6787814201709161,1.248115821924456,P Tierney,football-data.co.uk,proxy_shots,,,,,,,,
2026-02-06,Leeds,Nott'm Forest,3,1,14.0,16.0,5.0,10.0,1.0,1.0,9.0,12.0,1.97,2.06,1.97,2.06,5.0,6.0,5.0,2.0,2.21,3.26,3.37,2.08,1.72,2.21,3.26,3.37,2.14,3.37,3.4,2.08,1.72,1.91,1.86,0.428504007644753,0.29048891315794606,0.2810070791973009,0.44161290073923337,0.28043074408960217,0.2779563551711645,1.3108893094480378,-1.0058169068343892,-0.30507240261363755,P Bankes,football-data.co.uk,proxy_shots,,,,,,,,
2026-02-07,Arsenal,Sunderland,3,0,16.0,5.0,5.0,2.0,1.0,2.0,11.0,8.0,2.08,0.82,2.08,0.82,5.0,3.0,3.0,2.0,1.21,6.23,14.08,1.69,2.11,1.21,6.23,14.08,1.26,5.65,12.04,1.69,2.11,1.79,1.98,0.7811529607679875,0.1517167066660136,0.06713033256599893,0.7532048797879431,0.16797135372262095,0.07882376648943593,-2.794808098004431,1.625464705660734,1.1693433923436998,S Barrott,football-data.co.uk,proxy_shots,,,,,,,,
2026-02-07,Bournemouth,Aston Villa,1,1,20.0,7.0,11.0,4.0,1.0,1.0,4.0,11.0,2.82,1.21,2.82,1.21,9.0,4.0,3.0,8.0,2.68,3.6,2.46,1.66,2.16,2.68,3.6,2.46,2.84,3.58,2.35,1.66,2.16,1.63,2.23,0.3528736731376111,0.26269484555799943,0.38443148130438937,0.33313270663889577,0.26427287342303457,0.4025944199380697,-1.9740966498715318,0.15780278650351365,1.8162938633680348,A Taylor,football-data.co.uk,proxy_shots,,,,,,,,
2026-02-07,Burnley,West Ham,0,2,18.0,6.0,5.0,2.0,3.0,1.0,11.0,10.0,1.89,1.25,1.89,1.25,5.0,4.0,2.0,5.0,3.28,3.5,2.14,1.86,1.89,3.28,3.5,2.14,3.11,3.58,2.19,1.86,1.89,1.7,2.12,0.288196635525526,0.27008141843535005,0.44172194603912396,0.3040616795101009,0.2641429673956463,0.4317953530942529,1.586504398457489,-0.5938451039703752,-0.9926592944871082,D England,football-data.co.uk,proxy_shots,,,,,,,,
2026-02-07,Fulham,Everton,1,2,13.0,16.0,6.0,6.0,1.0,5.0,11.0,12.0,1.35,1.62,1.35,1.62,3.0,3.0,1.0,2.0,2.1,3.27,3.64,2.18,1.65,2.1,3.27,3.64,2.13,3.41,3.4,2.18,1.65,1.89,1.87,0.45062808077595806,0.28939418031483544,0.25997773890920656,0.4442264735069523,0.277478706325457,0.2782948201675907,-0.6401607269005738,-1.1915473989378422,1.831708125838416,S Attwell,football-data.co.uk,proxy_shots,,,,,,,,
2026-02-07,Man United,Tottenham,2,0,23.0,7.0,7.0,0.0,1.0,4.0,12.0,11.0,3.26,0.56,3.26,0.56,10.0,1.0,1.0,8.0,1.57,4.54,4.97,1.46,2.65,1.57,4.54,4.97,1.59,4.38,4.95,1.46,2.65,1.47,2.64,0.601789595807385,0.2081078558188534,0.1901025483737615,0.5937446084834742,0.21553742636728862,0.1907179651492372,-0.804498732391079,0.742957054843521,0.06154167754756912,M Oliver,football-data.co.uk,proxy_shots,,,,,,,,
2026-02-07,Newcastle,Brentford,2,3,16.0,11.0,9.0,3.0,2.0,2.0,14.0,18.0,1.8,1.8,1.8,1.8,4.0,5.0,2.0,2.0,2.05,3.53,3.51,1.67,2.14,2.05,3.53,3.51,1.92,3.7,3.77,1.67,2.14,1.64,2.22,0.46194025120888216,0.2682655849796624,0.2697941638114554,0.4930473571474017,0.2558516015467598,0.25110104130583855,3.110710593851956,-1.241398343290262,-1.8693122505616833,A Madley,football-data.co.uk,proxy_shots,,,,,,,,
2026-02-07,Wolves,Chelsea,1,3,11.0,15.0,3.0,4.0,1.0,1.0,9.0,10.0,1.25,2.21,1.25,2.21,3.0,6.0,3.0,2.0,4.9,4.05,1.65,1.68,2.12,4.9,4.05,1.65,5.31,4.19,1.58,1.68,2.12,1.62,2.25,0.19306608884073673,0.2335861321776815,0.5733477789815818,0.17768103728236745,0.22517572982562553,0.5971432328920069,-1.5385051558369278,-0.8410402352055979,2.3795453910425035,J Gillett,football-data.co.uk,proxy_shots,,,,,,,,
2026-02-08,Brighton,Crystal Palace,0,1,7.0,7.0,3.0,4.0,1.0,3.0,12.0,9.0,0.74,1.21,0.74,1.21,2.0,4.0,3.0,2.0,1.96,3.57,3.68,1.79,1.96,1.96,3.57,3.68,2.19,3.27,3.39,1.79,1.96,1.91,1.85,0.48039316064298154,0.263745264666735,0.25586157469028364,0.4318269466746135,0.2892052028187778,0.2789678505066087,-4.856621396836802,2.545993815204284,2.3106275816325073,T Bramall,football-data.co.uk,proxy_shots,,,,,,,,
2026-02-08,Liverpool,Man City,1,2,15.0,17.0,5.0,4.0,4.0,4.0,13.0,16.0,1.65,2.4,1.65,2.4,4.0,7.0,5.0,3.0,2.34,3.68,2.76,1.56,2.36,2.34,3.68,2.76,2.15,3.84,3.01,1.56,2.36,1.45,2.66,0.40262582056892776,0.2560175054704595,0.3413566739606127,0.4397186324227057,0.24619663013250453,0.3140847374447898,3.709281185377794,-0.9820875337954948,-2.7271936515822883,C Pawson,football-data.co.uk,proxy_shots,,,,,,,,
2026-02-10,Chelsea,Leeds,2,2,19.0,4.0,4.0,1.0,4.0,4.0,9.0,13.0,1.96,0.78,1.96,0.78,4.0,2.0,0.0,2.0,1.55,4.28,5.66,1.61,2.24,1.55,4.28,5.66,1.51,4.4,6.03,1.61,2.24,1.61,2.25,0.6112465242557744,0.22136264313001178,0.16739083261421386,0.6275114530537141,0.21535052138888822,0.15713802555739773,1.6264928797939726,-0.6012121741123561,-1.0252807056816138,R Jones,football-data.co.uk,proxy_shots,,,,,,,,
2026-02-10,Everton,Bournemouth,1,2,16.0,11.0,7.0,2.0,3.0,3.0,14.0,15.0,2.06,1.52,2.06,1.52,6.0,4.0,2.0,5.0,2.41,3.35,2.91,1.82,1.93,2.41,3.35,2.91,2.32,3.41,3.0,1.82,1.93,1.7,2.09,0.392529122089301,0.2823866221597658,0.3250842557509332,0.4075502366420729,0.27727758035472405,0.31517218300320304,1.5021114552771886,-0.5109041805041736,-0.991207274773015,A Madley,football-data.co.uk,proxy_shots,,,,,,,,
2026-02-10,Tottenham,Newcastle,1,2,16.0,21.0,2.0,12.0,3.0,2.0,15.0,11.0,1.34,2.25,1.34,2.25,2.0,5.0,3.0,1.0,3.18,3.48,2.2,1.7,2.11,3.18,3.48,2.2,3.0,3.6,2.25,1.7,2.11,1.56,2.38,0.297685703620754,0.27202314296379243,0.43029115341545354,0.3157894736842105,0.2631578947368421,0.42105263157894735,1.8103770063456481,-0.886524822695034,-0.9238521836506197,A Taylor,football-data.co.uk,proxy_shots,,,,,,,,
2026-02-10,West Ham,Man United,1,1,7.0,9.0,5.0,3.0,1.0,1.0,10.0,4.0,1.03,1.14,1.03,1.14,3.0,3.0,2.0,2.0,4.36,4.23,1.7,1.47,2.6,4.36,4.23,1.7,4.47,4.15,1.69,1.47,2.6,1.48,2.59,0.21760707866052567,0.22429476665718487,0.5580981546822894,0.21177113559572805,0.22810047617178414,0.5601283882324878,-0.5835943064797622,0.38057095145992703,0.20302335501983793,S Hooper,football-data.co.uk,proxy_shots,,,,,,,,
2026-02-11,Aston Villa,Brighton,1,0,15.0,9.0,7.0,5.0,2.0,3.0,9.0,15.0,1.1,1.04,1.1,1.04,1.0,3.0,3.0,0.0,1.92,3.67,3.79,1.75,2.02,1.92,3.67,3.79,2.06,3.69,3.34,1.75,2.02,1.61,2.27,0.4926697954485079,0.2577455060657044,0.24958469848578763,0.45976334009788705,0.2566700489435359,0.28356661095857705,-3.2906455350620867,-0.10754571221684994,3.398191247278942,P Bankes,football-data.co.uk,proxy_shots,,,,,,,,
2026-02-11,Crystal Palace,Burnley,2,3,21.0,8.0,8.0,2.0,2.0,1.0,11.0,8.0,1.9,1.28,1.9,1.28,3.0,3.0,0.0,1.0,1.55,3.98,6.18,1.91,1.83,1.55,3.98,6.18,1.46,4.45,6.9,1.91,1.83,1.73,2.07,0.6096608203368993,0.2374307214879884,0.1529084581751123,0.6494838818851003,0.21308909383196548,0.13742702428293427,3.9823061548201033,-2.4341627656022933,-1.5481433892178043,F Hallam,football-data.co.uk,proxy_shots,,,,,,,,
2026-02-11,Man City,Fulham,3,0,13.0,14.0,4.0,4.0,3.0,1.0,8.0,10.0,1.91,1.31,1.91,1.31,5.0,3.0,3.0,2.0,1.34,5.33,8.08,1.52,2.45,1.34,5.33,8.08,1.37,5.23,7.38,1.52,2.45,1.43,2.73,0.7055924555752525,0.1773909738219209,0.11701657060282654,0.6908046985042893,0.18095648890074115,0.1282388125949697,-1.4787757070963248,0.3565515078820247,1.1222241992143154,P Tierney,football-data.co.uk,proxy_shots,,,,,,,,
2026-02-11,Nott'm Forest,Wolves,0,0,35.0,7.0,8.0,2.0,0.0,2.0,12.0,13.0,3.72,0.93,3.72,0.93,10.0,3.0,3.0,10.0,1.69,3.72,5.09,1.94,1.81,1.69,3.72,5.09,1.73,3.79,4.66,1.94,1.81,1.76,2.02,0.5598086548780885,0.25432167385590576,0.18586967126600581,0.5471330456414054,0.24974674642734335,0.20312020793125135,-1.2675609236683094,-0.4574927428562414,1.7250536665245537,T Robinson,football-data.co.uk,proxy_shots,,,,,,,,
2026-02-11,Sunderland,Liverpool,0,1,11.0,23.0,3.0,11.0,1.0,0.0,8.0,10.0,0.96,1.91,0.96,1.91,2.0,3.0,2.0,2.0,4.65,3.83,1.72,1.79,1.96,4.65,3.83,1.72,4.45,3.83,1.75,1.79,1.96,1.73,2.07,0.20335174146707372,0.2468891900318258,0.5497590685011006,0.2125517306990978,0.24695958266605358,0.5404886866348487,0.9199989232024086,0.007039263422778386,-0.9270381866251842,C Kavanagh,football-data.co.uk,proxy_shots,,,,,,,,
2026-02-12,Brentford,Arsenal,1,1,12.0,7.0,6.0,4.0,3.0,2.0,12.0,11.0,1.3,0.84,1.3,0.84,3.0,2.0,1.0,2.0,4.83,3.86,1.69,1.83,1.92,4.83,3.86,1.69,5.08,3.77,1.68,1.83,1.92,1.85,1.91,0.19572215938241636,0.24490622534121018,0.5593716152763735,0.18617502851297485,0.25086714717398206,0.562957824313043,-0.9547130869441506,0.5960921832771887,0.35862090366695076,J Brooks,football-data.co.uk,proxy_shots,,,,,,,,
2026-02-18,Wolves,Arsenal,2,2,5.0,10.0,1.0,3.0,2.0,1.0,6.0,8.0,0.83,1.47,0.83,1.47,2.0,4.0,2.0,0.0,10.94,5.48,1.28,1.69,2.11,10.94,5.48,1.28,12.35,5.93,1.24,1.69,2.11,1.69,2.13,0.08663089980338105,0.1729456284395965,0.7404234717570225,0.0766735451660902,0.15968267838131772,0.763643776452592,-0.9957354637290847,-1.3262950058278766,2.322030469556946,P Tierney,football-data.co.uk,proxy_shots,,,,,,,,
2026-02-21,Aston Villa,Leeds,1,1,16.0,14.0,7.0,2.0,1.0,4.0,11.0,16.0,1.7,1.59,1.7,1.59,4.0,4.0,3.0,3.0,1.84,3.62,4.24,1.81,1.95,1.84,3.62,4.24,1.82,3.68,4.18,1.81,1.95,1.77,2.02,0.5148668956633748,0.2617003005581795,0.22343280377844565,0.518142254678721,0.2562551368248022,0.22560260849647665,0.32753590153461465,-0.5445163733377278,0.21698047180309932,M Oliver,football-data.co.uk,proxy_shots,,,,,,,,
2026-02-21,Brentford,Brighton,0,2,13.0,11.0,6.0,4.0,1.0,2.0,9.0,14.0,1.25,2.06,1.25,2.06,3.0,7.0,5.0,3.0,2.01,3.7,3.45,1.74,2.02,2.01,3.7,3.45,2.25,3.39,3.13,1.74,2.02,1.75,2.04,0.47039964623293357,0.25554142944005304,0.27405892432701345,0.4197154350947561,0.2785721914345727,0.3017123734706713,-5.068421113817745,2.303076199451964,2.765344914365786,J Gillett,football-data.co.uk,proxy_shots,,,,,,,,
2026-02-21,Chelsea,Burnley,1,1,12.0,12.0,9.0,5.0,4.0,2.0,13.0,11.0,1.12,1.48,1.12,1.48,2.0,4.0,3.0,1.0,1.2,6.7,12.88,1.42,2.73,1.2,6.7,12.88,1.23,6.31,11.6,1.42,2.73,1.45,2.69,0.7859953366365492,0.14077528417371027,0.0732293791897406,0.7686612696415763,0.14983413021539446,0.08150460014302922,-1.7334066994972863,0.9058846041684193,0.8275220953288629,L Smith,football-data.co.uk,proxy_shots,,,,,,,,
2026-02-21,Man City,Newcastle,2,1,15.0,13.0,5.0,5.0,2.0,5.0,12.0,13.0,2.29,2.08,2.29,2.08,7.0,7.0,6.0,5.0,1.46,4.92,5.82,1.41,2.77,1.46,4.92,5.82,1.54,4.63,5.31,1.41,2.77,1.43,2.73,0.6461588453518914,0.1917463240271873,0.16209483062092123,0.6162825966525373,0.20498384424296054,0.17873355910450234,-2.9876248699354124,1.3237520215773235,1.6638728483581111,T Bramall,football-data.co.uk,proxy_shots,,,,,,,,
2026-02-21,West Ham,Bournemouth,0,0,20.0,10.0,9.0,5.0,1.0,1.0,10.0,11.0,1.64,1.45,1.64,1.45,3.0,5.0,5.0,3.0,2.41,3.65,2.71,1.54,2.38,2.41,3.65,2.71,2.66,3.62,2.46,1.54,2.38,1.55,2.38,0.39222256147126583,0.25897434880705494,0.3488030897216792,0.3551000877262939,0.2609298987160061,0.38397001355769994,-3.7122473744971907,0.19555499089511374,3.5166923836020714,S Barrott,football-data.co.uk,proxy_shots,,,,,,,,
2026-02-22,Crystal Palace,Wolves,1,0,14.0,12.0,7.0,3.0,5.0,3.0,19.0,13.0,1.41,1.92,1.41,1.92,3.0,7.0,7.0,2.0,1.62,3.99,5.26,1.89,1.86,1.62,3.99,5.26,1.77,3.71,4.44,1.89,1.86,1.87,1.9,0.5834306301497815,0.23688160923374588,0.17968776061647265,0.5331236103424506,0.25434738283184294,0.2125290068257066,-5.030701980733088,1.7465773598097063,3.2841246209233956,T Kirk,football-data.co.uk,proxy_shots,,,,,,,,
2026-02-22,Nott'm Forest,Liverpool,0,1,18.0,10.0,7.0,2.0,2.0,0.0,13.0,9.0,1.35,1.37,1.35,1.37,2.0,4.0,3.0,2.0,4.08,3.88,1.8,1.68,2.13,4.08,3.88,1.8,3.83,3.78,1.87,1.68,2.13,1.64,2.2,0.2315772720038198,0.2435142447875219,0.5249084832086583,0.24622319136410975,0.2494801118847991,0.5042966967510911,1.4645919360289943,0.59658670972772,-2.0611786457567227,A Taylor,football-data.co.uk,proxy_shots,,,,,,,,
2026-02-22,Sunderland,Fulham,1,3,12.0,12.0,6.0,4.0,1.0,1.0,6.0,13.0,1.12,1.68,1.12,1.68,2.0,4.0,1.0,1.0,2.65,3.27,2.67,2.12,1.68,2.65,3.27,2.67,2.85,3.18,2.55,2.12,1.68,2.01,1.78,0.35677246147622377,0.28912752994250546,0.3541000085812708,0.3317989320567114,0.29736696740931684,0.37083410053397164,-2.4973529419512364,0.8239437466811383,1.673409195270087,C Pawson,football-data.co.uk,proxy_shots,,,,,,,,
2026-02-22,Tottenham,Arsenal,1,4,6.0,20.0,2.0,5.0,2.0,1.0,17.0,11.0,1.33,2.76,1.33,2.76,5.0,7.0,3.0,4.0,5.83,3.98,1.56,1.77,1.98,5.83,3.98,1.56,7.2,4.35,1.45,1.77,1.98,1.82,1.96,0.16123821642818192,0.23618562858701017,0.602576154984808,0.13122171945701355,0.21719457013574658,0.6515837104072397,-3.001649697116837,-1.8991058451263587,4.900755542243173,P Bankes,football-data.co.uk,proxy_shots,,,,,,,,
2026-02-23,Everton,Man United,0,1,12.0,11.0,10.0,1.0,2.0,3.0,12.0,7.0,1.38,1.25,1.38,1.25,4.0,3.0,2.0,4.0,3.57,3.73,1.94,1.68,2.12,3.57,3.73,1.94,3.52,3.62,1.99,1.68,2.12,1.74,2.05,0.26334426324964244,0.25204799458477845,0.48460774216557917,0.2672924937850173,0.2599087232384698,0.4727987829765129,0.39482305353748526,0.7860728653691362,-1.180895918906627,D England,football-data.co.uk,proxy_shots,,,,,,,,
2026-02-27,Wolves,Aston Villa,2,0,9.0,14.0,0.0,5.0,3.0,3.0,13.0,19.0,1.05,1.67,1.05,1.67,2.0,5.0,5.0,0.0,4.17,3.64,1.84,1.84,1.93,4.17,3.64,1.84,4.6,3.74,1.74,1.84,1.93,1.87,1.89,0.22665926657912908,0.2596618520975187,0.5136788813233523,0.20518609138720378,0.2523679198880046,0.5424459887247916,-2.147317519192529,-0.7293932209514076,2.8767107401439285,C Pawson,football-data.co.uk,proxy_shots,,,,,,,,
2026-02-28,Bournemouth,Sunderland,1,1,21.0,8.0,7.0,3.0,4.0,2.0,15.0,12.0,2.15,1.26,2.15,1.26,5.0,4.0,3.0,4.0,1.77,3.8,4.34,1.77,2.02,1.77,3.8,4.34,1.8,3.68,4.27,1.77,2.02,1.82,1.95,0.5337251373795299,0.24860355083204416,0.21767131178842578,0.5233749450432327,0.25599861442332034,0.22062644053344704,-1.0350192336297193,0.7395063591276174,0.2955128745021268,J Gillett,football-data.co.uk,proxy_shots,,,,,,,,
2026-02-28,Burnley,Brentford,3,4,12.0,16.0,4.0,8.0,2.0,2.0,9.0,9.0,1.5,2.54,1.5,2.54,3.0,7.0,3.0,0.0,4.58,3.81,1.73,1.81,1.94,4.58,3.81,1.73,4.34,3.79,1.77,1.81,1.94,1.74,2.06,0.20620688576389432,0.24788124325423516,0.5459118709818706,0.2175286247474764,0.24909610327283577,0.5333752719796879,1.1321738983582075,0.12148600186006053,-1.2536599002182625,S Barrott,football-data.co.uk,proxy_shots,,,,,,,,
2026-02-28,Leeds,Man City,0,1,14.0,14.0,5.0,3.0,0.0,3.0,10.0,8.0,1.13,1.77,1.13,1.77,2.0,5.0,4.0,2.0,5.0,4.25,1.6,1.61,2.24,5.0,4.25,1.6,4.77,3.91,1.69,1.61,2.24,1.76,2.01,0.18862690707350901,0.2219140083217753,0.5894590846047156,0.19831692171945295,0.2419365004096651,0.559746577870882,0.9690014645943934,2.0022492087889807,-2.9712506733833632,P Bankes,football-data.co.uk,proxy_shots,,,,,,,,
2026-02-28,Liverpool,West Ham,5,2,18.0,11.0,10.0,5.0,2.0,2.0,12.0,11.0,2.75,1.52,2.75,1.52,7.0,4.0,2.0,2.0,1.41,5.02,6.68,1.42,2.73,1.41,5.02,6.68,1.41,4.98,6.69,1.42,2.73,1.43,2.75,0.6702617997785355,0.18826078439994723,0.14147741582151724,0.6693911502504476,0.18952641001066886,0.14108243973888354,-0.08706495280879079,0.12656256107216324,-0.03949760826336968,T Robinson,football-data.co.uk,proxy_shots,,,,,,,,
2026-02-28,Newcastle,Everton,2,3,17.0,9.0,7.0,2.0,2.0,3.0,15.0,7.0,2.4,1.7,2.4,1.7,7.0,5.0,2.0,5.0,1.69,3.92,4.67,1.73,2.05,1.69,3.92,4.67,1.78,3.73,4.34,1.73,2.05,1.76,2.02,0.557722363550505,0.24044663122457993,0.20183100522491507,0.5298434186064781,0.25284752952266243,0.21730905187085964,-2.7878944944026873,1.2400898298082497,1.547804664594457,S Attwell,football-data.co.uk,proxy_shots,,,,,,,,
2026-03-01,Arsenal,Chelsea,2,1,12.0,9.0,5.0,10.0,1.0,5.0,11.0,14.0,1.76,1.14,1.76,1.14,5.0,3.0,2.0,3.0,1.6,3.98,5.28,1.7,2.09,1.6,3.98,5.28,1.5,4.36,6.05,1.7,2.09,1.66,2.17,0.5864963829597213,0.2357774403858176,0.177726176654461,0.628152311099469,0.2161074464791751,0.15574024242135595,4.165592813974772,-1.9669993906642507,-2.1985934233105047,D England,football-data.co.uk,proxy_shots,,,,,,,,
2026-03-01,Brighton,Nott'm Forest,2,1,14.0,13.0,4.0,4.0,3.0,1.0,12.0,13.0,2.23,1.54,2.23,1.54,7.0,4.0,3.0,5.0,2.05,3.54,3.42,1.79,1.97,2.05,3.54,3.42,2.09,3.39,3.48,1.79,1.97,1.88,1.88,0.4590290732062423,0.26582192092451884,0.27514900586923874,0.45104089006136383,0.2780753569994839,0.27088375293915234,-0.798818314487848,1.225343607496504,-0.4265252930086394,A Madley,football-data.co.uk,proxy_shots,,,,,,,,
2026-03-01,Fulham,Tottenham,2,1,18.0,13.0,5.0,8.0,3.0,3.0,11.0,14.0,1.91,0.99,1.91,0.99,4.0,1.0,0.0,2.0,2.08,3.57,3.3,1.72,2.07,2.08,3.57,3.3,2.02,3.66,3.45,1.72,2.07,1.66,2.18,0.45188833398540884,0.26328507974500015,0.28482658626959106,0.4678538081899426,0.25821439686985903,0.2739317949401983,1.5965474204533758,-0.5070682875141119,-1.089479132939275,T Bramall,football-data.co.uk,proxy_shots,,,,,,,,
2026-03-01,Man United,Crystal Palace,2,1,20.0,8.0,7.0,1.0,2.0,4.0,13.0,12.0,3.28,1.08,3.28,1.08,11.0,3.0,2.0,9.0,1.53,4.31,5.61,1.62,2.23,1.53,4.31,5.61,1.51,4.35,5.95,1.62,2.23,1.67,2.17,0.6143579111053518,0.2180899313204613,0.16755215757418684,0.6246455334194109,0.2168309782674277,0.1585234883131614,1.0287622314059108,-0.12589530530336124,-0.902866926102544,C Kavanagh,football-data.co.uk,proxy_shots,,,,,,,,
2026-03-03,Bournemouth,Brentford,0,0,13.0,5.0,4.0,3.0,2.0,1.0,9.0,10.0,1.07,0.64,1.07,0.64,2.0,2.0,2.0,2.0,2.48,3.59,2.65,1.58,2.32,2.48,3.59,2.65,2.5,3.56,2.65,1.58,2.32,1.6,2.28,0.38071208186100114,0.26299887549172224,0.3562890426472765,0.3779798870147041,0.2654353139148203,0.3565847990704756,-0.27321948462970536,0.24364384230980418,0.029575642319906725,C Pawson,football-data.co.uk,proxy_shots,,,,,,,,
2026-03-03,Everton,Burnley,2,0,14.0,5.0,6.0,3.0,0.0,1.0,10.0,12.0,1.87,0.64,1.87,0.64,5.0,2.0,2.0,3.0,1.56,3.96,6.06,1.92,1.85,1.56,3.96,6.06,1.61,3.78,5.73,1.92,1.85,2.04,1.75,0.6055595930232558,0.23855377906976746,0.15588662790697674,0.5858562908264697,0.2495313831297927,0.16461232604373757,-1.9703302196786066,1.0977604060025237,0.8725698136760829,T Robinson,football-data.co.uk,proxy_shots,,,,,,,,
2026-03-03,Leeds,Sunderland,0,1,18.0,3.0,9.0,2.0,1.0,3.0,15.0,19.0,1.71,0.44,1.71,0.44,4.0,1.0,0.0,4.0,1.86,3.43,4.31,2.08,1.72,1.86,3.43,4.31,1.81,3.51,4.51,2.08,1.72,2.03,1.75,0.506629608940462,0.2747320911455567,0.21863829991398134,0.5216484381951012,0.26899819747382714,0.20935336433107166,1.5018829254639154,-0.5733893671729551,-0.9284935582909687,S Attwell,football-data.co.uk,proxy_shots,,,,,,,,
2026-03-03,Wolves,Liverpool,2,1,4.0,19.0,2.0,11.0,2.0,1.0,10.0,13.0,0.96,2.4,0.96,2.4,3.0,7.0,6.0,1.0,6.08,4.61,1.48,1.57,2.34,6.08,4.61,1.48,6.85,4.71,1.43,1.57,2.34,1.58,2.33,0.15559407069555303,0.20520866590649942,0.6391972633979476,0.13803456551277507,0.2007509073805752,0.6612145271066497,-1.7559505182777961,-0.4457758525924227,2.201726370870216,T Bramall,football-data.co.uk,proxy_shots,,,,,,,,
2026-03-04,Aston Villa,Chelsea,1,4,9.0,15.0,3.0,8.0,3.0,2.0,10.0,9.0,1.31,2.66,1.31,2.66,4.0,8.0,4.0,3.0,2.67,3.57,2.46,1.67,2.15,2.67,3.57,2.46,2.64,3.48,2.54,1.67,2.15,1.71,2.09,0.35294968712699387,0.26397077440590294,0.3830795384671031,0.357399320718098,0.2711305191654536,0.3714701601164483,0.44496335911041185,0.7159744759550668,-1.1609378350654787,J Gillett,football-data.co.uk,proxy_shots,,,,,,,,
2026-03-04,Brighton,Arsenal,0,1,11.0,7.0,4.0,3.0,4.0,1.0,14.0,12.0,1.15,0.84,1.15,0.84,3.0,2.0,1.0,3.0,5.03,3.92,1.64,1.89,1.85,5.03,3.92,1.64,5.03,3.84,1.67,1.89,1.85,1.86,1.9,0.18690762771982464,0.2398330018955913,0.5732593703845841,0.187903809470788,0.24613441709324577,0.5659617734359663,0.09961817509633597,0.6301415197654453,-0.7297596948617757,C Kavanagh,football-data.co.uk,proxy_shots,,,,,,,,
2026-03-04,Fulham,West Ham,0,1,13.0,9.0,7.0,5.0,2.0,4.0,14.0,12.0,1.61,1.14,1.61,1.14,5.0,3.0,2.0,5.0,2.03,3.56,3.52,1.72,2.06,2.03,3.56,3.52,2.2,3.51,3.13,1.72,2.06,1.62,2.25,0.4657815310962102,0.2656001427318277,0.2686183261719621,0.4292479184818495,0.26904427939033304,0.30170780212781756,-3.653361261436067,0.3444136658505348,3.3089475955855487,M Donohue,football-data.co.uk,proxy_shots,,,,,,,,
2026-03-04,Man City,Nott'm Forest,2,2,21.0,9.0,6.0,1.0,0.0,4.0,10.0,6.0,2.62,1.41,2.62,1.41,7.0,4.0,2.0,5.0,1.37,4.95,7.65,1.57,2.32,1.37,4.95,7.65,1.39,4.83,7.62,1.57,2.32,1.62,2.26,0.6868827034527794,0.19010693004652682,0.12301036650069383,0.6801798555168075,0.1957453414427251,0.12407480304046749,-0.6702847935971867,0.5638411396198278,0.10644365397736583,D England,football-data.co.uk,proxy_shots,,,,,,,,
2026-03-04,Newcastle,Man United,2,1,12.0,14.0,2.0,4.0,4.0,3.0,15.0,16.0,1.76,1.77,1.76,1.77,5.0,5.0,4.0,3.0,2.56,3.66,2.53,1.52,2.44,2.56,3.66,2.53,2.56,3.62,2.52,1.52,2.44,1.56,2.38,0.3688252304211709,0.2579761174530594,0.37319865212576975,0.3672345496119288,0.2597017809410325,0.3730636694470388,-0.15906808092420732,0.17256634879731503,-0.013498267873096603,P Bankes,football-data.co.uk,proxy_shots,,,,,,,,
2026-03-05,Tottenham,Crystal Palace,1,3,12.0,9.0,6.0,3.0,3.0,2.0,14.0,14.0,1.48,1.51,1.48,1.51,4.0,4.0,1.0,3.0,2.34,3.32,2.97,1.78,1.97,2.34,3.32,2.97,2.44,3.37,2.83,1.78,1.97,1.84,1.93,0.40117173196631273,0.28275357012083485,0.3160746979128524,0.3866637475623452,0.27995832167718754,0.3333779307604672,-1.4507984403967555,-0.27952484436473135,1.7303232847614758,A Madley,football-data.co.uk,proxy_shots,,,,,,,,
2026-03-14,Arsenal,Everton,2,0,25.0,9.0,8.0,3.0,0.0,0.0,11.0,12.0,2.83,1.04,2.83,1.04,7.0,3.0,3.0,5.0,1.37,4.56,8.83,1.9,1.84,1.37,4.56,8.83,1.37,4.65,8.58,1.9,1.84,1.85,1.91,0.6870059427631545,0.2064031012248951,0.10659095601195036,0.687617304440894,0.20258832410409133,0.10979437145501454,0.06113616777394526,-0.3814777120803775,0.32034154430641837,A Madley,football-data.co.uk,proxy_shots,,,,,,,,
2026-03-14,Burnley,Bournemouth,0,0,15.0,22.0,5.0,8.0,1.0,0.0,11.0,5.0,1.19,1.75,1.19,1.75,2.0,3.0,3.0,2.0,4.02,3.83,1.82,1.68,2.1,4.02,3.83,1.82,3.92,3.93,1.82,1.68,2.1,1.58,2.31,0.23483000714199095,0.24647953752240298,0.5186904553356062,0.24088830213588575,0.24027535480220666,0.5188363430619077,0.6058294993894792,-0.6204182720196322,0.014588772630153013,P Bankes,football-data.co.uk,proxy_shots,,,,,,,,
2026-03-14,Chelsea,Newcastle,0,1,22.0,7.0,8.0,1.0,2.0,2.0,9.0,10.0,1.75,1.39,1.75,1.39,3.0,5.0,4.0,3.0,1.79,4.12,3.86,1.47,2.58,1.79,4.12,3.86,1.69,4.24,4.3,1.47,2.58,1.48,2.59,0.5268158238205344,0.22888357394144576,0.24430060223801986,0.5581577610012063,0.2224732585122732,0.2193689804865206,3.134193718067191,-0.6410315429172558,-2.4931621751499264,P Tierney,football-data.co.uk,proxy_shots,,,,,,,,
2026-03-14,Sunderland,Brighton,0,1,14.0,12.0,7.0,3.0,1.0,2.0,7.0,12.0,1.49,1.48,1.49,1.48,4.0,4.0,3.0,4.0,3.26,3.27,2.23,2.04,1.73,3.26,3.27,2.23,3.64,3.46,2.01,2.04,1.73,1.99,1.78,0.2891154979165097,0.28823135266294236,0.4226531494205478,0.25886828411265045,0.2723354202803606,0.46879629560698893,-3.024721380385925,-1.5895932382581746,4.61431461864411,T Kirk,football-data.co.uk,proxy_shots,,,,,,,,
2026-03-14,West Ham,Man City,1,1,1.0,24.0,1.0,15.0,2.0,2.0,14.0,5.0,0.33,2.5,0.33,2.5,1.0,6.0,5.0,0.0,4.43,4.15,1.69,1.52,2.45,4.43,4.15,1.69,4.81,4.16,1.63,1.52,2.45,1.58,2.32,0.21327547461281388,0.22766514518910008,0.5590593801980861,0.19580314576372987,0.22639738728931263,0.5777994669469575,-1.7472328849084007,-0.12677578997874472,1.8740086748871398,M Oliver,football-data.co.uk,proxy_shots,,,,,,,,
2026-03-15,Crystal Palace,Leeds,0,0,12.0,10.0,8.0,3.0,2.0,3.0,12.0,11.0,0.66,1.09,0.66,1.09,0.0,3.0,3.0,0.0,2.49,3.24,2.85,2.03,1.73,2.49,3.24,2.85,2.66,3.23,2.69,2.03,1.73,2.04,1.73,0.378472094138478,0.2908628130879044,0.3306650927736176,0.355571106445844,0.2928232641318716,0.35160562942228446,-2.290098769263399,0.1960451043967193,2.094053664866685,T Bramall,football-data.co.uk,proxy_shots,,,,,,,,
2026-03-15,Liverpool,Tottenham,1,1,17.0,13.0,3.0,4.0,0.0,0.0,8.0,13.0,1.76,2.08,1.76,2.08,4.0,7.0,6.0,3.0,1.29,5.79,8.72,1.42,2.72,1.29,5.79,8.72,1.3,5.87,8.24,1.42,2.72,1.34,3.13,0.7295363021210374,0.16253917612023114,0.10792452175873145,0.7250411471433839,0.16057129323448024,0.11438755962213581,-0.4495154977653515,-0.19678828857508934,0.6463037863404366,C Kavanagh,football-data.co.uk,proxy_shots,,,,,,,,
2026-03-15,Man United,Aston Villa,3,1,16.0,9.0,6.0,6.0,3.0,2.0,10.0,5.0,2.26,0.95,2.26,0.95,6.0,2.0,1.0,3.0,1.71,4.02,4.38,1.64,2.19,1.71,4.02,4.38,1.69,4.0,4.56,1.64,2.19,1.61,2.25,0.5507262695642382,0.23426415944150436,0.2150095709942574,0.5576890149940074,0.2356236088349681,0.20668737617102467,0.6962745429769157,0.13594493934637464,-0.8322194823232737,A Taylor,football-data.co.uk,proxy_shots,,,,,,,,
2026-03-15,Nott'm Forest,Fulham,0,0,11.0,5.0,5.0,4.0,2.0,3.0,8.0,10.0,0.96,0.28,0.96,0.28,2.0,0.0,0.0,2.0,2.19,3.4,3.24,1.86,1.88,2.19,3.4,3.24,2.29,3.31,3.13,1.86,1.88,1.98,1.79,0.43102638745422106,0.27763170250727764,0.29134191003850124,0.4126310842404184,0.2854758860756973,0.3018930296838844,-1.8395303213802672,0.7844183568419649,1.0551119645383134,S Barrott,football-data.co.uk,proxy_shots,,,,,,,,
2026-03-16,Brentford,Wolves,2,2,10.0,13.0,1.0,5.0,2.0,4.0,12.0,10.0,1.29,1.64,1.29,1.64,3.0,4.0,2.0,1.0,1.54,4.15,5.68,1.68,2.11,1.54,4.15,5.68,1.53,4.29,5.78,1.68,2.11,1.67,2.17,0.6089351127093117,0.22596628278851563,0.16509860450217256,0.6167702651274896,0.21996701763288087,0.16326271723962957,0.7835152418177893,-0.5999265155634759,-0.18358872625429956,S Attwell,football-data.co.uk,proxy_shots,,,,,,,,
2026-03-20,Bournemouth,Man United,2,2,16.0,14.0,6.0,8.0,2.0,4.0,10.0,9.0,1.98,1.87,1.98,1.87,5.0,5.0,3.0,3.0,3.22,3.76,2.07,1.53,2.44,3.22,3.76,2.07,3.07,3.72,2.15,1.53,2.44,1.52,2.46,0.2930885155032045,0.250996015936255,0.45591546856054044,0.307391934324664,0.2536809780582576,0.4389270876170783,1.4303418821459468,0.2684962122002643,-1.6988380943462111,S Attwell,football-data.co.uk,proxy_shots,,,,,,,,
2026-03-21,Brighton,Liverpool,2,1,16.0,12.0,4.0,8.0,5.0,5.0,11.0,11.0,2.34,1.66,2.34,1.66,7.0,5.0,4.0,5.0,3.02,3.55,2.22,1.68,2.12,3.02,3.55,2.22,3.05,3.62,2.19,1.68,2.12,1.57,2.35,0.3114231972939652,0.26492902981064087,0.42364777289539407,0.30909650932030586,0.26042661696876596,0.4304768737109282,-0.23266879736593693,-0.45024128418749143,0.6829100815534117,D England,football-data.co.uk,proxy_shots,,,,,,,,
2026-03-21,Everton,Chelsea,3,0,10.0,12.0,3.0,9.0,0.0,2.0,6.0,7.0,2.47,1.38,2.47,1.38,9.0,4.0,4.0,6.0,3.38,3.5,2.08,1.78,1.98,3.38,3.5,2.08,3.15,3.43,2.22,1.78,1.98,1.82,1.94,0.2784961209468868,0.2689476825144221,0.452556196538691,0.2996446574663251,0.2751838691017271,0.4251714734319478,2.1148536519438323,0.6236186587305015,-2.7384723106743225,S Barrott,football-data.co.uk,proxy_shots,,,,,,,,
2026-03-21,Fulham,Burnley,3,1,22.0,9.0,6.0,6.0,2.0,4.0,6.0,9.0,2.59,1.5,2.59,1.5,6.0,5.0,4.0,3.0,1.53,4.09,6.22,1.76,1.98,1.53,4.09,6.22,1.52,4.29,5.92,1.76,1.98,1.65,2.2,0.6172596271664309,0.23090641309648882,0.15183395973708025,0.6207058363476391,0.21992374621175087,0.15937041744061,0.3446209181208193,-1.098266688473795,0.7536457703529759,C Kavanagh,football-data.co.uk,proxy_shots,,,,,,,,
2026-03-21,Leeds,Brentford,0,0,14.0,6.0,6.0,2.0,2.0,0.0,6.0,9.0,1.49,0.69,1.49,0.69,4.0,2.0,2.0,4.0,2.46,3.42,2.77,1.84,1.9,2.46,3.42,2.77,2.35,3.41,2.95,1.84,1.9,1.85,1.91,0.38352603964244075,0.2758696074621065,0.3406043528954528,0.40229149587090846,0.27723900741836793,0.32046949671072367,1.8765456228467703,0.13693999562614523,-2.0134856184729157,J Gillett,football-data.co.uk,proxy_shots,,,,,,,,
2026-03-22,Aston Villa,West Ham,2,0,23.0,9.0,6.0,6.0,0.0,1.0,3.0,7.0,2.73,0.68,2.73,0.68,7.0,1.0,1.0,5.0,1.95,3.56,3.7,1.74,2.02,1.95,3.56,3.7,1.73,3.79,4.55,1.74,2.02,1.7,2.1,0.4819788503055363,0.26400526912803246,0.2540158805664312,0.5444594240465763,0.24852633340384617,0.20701424254957734,6.248057374104005,-1.5478935724186293,-4.700163801685386,P Tierney,football-data.co.uk,proxy_shots,,,,,,,,
2026-03-22,Newcastle,Sunderland,1,2,16.0,17.0,9.0,5.0,1.0,6.0,8.0,19.0,1.7,2.4,1.7,2.4,4.0,7.0,5.0,3.0,1.65,3.89,5.04,1.83,1.91,1.65,3.89,5.04,1.53,4.2,5.83,1.83,1.91,1.69,2.14,0.5709243712161584,0.2421658643975993,0.18690976438624232,0.6147334171857232,0.22393860197479912,0.1613279808394779,4.380904596956481,-1.8227262422800177,-2.558178354676441,A Taylor,football-data.co.uk,proxy_shots,,,,,,,,
2026-03-22,Tottenham,Nott'm Forest,0,3,14.0,8.0,13.0,3.0,1.0,2.0,13.0,13.0,1.31,2.0,1.31,2.0,3.0,7.0,4.0,3.0,2.24,3.39,3.11,1.86,1.88,2.24,3.39,3.11,2.37,3.29,3.0,1.86,1.88,2.0,1.78,0.41998733214090805,0.2775137533910425,0.30249891446804955,0.39834848833408,0.2869562058819969,0.31469530578392324,-2.1638843806828065,0.9442452490954378,1.219639131587369,M Oliver,football-data.co.uk,proxy_shots,,,,,,,,
2026-04-10,West Ham,Wolves,4,0,18.0,14.0,5.0,2.0,2.0,2.0,11.0,7.0,2.65,1.31,2.65,1.31,7.0,3.0,3.0,3.0,1.78,3.74,4.34,1.79,1.98,1.78,3.74,4.34,1.77,3.74,4.38,1.79,1.98,1.77,2.01,0.5302018684262103,0.2523420657215653,0.2174560658522245,0.5326595910722648,0.25208756048072417,0.2152528484470111,0.24577226460544832,-0.02545052408411408,-0.2203217405213398,J Gillett,football-data.co.uk,proxy_shots,,,,,,,,
2026-04-11,Arsenal,Bournemouth,1,2,15.0,8.0,10.0,1.0,1.0,3.0,12.0,18.0,1.47,1.18,1.47,1.18,3.0,3.0,1.0,2.0,1.43,4.55,7.06,1.62,2.24,1.43,4.55,7.06,1.47,4.47,6.4,1.62,2.24,1.57,2.34,0.659267362130146,0.20719831381233159,0.13353432405752247,0.6416234364802217,0.2110036804532273,0.1473728830665509,-1.7643925649924341,0.3805366640895702,1.3838559009028444,M Oliver,football-data.co.uk,proxy_shots,,,,,,,,
2026-04-11,Brentford,Everton,2,2,17.0,14.0,2.0,3.0,0.0,2.0,6.0,7.0,1.85,2.23,1.85,2.23,4.0,7.0,5.0,2.0,2.13,3.31,3.45,1.95,1.8,2.13,3.31,3.45,2.15,3.34,3.37,1.95,1.8,1.88,1.88,0.44230255284042713,0.28462369714504826,0.2730737500145246,0.43827071562905184,0.2821203708390604,0.27960891353188766,-0.40318372113752887,-0.2503326305987874,0.6535163517363052,F Hallam,football-data.co.uk,proxy_shots,,,,,,,,
2026-04-11,Burnley,Brighton,0,2,10.0,13.0,8.0,2.0,2.0,1.0,7.0,11.0,1.45,1.99,1.45,1.99,5.0,6.0,4.0,5.0,4.48,3.93,1.72,1.71,2.08,4.48,3.93,1.72,5.29,4.13,1.59,1.71,2.08,1.66,2.18,0.21076591127352545,0.24026241285124533,0.5489716758752292,0.17831937108796894,0.22840423076400865,0.5932763981480225,-3.244654018555651,-1.1858182087236684,4.430472227279325,T Bramall,football-data.co.uk,proxy_shots,,,,,,,,
2026-04-11,Liverpool,Fulham,2,0,18.0,19.0,6.0,9.0,0.0,0.0,10.0,4.0,2.09,1.76,2.09,1.76,5.0,4.0,4.0,3.0,1.62,4.18,4.83,1.53,2.42,1.62,4.18,4.83,1.71,4.06,4.38,1.53,2.42,1.5,2.54,0.5803953360011039,0.2249379053401408,0.19466675865875535,0.552000297995977,0.23249273634805934,0.21550696565596367,-2.8395038005126882,0.7554831007918539,2.0840206997208317,A Taylor,football-data.co.uk,proxy_shots,,,,,,,,
2026-04-12,Chelsea,Man City,0,3,12.0,18.0,4.0,12.0,3.0,1.0,10.0,14.0,1.2,2.73,1.2,2.73,3.0,8.0,5.0,3.0,3.08,3.8,2.1,1.54,2.4,3.08,3.8,2.1,3.48,3.89,1.94,1.54,2.4,1.5,2.55,0.3051391862955033,0.2473233404710921,0.44753747323340476,0.2711190946649901,0.24254356026585233,0.4863373450691576,-3.402009163051317,-0.4779780205239781,3.879987183575284,C Kavanagh,football-data.co.uk,proxy_shots,,,,,,,,
2026-04-12,Crystal Palace,Newcastle,2,1,11.0,7.0,2.0,4.0,0.0,3.0,17.0,12.0,1.7,1.03,1.7,1.03,5.0,3.0,2.0,3.0,3.07,3.5,2.22,1.71,2.07,3.07,3.5,2.22,2.91,3.3,2.42,1.71,2.07,1.85,1.91,0.3067460442788113,0.2690601016959859,0.42419385402520293,0.3242229367631297,0.2859056806002144,0.38987138263665594,1.7476892484318385,1.6845578904228498,-3.4322471388546996,A Madley,football-data.co.uk,proxy_shots,,,,,,,,
2026-04-12,Nott'm Forest,Aston Villa,1,1,15.0,12.0,7.0,3.0,2.0,2.0,15.0,10.0,1.65,1.66,1.65,1.66,4.0,5.0,4.0,3.0,2.61,3.33,2.65,1.91,1.84,2.61,3.33,2.65,2.35,3.32,2.99,1.91,1.84,1.87,1.9,0.361181714369912,0.2830883707223634,0.35572991490772465,0.40099695822712705,0.28383820838365925,0.3151648333892136,3.9815243857215075,0.07498376612958269,-4.056508151851107,M Salisbury,football-data.co.uk,proxy_shots,,,,,,,,
2026-04-12,Sunderland,Tottenham,1,0,13.0,11.0,2.0,6.0,3.0,3.0,14.0,15.0,1.18,1.86,1.18,1.86,2.0,7.0,7.0,1.0,2.62,3.34,2.63,1.92,1.83,2.62,3.34,2.63,2.75,3.31,2.53,1.92,1.83,1.81,1.95,0.3596308790776889,0.282105659635792,0.3582634612865191,0.34272723180119746,0.2847431684148921,0.3725295997839103,-1.6903647276491462,0.26375087791001284,1.4266138497391223,R Jones,football-data.co.uk,proxy_shots,,,,,,,,
2026-04-13,Man United,Leeds,1,2,20.0,15.0,11.0,4.0,5.0,2.0,12.0,15.0,2.82,2.1,2.82,2.1,9.0,6.0,4.0,8.0,1.59,4.07,5.3,1.68,2.11,1.59,4.07,5.3,1.62,4.07,5.08,1.68,2.11,1.64,2.22,0.5914837959598896,0.2310710652521436,0.17744513878796692,0.5824342368431432,0.23182886085648452,0.18573690230037243,-0.9049559116746431,0.07577956043409162,0.8291763512405514,P Tierney,football-data.co.uk,proxy_shots,,,,,,,,
2026-04-18,Brentford,Fulham,0,0,13.0,11.0,9.0,3.0,0.0,1.0,8.0,13.0,1.44,0.6,1.44,0.6,4.0,0.0,0.0,4.0,2.09,3.63,3.26,1.73,2.04,2.09,3.63,3.26,1.96,3.75,3.52,1.73,2.04,1.62,2.26,0.4510880959369366,0.25971738856975135,0.2891945154933121,0.4808883319003832,0.2513443014732669,0.26776736662634976,2.980023596344661,-0.8373087096484433,-2.1427148866962344,P Tierney,football-data.co.uk,proxy_shots,,,,,,,,
2026-04-18,Chelsea,Man United,0,1,21.0,4.0,7.0,1.0,1.0,3.0,12.0,13.0,1.7,0.5,1.7,0.5,3.0,1.0,0.0,3.0,2.21,3.54,3.07,1.53,2.4,2.21,3.54,3.07,2.1,3.69,3.21,1.53,2.4,1.49,2.57,0.4265914059954702,0.26631836362994044,0.3070902303745893,0.4497795700762106,0.255972113051502,0.2942483168722873,2.3188164080740425,-1.034625057843841,-1.2841913502302016,M Oliver,football-data.co.uk,proxy_shots,,,,,,,,
2026-04-18,Leeds,Wolves,3,0,17.0,7.0,5.0,6.0,2.0,1.0,9.0,17.0,2.32,0.74,2.32,0.74,6.0,2.0,2.0,3.0,1.6,3.93,5.5,1.86,1.89,1.6,3.93,5.5,1.53,4.11,6.26,1.86,1.89,1.79,1.98,0.5889164373484456,0.23976241724109743,0.1713211454104569,0.6185547677949353,0.23026491355869855,0.15118031864636597,2.963833044648978,-0.9497503682398878,-2.014082676409093,F Hallam,football-data.co.uk,proxy_shots,,,,,,,,
2026-04-18,Newcastle,Bournemouth,1,2,12.0,12.0,2.0,3.0,2.0,4.0,11.0,12.0,1.3,1.4,1.3,1.4,3.0,3.0,1.0,2.0,1.96,3.81,3.48,1.47,2.58,1.96,3.81,3.48,2.18,3.67,3.04,1.47,2.58,1.5,2.53,0.4813120752744381,0.24760411221467155,0.2710838125108904,0.4326923822746911,0.2570216330678002,0.3102859846575088,-4.8619692999746995,0.9417520853128636,3.9202172146618364,T Bramall,football-data.co.uk,proxy_shots,,,,,,,,
2026-04-18,Tottenham,Brighton,2,2,13.0,10.0,7.0,5.0,3.0,1.0,14.0,14.0,1.99,1.29,1.99,1.29,6.0,3.0,1.0,4.0,2.68,3.65,2.41,1.66,2.16,2.68,3.65,2.41,2.93,3.76,2.21,1.66,2.16,1.62,2.26,0.35133580697599176,0.2579671130673036,0.39069707995670455,0.3220562986159827,0.2509640837619227,0.4269796176220947,-2.9279508360009086,-0.7003029305380881,3.6282537665390135,S Attwell,football-data.co.uk,proxy_shots,,,,,,,,
2026-04-19,Aston Villa,Sunderland,4,3,15.0,10.0,4.0,5.0,1.0,3.0,11.0,11.0,2.48,2.11,2.48,2.11,7.0,7.0,4.0,3.0,1.65,3.78,5.25,1.89,1.86,1.65,3.78,5.25,1.73,3.66,4.8,1.89,1.86,1.92,1.85,0.57116953762466,0.2493200362647326,0.1795104261106074,0.5455256833044548,0.257857768337898,0.19661654835764725,-2.5643854320205217,0.8537732073165383,1.7106122247039834,S Barrott,football-data.co.uk,proxy_shots,,,,,,,,
2026-04-19,Everton,Liverpool,1,2,10.0,14.0,1.0,6.0,2.0,0.0,8.0,12.0,1.37,2.05,1.37,2.05,4.0,6.0,4.0,3.0,3.11,3.36,2.25,1.86,1.9,3.11,3.36,2.25,3.2,3.33,2.24,1.86,1.9,1.8,1.98,0.30231414278344954,0.2798205309692048,0.41786532624734574,0.2950259460827743,0.2835084166561195,0.42146563726110614,-0.7288196700675209,0.36878856869146937,0.36003110137604044,C Kavanagh,football-data.co.uk,proxy_shots,,,,,,,,
2026-04-19,Man City,Arsenal,2,1,15.0,9.0,8.0,5.0,2.0,2.0,5.0,12.0,1.92,1.14,1.92,1.14,5.0,3.0,2.0,3.0,1.82,3.6,4.25,1.92,1.82,1.82,3.6,4.25,1.84,3.59,4.22,1.92,1.82,1.9,1.86,0.5171190049683982,0.2614323858451347,0.22144860918646703,0.5132011300736444,0.26303344828287073,0.2237654216434848,-0.39178748947538145,0.1601062437736056,0.23168124570177862,A Taylor,football-data.co.uk,proxy_shots,,,,,,,,
2026-04-19,Nott'm Forest,Burnley,4,1,10.0,4.0,4.0,4.0,0.0,2.0,8.0,12.0,1.67,0.86,1.67,0.86,4.0,3.0,2.0,0.0,1.49,4.25,6.32,1.74,2.03,1.49,4.25,6.32,1.46,4.39,6.84,1.74,2.03,1.7,2.11,0.6303788140147809,0.2210033959722408,0.14861779001297837,0.6468203535286083,0.2151156528819518,0.1380639935894398,1.644153951382743,-0.5887743090288999,-1.055379642353857,T Kirk,football-data.co.uk,proxy_shots,,,,,,,,
2026-04-20,Crystal Palace,West Ham,0,0,9.0,9.0,4.0,6.0,2.0,1.0,13.0,12.0,0.68,1.21,0.68,1.21,1.0,4.0,4.0,1.0,2.31,3.21,3.11,1.88,1.87,2.31,3.21,3.11,2.53,3.33,2.76,1.88,1.87,1.82,1.95,0.4061092737457439,0.29224686054600263,0.3016438657082535,0.37363253856942497,0.28387096774193543,0.34249649368863955,-3.2476735176318936,-0.8375892804067198,4.0852627980386025,D England,football-data.co.uk,proxy_shots,,,,,,,,
2026-04-21,Brighton,Chelsea,3,0,15.0,6.0,6.0,5.0,1.0,1.0,15.0,6.0,2.75,0.33,2.75,0.33,9.0,0.0,0.0,6.0,2.44,3.62,2.66,1.63,2.22,2.44,3.62,2.66,2.28,3.43,3.01,1.63,2.22,1.83,1.93,0.3859027588528559,0.26011125182347195,0.3539859893236723,0.4128481455563331,0.27442967109867034,0.3127221833449965,2.6945386703477183,1.431841927519839,-4.12638059786758,C Pawson,football-data.co.uk,proxy_shots,,,,,,,,
2026-04-22,Bournemouth,Leeds,2,2,17.0,10.0,12.0,1.0,3.0,0.0,6.0,10.0,2.4,1.29,2.4,1.29,7.0,3.0,1.0,5.0,2.02,3.51,3.57,1.71,2.06,2.02,3.51,3.57,1.83,3.78,4.02,1.71,2.06,1.59,2.28,0.46700059256940324,0.26875817578068223,0.2642412316499145,0.5156364524798436,0.2496335206450037,0.23473002687515274,4.863585991044034,-1.912465513567854,-2.951120477476174,M Salisbury,football-data.co.uk,proxy_shots,,,,,,,,
2026-04-22,Burnley,Man City,0,1,9.0,28.0,3.0,11.0,0.0,0.0,10.0,12.0,0.68,3.26,0.68,3.26,1.0,9.0,8.0,1.0,16.53,8.3,1.14,1.32,3.22,16.53,8.3,1.14,15.78,8.1,1.15,1.32,3.22,1.34,3.19,0.05717040914726546,0.11385865821738529,0.8289709326353493,0.05998840803709428,0.11686630602782071,0.823145285935085,0.28179988898288166,0.30076478104354154,-0.5825646700264309,A Madley,football-data.co.uk,proxy_shots,,,,,,,,
2026-04-24,Sunderland,Nott'm Forest,0,5,14.0,10.0,3.0,6.0,2.0,5.0,13.0,15.0,1.49,2.13,1.49,2.13,4.0,6.0,1.0,4.0,2.67,3.18,2.66,2.13,1.69,2.67,3.18,2.66,2.66,3.1,2.75,2.13,1.69,2.19,1.65,0.35169385820485954,0.29529012622860845,0.35301601556653195,0.3539400481607573,0.3037033961637466,0.34235655567549617,0.22461899558977594,0.8413269935138135,-1.0659459891035783,D England,football-data.co.uk,proxy_shots,,,,,,,,
2026-04-25,Arsenal,Newcastle,1,0,11.0,13.0,7.0,2.0,2.0,2.0,13.0,10.0,1.43,1.25,1.43,1.25,4.0,3.0,3.0,3.0,1.45,4.66,6.22,1.58,2.29,1.45,4.66,6.22,1.38,4.87,7.59,1.58,2.29,1.65,2.18,0.6475518976256222,0.20149147029123435,0.15095663208314342,0.682507325773984,0.1934004331762008,0.12409224104981527,3.4955428148361833,-0.8091037115033561,-2.6864391033328148,S Barrott,football-data.co.uk,proxy_shots,,,,,,,,
2026-04-25,Fulham,Aston Villa,1,0,13.0,10.0,2.0,5.0,2.0,2.0,14.0,12.0,1.9,0.73,1.9,0.73,6.0,1.0,1.0,5.0,2.67,3.5,2.47,1.72,2.07,2.67,3.5,2.47,2.43,3.55,2.7,1.72,2.07,1.71,2.08,0.35163860743789893,0.26825002338834,0.38011136917376115,0.3869209809264305,0.26485013623978204,0.3482288828337875,3.528237348853158,-0.3399887148557934,-3.1882486339973646,M Oliver,football-data.co.uk,proxy_shots,,,,,,,,
2026-04-25,Liverpool,Crystal Palace,3,1,9.0,14.0,5.0,8.0,1.0,3.0,10.0,10.0,1.34,2.13,1.34,2.13,3.0,7.0,6.0,0.0,1.44,4.76,6.31,1.55,2.36,1.44,4.76,6.31,1.56,4.37,5.21,1.55,2.36,1.5,2.52,0.6532829886637491,0.1976318285033191,0.14908518283293168,0.6037176002651641,0.2155147497514087,0.18076764998342726,-4.956538839858505,1.78829212480896,3.168246715049558,A Madley,football-data.co.uk,proxy_shots,,,,,,,,
2026-04-25,West Ham,Everton,2,1,10.0,11.0,3.0,4.0,3.0,4.0,9.0,11.0,1.29,1.25,1.29,1.25,3.0,3.0,2.0,1.0,2.38,3.34,2.9,1.83,1.92,2.38,3.34,2.9,2.42,3.38,2.82,1.83,1.92,1.8,1.96,0.3947475669595553,0.281287188432258,0.32396524460818676,0.3884804121358353,0.278142780286604,0.3333768075775608,-0.6267154823720034,-0.31444081456539763,0.941156296937401,S Attwell,football-data.co.uk,proxy_shots,,,,,,,,
2026-04-25,Wolves,Tottenham,0,1,11.0,11.0,5.0,5.0,3.0,4.0,8.0,14.0,0.96,1.06,0.96,1.06,2.0,2.0,1.0,2.0,4.48,3.99,1.7,1.66,2.15,4.48,3.99,1.7,4.62,4.17,1.64,1.66,2.15,1.62,2.23,0.21016787402941048,0.23597796382249597,0.5538541621480936,0.20304622784359136,0.22495769127995013,0.5719960808764586,-0.7121646185819119,-1.102027254254584,1.8141918728365014,A Taylor,football-data.co.uk,proxy_shots,,,,,,,,
2026-04-27,Man United,Brentford,2,1,11.0,12.0,7.0,8.0,2.0,4.0,6.0,9.0,1.89,1.48,1.89,1.48,6.0,4.0,3.0,4.0,1.84,3.82,3.84,1.55,2.35,1.84,3.82,3.84,1.96,3.73,3.53,1.55,2.35,1.56,2.36,0.5099849808088113,0.24564721588696667,0.2443678033042221,0.48060518679393344,0.25254320807402403,0.26685160513204237,-2.937979401487784,0.6895992187057359,2.2483801827820282,C Kavanagh,football-data.co.uk,proxy_shots,,,,,,,,
2026-05-01,Leeds,Burnley,3,1,18.0,9.0,5.0,0.0,4.0,3.0,12.0,11.0,2.73,1.14,2.73,1.14,8.0,3.0,2.0,5.0,1.34,5.09,8.57,1.65,2.18,1.34,5.09,8.57,1.36,4.93,8.54,1.65,2.18,1.69,2.11,0.7044135149057661,0.18544481531900328,0.11014166977523064,0.6968094085870238,0.19222328512745487,0.11096730628552136,-0.760410631874231,0.6778469808451593,0.0825636510290717,T Bramall,football-data.co.uk,proxy_shots,,,,,,,,
2026-05-02,Arsenal,Fulham,3,0,18.0,10.0,3.0,4.0,0.0,1.0,7.0,12.0,2.91,0.73,2.91,0.73,9.0,1.0,1.0,6.0,1.44,4.39,7.0,1.77,1.97,1.44,4.39,7.0,1.45,4.42,7.02,1.77,1.97,1.83,1.94,0.6520041755425235,0.2138692512030146,0.13412657325446198,0.6516326307742711,0.21377088566124278,0.1345964835644862,-0.037154476825240756,-0.0098365541771811,0.04699103100242186,J Gillett,football-data.co.uk,proxy_shots,,,,,,,,
2026-05-02,Brentford,West Ham,3,0,14.0,13.0,2.0,6.0,1.0,3.0,8.0,12.0,2.15,1.44,2.15,1.44,6.0,4.0,4.0,3.0,1.91,3.77,3.62,1.59,2.28,1.91,3.77,3.62,1.86,3.86,3.8,1.59,2.28,1.57,2.35,0.4915803085479229,0.24904997064364268,0.25936972080843446,0.5072694324171035,0.2444355296103142,0.2482950379725823,1.5689123869180643,-0.4614441033328476,-1.1074682835852168,C Pawson,football-data.co.uk,proxy_shots,,,,,,,,
2026-05-02,Newcastle,Brighton,3,1,13.0,13.0,2.0,10.0,3.0,3.0,10.0,12.0,2.09,1.54,2.09,1.54,6.0,4.0,3.0,3.0,2.5,3.6,2.6,1.68,2.13,2.5,3.6,2.6,2.66,3.6,2.46,1.68,2.13,1.65,2.18,0.3765084473049075,0.2614641995172969,0.3620273531777956,0.35458607601018594,0.2619997117186374,0.38341421227117667,-2.192237129472158,0.05355122013405156,2.138685909338106,C Kavanagh,football-data.co.uk,proxy_shots,,,,,,,,
2026-05-02,Wolves,Sunderland,1,1,20.0,10.0,6.0,3.0,0.0,6.0,11.0,11.0,2.46,1.01,2.46,1.01,7.0,2.0,1.0,6.0,3.24,3.35,2.18,2.03,1.74,3.24,3.35,2.18,3.67,3.52,1.98,2.03,1.74,1.96,1.8,0.28956947208983275,0.28006122076748,0.43036930714268723,0.25666369602203676,0.26760106943206674,0.4757352345458964,-3.290577606779599,-1.2460151335413283,4.536592740320916,P Tierney,football-data.co.uk,proxy_shots,,,,,,,,
2026-05-03,Aston Villa,Tottenham,1,2,5.0,10.0,5.0,5.0,2.0,5.0,12.0,12.0,0.56,1.65,0.56,1.65,1.0,5.0,3.0,0.0,2.1,3.59,3.21,1.68,2.11,2.1,3.59,3.21,2.24,3.54,2.99,1.68,2.11,1.67,2.15,0.4465952821085185,0.2612395800634788,0.29216513782800274,0.4198272237603027,0.2656533845262932,0.31451939171340404,-2.676805834821583,0.4413804462814419,2.23542538854013,S Barrott,football-data.co.uk,proxy_shots,,,,,,,,
2026-05-03,Bournemouth,Crystal Palace,3,0,16.0,7.0,7.0,1.0,0.0,2.0,10.0,11.0,2.08,0.56,2.08,0.56,5.0,1.0,1.0,2.0,1.58,4.16,5.2,1.65,2.17,1.58,4.16,5.2,1.56,4.23,5.36,1.65,2.17,1.63,2.21,0.593946316390634,0.22558537978298115,0.18046830382638493,0.6024680335448486,0.2221867925129938,0.17534517394215743,0.852171715421457,-0.33985872699873465,-0.5123129884227501,R Jones,football-data.co.uk,proxy_shots,,,,,,,,
2026-05-03,Man United,Liverpool,3,2,18.0,13.0,3.0,2.0,2.0,2.0,12.0,11.0,2.37,1.81,2.37,1.81,6.0,5.0,3.0,3.0,2.29,3.73,2.76,1.47,2.58,2.29,3.73,2.76,2.35,3.71,2.74,1.47,2.58,1.49,2.53,0.4092237119835909,0.2512392226387194,0.33953706537768963,0.40143111570949613,0.2542757741017024,0.34429311018880143,-0.7792596274094787,0.3036551462982984,0.47560448111118037,D England,football-data.co.uk,proxy_shots,,,,,,,,
2026-05-04,Chelsea,Nott'm Forest,1,3,21.0,6.0,10.0,1.0,3.0,1.0,12.0,10.0,2.15,1.35,2.15,1.35,5.0,4.0,1.0,4.0,1.68,3.93,4.65,1.67,2.14,1.68,3.93,4.65,1.41,4.78,7.11,1.67,2.14,1.6,2.28,0.5590429778915779,0.23898020428952949,0.20197681781889262,0.6696616992474981,0.19753619161903185,0.13280210913347007,11.061872135592022,-4.144401267049763,-6.917470868542256,A Taylor,football-data.co.uk,proxy_shots,,,,,,,,
2026-05-04,Everton,Man City,3,3,14.0,21.0,5.0,9.0,4.0,1.0,15.0,5.0,2.15,2.17,2.15,2.17,6.0,4.0,1.0,3.0,6.38,4.63,1.44,1.58,2.28,6.38,4.63,1.44,6.69,4.61,1.44,1.58,2.28,1.57,2.35,0.14687468332679796,0.20238887248919457,0.6507364441840076,0.14090408359493894,0.20447902803690707,0.6546168883681539,-0.5970599731859011,0.20901555477124967,0.3880444184146348,M Oliver,football-data.co.uk,proxy_shots,,,,,,,,
2026-05-09,Brighton,Wolves,3,0,14.0,5.0,7.0,1.0,1.0,2.0,9.0,11.0,2.15,0.46,2.15,0.46,6.0,1.0,1.0,3.0,1.27,5.88,9.98,1.5,2.5,1.27,5.88,9.98,1.27,5.95,9.93,1.5,2.5,1.5,2.53,0.7444680975228546,0.16079498024728323,0.09473692222986226,0.7455227750782008,0.1591283906469437,0.09534883427485549,0.10546775553461618,-0.16665896003395242,0.06119120449932375,J Brooks,football-data.co.uk,proxy_shots,,,,,,,,
2026-05-09,Fulham,Bournemouth,0,1,14.0,10.0,11.0,2.0,6.0,4.0,12.0,21.0,1.13,1.55,1.13,1.55,2.0,5.0,4.0,2.0,2.68,3.66,2.39,1.54,2.39,2.68,3.66,2.39,2.63,3.6,2.47,1.54,2.39,1.59,2.3,0.35043707484355846,0.2566041968799827,0.3929587282764589,0.3577391465274118,0.2613483209353036,0.3809125325372846,0.7302071683853328,0.4744124055320875,-1.2046195739174315,A Madley,football-data.co.uk,proxy_shots,,,,,,,,
2026-05-09,Liverpool,Chelsea,1,1,8.0,6.0,5.0,2.0,2.0,4.0,17.0,17.0,1.08,0.97,1.08,0.97,3.0,3.0,2.0,2.0,1.82,3.95,3.81,1.41,2.8,1.82,3.95,3.81,1.99,3.69,3.48,1.41,2.8,1.58,2.33,0.5158761444775424,0.23769483112636128,0.24642902439609637,0.473678968627234,0.2554528855198363,0.2708681458529298,-4.2197175850308355,1.7758054393475025,2.443912145683341,C Pawson,football-data.co.uk,proxy_shots,,,,,,,,
2026-05-09,Man City,Brentford,3,0,25.0,4.0,10.0,2.0,4.0,2.0,8.0,14.0,3.47,0.58,3.47,0.58,10.0,2.0,2.0,7.0,1.35,5.51,7.23,1.37,2.97,1.35,5.51,7.23,1.34,5.57,7.32,1.37,2.97,1.35,3.12,0.6984551943236149,0.17112786067819968,0.13041694499818535,0.702427426996296,0.1689861314497373,0.12858644155396676,0.39722326726810975,-0.21417292284623968,-0.18305034442185897,M Salisbury,football-data.co.uk,proxy_shots,,,,,,,,
2026-05-09,Sunderland,Man United,0,0,15.0,11.0,7.0,8.0,0.0,3.0,12.0,12.0,1.54,0.78,1.54,0.78,4.0,1.0,1.0,4.0,3.93,3.7,1.86,1.72,2.05,3.93,3.7,1.86,3.21,3.51,2.15,1.72,2.05,1.71,2.09,0.2395172068159038,0.2544061142666221,0.5060766789174741,0.29346570691928087,0.2683831678663509,0.4381511252143682,5.394850010337707,1.397705359972884,-6.792555370310588,S Attwell,football-data.co.uk,proxy_shots,,,,,,,,
2026-05-10,Burnley,Aston Villa,2,2,15.0,18.0,2.0,8.0,1.0,1.0,18.0,8.0,2.1,2.45,2.1,2.45,6.0,7.0,5.0,4.0,5.34,4.09,1.58,1.7,2.09,5.34,4.09,1.58,6.34,4.42,1.48,1.7,2.09,1.69,2.12,0.175890038105607,0.22964616222101256,0.5944637996733805,0.1488499940838635,0.21350881504336983,0.6376411908727666,-2.7040044021743483,-1.613734717764273,4.317739119938613,A Taylor,football-data.co.uk,proxy_shots,,,,,,,,
2026-05-10,Crystal Palace,Everton,2,2,21.0,13.0,5.0,10.0,0.0,2.0,5.0,13.0,2.79,1.99,2.79,1.99,8.0,6.0,4.0,6.0,2.71,3.26,2.56,1.99,1.76,2.71,3.26,2.56,2.78,3.25,2.54,1.99,1.76,1.98,1.79,0.3460348788032076,0.2876547612137094,0.3663103599830831,0.33899766746607973,0.2899733894017544,0.37102894313216594,-0.7037211337127869,0.23186281880449577,0.47185831490828556,T Bramall,football-data.co.uk,proxy_shots,,,,,,,,
2026-05-10,Nott'm Forest,Newcastle,1,1,17.0,16.0,2.0,1.0,2.0,0.0,16.0,11.0,2.12,2.06,2.12,2.06,6.0,6.0,5.0,5.0,2.58,3.48,2.56,1.71,2.07,2.58,3.48,2.56,3.27,3.44,2.15,1.71,2.07,1.78,1.99,0.3637432631063204,0.269671729544341,0.3665850073493386,0.2880589515993971,0.2738234801540781,0.4381175682465249,-7.568431150692328,0.4151750609737104,7.153256089718635,P Tierney,football-data.co.uk,proxy_shots,,,,,,,,
2026-05-10,West Ham,Arsenal,0,1,9.0,15.0,4.0,3.0,3.0,4.0,14.0,12.0,1.04,1.65,1.04,1.65,3.0,4.0,3.0,3.0,5.29,4.09,1.58,1.65,2.17,5.29,4.09,1.58,5.83,4.14,1.54,1.65,2.17,1.8,1.98,0.1772578278221991,0.22926501446929906,0.593477157708502,0.1614484679665738,0.22735376044568245,0.6111977715877437,-1.5809359855625287,-0.19112540236166098,1.7720613879241731,C Kavanagh,football-data.co.uk,proxy_shots,,,,,,,,
2026-05-11,Tottenham,Leeds,1,1,16.0,11.0,14.0,2.0,3.0,1.0,12.0,7.0,1.52,1.43,1.52,1.43,3.0,4.0,3.0,2.0,1.82,3.82,3.92,1.7,2.09,1.82,3.82,3.92,1.81,3.73,4.15,1.7,2.09,1.79,1.98,0.5152712207341748,0.24549571249638694,0.2392330667694383,0.5204540334809346,0.2525527615550916,0.22699320496397385,0.5182812746759802,0.7057049058704662,-1.2239861805464463,J Gillett,football-data.co.uk,proxy_shots,,,,,,,,
2026-05-13,Man City,Crystal Palace,3,0,15.0,6.0,9.0,4.0,0.0,2.0,10.0,7.0,1.84,0.69,1.84,0.69,4.0,2.0,2.0,1.0,1.19,7.03,12.75,1.4,2.84,1.19,7.03,12.75,1.3,5.7,8.53,1.4,2.84,1.43,2.76,0.7920115365549564,0.13406738669991436,0.07392107674512927,0.7243891537544696,0.16521156138259832,0.11039928486293209,-6.762238280048683,3.114417468268396,3.647820811780282,S Attwell,football-data.co.uk,proxy_shots,,,,,,,,
2026-05-15,Aston Villa,Liverpool,4,2,14.0,16.0,4.0,9.0,3.0,1.0,12.0,9.0,2.79,1.98,2.79,1.98,9.0,5.0,3.0,5.0,2.76,3.44,2.43,1.68,2.13,2.76,3.44,2.43,2.68,3.42,2.5,1.68,2.13,1.79,1.97,0.34035276298431627,0.2730737284409049,0.38657350857477885,0.3501859466898212,0.2744147184586903,0.3753993348514884,0.9833183705504955,0.13409900177854261,-1.1174173723290437,C Kavanagh,football-data.co.uk,proxy_shots,,,,,,,,
2026-05-17,Brentford,Crystal Palace,2,2,14.0,16.0,9.0,4.0,1.0,3.0,7.0,5.0,1.51,1.98,1.51,1.98,3.0,5.0,3.0,1.0,1.71,4.09,4.17,1.65,2.18,1.71,4.09,4.17,1.72,3.9,4.41,1.65,2.18,1.67,2.16,0.5469966228243195,0.22869540954268616,0.22430796763299432,0.5461352334863872,0.24085964143502203,0.21300512507859085,-0.0861389337932339,1.2164231892335868,-1.1302842554403476,S Barrott,football-data.co.uk,proxy_shots,,,,,,,,
2026-05-17,Everton,Sunderland,1,3,10.0,7.0,3.0,2.0,3.0,0.0,14.0,9.0,1.37,1.23,1.37,1.23,4.0,3.0,0.0,3.0,1.81,3.63,4.18,1.88,1.86,1.81,3.63,4.18,1.84,3.58,4.13,1.88,1.86,1.85,1.9,0.5176956276975042,0.2581347344717583,0.22416963783073746,0.5103376386693267,0.26229643998646957,0.22736592134420366,-0.7357989028177525,0.4161705514711289,0.3196283513466208,J Brooks,football-data.co.uk,proxy_shots,,,,,,,,
2026-05-17,Leeds,Brighton,1,0,7.0,19.0,7.0,8.0,1.0,0.0,9.0,7.0,0.66,2.48,0.66,2.48,1.0,8.0,8.0,0.0,3.09,3.57,2.14,1.65,2.16,3.09,3.57,2.14,3.43,3.48,2.04,1.65,2.16,1.81,1.95,0.30216305366698704,0.26153608846806436,0.43630085786494854,0.27270212962109336,0.2687839955748133,0.45851387480409334,-2.9460924045893675,0.7247907106748941,2.221301693914479,M Oliver,football-data.co.uk,proxy_shots,,,,,,,,
2026-05-17,Man United,Nott'm Forest,3,2,29.0,11.0,7.0,6.0,2.0,1.0,11.0,5.0,3.33,1.52,3.33,1.52,8.0,4.0,2.0,5.0,1.58,4.23,4.94,1.57,2.32,1.58,4.23,4.94,1.56,4.42,5.12,1.57,2.32,1.5,2.51,0.5905417015215573,0.2205805882751916,0.18887771020325114,0.6032714166897698,0.21291932353756585,0.18380925977266427,1.272971516821253,-0.7661264737625767,-0.5068450430586874,M Salisbury,football-data.co.uk,proxy_shots,,,,,,,,
2026-05-17,Newcastle,West Ham,3,1,15.0,15.0,9.0,1.0,1.0,3.0,8.0,11.0,2.38,2.36,2.38,2.36,7.0,8.0,7.0,4.0,2.05,3.78,3.15,1.47,2.58,2.05,3.78,3.15,2.05,3.81,3.15,1.47,2.58,1.52,2.46,0.4559710494571773,0.24728588661037396,0.2967430639324487,0.4568606178267573,0.2458173927939245,0.2973219893793182,0.0889568369579985,-0.1468493816449451,0.057892544686949376,J Gillett,football-data.co.uk,proxy_shots,,,,,,,,
2026-05-17,Wolves,Fulham,1,1,11.0,13.0,3.0,6.0,1.0,0.0,20.0,8.0,1.25,1.71,1.25,1.71,3.0,5.0,4.0,2.0,3.68,3.78,1.87,1.68,2.11,3.68,3.78,1.87,4.03,3.63,1.84,1.68,2.11,1.8,1.96,0.2537131289347681,0.24700114139681134,0.4992857296684206,0.2325359551305038,0.2581597518390993,0.5093042930303969,-2.1177173804264315,1.1158610442287942,1.0018563361976318,T Kirk,football-data.co.uk,proxy_shots,,,,,,,,
2026-05-18,Arsenal,Burnley,1,0,13.0,5.0,3.0,3.0,1.0,3.0,7.0,16.0,1.35,0.28,1.35,0.28,3.0,0.0,0.0,2.0,1.08,10.12,22.13,1.33,3.19,1.08,10.12,22.13,1.09,10.11,22.69,1.33,3.19,1.36,3.04,0.8654098218757148,0.09235598889582729,0.04223418922845785,0.8651620472951134,0.09327662033152063,0.04156133237336595,-0.02477745806014342,0.09206314356933476,-0.06728568550918995,P Tierney,football-data.co.uk,proxy_shots,,,,,,,,
2026-05-19,Bournemouth,Man City,1,1,10.0,14.0,7.0,6.0,4.0,2.0,16.0,7.0,1.01,1.77,1.01,1.77,2.0,5.0,4.0,1.0,4.42,4.27,1.66,1.42,2.8,4.42,4.27,1.66,4.62,4.24,1.63,1.42,2.8,1.51,2.49,0.2128665297247949,0.22034427667063078,0.5667891936045744,0.2030878092070078,0.22128907512650375,0.5756231156664884,-0.9778720517787082,0.0944798455872975,0.8833922061914024,A Taylor,football-data.co.uk,proxy_shots,,,,,,,,
2026-05-19,Chelsea,Tottenham,2,1,9.0,9.0,3.0,4.0,4.0,3.0,11.0,18.0,1.41,1.14,1.41,1.14,4.0,3.0,2.0,2.0,1.9,3.64,3.76,1.69,2.12,1.9,3.64,3.76,2.19,3.28,3.25,1.69,2.12,1.86,1.89,0.49326759507539714,0.2574748435833117,0.24925756134129112,0.42707135617190223,0.28514825305380054,0.2877803907742972,-6.619623890349491,2.7673409470488854,3.8522829433006054,S Attwell,football-data.co.uk,proxy_shots,,,,,,,,
2026-05-24,Brighton,Man United,0,3,13.0,11.0,0.0,3.0,0.0,1.0,11.0,8.0,1.07,2.17,1.07,2.17,2.0,7.0,4.0,2.0,1.86,3.98,3.58,1.46,2.6,1.86,3.98,3.58,1.87,4.08,3.49,1.46,2.6,1.43,2.7,0.503299187566231,0.23521017308371597,0.26149063935005296,0.5014668023708316,0.2298389510866312,0.2686942465425373,-0.18323851953994108,-0.5371221997084785,0.7203607192484363,S Barrott,football-data.co.uk,proxy_shots,,,,,,,,
2026-05-24,Burnley,Wolves,1,1,16.0,16.0,7.0,7.0,2.0,2.0,10.0,11.0,2.42,1.7,2.42,1.7,8.0,4.0,3.0,7.0,2.36,3.5,2.77,1.71,2.07,2.36,3.5,2.77,2.39,3.42,2.82,1.71,2.07,1.73,2.04,0.39584030834306433,0.26690946505418045,0.33725022660275517,0.3927192768140728,0.2744441729782556,0.33283655020767167,-0.31210315289915136,0.7534707924075124,-0.4413676395083499,A Kitchen,football-data.co.uk,proxy_shots,,,,,,,,
2026-05-24,Crystal Palace,Arsenal,1,2,8.0,17.0,3.0,4.0,0.0,1.0,9.0,12.0,1.08,2.4,1.08,2.4,3.0,7.0,5.0,2.0,4.13,3.86,1.76,1.63,2.21,4.13,3.86,1.76,3.97,3.66,1.86,1.63,2.21,1.72,2.07,0.2264216343045307,0.24225941701495127,0.5313189486805181,0.23701692082724046,0.2570921245038646,0.5058909546688949,1.0595286522709775,1.4832707488913326,-2.542799401162321,F Hallam,football-data.co.uk,proxy_shots,,,,,,,,
2026-05-24,Fulham,Newcastle,2,0,21.0,7.0,6.0,6.0,2.0,2.0,13.0,6.0,2.44,0.74,2.44,0.74,6.0,2.0,2.0,4.0,2.82,3.66,2.27,1.6,2.25,2.82,3.66,2.27,2.54,3.63,2.53,1.6,2.25,1.48,2.57,0.3319190756987392,0.255740927177717,0.41233999712354374,0.3698666548531431,0.2588047667567448,0.37132857839011213,3.794757915440389,0.3063839579027783,-4.1011418733431615,R Jones,football-data.co.uk,proxy_shots,,,,,,,,
2026-05-24,Liverpool,Brentford,1,1,24.0,11.0,14.0,2.0,2.0,3.0,9.0,9.0,2.86,1.06,2.86,1.06,8.0,2.0,1.0,7.0,1.8,4.09,3.73,1.48,2.56,1.8,4.09,3.73,1.77,4.06,3.96,1.48,2.56,1.4,2.87,0.5201096424687284,0.2288991091549416,0.2509912483763301,0.5310871073233574,0.23153304925180854,0.237379843424834,1.0977464854629027,0.26339400968669324,-1.3611404951496069,D England,football-data.co.uk,proxy_shots,,,,,,,,
2026-05-24,Man City,Aston Villa,1,2,16.0,12.0,9.0,4.0,1.0,0.0,8.0,4.0,1.52,1.76,1.52,1.76,3.0,5.0,3.0,2.0,1.28,5.93,8.39,1.29,3.38,1.28,5.93,8.39,1.39,5.15,6.71,1.29,3.38,1.38,2.97,0.730772902795587,0.15773850178387042,0.11148859542054247,0.6770222111637694,0.18273026670245424,0.14024752213377634,-5.375069163181767,2.499176491858382,2.8758926713233866,A Madley,football-data.co.uk,proxy_shots,,,,,,,,
2026-05-24,Nott'm Forest,Bournemouth,1,1,15.0,17.0,6.0,3.0,1.0,1.0,11.0,7.0,1.82,1.76,1.82,1.76,5.0,4.0,3.0,4.0,3.19,3.72,2.05,1.56,2.34,3.19,3.72,2.05,3.54,3.7,1.96,1.56,2.34,1.6,2.27,0.2929437660137598,0.25120715418921874,0.4558490797970214,0.2657539467319447,0.2542618841705633,0.4799841690974919,-2.7189819281815133,0.30547299813445394,2.413508930047054,C Pawson,football-data.co.uk,proxy_shots,,,,,,,,
2026-05-24,Sunderland,Chelsea,2,1,20.0,10.0,7.0,7.0,3.0,2.0,15.0,18.0,1.66,0.83,1.66,0.83,2.0,1.0,0.0,0.0,3.47,3.59,1.99,1.73,2.04,3.47,3.59,1.99,3.39,3.65,2.03,1.73,2.04,1.71,2.09,0.26952053631723305,0.26051149332055673,0.46996797036221033,0.2778767434098265,0.25808278360529086,0.4640404729848827,0.8356207092593437,-0.24287097152658754,-0.5927497377327617,C Kavanagh,football-data.co.uk,proxy_shots,,,,,,,,
2026-05-24,Tottenham,Everton,1,0,21.0,8.0,6.0,2.0,5.0,5.0,15.0,12.0,2.34,0.98,2.34,0.98,6.0,3.0,3.0,5.0,1.89,3.63,3.78,1.73,2.03,1.89,3.63,3.78,1.87,3.48,4.1,1.73,2.03,1.95,1.82,0.4948875255623722,0.2576687116564417,0.2474437627811861,0.5016419033421698,0.26956044806030394,0.2287976485975263,0.6754377779797649,1.1891736403862263,-1.86461141836598,M Oliver,football-data.co.uk,proxy_shots,,,,,,,,
2026-05-24,West Ham,Leeds,3,0,16.0,13.0,6.0,4.0,0.0,3.0,11.0,14.0,2.8,1.25,2.8,1.25,9.0,3.0,3.0,6.0,1.82,3.9,3.75,1.64,2.19,1.82,3.9,3.75,1.7,4.11,4.35,1.64,2.19,1.57,2.34,0.5122950819672131,0.23907103825136616,0.24863387978142076,0.554191658529781,0.22922769330915513,0.21658064816106387,4.189657656256795,-0.9843344942211035,-3.2053231620356892,A Taylor,football-data.co.uk,proxy_shots,,,,,,,,
2026-08-21,Arsenal,Coventry,3,0,20.0,4.0,8.0,2.0,1.0,1.0,10.0,13.0,2.48,0.4,2.48,0.4,6.0,1.0,1.0,3.0,1.19,6.77,14.19,1.55,2.38,1.19,6.77,14.19,1.2,6.72,14.0,1.55,2.38,1.55,2.37,0.793879283059813,0.13954451208880023,0.06657620485138671,0.7909604519774012,0.14124293785310735,0.06779661016949153,-0.2918831082411866,0.1698425764307121,0.12204053181048141,T Bramall,football-data.co.uk,proxy_shots,,,,,,,,
2026-08-22,Brentford,Tottenham,3,0,26.0,9.0,7.0,3.0,1.0,1.0,17.0,14.0,3.17,1.21,3.17,1.21,8.0,4.0,4.0,5.0,2.48,3.58,2.69,1.69,2.14,2.48,3.58,2.69,1.99,3.71,3.39,1.69,2.14,1.65,2.18,0.3824573666192742,0.26494253330050277,0.3526001000802231,0.4709408782328998,0.25260710180147455,0.2764520199656256,8.848351161362562,-1.2335431499028215,-7.6148080114597505,M Oliver,football-data.co.uk,proxy_shots,,,,,,,,
2026-08-22,Everton,Crystal Palace,2,0,16.0,11.0,4.0,0.0,0.0,1.0,5.0,15.0,1.98,1.32,1.98,1.32,5.0,4.0,4.0,3.0,2.23,3.4,3.24,1.93,1.83,2.23,3.4,3.24,2.32,3.36,3.05,1.93,1.83,1.93,1.83,0.42659314105145757,0.2797949131013972,0.2936119458471452,0.4079747762667601,0.2816968693270486,0.3103283544061913,-1.8618364784697472,0.19019562256514244,1.6716408559046103,P Tierney,football-data.co.uk,proxy_shots,,,,,,,,
2026-08-22,Hull,Man United,2,0,8.0,21.0,1.0,6.0,2.0,1.0,10.0,9.0,1.36,2.05,1.36,2.05,4.0,5.0,5.0,2.0,8.37,4.93,1.36,1.64,2.2,8.37,4.93,1.36,8.49,5.11,1.34,1.64,2.2,1.55,2.38,0.1129665167702575,0.1917910234010254,0.695242459828717,0.11114483694461262,0.18466138271228205,0.7041937803431054,-0.18216798256448785,-0.712964068874336,0.8951320514388406,D England,football-data.co.uk,proxy_shots,,,,,,,,
2026-08-22,Ipswich,Sunderland,2,1,10.0,11.0,3.0,5.0,0.0,3.0,12.0,14.0,1.29,1.43,1.29,1.43,3.0,4.0,3.0,1.0,2.69,3.29,2.6,1.93,1.81,2.69,3.29,2.6,2.83,3.22,2.52,1.93,1.81,2.14,1.67,0.35060107139490376,0.28666166627729206,0.3627372623278042,0.33312259325248583,0.29277544686476237,0.3741019598827519,-1.747847814241793,0.6113780587470308,1.1364697554947734,F Hallam,football-data.co.uk,proxy_shots,,,,,,,,
2026-08-22,Nott'm Forest,Leeds,0,1,12.0,11.0,3.0,2.0,2.0,1.0,15.0,14.0,1.02,1.25,1.02,1.25,2.0,3.0,2.0,2.0,2.27,3.35,3.1,1.91,1.83,2.27,3.35,3.1,2.45,3.2,2.94,1.91,1.83,2.12,1.69,0.4149601422492158,0.2811819471360358,0.30385791061474837,0.3847695390781563,0.29458917835671344,0.32064128256513025,-3.0190603171059482,1.3407231220677662,1.6783371950381876,R Jones,football-data.co.uk,proxy_shots,,,,,,,,
2026-08-23,Brighton,Aston Villa,4,0,21.0,6.0,5.0,2.0,2.0,5.0,12.0,11.0,2.64,0.33,2.64,0.33,6.0,0.0,0.0,2.0,2.19,3.54,3.08,1.66,2.15,2.19,3.54,3.08,2.07,3.41,3.52,1.66,2.15,1.93,1.82,0.429242943191213,0.26554860044880124,0.30520845635998584,0.4555588026551998,0.276541560556089,0.26789963678871126,2.6315859463986846,1.099296010728773,-3.7308819571274574,P Bankes,football-data.co.uk,proxy_shots,,,,,,,,
2026-08-23,Man City,Bournemouth,2,1,13.0,5.0,8.0,3.0,1.0,2.0,11.0,11.0,1.99,1.09,1.99,1.09,6.0,4.0,3.0,4.0,1.45,4.72,5.93,1.41,2.78,1.45,4.72,5.93,1.44,4.78,6.36,1.41,2.78,1.52,2.45,0.6444450072642124,0.1979756907909127,0.15757930194487488,0.6545914939796393,0.19719911115704616,0.14820939486331455,1.014648671542695,-0.0776579633866542,-0.9369907081560325,J Gillett,football-data.co.uk,proxy_shots,,,,,,,,
2026-08-23,Newcastle,Liverpool,2,2,13.0,27.0,2.0,6.0,5.0,3.0,16.0,15.0,1.64,2.95,1.64,2.95,4.0,7.0,5.0,2.0,3.57,3.85,1.92,1.51,2.53,3.57,3.85,1.92,3.66,3.82,1.92,1.51,2.53,1.49,2.58,0.26408582789406554,0.2448795858654062,0.49103458624052815,0.2587747152716033,0.24793598374190268,0.4932893009864939,-0.5311112622462255,0.3056397876496475,0.22547147459657246,S Attwell,football-data.co.uk,proxy_shots,,,,,,,,
2026-08-24,Fulham,Chelsea,2,3,14.0,18.0,6.0,4.0,2.0,3.0,12.0,7.0,2.05,2.37,2.05,2.37,6.0,6.0,3.0,4.0,3.66,3.76,1.89,1.61,2.22,3.66,3.76,1.89,3.57,3.5,2.02,1.61,2.22,1.84,1.91,0.25576021939579774,0.2489580859012287,0.49528169470297356,0.2640384816480184,0.2693192512809788,0.4666422670710028,0.827826225222067,2.036116537975008,-2.863942763197075,J Brooks,football-data.co.uk,proxy_shots,,,,,,,,
