Fecha,Local,Visitante,Goles_Local,Goles_Visita,Corners_Local,Corners_Visita,Tarjetas_Local,Tarjetas_Visita,xG_Local,xG_Visita,TirosGol_Local,TirosGol_Visita,Atajadas_Local,Atajadas_Visita,Arbitro,Fuente,Fuente_xG
2020-09-12,Cadiz,Osasuna,0,2,6.0,2.0,2.0,2.0,1.2,1.25,3.0,4.0,2.0,3.0,Desconocido,football-data.co.uk,proxy_shots
2020-09-12,Eibar,Celta,0,0,3.0,3.0,6.0,4.0,0.62,0.87,1.0,3.0,3.0,1.0,Desconocido,football-data.co.uk,proxy_shots
2020-09-12,Granada,Ath Bilbao,2,0,1.0,2.0,3.0,4.0,0.78,0.85,2.0,2.0,2.0,0.0,Desconocido,football-data.co.uk,proxy_shots
2020-09-13,Alaves,Betis,0,1,6.0,4.0,3.0,3.0,0.74,1.43,2.0,4.0,3.0,2.0,Desconocido,football-data.co.uk,proxy_shots
2020-09-13,Valencia,Levante,4,2,3.0,4.0,1.0,3.0,2.61,2.69,8.0,8.0,6.0,4.0,Desconocido,football-data.co.uk,proxy_shots
2020-09-13,Valladolid,Sociedad,1,1,5.0,3.0,4.0,1.0,1.08,0.9,3.0,2.0,1.0,2.0,Desconocido,football-data.co.uk,proxy_shots
2020-09-13,Villarreal,Huesca,1,1,6.0,6.0,1.0,1.0,1.65,1.19,4.0,3.0,2.0,3.0,Desconocido,football-data.co.uk,proxy_shots
2020-09-19,Celta,Valencia,2,1,6.0,6.0,3.0,1.0,2.54,1.14,6.0,3.0,2.0,4.0,Desconocido,football-data.co.uk,proxy_shots
2020-09-19,Getafe,Osasuna,1,0,4.0,1.0,4.0,2.0,0.66,1.09,1.0,3.0,3.0,0.0,Desconocido,football-data.co.uk,proxy_shots
2020-09-19,Villarreal,Eibar,2,1,4.0,3.0,1.0,1.0,2.41,1.48,8.0,4.0,3.0,6.0,Desconocido,football-data.co.uk,proxy_shots
2020-09-20,Betis,Valladolid,2,0,5.0,3.0,3.0,0.0,2.16,0.85,6.0,2.0,2.0,4.0,Desconocido,football-data.co.uk,proxy_shots
2020-09-20,Granada,Alaves,2,1,4.0,4.0,0.0,3.0,1.29,0.92,3.0,3.0,2.0,1.0,Desconocido,football-data.co.uk,proxy_shots
2020-09-20,Huesca,Cadiz,0,2,2.0,1.0,3.0,3.0,0.22,1.25,0.0,4.0,2.0,0.0,Desconocido,football-data.co.uk,proxy_shots
2020-09-20,Sociedad,Real Madrid,0,0,1.0,11.0,2.0,2.0,0.51,1.6,1.0,4.0,4.0,1.0,Desconocido,football-data.co.uk,proxy_shots
2020-09-26,Alaves,Getafe,0,0,1.0,5.0,2.0,2.0,0.49,1.32,0.0,4.0,4.0,0.0,Desconocido,football-data.co.uk,proxy_shots
2020-09-26,Betis,Real Madrid,2,3,8.0,3.0,7.0,2.0,1.92,1.62,5.0,4.0,1.0,3.0,Desconocido,football-data.co.uk,proxy_shots
2020-09-26,Elche,Sociedad,0,3,2.0,11.0,3.0,1.0,0.64,3.04,2.0,7.0,4.0,2.0,Desconocido,football-data.co.uk,proxy_shots
2020-09-26,Valencia,Huesca,1,1,4.0,4.0,0.0,1.0,0.73,1.76,2.0,4.0,3.0,1.0,Desconocido,football-data.co.uk,proxy_shots
2020-09-27,Ath Madrid,Granada,6,1,1.0,1.0,3.0,1.0,3.33,1.79,10.0,6.0,5.0,4.0,Desconocido,football-data.co.uk,proxy_shots
2020-09-27,Barcelona,Villarreal,4,0,8.0,4.0,0.0,1.0,2.95,0.46,9.0,1.0,1.0,5.0,Desconocido,football-data.co.uk,proxy_shots
2020-09-27,Cadiz,Sevilla,1,3,6.0,5.0,4.0,2.0,1.66,1.97,5.0,5.0,2.0,4.0,Desconocido,football-data.co.uk,proxy_shots
2020-09-27,Eibar,Ath Bilbao,1,2,5.0,4.0,1.0,0.0,0.66,1.59,1.0,5.0,3.0,0.0,Desconocido,football-data.co.uk,proxy_shots
2020-09-27,Osasuna,Levante,1,3,3.0,7.0,2.0,0.0,1.31,1.8,4.0,5.0,2.0,3.0,Desconocido,football-data.co.uk,proxy_shots
2020-09-27,Valladolid,Celta,1,1,4.0,1.0,3.0,4.0,1.37,0.56,4.0,1.0,0.0,3.0,Desconocido,football-data.co.uk,proxy_shots
2020-09-29,Getafe,Betis,3,0,1.0,4.0,4.0,6.0,1.46,0.91,4.0,2.0,2.0,1.0,Desconocido,football-data.co.uk,proxy_shots
2020-09-29,Sociedad,Valencia,0,1,9.0,3.0,1.0,5.0,1.15,1.5,3.0,5.0,4.0,3.0,Desconocido,football-data.co.uk,proxy_shots
2020-09-30,Eibar,Elche,0,1,3.0,2.0,2.0,2.0,1.38,0.73,4.0,2.0,1.0,4.0,Desconocido,football-data.co.uk,proxy_shots
2020-09-30,Huesca,Ath Madrid,0,0,5.0,7.0,1.0,0.0,1.04,1.24,3.0,2.0,2.0,3.0,Desconocido,football-data.co.uk,proxy_shots
2020-09-30,Real Madrid,Valladolid,1,0,4.0,7.0,2.0,1.0,1.82,1.5,5.0,5.0,5.0,4.0,Desconocido,football-data.co.uk,proxy_shots
2020-09-30,Villarreal,Alaves,3,1,2.0,0.0,0.0,2.0,1.93,1.08,6.0,3.0,2.0,3.0,Desconocido,football-data.co.uk,proxy_shots
2020-10-01,Ath Bilbao,Cadiz,0,1,5.0,2.0,3.0,9.0,1.44,0.44,4.0,1.0,0.0,4.0,Desconocido,football-data.co.uk,proxy_shots
2020-10-01,Celta,Barcelona,0,3,3.0,7.0,5.0,7.0,1.09,1.17,3.0,3.0,0.0,3.0,Desconocido,football-data.co.uk,proxy_shots
2020-10-01,Sevilla,Levante,1,0,2.0,4.0,5.0,2.0,1.34,0.34,2.0,1.0,1.0,1.0,Desconocido,football-data.co.uk,proxy_shots
2020-10-03,Ath Madrid,Villarreal,0,0,9.0,1.0,1.0,2.0,0.95,0.69,1.0,2.0,2.0,1.0,Desconocido,football-data.co.uk,proxy_shots
2020-10-03,Elche,Huesca,0,0,0.0,5.0,0.0,2.0,0.2,1.71,0.0,4.0,4.0,0.0,Desconocido,football-data.co.uk,proxy_shots
2020-10-03,Sociedad,Getafe,3,0,5.0,4.0,3.0,3.0,1.99,0.46,6.0,1.0,1.0,3.0,Desconocido,football-data.co.uk,proxy_shots
2020-10-03,Valencia,Betis,0,2,4.0,7.0,2.0,2.0,0.64,2.58,2.0,8.0,6.0,2.0,Desconocido,football-data.co.uk,proxy_shots
2020-10-03,Valladolid,Eibar,1,2,3.0,4.0,2.0,5.0,1.14,1.7,3.0,5.0,3.0,2.0,Desconocido,football-data.co.uk,proxy_shots
2020-10-04,Alaves,Ath Bilbao,1,0,0.0,6.0,4.0,3.0,1.08,0.44,3.0,0.0,0.0,2.0,Desconocido,football-data.co.uk,proxy_shots
2020-10-04,Barcelona,Sevilla,1,1,6.0,5.0,1.0,1.0,1.66,0.99,5.0,1.0,0.0,4.0,Desconocido,football-data.co.uk,proxy_shots
2020-10-04,Cadiz,Granada,1,1,2.0,5.0,2.0,2.0,1.59,1.71,4.0,5.0,4.0,3.0,Desconocido,football-data.co.uk,proxy_shots
2020-10-04,Levante,Real Madrid,0,2,4.0,6.0,2.0,1.0,1.32,1.45,4.0,3.0,1.0,4.0,Desconocido,football-data.co.uk,proxy_shots
2020-10-04,Osasuna,Celta,2,0,6.0,5.0,3.0,3.0,1.87,1.04,5.0,3.0,3.0,3.0,Desconocido,football-data.co.uk,proxy_shots
2020-10-17,Celta,Ath Madrid,0,2,8.0,4.0,3.0,4.0,1.72,1.41,5.0,4.0,2.0,5.0,Desconocido,football-data.co.uk,proxy_shots
2020-10-17,Getafe,Barcelona,1,0,7.0,2.0,4.0,3.0,1.31,0.56,4.0,1.0,1.0,3.0,Desconocido,football-data.co.uk,proxy_shots
2020-10-17,Granada,Sevilla,1,0,5.0,1.0,4.0,6.0,1.35,0.98,3.0,3.0,3.0,2.0,Desconocido,football-data.co.uk,proxy_shots
2020-10-17,Real Madrid,Cadiz,0,1,4.0,11.0,2.0,0.0,1.13,1.77,2.0,5.0,4.0,2.0,Desconocido,football-data.co.uk,proxy_shots
2020-10-18,Alaves,Elche,0,2,2.0,6.0,2.0,5.0,1.07,1.12,2.0,3.0,1.0,2.0,Desconocido,football-data.co.uk,proxy_shots
2020-10-18,Ath Bilbao,Levante,2,0,9.0,3.0,3.0,1.0,1.87,0.51,5.0,1.0,1.0,3.0,Desconocido,football-data.co.uk,proxy_shots
2020-10-18,Betis,Sociedad,0,3,6.0,2.0,2.0,1.0,0.56,1.64,1.0,5.0,2.0,1.0,Desconocido,football-data.co.uk,proxy_shots
2020-10-18,Eibar,Osasuna,0,0,6.0,7.0,2.0,5.0,1.63,0.8,6.0,2.0,2.0,6.0,Desconocido,football-data.co.uk,proxy_shots
2020-10-18,Huesca,Valladolid,2,2,3.0,1.0,1.0,2.0,2.12,1.02,7.0,3.0,1.0,5.0,Desconocido,football-data.co.uk,proxy_shots
2020-10-18,Villarreal,Valencia,2,1,3.0,7.0,6.0,1.0,2.16,1.25,6.0,3.0,2.0,4.0,Desconocido,football-data.co.uk,proxy_shots
2020-10-23,Elche,Valencia,2,1,0.0,7.0,3.0,2.0,0.73,1.59,2.0,4.0,3.0,0.0,Desconocido,football-data.co.uk,proxy_shots
2020-10-24,Ath Madrid,Betis,2,0,8.0,5.0,2.0,2.0,1.99,1.2,6.0,3.0,3.0,4.0,Desconocido,football-data.co.uk,proxy_shots
2020-10-24,Barcelona,Real Madrid,1,3,7.0,7.0,3.0,2.0,1.37,2.75,4.0,9.0,6.0,3.0,Desconocido,football-data.co.uk,proxy_shots
2020-10-24,Osasuna,Ath Bilbao,1,0,2.0,5.0,3.0,2.0,0.84,1.61,2.0,5.0,5.0,1.0,Desconocido,football-data.co.uk,proxy_shots
2020-10-24,Sevilla,Eibar,0,1,13.0,3.0,0.0,3.0,1.7,0.44,3.0,1.0,0.0,3.0,Desconocido,football-data.co.uk,proxy_shots
2020-10-25,Cadiz,Villarreal,0,0,0.0,5.0,2.0,2.0,0.28,0.74,0.0,2.0,2.0,0.0,Desconocido,football-data.co.uk,proxy_shots
2020-10-25,Getafe,Granada,0,1,6.0,1.0,4.0,2.0,0.73,0.73,1.0,2.0,1.0,1.0,Desconocido,football-data.co.uk,proxy_shots
2020-10-25,Sociedad,Huesca,4,1,4.0,5.0,2.0,1.0,2.19,1.15,6.0,4.0,3.0,2.0,Desconocido,football-data.co.uk,proxy_shots
2020-10-25,Valladolid,Alaves,0,2,2.0,4.0,3.0,0.0,0.46,1.69,1.0,4.0,2.0,1.0,Desconocido,football-data.co.uk,proxy_shots
2020-10-26,Levante,Celta,1,1,3.0,2.0,2.0,2.0,1.19,1.19,3.0,3.0,2.0,2.0,Desconocido,football-data.co.uk,proxy_shots
2020-10-30,Eibar,Cadiz,0,2,7.0,2.0,1.0,1.0,1.04,1.25,3.0,4.0,2.0,3.0,Desconocido,football-data.co.uk,proxy_shots
2020-10-31,Alaves,Barcelona,1,1,2.0,14.0,6.0,3.0,0.86,3.1,3.0,9.0,8.0,2.0,Desconocido,football-data.co.uk,proxy_shots
2020-10-31,Ath Bilbao,Sevilla,2,1,6.0,1.0,5.0,5.0,1.98,1.03,5.0,3.0,2.0,3.0,Desconocido,football-data.co.uk,proxy_shots
2020-10-31,Osasuna,Ath Madrid,1,3,3.0,2.0,1.0,2.0,1.08,1.99,3.0,6.0,3.0,2.0,Desconocido,football-data.co.uk,proxy_shots
2020-10-31,Real Madrid,Huesca,4,1,6.0,3.0,0.0,2.0,2.19,0.95,6.0,2.0,1.0,2.0,Desconocido,football-data.co.uk,proxy_shots
2020-11-01,Betis,Elche,3,1,1.0,1.0,2.0,1.0,3.04,0.68,10.0,2.0,1.0,7.0,Desconocido,football-data.co.uk,proxy_shots
2020-11-01,Celta,Sociedad,1,4,2.0,3.0,4.0,5.0,0.95,2.15,2.0,7.0,3.0,1.0,Desconocido,football-data.co.uk,proxy_shots
2020-11-01,Granada,Levante,1,1,2.0,8.0,4.0,3.0,0.73,1.86,2.0,4.0,3.0,1.0,Desconocido,football-data.co.uk,proxy_shots
2020-11-01,Valencia,Getafe,2,2,0.0,3.0,10.0,7.0,1.7,1.98,5.0,5.0,3.0,3.0,Desconocido,football-data.co.uk,proxy_shots
2020-11-02,Villarreal,Valladolid,2,0,6.0,4.0,1.0,3.0,1.7,0.78,5.0,1.0,1.0,3.0,Desconocido,football-data.co.uk,proxy_shots
2020-11-06,Elche,Celta,1,1,3.0,3.0,3.0,4.0,0.72,1.95,1.0,6.0,5.0,0.0,Desconocido,football-data.co.uk,proxy_shots
2020-11-07,Ath Madrid,Cadiz,4,0,2.0,7.0,1.0,1.0,2.6,1.09,7.0,3.0,3.0,3.0,Desconocido,football-data.co.uk,proxy_shots
2020-11-07,Barcelona,Betis,5,2,9.0,5.0,2.0,4.0,3.11,1.94,9.0,6.0,4.0,4.0,Desconocido,football-data.co.uk,proxy_shots
2020-11-07,Huesca,Eibar,1,1,4.0,3.0,2.0,0.0,1.95,1.08,6.0,3.0,2.0,5.0,Desconocido,football-data.co.uk,proxy_shots
2020-11-07,Sevilla,Osasuna,1,0,3.0,0.0,2.0,3.0,0.78,0.91,1.0,2.0,2.0,0.0,Desconocido,football-data.co.uk,proxy_shots
2020-11-08,Getafe,Villarreal,1,3,3.0,3.0,3.0,4.0,1.71,1.7,5.0,5.0,2.0,4.0,Desconocido,football-data.co.uk,proxy_shots
2020-11-08,Levante,Alaves,1,1,12.0,1.0,1.0,8.0,1.99,0.79,5.0,2.0,1.0,4.0,Desconocido,football-data.co.uk,proxy_shots
2020-11-08,Sociedad,Granada,2,0,15.0,0.0,4.0,1.0,3.03,0.29,9.0,1.0,1.0,7.0,Desconocido,football-data.co.uk,proxy_shots
2020-11-08,Valencia,Real Madrid,4,1,1.0,8.0,3.0,2.0,1.5,2.06,4.0,6.0,5.0,0.0,Desconocido,football-data.co.uk,proxy_shots
2020-11-08,Valladolid,Ath Bilbao,2,1,2.0,11.0,4.0,2.0,1.3,1.4,4.0,2.0,1.0,2.0,Desconocido,football-data.co.uk,proxy_shots
2020-11-20,Osasuna,Huesca,1,1,4.0,3.0,2.0,3.0,2.35,1.33,7.0,5.0,4.0,6.0,Desconocido,football-data.co.uk,proxy_shots
2020-11-21,Ath Madrid,Barcelona,1,0,8.0,8.0,4.0,0.0,0.95,1.44,2.0,4.0,4.0,1.0,Desconocido,football-data.co.uk,proxy_shots
2020-11-21,Levante,Elche,1,1,5.0,4.0,1.0,4.0,1.71,1.6,5.0,5.0,4.0,4.0,Desconocido,football-data.co.uk,proxy_shots
2020-11-21,Sevilla,Celta,4,2,3.0,2.0,2.0,2.0,3.02,2.01,10.0,7.0,5.0,6.0,Desconocido,football-data.co.uk,proxy_shots
2020-11-21,Villarreal,Real Madrid,1,1,4.0,2.0,1.0,2.0,0.99,0.61,1.0,1.0,0.0,0.0,Desconocido,football-data.co.uk,proxy_shots
2020-11-22,Alaves,Valencia,2,2,4.0,5.0,1.0,1.0,1.45,1.81,3.0,5.0,3.0,1.0,Desconocido,football-data.co.uk,proxy_shots
2020-11-22,Cadiz,Sociedad,0,1,1.0,6.0,2.0,1.0,0.2,1.59,0.0,4.0,3.0,0.0,Desconocido,football-data.co.uk,proxy_shots
2020-11-22,Eibar,Getafe,0,0,3.0,4.0,5.0,4.0,1.72,0.98,5.0,3.0,3.0,5.0,Desconocido,football-data.co.uk,proxy_shots
2020-11-22,Granada,Valladolid,1,3,5.0,3.0,4.0,3.0,2.06,1.34,6.0,3.0,0.0,5.0,Desconocido,football-data.co.uk,proxy_shots
2020-11-23,Ath Bilbao,Betis,4,0,6.0,3.0,0.0,0.0,2.79,0.56,9.0,1.0,1.0,5.0,Desconocido,football-data.co.uk,proxy_shots
2020-11-27,Valladolid,Levante,1,1,3.0,11.0,0.0,3.0,1.37,1.19,4.0,3.0,2.0,3.0,Desconocido,football-data.co.uk,proxy_shots
2020-11-28,Elche,Cadiz,1,1,1.0,9.0,8.0,2.0,0.86,0.84,3.0,2.0,1.0,2.0,Desconocido,football-data.co.uk,proxy_shots
2020-11-28,Huesca,Sevilla,0,1,1.0,10.0,4.0,3.0,0.46,1.7,1.0,4.0,3.0,1.0,Desconocido,football-data.co.uk,proxy_shots
2020-11-28,Real Madrid,Alaves,1,2,12.0,9.0,2.0,3.0,2.82,1.89,9.0,6.0,4.0,8.0,Desconocido,football-data.co.uk,proxy_shots
2020-11-28,Valencia,Ath Madrid,0,1,2.0,7.0,2.0,5.0,0.64,1.95,2.0,6.0,5.0,2.0,Desconocido,football-data.co.uk,proxy_shots
2020-11-29,Barcelona,Osasuna,4,0,5.0,3.0,1.0,0.0,3.48,1.45,11.0,5.0,5.0,7.0,Desconocido,football-data.co.uk,proxy_shots
2020-11-29,Celta,Granada,3,1,8.0,0.0,6.0,3.0,2.67,0.95,8.0,2.0,1.0,5.0,Desconocido,football-data.co.uk,proxy_shots
2020-11-29,Getafe,Ath Bilbao,1,1,3.0,2.0,2.0,4.0,1.25,0.73,3.0,2.0,1.0,2.0,Desconocido,football-data.co.uk,proxy_shots
2020-11-29,Sociedad,Villarreal,1,1,4.0,4.0,5.0,3.0,1.26,1.01,4.0,2.0,1.0,3.0,Desconocido,football-data.co.uk,proxy_shots
2020-11-30,Betis,Eibar,0,2,6.0,2.0,2.0,1.0,0.93,1.89,3.0,6.0,4.0,3.0,Desconocido,football-data.co.uk,proxy_shots
2020-12-04,Ath Bilbao,Celta,0,2,4.0,5.0,2.0,1.0,0.55,1.25,0.0,4.0,2.0,0.0,Desconocido,football-data.co.uk,proxy_shots
2020-12-05,Ath Madrid,Valladolid,2,0,4.0,4.0,4.0,2.0,1.74,1.25,4.0,3.0,3.0,2.0,Desconocido,football-data.co.uk,proxy_shots
2020-12-05,Cadiz,Barcelona,2,1,5.0,13.0,0.0,2.0,1.12,2.69,3.0,8.0,7.0,1.0,Desconocido,football-data.co.uk,proxy_shots
2020-12-05,Levante,Getafe,3,0,5.0,5.0,2.0,11.0,2.4,0.49,8.0,0.0,0.0,5.0,Desconocido,football-data.co.uk,proxy_shots
2020-12-05,Sevilla,Real Madrid,0,1,4.0,3.0,1.0,3.0,1.02,1.19,2.0,3.0,2.0,2.0,Desconocido,football-data.co.uk,proxy_shots
2020-12-06,Alaves,Sociedad,0,0,2.0,3.0,3.0,0.0,0.46,1.61,1.0,5.0,5.0,1.0,Desconocido,football-data.co.uk,proxy_shots
2020-12-06,Granada,Huesca,3,3,4.0,2.0,2.0,0.0,2.21,2.44,6.0,7.0,4.0,3.0,Desconocido,football-data.co.uk,proxy_shots
2020-12-06,Osasuna,Betis,0,2,2.0,5.0,3.0,2.0,0.55,1.76,0.0,5.0,3.0,0.0,Desconocido,football-data.co.uk,proxy_shots
2020-12-06,Villarreal,Elche,0,0,4.0,0.0,3.0,2.0,1.2,0.2,3.0,0.0,0.0,3.0,Desconocido,football-data.co.uk,proxy_shots
2020-12-07,Eibar,Valencia,0,0,8.0,0.0,3.0,2.0,1.58,1.05,3.0,4.0,4.0,3.0,Desconocido,football-data.co.uk,proxy_shots
2020-12-11,Valladolid,Osasuna,3,2,3.0,3.0,4.0,5.0,1.99,1.99,6.0,6.0,4.0,3.0,Desconocido,football-data.co.uk,proxy_shots
2020-12-12,Getafe,Sevilla,0,1,5.0,3.0,2.0,3.0,0.8,0.54,2.0,0.0,0.0,2.0,Desconocido,football-data.co.uk,proxy_shots
2020-12-12,Huesca,Alaves,1,0,5.0,2.0,1.0,4.0,1.25,0.34,3.0,1.0,1.0,2.0,Desconocido,football-data.co.uk,proxy_shots
2020-12-12,Real Madrid,Ath Madrid,2,0,3.0,6.0,1.0,3.0,1.34,0.46,3.0,1.0,1.0,1.0,Desconocido,football-data.co.uk,proxy_shots
2020-12-12,Valencia,Ath Bilbao,2,2,0.0,10.0,2.0,6.0,1.17,1.81,2.0,5.0,3.0,0.0,Desconocido,football-data.co.uk,proxy_shots
2020-12-13,Barcelona,Levante,1,0,12.0,4.0,2.0,1.0,3.76,0.93,13.0,3.0,3.0,12.0,Desconocido,football-data.co.uk,proxy_shots
2020-12-13,Betis,Villarreal,1,1,4.0,8.0,2.0,3.0,1.6,0.84,5.0,2.0,1.0,4.0,Desconocido,football-data.co.uk,proxy_shots
2020-12-13,Elche,Granada,0,1,6.0,5.0,4.0,2.0,0.68,1.71,1.0,5.0,4.0,1.0,Desconocido,football-data.co.uk,proxy_shots
2020-12-13,Sociedad,Eibar,1,1,5.0,4.0,4.0,3.0,0.9,1.7,2.0,4.0,3.0,1.0,Desconocido,football-data.co.uk,proxy_shots
2020-12-14,Celta,Cadiz,4,0,1.0,5.0,2.0,1.0,1.74,1.02,5.0,2.0,2.0,1.0,Desconocido,football-data.co.uk,proxy_shots
2020-12-15,Real Madrid,Ath Bilbao,3,1,6.0,6.0,1.0,5.0,2.19,1.37,5.0,4.0,3.0,2.0,Desconocido,football-data.co.uk,proxy_shots
2020-12-16,Barcelona,Sociedad,2,1,2.0,3.0,3.0,3.0,1.69,1.66,4.0,5.0,4.0,2.0,Desconocido,football-data.co.uk,proxy_shots
2020-12-18,Ath Bilbao,Huesca,2,0,5.0,5.0,0.0,5.0,1.29,0.51,3.0,1.0,1.0,1.0,Desconocido,football-data.co.uk,proxy_shots
2020-12-19,Ath Madrid,Elche,3,1,2.0,5.0,1.0,2.0,2.04,1.08,6.0,3.0,2.0,3.0,Desconocido,football-data.co.uk,proxy_shots
2020-12-19,Barcelona,Valencia,2,2,8.0,3.0,4.0,2.0,3.2,1.58,9.0,4.0,2.0,7.0,Desconocido,football-data.co.uk,proxy_shots
2020-12-19,Levante,Sociedad,2,1,3.0,4.0,2.0,1.0,1.81,1.82,5.0,5.0,4.0,3.0,Desconocido,football-data.co.uk,proxy_shots
2020-12-19,Osasuna,Villarreal,1,3,2.0,2.0,4.0,2.0,0.61,2.09,1.0,6.0,3.0,0.0,Desconocido,football-data.co.uk,proxy_shots
2020-12-19,Sevilla,Valladolid,1,1,7.0,7.0,3.0,4.0,1.41,1.66,3.0,5.0,4.0,2.0,Desconocido,football-data.co.uk,proxy_shots
2020-12-20,Cadiz,Getafe,0,2,2.0,4.0,1.0,6.0,0.62,1.25,1.0,4.0,2.0,1.0,Desconocido,football-data.co.uk,proxy_shots
2020-12-20,Celta,Alaves,2,0,3.0,5.0,2.0,2.0,1.34,0.8,3.0,2.0,2.0,1.0,Desconocido,football-data.co.uk,proxy_shots
2020-12-20,Eibar,Real Madrid,1,3,4.0,4.0,1.0,0.0,1.19,1.8,3.0,5.0,2.0,2.0,Desconocido,football-data.co.uk,proxy_shots
2020-12-20,Granada,Betis,2,0,1.0,10.0,3.0,4.0,1.18,0.95,3.0,1.0,1.0,1.0,Desconocido,football-data.co.uk,proxy_shots
2020-12-22,Elche,Osasuna,2,2,4.0,4.0,1.0,4.0,0.95,2.1,2.0,6.0,4.0,0.0,Desconocido,football-data.co.uk,proxy_shots
2020-12-22,Huesca,Levante,1,1,10.0,3.0,2.0,3.0,1.06,0.78,2.0,1.0,0.0,1.0,Desconocido,football-data.co.uk,proxy_shots
2020-12-22,Sociedad,Ath Madrid,0,2,5.0,5.0,3.0,3.0,0.51,1.18,1.0,3.0,1.0,1.0,Desconocido,football-data.co.uk,proxy_shots
2020-12-22,Valencia,Sevilla,0,1,3.0,5.0,3.0,2.0,1.27,1.69,4.0,3.0,2.0,4.0,Desconocido,football-data.co.uk,proxy_shots
2020-12-22,Valladolid,Barcelona,0,3,4.0,5.0,1.0,2.0,1.56,3.25,5.0,10.0,7.0,5.0,Desconocido,football-data.co.uk,proxy_shots
2020-12-22,Villarreal,Ath Bilbao,1,1,6.0,4.0,1.0,1.0,2.12,1.14,6.0,3.0,2.0,5.0,Desconocido,football-data.co.uk,proxy_shots
2020-12-23,Alaves,Eibar,2,1,2.0,7.0,4.0,2.0,1.45,1.26,3.0,4.0,3.0,1.0,Desconocido,football-data.co.uk,proxy_shots
2020-12-23,Betis,Cadiz,1,0,5.0,5.0,1.0,1.0,0.61,0.87,1.0,3.0,3.0,0.0,Desconocido,football-data.co.uk,proxy_shots
2020-12-23,Getafe,Celta,1,1,1.0,4.0,3.0,3.0,0.97,0.39,3.0,1.0,0.0,2.0,Desconocido,football-data.co.uk,proxy_shots
2020-12-23,Real Madrid,Granada,2,0,8.0,1.0,2.0,1.0,2.54,0.73,6.0,1.0,1.0,4.0,Desconocido,football-data.co.uk,proxy_shots
2020-12-29,Barcelona,Eibar,1,1,5.0,7.0,0.0,2.0,1.88,1.14,5.0,3.0,2.0,4.0,Desconocido,football-data.co.uk,proxy_shots
2020-12-29,Cadiz,Valladolid,0,0,1.0,6.0,3.0,2.0,0.98,0.56,3.0,1.0,1.0,3.0,Desconocido,football-data.co.uk,proxy_shots
2020-12-29,Levante,Betis,4,3,3.0,6.0,5.0,2.0,1.85,2.6,5.0,7.0,4.0,1.0,Desconocido,football-data.co.uk,proxy_shots
2020-12-29,Sevilla,Villarreal,2,0,4.0,7.0,1.0,4.0,1.29,0.69,3.0,2.0,2.0,1.0,Desconocido,football-data.co.uk,proxy_shots
2020-12-30,Ath Madrid,Getafe,1,0,5.0,2.0,2.0,3.0,1.19,0.91,3.0,2.0,2.0,2.0,Desconocido,football-data.co.uk,proxy_shots
2020-12-30,Celta,Huesca,2,1,0.0,5.0,2.0,0.0,2.1,2.12,6.0,6.0,5.0,4.0,Desconocido,football-data.co.uk,proxy_shots
2020-12-30,Elche,Real Madrid,1,1,2.0,3.0,1.0,4.0,0.97,1.95,3.0,6.0,5.0,2.0,Desconocido,football-data.co.uk,proxy_shots
2020-12-30,Granada,Valencia,2,1,6.0,6.0,6.0,8.0,2.42,2.06,5.0,6.0,5.0,3.0,Desconocido,football-data.co.uk,proxy_shots
2020-12-31,Ath Bilbao,Sociedad,0,1,2.0,4.0,5.0,4.0,0.22,1.35,0.0,3.0,2.0,0.0,Desconocido,football-data.co.uk,proxy_shots
2020-12-31,Osasuna,Alaves,1,1,5.0,4.0,5.0,4.0,1.08,1.1,3.0,1.0,0.0,2.0,Desconocido,football-data.co.uk,proxy_shots
2021-01-02,Betis,Sevilla,1,1,2.0,1.0,5.0,2.0,1.52,0.79,3.0,2.0,1.0,2.0,Desconocido,football-data.co.uk,proxy_shots
2021-01-02,Getafe,Valladolid,0,1,5.0,9.0,3.0,2.0,1.32,0.9,4.0,2.0,1.0,4.0,Desconocido,football-data.co.uk,proxy_shots
2021-01-02,Real Madrid,Celta,2,0,1.0,5.0,4.0,2.0,1.05,0.51,2.0,1.0,1.0,0.0,Desconocido,football-data.co.uk,proxy_shots
2021-01-02,Villarreal,Levante,2,1,3.0,5.0,1.0,1.0,2.12,0.95,7.0,2.0,1.0,5.0,Desconocido,football-data.co.uk,proxy_shots
2021-01-03,Alaves,Ath Madrid,1,2,1.0,5.0,2.0,2.0,0.5,1.36,1.0,4.0,2.0,0.0,Desconocido,football-data.co.uk,proxy_shots
2021-01-03,Ath Bilbao,Elche,1,0,5.0,4.0,2.0,1.0,1.18,0.64,2.0,2.0,2.0,1.0,Desconocido,football-data.co.uk,proxy_shots
2021-01-03,Eibar,Granada,2,0,4.0,2.0,2.0,1.0,2.29,0.87,7.0,3.0,3.0,5.0,Desconocido,football-data.co.uk,proxy_shots
2021-01-03,Huesca,Barcelona,0,1,2.0,6.0,1.0,0.0,0.94,2.46,4.0,7.0,6.0,4.0,Desconocido,football-data.co.uk,proxy_shots
2021-01-03,Sociedad,Osasuna,1,1,7.0,2.0,1.0,1.0,0.9,0.79,2.0,2.0,1.0,1.0,Desconocido,football-data.co.uk,proxy_shots
2021-01-04,Valencia,Cadiz,1,1,9.0,7.0,2.0,2.0,1.43,0.95,4.0,2.0,1.0,3.0,Desconocido,football-data.co.uk,proxy_shots
2021-01-06,Ath Bilbao,Barcelona,2,3,3.0,4.0,2.0,1.0,1.18,2.63,3.0,9.0,6.0,1.0,Desconocido,football-data.co.uk,proxy_shots
2021-01-08,Celta,Villarreal,0,4,3.0,4.0,1.0,0.0,0.98,2.31,3.0,6.0,2.0,3.0,Desconocido,football-data.co.uk,proxy_shots
2021-01-09,Granada,Barcelona,0,4,4.0,1.0,4.0,3.0,1.16,1.83,4.0,4.0,0.0,4.0,Desconocido,football-data.co.uk,proxy_shots
2021-01-09,Osasuna,Real Madrid,0,0,2.0,4.0,0.0,0.0,0.8,0.68,2.0,1.0,1.0,2.0,Desconocido,football-data.co.uk,proxy_shots
2021-01-09,Sevilla,Sociedad,3,2,2.0,9.0,0.0,3.0,2.22,1.47,7.0,4.0,2.0,4.0,Desconocido,football-data.co.uk,proxy_shots
2021-01-10,Cadiz,Alaves,3,1,4.0,1.0,1.0,6.0,2.11,0.73,7.0,2.0,1.0,4.0,Desconocido,football-data.co.uk,proxy_shots
2021-01-10,Levante,Eibar,2,1,4.0,9.0,2.0,0.0,0.78,1.76,2.0,4.0,3.0,0.0,Desconocido,football-data.co.uk,proxy_shots
2021-01-10,Valladolid,Valencia,0,1,0.0,4.0,2.0,3.0,1.32,2.12,4.0,6.0,5.0,4.0,Desconocido,football-data.co.uk,proxy_shots
2021-01-11,Elche,Getafe,1,3,1.0,7.0,6.0,2.0,1.21,2.33,4.0,7.0,4.0,3.0,Desconocido,football-data.co.uk,proxy_shots
2021-01-11,Huesca,Betis,0,2,3.0,6.0,2.0,4.0,1.09,1.92,3.0,5.0,3.0,3.0,Desconocido,football-data.co.uk,proxy_shots
2021-01-12,Ath Madrid,Sevilla,2,0,3.0,12.0,2.0,0.0,1.2,1.07,4.0,2.0,2.0,2.0,Desconocido,football-data.co.uk,proxy_shots
2021-01-12,Granada,Osasuna,2,0,4.0,4.0,1.0,4.0,1.05,1.36,2.0,3.0,3.0,0.0,Desconocido,football-data.co.uk,proxy_shots
2021-01-19,Alaves,Sevilla,1,2,3.0,2.0,3.0,3.0,1.3,1.12,3.0,3.0,1.0,2.0,Desconocido,football-data.co.uk,proxy_shots
2021-01-19,Cadiz,Levante,2,2,5.0,2.0,3.0,1.0,1.0,1.54,2.0,5.0,3.0,0.0,Desconocido,football-data.co.uk,proxy_shots
2021-01-19,Valladolid,Elche,2,2,4.0,5.0,3.0,3.0,1.27,1.24,2.0,3.0,1.0,0.0,Desconocido,football-data.co.uk,proxy_shots
2021-01-20,Betis,Celta,2,1,5.0,6.0,2.0,3.0,1.58,1.19,4.0,3.0,2.0,2.0,Desconocido,football-data.co.uk,proxy_shots
2021-01-20,Getafe,Huesca,1,0,3.0,8.0,2.0,4.0,1.66,1.36,5.0,3.0,3.0,4.0,Desconocido,football-data.co.uk,proxy_shots
2021-01-20,Villarreal,Granada,2,2,3.0,0.0,2.0,6.0,1.24,0.73,3.0,2.0,0.0,1.0,Desconocido,football-data.co.uk,proxy_shots
2021-01-21,Eibar,Ath Madrid,1,2,3.0,3.0,2.0,2.0,1.12,1.41,2.0,4.0,2.0,1.0,Desconocido,football-data.co.uk,proxy_shots
2021-01-21,Valencia,Osasuna,1,1,9.0,4.0,1.0,3.0,1.19,1.77,3.0,5.0,4.0,2.0,Desconocido,football-data.co.uk,proxy_shots
2021-01-22,Levante,Valladolid,2,2,8.0,2.0,0.0,1.0,1.34,1.12,3.0,3.0,1.0,1.0,Desconocido,football-data.co.uk,proxy_shots
2021-01-23,Alaves,Real Madrid,1,4,4.0,4.0,5.0,3.0,1.59,2.21,4.0,7.0,3.0,3.0,Desconocido,football-data.co.uk,proxy_shots
2021-01-23,Huesca,Villarreal,0,0,1.0,2.0,3.0,1.0,0.46,0.8,1.0,2.0,2.0,1.0,Desconocido,football-data.co.uk,proxy_shots
2021-01-23,Sevilla,Cadiz,3,0,7.0,6.0,1.0,3.0,2.38,1.04,7.0,3.0,3.0,4.0,Desconocido,football-data.co.uk,proxy_shots
2021-01-23,Sociedad,Betis,2,2,8.0,3.0,2.0,2.0,1.94,1.3,6.0,4.0,2.0,4.0,Desconocido,football-data.co.uk,proxy_shots
2021-01-24,Ath Madrid,Valencia,3,1,7.0,7.0,2.0,0.0,1.97,1.26,5.0,4.0,3.0,2.0,Desconocido,football-data.co.uk,proxy_shots
2021-01-24,Celta,Eibar,1,1,0.0,6.0,4.0,3.0,1.21,0.95,4.0,2.0,1.0,3.0,Desconocido,football-data.co.uk,proxy_shots
2021-01-24,Elche,Barcelona,0,2,0.0,7.0,0.0,2.0,0.58,2.46,2.0,8.0,6.0,2.0,Desconocido,football-data.co.uk,proxy_shots
2021-01-24,Osasuna,Granada,3,1,1.0,5.0,7.0,4.0,1.41,0.94,4.0,1.0,0.0,1.0,Desconocido,football-data.co.uk,proxy_shots
2021-01-25,Ath Bilbao,Getafe,5,1,4.0,4.0,4.0,4.0,2.54,0.79,8.0,2.0,1.0,3.0,Desconocido,football-data.co.uk,proxy_shots
2021-01-29,Valladolid,Huesca,1,3,6.0,7.0,2.0,2.0,1.59,1.8,4.0,5.0,2.0,3.0,Desconocido,football-data.co.uk,proxy_shots
2021-01-30,Eibar,Sevilla,0,2,6.0,2.0,4.0,3.0,2.02,1.3,6.0,4.0,2.0,6.0,Desconocido,football-data.co.uk,proxy_shots
2021-01-30,Real Madrid,Levante,1,2,3.0,7.0,3.0,2.0,0.9,2.41,2.0,8.0,6.0,1.0,Desconocido,football-data.co.uk,proxy_shots
2021-01-30,Valencia,Elche,1,0,4.0,10.0,1.0,7.0,1.59,0.73,4.0,1.0,1.0,3.0,Desconocido,football-data.co.uk,proxy_shots
2021-01-30,Villarreal,Sociedad,1,1,1.0,7.0,1.0,3.0,0.68,1.3,2.0,3.0,2.0,1.0,Desconocido,football-data.co.uk,proxy_shots
2021-01-31,Barcelona,Ath Bilbao,2,1,7.0,3.0,2.0,3.0,1.94,0.84,6.0,2.0,1.0,4.0,Desconocido,football-data.co.uk,proxy_shots
2021-01-31,Cadiz,Ath Madrid,2,4,2.0,2.0,1.0,5.0,1.89,1.61,6.0,4.0,0.0,4.0,Desconocido,football-data.co.uk,proxy_shots
2021-01-31,Getafe,Alaves,0,0,5.0,2.0,3.0,3.0,0.46,0.46,1.0,1.0,1.0,1.0,Desconocido,football-data.co.uk,proxy_shots
2021-01-31,Granada,Celta,0,0,6.0,5.0,2.0,4.0,1.45,0.56,5.0,1.0,1.0,5.0,Desconocido,football-data.co.uk,proxy_shots
2021-02-01,Betis,Osasuna,1,0,3.0,4.0,1.0,1.0,1.26,1.72,4.0,5.0,5.0,3.0,Desconocido,football-data.co.uk,proxy_shots
2021-02-05,Alaves,Valladolid,1,0,11.0,1.0,4.0,4.0,2.1,0.34,5.0,1.0,1.0,4.0,Desconocido,football-data.co.uk,proxy_shots
2021-02-06,Elche,Villarreal,2,2,4.0,2.0,1.0,2.0,1.0,1.41,2.0,4.0,2.0,0.0,Desconocido,football-data.co.uk,proxy_shots
2021-02-06,Huesca,Real Madrid,1,2,3.0,10.0,2.0,1.0,1.18,2.45,2.0,7.0,5.0,1.0,Desconocido,football-data.co.uk,proxy_shots
2021-02-06,Levante,Granada,2,2,6.0,2.0,1.0,3.0,2.06,1.7,7.0,5.0,3.0,5.0,Desconocido,football-data.co.uk,proxy_shots
2021-02-06,Sevilla,Getafe,3,0,3.0,1.0,1.0,6.0,2.13,0.46,5.0,1.0,1.0,2.0,Desconocido,football-data.co.uk,proxy_shots
2021-02-07,Ath Bilbao,Valencia,1,1,6.0,6.0,2.0,1.0,1.06,1.29,2.0,2.0,1.0,1.0,Desconocido,football-data.co.uk,proxy_shots
2021-02-07,Betis,Barcelona,2,3,3.0,5.0,1.0,3.0,1.54,1.68,5.0,4.0,1.0,3.0,Desconocido,football-data.co.uk,proxy_shots
2021-02-07,Osasuna,Eibar,2,1,2.0,1.0,0.0,0.0,1.58,1.3,4.0,3.0,2.0,2.0,Desconocido,football-data.co.uk,proxy_shots
2021-02-07,Sociedad,Cadiz,4,1,5.0,1.0,0.0,4.0,2.42,0.39,6.0,1.0,0.0,2.0,Desconocido,football-data.co.uk,proxy_shots
2021-02-08,Ath Madrid,Celta,2,2,1.0,4.0,2.0,2.0,1.05,0.95,2.0,2.0,0.0,0.0,Desconocido,football-data.co.uk,proxy_shots
2021-02-09,Real Madrid,Getafe,2,0,8.0,1.0,1.0,1.0,1.69,0.2,4.0,0.0,0.0,2.0,Desconocido,football-data.co.uk,proxy_shots
2021-02-12,Celta,Elche,3,1,3.0,6.0,3.0,2.0,1.88,0.84,6.0,2.0,1.0,3.0,Desconocido,football-data.co.uk,proxy_shots
2021-02-13,Barcelona,Alaves,5,1,5.0,4.0,0.0,2.0,3.05,0.79,9.0,2.0,1.0,4.0,Desconocido,football-data.co.uk,proxy_shots
2021-02-13,Eibar,Valladolid,1,1,7.0,3.0,2.0,3.0,1.23,0.56,2.0,1.0,0.0,1.0,Desconocido,football-data.co.uk,proxy_shots
2021-02-13,Granada,Ath Madrid,1,2,7.0,3.0,0.0,5.0,0.61,1.47,1.0,4.0,2.0,0.0,Desconocido,football-data.co.uk,proxy_shots
2021-02-13,Sevilla,Huesca,1,0,6.0,6.0,3.0,4.0,1.59,1.4,4.0,5.0,5.0,3.0,Desconocido,football-data.co.uk,proxy_shots
2021-02-14,Getafe,Sociedad,0,1,2.0,5.0,5.0,3.0,0.22,0.62,0.0,2.0,1.0,0.0,Desconocido,football-data.co.uk,proxy_shots
2021-02-14,Levante,Osasuna,0,1,2.0,1.0,1.0,2.0,1.44,0.84,4.0,2.0,1.0,4.0,Desconocido,football-data.co.uk,proxy_shots
2021-02-14,Real Madrid,Valencia,2,0,6.0,1.0,0.0,3.0,2.34,0.4,7.0,1.0,1.0,5.0,Desconocido,football-data.co.uk,proxy_shots
2021-02-14,Villarreal,Betis,1,2,7.0,3.0,3.0,2.0,1.5,1.74,5.0,4.0,2.0,4.0,Desconocido,football-data.co.uk,proxy_shots
2021-02-15,Cadiz,Ath Bilbao,0,4,5.0,8.0,3.0,2.0,0.96,2.55,2.0,8.0,4.0,2.0,Desconocido,football-data.co.uk,proxy_shots
2021-02-17,Levante,Ath Madrid,1,1,1.0,8.0,1.0,3.0,1.21,1.95,4.0,6.0,5.0,3.0,Desconocido,football-data.co.uk,proxy_shots
2021-02-19,Betis,Getafe,1,0,5.0,2.0,7.0,4.0,1.66,0.51,5.0,1.0,1.0,4.0,Desconocido,football-data.co.uk,proxy_shots
2021-02-20,Ath Madrid,Levante,0,2,12.0,2.0,2.0,3.0,3.52,0.71,11.0,1.0,0.0,11.0,Desconocido,football-data.co.uk,proxy_shots
2021-02-20,Elche,Eibar,1,0,1.0,4.0,2.0,1.0,0.79,1.25,2.0,3.0,3.0,1.0,Desconocido,football-data.co.uk,proxy_shots
2021-02-20,Valencia,Celta,2,0,6.0,1.0,2.0,5.0,1.29,0.64,3.0,2.0,2.0,1.0,Desconocido,football-data.co.uk,proxy_shots
2021-02-20,Valladolid,Real Madrid,0,1,4.0,5.0,4.0,2.0,1.4,1.01,5.0,2.0,1.0,5.0,Desconocido,football-data.co.uk,proxy_shots
2021-02-21,Ath Bilbao,Villarreal,1,1,6.0,0.0,2.0,2.0,2.53,0.62,8.0,2.0,1.0,7.0,Desconocido,football-data.co.uk,proxy_shots
2021-02-21,Barcelona,Cadiz,1,1,8.0,0.0,0.0,2.0,1.92,0.44,4.0,1.0,0.0,3.0,Desconocido,football-data.co.uk,proxy_shots
2021-02-21,Huesca,Granada,3,2,5.0,2.0,3.0,5.0,2.21,1.54,6.0,5.0,3.0,3.0,Desconocido,football-data.co.uk,proxy_shots
2021-02-21,Sociedad,Alaves,4,0,4.0,3.0,3.0,2.0,1.56,0.74,4.0,2.0,2.0,0.0,Desconocido,football-data.co.uk,proxy_shots
2021-02-22,Osasuna,Sevilla,0,2,3.0,5.0,2.0,2.0,0.33,1.65,0.0,5.0,3.0,0.0,Desconocido,football-data.co.uk,proxy_shots
2021-02-24,Barcelona,Elche,3,0,6.0,3.0,0.0,0.0,1.7,0.51,5.0,1.0,1.0,2.0,Desconocido,football-data.co.uk,proxy_shots
2021-02-26,Levante,Ath Bilbao,1,1,2.0,10.0,3.0,3.0,1.37,1.6,4.0,5.0,4.0,3.0,Desconocido,football-data.co.uk,proxy_shots
2021-02-27,Alaves,Osasuna,0,1,5.0,2.0,3.0,4.0,0.4,0.97,1.0,3.0,2.0,1.0,Desconocido,football-data.co.uk,proxy_shots
2021-02-27,Eibar,Huesca,1,1,6.0,2.0,2.0,2.0,1.58,0.5,3.0,1.0,0.0,2.0,Desconocido,football-data.co.uk,proxy_shots
2021-02-27,Getafe,Valencia,3,0,3.0,6.0,5.0,4.0,1.84,0.28,4.0,0.0,0.0,1.0,Desconocido,football-data.co.uk,proxy_shots
2021-02-27,Sevilla,Barcelona,0,2,3.0,3.0,5.0,2.0,0.58,1.59,2.0,5.0,3.0,2.0,Desconocido,football-data.co.uk,proxy_shots
2021-02-28,Cadiz,Betis,0,1,3.0,7.0,1.0,2.0,0.82,1.31,3.0,4.0,3.0,3.0,Desconocido,football-data.co.uk,proxy_shots
2021-02-28,Celta,Valladolid,1,1,3.0,5.0,3.0,5.0,1.06,1.03,2.0,3.0,2.0,1.0,Desconocido,football-data.co.uk,proxy_shots
2021-02-28,Granada,Elche,2,1,5.0,5.0,3.0,2.0,1.64,1.48,4.0,4.0,3.0,2.0,Desconocido,football-data.co.uk,proxy_shots
2021-02-28,Villarreal,Ath Madrid,0,2,10.0,2.0,2.0,3.0,2.12,1.43,6.0,5.0,3.0,6.0,Desconocido,football-data.co.uk,proxy_shots
2021-03-01,Real Madrid,Sociedad,1,1,13.0,4.0,0.0,1.0,1.62,0.79,2.0,2.0,1.0,1.0,Desconocido,football-data.co.uk,proxy_shots
2021-03-05,Valencia,Villarreal,2,1,5.0,3.0,4.0,3.0,2.29,1.55,4.0,5.0,4.0,2.0,Desconocido,football-data.co.uk,proxy_shots
2021-03-06,Cadiz,Eibar,1,0,0.0,12.0,2.0,2.0,0.79,1.06,2.0,1.0,1.0,1.0,Desconocido,football-data.co.uk,proxy_shots
2021-03-06,Elche,Sevilla,2,1,6.0,3.0,4.0,0.0,1.07,1.25,3.0,3.0,2.0,1.0,Desconocido,football-data.co.uk,proxy_shots
2021-03-06,Osasuna,Barcelona,0,2,3.0,4.0,0.0,2.0,1.09,1.99,3.0,6.0,4.0,3.0,Desconocido,football-data.co.uk,proxy_shots
2021-03-06,Valladolid,Getafe,2,1,1.0,6.0,2.0,4.0,0.96,0.95,3.0,2.0,1.0,1.0,Desconocido,football-data.co.uk,proxy_shots
2021-03-07,Ath Bilbao,Granada,2,1,6.0,9.0,2.0,2.0,1.48,1.35,5.0,3.0,2.0,3.0,Desconocido,football-data.co.uk,proxy_shots
2021-03-07,Ath Madrid,Real Madrid,1,1,1.0,6.0,5.0,1.0,1.6,2.53,5.0,8.0,7.0,4.0,Desconocido,football-data.co.uk,proxy_shots
2021-03-07,Huesca,Celta,3,4,6.0,3.0,0.0,2.0,2.6,2.21,7.0,7.0,3.0,4.0,Desconocido,football-data.co.uk,proxy_shots
2021-03-07,Sociedad,Levante,1,0,7.0,5.0,0.0,2.0,2.92,0.51,8.0,1.0,1.0,7.0,Desconocido,football-data.co.uk,proxy_shots
2021-03-08,Betis,Alaves,3,2,12.0,1.0,0.0,3.0,3.0,0.96,8.0,3.0,1.0,5.0,Desconocido,football-data.co.uk,proxy_shots
2021-03-10,Ath Madrid,Ath Bilbao,2,1,5.0,4.0,2.0,2.0,1.7,0.68,5.0,2.0,1.0,3.0,Desconocido,football-data.co.uk,proxy_shots
2021-03-12,Levante,Valencia,1,0,3.0,3.0,3.0,4.0,1.25,0.96,3.0,2.0,2.0,2.0,Desconocido,football-data.co.uk,proxy_shots
2021-03-13,Alaves,Cadiz,1,1,2.0,5.0,5.0,3.0,1.14,0.78,3.0,1.0,0.0,2.0,Desconocido,football-data.co.uk,proxy_shots
2021-03-13,Getafe,Ath Madrid,0,0,3.0,11.0,3.0,4.0,0.96,2.08,2.0,7.0,7.0,2.0,Desconocido,football-data.co.uk,proxy_shots
2021-03-13,Osasuna,Valladolid,0,0,7.0,3.0,2.0,3.0,1.13,1.02,2.0,2.0,2.0,2.0,Desconocido,football-data.co.uk,proxy_shots
2021-03-13,Real Madrid,Elche,2,1,6.0,1.0,1.0,1.0,1.85,0.62,4.0,2.0,1.0,2.0,Desconocido,football-data.co.uk,proxy_shots
2021-03-14,Celta,Ath Bilbao,0,0,1.0,3.0,3.0,1.0,1.25,0.51,3.0,1.0,1.0,3.0,Desconocido,football-data.co.uk,proxy_shots
2021-03-14,Eibar,Villarreal,1,3,7.0,2.0,2.0,4.0,2.24,2.46,7.0,8.0,5.0,6.0,Desconocido,football-data.co.uk,proxy_shots
2021-03-14,Granada,Sociedad,1,0,4.0,6.0,2.0,3.0,0.84,0.56,2.0,1.0,1.0,1.0,Desconocido,football-data.co.uk,proxy_shots
2021-03-14,Sevilla,Betis,1,0,3.0,6.0,3.0,5.0,1.14,1.25,3.0,3.0,3.0,2.0,Desconocido,football-data.co.uk,proxy_shots
2021-03-15,Barcelona,Huesca,4,1,7.0,3.0,0.0,2.0,1.96,1.26,5.0,4.0,3.0,1.0,Desconocido,football-data.co.uk,proxy_shots
2021-03-17,Sevilla,Elche,2,0,4.0,1.0,2.0,1.0,2.35,1.5,8.0,5.0,5.0,6.0,Desconocido,football-data.co.uk,proxy_shots
2021-03-19,Betis,Levante,2,0,4.0,1.0,2.0,0.0,2.1,0.56,6.0,1.0,1.0,4.0,Desconocido,football-data.co.uk,proxy_shots
2021-03-20,Ath Bilbao,Eibar,1,1,10.0,1.0,1.0,1.0,1.81,0.68,4.0,2.0,1.0,3.0,Desconocido,football-data.co.uk,proxy_shots
2021-03-20,Celta,Real Madrid,1,3,1.0,7.0,3.0,4.0,1.08,1.9,3.0,4.0,1.0,2.0,Desconocido,football-data.co.uk,proxy_shots
2021-03-20,Huesca,Osasuna,0,0,5.0,1.0,1.0,2.0,1.36,0.74,3.0,2.0,2.0,3.0,Desconocido,football-data.co.uk,proxy_shots
2021-03-20,Valladolid,Sevilla,1,1,2.0,8.0,3.0,1.0,0.62,1.48,2.0,4.0,3.0,1.0,Desconocido,football-data.co.uk,proxy_shots
2021-03-21,Ath Madrid,Alaves,1,0,5.0,5.0,3.0,3.0,1.26,1.04,4.0,3.0,3.0,3.0,Desconocido,football-data.co.uk,proxy_shots
2021-03-21,Getafe,Elche,1,1,4.0,8.0,3.0,7.0,1.66,0.79,5.0,2.0,1.0,4.0,Desconocido,football-data.co.uk,proxy_shots
2021-03-21,Sociedad,Barcelona,1,6,1.0,1.0,3.0,2.0,1.55,3.17,5.0,10.0,4.0,4.0,Desconocido,football-data.co.uk,proxy_shots
2021-03-21,Valencia,Granada,2,1,3.0,4.0,0.0,3.0,2.81,1.47,9.0,3.0,2.0,7.0,Desconocido,football-data.co.uk,proxy_shots
2021-03-21,Villarreal,Cadiz,2,1,5.0,6.0,3.0,3.0,1.64,1.14,4.0,3.0,2.0,2.0,Desconocido,football-data.co.uk,proxy_shots
2021-04-02,Levante,Huesca,0,2,8.0,2.0,2.0,2.0,1.25,0.89,3.0,2.0,0.0,3.0,Desconocido,football-data.co.uk,proxy_shots
2021-04-03,Granada,Villarreal,0,3,3.0,5.0,2.0,2.0,0.69,2.21,2.0,6.0,3.0,2.0,Desconocido,football-data.co.uk,proxy_shots
2021-04-03,Osasuna,Getafe,0,0,2.0,4.0,2.0,3.0,0.4,0.69,1.0,2.0,2.0,1.0,Desconocido,football-data.co.uk,proxy_shots
2021-04-03,Real Madrid,Eibar,2,0,6.0,9.0,0.0,2.0,2.79,1.27,8.0,4.0,4.0,6.0,Desconocido,football-data.co.uk,proxy_shots
2021-04-04,Alaves,Celta,1,3,6.0,2.0,4.0,7.0,2.3,1.82,7.0,6.0,3.0,6.0,Desconocido,football-data.co.uk,proxy_shots
2021-04-04,Cadiz,Valencia,2,1,4.0,13.0,2.0,2.0,0.89,1.84,2.0,6.0,5.0,0.0,Desconocido,football-data.co.uk,proxy_shots
2021-04-04,Elche,Betis,1,1,7.0,2.0,1.0,4.0,1.03,1.35,3.0,3.0,2.0,2.0,Desconocido,football-data.co.uk,proxy_shots
2021-04-04,Sevilla,Ath Madrid,1,0,3.0,2.0,2.0,4.0,1.99,1.21,5.0,4.0,4.0,4.0,Desconocido,football-data.co.uk,proxy_shots
2021-04-05,Barcelona,Valladolid,1,0,4.0,1.0,3.0,5.0,3.27,0.74,10.0,2.0,2.0,9.0,Desconocido,football-data.co.uk,proxy_shots
2021-04-07,Sociedad,Ath Bilbao,1,1,3.0,6.0,3.0,1.0,1.12,1.06,2.0,2.0,1.0,1.0,Desconocido,football-data.co.uk,proxy_shots
2021-04-09,Huesca,Elche,3,1,6.0,6.0,2.0,2.0,1.64,0.9,5.0,2.0,1.0,2.0,Desconocido,football-data.co.uk,proxy_shots
2021-04-10,Ath Bilbao,Alaves,0,0,6.0,6.0,2.0,2.0,1.32,0.49,4.0,0.0,0.0,4.0,Desconocido,football-data.co.uk,proxy_shots
2021-04-10,Eibar,Levante,0,1,6.0,3.0,3.0,2.0,1.27,0.61,4.0,1.0,0.0,4.0,Desconocido,football-data.co.uk,proxy_shots
2021-04-10,Getafe,Cadiz,0,1,10.0,4.0,3.0,2.0,1.76,1.08,4.0,3.0,2.0,4.0,Desconocido,football-data.co.uk,proxy_shots
2021-04-10,Real Madrid,Barcelona,2,1,5.0,6.0,5.0,4.0,1.51,1.81,3.0,4.0,3.0,1.0,Desconocido,football-data.co.uk,proxy_shots
2021-04-11,Betis,Ath Madrid,1,1,5.0,5.0,0.0,0.0,1.26,1.37,4.0,4.0,3.0,3.0,Desconocido,football-data.co.uk,proxy_shots
2021-04-11,Valencia,Sociedad,2,2,4.0,5.0,8.0,4.0,1.05,1.98,2.0,5.0,3.0,0.0,Desconocido,football-data.co.uk,proxy_shots
2021-04-11,Valladolid,Granada,1,2,2.0,4.0,4.0,2.0,1.03,1.94,3.0,6.0,4.0,2.0,Desconocido,football-data.co.uk,proxy_shots
2021-04-11,Villarreal,Osasuna,1,2,6.0,5.0,0.0,0.0,2.0,1.58,6.0,4.0,2.0,5.0,Desconocido,football-data.co.uk,proxy_shots
2021-04-12,Celta,Sevilla,3,4,5.0,2.0,3.0,2.0,1.86,2.19,5.0,6.0,2.0,2.0,Desconocido,football-data.co.uk,proxy_shots
2021-04-18,Alaves,Huesca,1,0,7.0,3.0,1.0,2.0,1.01,0.68,2.0,1.0,1.0,1.0,Desconocido,football-data.co.uk,proxy_shots
2021-04-18,Ath Madrid,Eibar,5,0,8.0,3.0,0.0,1.0,2.31,0.2,7.0,0.0,0.0,2.0,Desconocido,football-data.co.uk,proxy_shots
2021-04-18,Betis,Valencia,2,2,6.0,3.0,3.0,1.0,1.59,1.24,5.0,3.0,1.0,3.0,Desconocido,football-data.co.uk,proxy_shots
2021-04-18,Cadiz,Celta,0,0,4.0,7.0,0.0,1.0,0.64,1.32,2.0,4.0,4.0,2.0,Desconocido,football-data.co.uk,proxy_shots
2021-04-18,Getafe,Real Madrid,0,0,6.0,6.0,3.0,1.0,2.12,0.91,6.0,2.0,2.0,6.0,Desconocido,football-data.co.uk,proxy_shots
2021-04-18,Levante,Villarreal,1,5,4.0,5.0,2.0,1.0,1.3,2.53,3.0,7.0,2.0,2.0,Desconocido,football-data.co.uk,proxy_shots
2021-04-18,Osasuna,Elche,2,0,4.0,5.0,2.0,1.0,1.24,0.8,3.0,2.0,2.0,1.0,Desconocido,football-data.co.uk,proxy_shots
2021-04-18,Sociedad,Sevilla,1,2,7.0,3.0,3.0,2.0,0.73,2.29,2.0,7.0,5.0,1.0,Desconocido,football-data.co.uk,proxy_shots
2021-04-21,Alaves,Villarreal,2,1,3.0,8.0,2.0,1.0,1.41,1.55,4.0,5.0,4.0,2.0,Desconocido,football-data.co.uk,proxy_shots
2021-04-21,Betis,Ath Bilbao,0,0,5.0,4.0,5.0,2.0,0.69,1.6,2.0,4.0,4.0,2.0,Desconocido,football-data.co.uk,proxy_shots
2021-04-21,Cadiz,Real Madrid,0,3,7.0,3.0,4.0,3.0,1.31,1.79,3.0,4.0,1.0,3.0,Desconocido,football-data.co.uk,proxy_shots
2021-04-21,Elche,Valladolid,1,1,4.0,6.0,5.0,3.0,1.14,1.48,3.0,4.0,3.0,2.0,Desconocido,football-data.co.uk,proxy_shots
2021-04-21,Levante,Sevilla,0,1,2.0,3.0,4.0,1.0,0.51,1.19,1.0,3.0,2.0,1.0,Desconocido,football-data.co.uk,proxy_shots
2021-04-21,Osasuna,Valencia,3,1,5.0,6.0,1.0,2.0,2.91,1.55,9.0,5.0,4.0,6.0,Desconocido,football-data.co.uk,proxy_shots
2021-04-22,Ath Madrid,Huesca,2,0,8.0,1.0,2.0,0.0,3.35,0.64,12.0,2.0,2.0,10.0,Desconocido,football-data.co.uk,proxy_shots
2021-04-22,Barcelona,Getafe,5,2,3.0,1.0,2.0,0.0,2.08,0.66,6.0,1.0,0.0,1.0,Desconocido,football-data.co.uk,proxy_shots
2021-04-22,Granada,Eibar,4,1,4.0,7.0,1.0,1.0,1.56,1.52,4.0,3.0,2.0,0.0,Desconocido,football-data.co.uk,proxy_shots
2021-04-22,Sociedad,Celta,2,1,2.0,4.0,4.0,5.0,1.12,1.19,3.0,3.0,2.0,1.0,Desconocido,football-data.co.uk,proxy_shots
2021-04-24,Elche,Levante,1,0,4.0,2.0,3.0,4.0,1.08,0.51,3.0,1.0,1.0,2.0,Desconocido,football-data.co.uk,proxy_shots
2021-04-24,Real Madrid,Betis,0,0,8.0,2.0,1.0,2.0,1.83,0.69,5.0,2.0,2.0,5.0,Desconocido,football-data.co.uk,proxy_shots
2021-04-24,Valencia,Alaves,1,1,7.0,2.0,4.0,2.0,0.95,0.79,2.0,2.0,1.0,1.0,Desconocido,football-data.co.uk,proxy_shots
2021-04-24,Valladolid,Cadiz,1,1,5.0,7.0,1.0,3.0,1.9,0.79,6.0,2.0,1.0,5.0,Desconocido,football-data.co.uk,proxy_shots
2021-04-25,Ath Bilbao,Ath Madrid,2,1,4.0,11.0,4.0,2.0,1.34,1.41,3.0,3.0,2.0,1.0,Desconocido,football-data.co.uk,proxy_shots
2021-04-25,Celta,Osasuna,2,1,2.0,8.0,1.0,4.0,0.95,1.3,2.0,3.0,2.0,0.0,Desconocido,football-data.co.uk,proxy_shots
2021-04-25,Huesca,Getafe,0,2,1.0,0.0,2.0,4.0,0.62,1.25,1.0,4.0,2.0,1.0,Desconocido,football-data.co.uk,proxy_shots
2021-04-25,Sevilla,Granada,2,1,5.0,5.0,2.0,3.0,1.47,0.68,4.0,2.0,1.0,2.0,Desconocido,football-data.co.uk,proxy_shots
2021-04-25,Villarreal,Barcelona,1,2,6.0,1.0,4.0,3.0,1.37,1.92,4.0,5.0,3.0,3.0,Desconocido,football-data.co.uk,proxy_shots
2021-04-26,Eibar,Sociedad,0,1,2.0,3.0,5.0,1.0,1.67,0.73,5.0,2.0,1.0,5.0,Desconocido,football-data.co.uk,proxy_shots
2021-04-28,Ath Bilbao,Valladolid,2,2,5.0,7.0,1.0,1.0,2.18,1.69,7.0,4.0,2.0,5.0,Desconocido,football-data.co.uk,proxy_shots
2021-04-29,Barcelona,Granada,1,2,6.0,1.0,0.0,4.0,1.7,0.89,4.0,2.0,0.0,3.0,Desconocido,football-data.co.uk,proxy_shots
2021-04-30,Celta,Levante,2,0,1.0,5.0,2.0,2.0,1.54,0.91,5.0,2.0,2.0,3.0,Desconocido,football-data.co.uk,proxy_shots
2021-05-01,Eibar,Alaves,3,0,10.0,5.0,0.0,2.0,1.84,0.69,4.0,2.0,2.0,1.0,Desconocido,football-data.co.uk,proxy_shots
2021-05-01,Elche,Ath Madrid,0,1,3.0,2.0,3.0,3.0,0.51,1.43,1.0,4.0,3.0,1.0,Desconocido,football-data.co.uk,proxy_shots
2021-05-01,Huesca,Sociedad,1,0,2.0,7.0,2.0,2.0,1.19,0.93,3.0,3.0,3.0,2.0,Desconocido,football-data.co.uk,proxy_shots
2021-05-01,Real Madrid,Osasuna,2,0,7.0,0.0,0.0,2.0,2.49,0.53,6.0,2.0,2.0,4.0,Desconocido,football-data.co.uk,proxy_shots
2021-05-02,Granada,Cadiz,0,1,6.0,5.0,9.0,2.0,0.85,1.26,2.0,4.0,3.0,2.0,Desconocido,football-data.co.uk,proxy_shots
2021-05-02,Valencia,Barcelona,2,3,2.0,1.0,2.0,1.0,1.41,2.33,4.0,7.0,4.0,2.0,Desconocido,football-data.co.uk,proxy_shots
2021-05-02,Valladolid,Betis,1,1,3.0,2.0,2.0,5.0,1.01,1.43,2.0,4.0,3.0,1.0,Desconocido,football-data.co.uk,proxy_shots
2021-05-02,Villarreal,Getafe,1,0,4.0,4.0,1.0,2.0,0.86,1.36,3.0,3.0,3.0,2.0,Desconocido,football-data.co.uk,proxy_shots
2021-05-03,Sevilla,Ath Bilbao,0,1,6.0,2.0,1.0,0.0,1.53,0.9,3.0,2.0,1.0,3.0,Desconocido,football-data.co.uk,proxy_shots
2021-05-07,Sociedad,Elche,2,0,7.0,0.0,1.0,5.0,1.62,0.2,3.0,0.0,0.0,1.0,Desconocido,football-data.co.uk,proxy_shots
2021-05-08,Alaves,Levante,2,2,8.0,3.0,2.0,1.0,1.92,1.07,5.0,3.0,1.0,3.0,Desconocido,football-data.co.uk,proxy_shots
2021-05-08,Ath Bilbao,Osasuna,2,2,10.0,4.0,1.0,2.0,1.45,1.64,3.0,4.0,2.0,1.0,Desconocido,football-data.co.uk,proxy_shots
2021-05-08,Barcelona,Ath Madrid,0,0,5.0,7.0,3.0,3.0,1.92,1.69,7.0,6.0,6.0,7.0,Desconocido,football-data.co.uk,proxy_shots
2021-05-08,Cadiz,Huesca,2,1,3.0,3.0,4.0,0.0,0.98,1.71,1.0,5.0,4.0,0.0,Desconocido,football-data.co.uk,proxy_shots
2021-05-09,Getafe,Eibar,0,1,4.0,2.0,1.0,2.0,0.91,1.03,2.0,3.0,2.0,2.0,Desconocido,football-data.co.uk,proxy_shots
2021-05-09,Real Madrid,Sevilla,2,2,7.0,3.0,1.0,2.0,2.16,1.12,6.0,3.0,1.0,4.0,Desconocido,football-data.co.uk,proxy_shots
2021-05-09,Valencia,Valladolid,3,0,1.0,9.0,0.0,0.0,1.17,1.4,3.0,2.0,2.0,0.0,Desconocido,football-data.co.uk,proxy_shots
2021-05-09,Villarreal,Celta,2,4,5.0,3.0,7.0,5.0,2.34,2.08,7.0,6.0,2.0,5.0,Desconocido,football-data.co.uk,proxy_shots
2021-05-10,Betis,Granada,2,1,9.0,2.0,2.0,4.0,2.05,1.6,6.0,5.0,4.0,4.0,Desconocido,football-data.co.uk,proxy_shots
2021-05-11,Elche,Alaves,0,2,7.0,5.0,2.0,4.0,1.32,1.05,4.0,2.0,0.0,4.0,Desconocido,football-data.co.uk,proxy_shots
2021-05-11,Levante,Barcelona,3,3,8.0,6.0,2.0,2.0,2.26,2.13,6.0,5.0,2.0,3.0,Desconocido,football-data.co.uk,proxy_shots
2021-05-11,Osasuna,Cadiz,3,2,3.0,5.0,2.0,2.0,1.79,1.47,4.0,4.0,2.0,1.0,Desconocido,football-data.co.uk,proxy_shots
2021-05-12,Ath Madrid,Sociedad,2,1,1.0,7.0,0.0,0.0,1.58,2.13,4.0,7.0,6.0,2.0,Desconocido,football-data.co.uk,proxy_shots
2021-05-12,Celta,Getafe,1,0,1.0,5.0,1.0,3.0,0.5,1.44,1.0,4.0,4.0,0.0,Desconocido,football-data.co.uk,proxy_shots
2021-05-12,Huesca,Ath Bilbao,1,0,5.0,0.0,0.0,1.0,2.17,0.76,6.0,3.0,3.0,5.0,Desconocido,football-data.co.uk,proxy_shots
2021-05-12,Sevilla,Valencia,1,0,3.0,5.0,2.0,2.0,1.37,0.69,4.0,2.0,2.0,3.0,Desconocido,football-data.co.uk,proxy_shots
2021-05-13,Eibar,Betis,1,1,5.0,4.0,3.0,1.0,1.59,1.31,4.0,4.0,3.0,3.0,Desconocido,football-data.co.uk,proxy_shots
2021-05-13,Granada,Real Madrid,1,4,2.0,3.0,3.0,3.0,1.55,2.54,5.0,7.0,3.0,4.0,Desconocido,football-data.co.uk,proxy_shots
2021-05-13,Valladolid,Villarreal,0,2,3.0,6.0,3.0,1.0,0.96,1.24,2.0,3.0,1.0,2.0,Desconocido,football-data.co.uk,proxy_shots
2021-05-16,Alaves,Granada,4,2,6.0,1.0,2.0,4.0,2.79,0.83,9.0,2.0,0.0,5.0,Desconocido,football-data.co.uk,proxy_shots
2021-05-16,Ath Bilbao,Real Madrid,0,1,4.0,11.0,5.0,2.0,0.62,1.06,1.0,2.0,1.0,1.0,Desconocido,football-data.co.uk,proxy_shots
2021-05-16,Ath Madrid,Osasuna,2,1,8.0,0.0,1.0,2.0,3.25,0.73,9.0,2.0,1.0,7.0,Desconocido,football-data.co.uk,proxy_shots
2021-05-16,Barcelona,Celta,1,2,7.0,1.0,5.0,2.0,1.92,1.14,4.0,4.0,2.0,3.0,Desconocido,football-data.co.uk,proxy_shots
2021-05-16,Betis,Huesca,1,0,2.0,5.0,1.0,7.0,1.01,0.39,2.0,0.0,0.0,1.0,Desconocido,football-data.co.uk,proxy_shots
2021-05-16,Cadiz,Elche,1,3,1.0,8.0,3.0,4.0,1.03,2.3,3.0,5.0,2.0,2.0,Desconocido,football-data.co.uk,proxy_shots
2021-05-16,Getafe,Levante,2,1,3.0,4.0,7.0,0.0,1.24,0.56,3.0,1.0,0.0,1.0,Desconocido,football-data.co.uk,proxy_shots
2021-05-16,Sociedad,Valladolid,4,1,2.0,4.0,2.0,6.0,2.55,2.04,8.0,5.0,4.0,4.0,Desconocido,football-data.co.uk,proxy_shots
2021-05-16,Valencia,Eibar,4,1,2.0,10.0,0.0,0.0,1.79,2.64,5.0,8.0,7.0,1.0,Desconocido,football-data.co.uk,proxy_shots
2021-05-16,Villarreal,Sevilla,4,0,3.0,6.0,0.0,5.0,1.96,1.83,5.0,5.0,5.0,1.0,Desconocido,football-data.co.uk,proxy_shots
2021-05-21,Levante,Cadiz,2,2,7.0,0.0,0.0,2.0,1.85,0.89,4.0,2.0,0.0,2.0,Desconocido,football-data.co.uk,proxy_shots
2021-05-22,Celta,Betis,2,3,8.0,4.0,6.0,9.0,1.52,1.8,4.0,5.0,2.0,2.0,Desconocido,football-data.co.uk,proxy_shots
2021-05-22,Eibar,Barcelona,0,1,6.0,3.0,0.0,3.0,1.48,1.03,3.0,3.0,2.0,3.0,Desconocido,football-data.co.uk,proxy_shots
2021-05-22,Elche,Ath Bilbao,2,0,3.0,1.0,3.0,0.0,1.18,0.8,3.0,2.0,2.0,1.0,Desconocido,football-data.co.uk,proxy_shots
2021-05-22,Huesca,Valencia,0,0,9.0,3.0,2.0,1.0,2.71,1.32,8.0,4.0,4.0,8.0,Desconocido,football-data.co.uk,proxy_shots
2021-05-22,Osasuna,Sociedad,0,1,3.0,3.0,1.0,0.0,0.56,0.88,1.0,1.0,0.0,1.0,Desconocido,football-data.co.uk,proxy_shots
2021-05-22,Real Madrid,Villarreal,2,1,6.0,1.0,0.0,0.0,1.69,0.79,4.0,2.0,1.0,2.0,Desconocido,football-data.co.uk,proxy_shots
2021-05-22,Valladolid,Ath Madrid,1,2,4.0,6.0,4.0,6.0,1.37,1.51,4.0,3.0,1.0,3.0,Desconocido,football-data.co.uk,proxy_shots
2021-05-23,Granada,Getafe,0,0,6.0,3.0,4.0,2.0,1.04,0.96,3.0,2.0,2.0,3.0,Desconocido,football-data.co.uk,proxy_shots
2021-05-23,Sevilla,Alaves,1,0,6.0,4.0,1.0,0.0,1.06,0.96,2.0,2.0,2.0,1.0,Desconocido,football-data.co.uk,proxy_shots
2021-08-13,Valencia,Getafe,1,0,1.0,9.0,8.0,5.0,0.68,1.93,2.0,4.0,4.0,1.0,Desconocido,football-data.co.uk,proxy_shots
2021-08-14,Alaves,Real Madrid,1,4,0.0,4.0,1.0,2.0,1.43,2.7,4.0,7.0,3.0,3.0,Desconocido,football-data.co.uk,proxy_shots
2021-08-14,Cadiz,Levante,1,1,2.0,4.0,1.0,5.0,0.84,1.3,2.0,3.0,2.0,1.0,Desconocido,football-data.co.uk,proxy_shots
2021-08-14,Mallorca,Betis,1,1,4.0,3.0,1.0,3.0,0.79,0.83,2.0,1.0,0.0,1.0,Desconocido,football-data.co.uk,proxy_shots
2021-08-14,Osasuna,Espanol,0,0,4.0,6.0,3.0,3.0,0.95,1.09,1.0,3.0,3.0,1.0,Desconocido,football-data.co.uk,proxy_shots
2021-08-15,Barcelona,Sociedad,4,2,5.0,3.0,2.0,4.0,2.55,1.34,8.0,3.0,1.0,4.0,Desconocido,football-data.co.uk,proxy_shots
2021-08-15,Celta,Ath Madrid,1,2,2.0,5.0,6.0,7.0,1.01,1.64,2.0,4.0,2.0,1.0,Desconocido,football-data.co.uk,proxy_shots
2021-08-15,Sevilla,Vallecano,3,0,4.0,0.0,1.0,2.0,2.89,0.76,8.0,3.0,3.0,5.0,Desconocido,football-data.co.uk,proxy_shots
2021-08-16,Elche,Ath Bilbao,0,0,6.0,8.0,2.0,2.0,0.8,1.04,2.0,3.0,3.0,2.0,Desconocido,football-data.co.uk,proxy_shots
2021-08-16,Villarreal,Granada,0,0,6.0,2.0,7.0,1.0,1.49,0.51,4.0,1.0,1.0,4.0,Desconocido,football-data.co.uk,proxy_shots
2021-08-20,Betis,Cadiz,1,1,4.0,5.0,4.0,0.0,2.24,1.08,7.0,3.0,2.0,6.0,Desconocido,football-data.co.uk,proxy_shots
2021-08-21,Alaves,Mallorca,0,1,1.0,8.0,5.0,3.0,1.21,1.12,4.0,2.0,1.0,4.0,Desconocido,football-data.co.uk,proxy_shots
2021-08-21,Ath Bilbao,Barcelona,1,1,13.0,2.0,1.0,4.0,2.24,1.14,7.0,3.0,2.0,6.0,Desconocido,football-data.co.uk,proxy_shots
2021-08-21,Espanol,Villarreal,0,0,9.0,7.0,3.0,4.0,1.31,1.02,3.0,2.0,2.0,3.0,Desconocido,football-data.co.uk,proxy_shots
2021-08-21,Granada,Valencia,1,1,2.0,6.0,4.0,2.0,0.95,2.35,2.0,7.0,6.0,1.0,Desconocido,football-data.co.uk,proxy_shots
2021-08-22,Ath Madrid,Elche,1,0,2.0,1.0,2.0,2.0,1.26,0.58,4.0,2.0,2.0,3.0,Desconocido,football-data.co.uk,proxy_shots
2021-08-22,Levante,Real Madrid,3,3,4.0,6.0,5.0,2.0,1.46,2.25,4.0,5.0,2.0,1.0,Desconocido,football-data.co.uk,proxy_shots
2021-08-22,Sociedad,Vallecano,1,0,5.0,4.0,3.0,4.0,2.25,0.68,8.0,1.0,1.0,7.0,Desconocido,football-data.co.uk,proxy_shots
2021-08-23,Getafe,Sevilla,0,1,5.0,4.0,2.0,2.0,0.66,1.14,0.0,3.0,2.0,0.0,Desconocido,football-data.co.uk,proxy_shots
2021-08-23,Osasuna,Celta,0,0,1.0,2.0,4.0,3.0,2.08,0.22,7.0,0.0,0.0,7.0,Desconocido,football-data.co.uk,proxy_shots
2021-08-27,Mallorca,Espanol,1,0,3.0,2.0,4.0,5.0,1.84,0.98,6.0,3.0,3.0,5.0,Desconocido,football-data.co.uk,proxy_shots
2021-08-27,Valencia,Alaves,3,0,4.0,4.0,1.0,4.0,1.51,1.09,4.0,3.0,3.0,1.0,Desconocido,football-data.co.uk,proxy_shots
2021-08-28,Betis,Real Madrid,0,1,3.0,7.0,5.0,3.0,1.69,1.35,6.0,3.0,2.0,6.0,Desconocido,football-data.co.uk,proxy_shots
2021-08-28,Celta,Ath Bilbao,0,1,5.0,4.0,2.0,1.0,0.71,0.79,0.0,2.0,1.0,0.0,Desconocido,football-data.co.uk,proxy_shots
2021-08-28,Elche,Sevilla,1,1,5.0,3.0,2.0,0.0,1.21,1.99,4.0,5.0,4.0,3.0,Desconocido,football-data.co.uk,proxy_shots
2021-08-28,Sociedad,Levante,1,0,2.0,2.0,1.0,1.0,0.84,0.33,2.0,0.0,0.0,1.0,Desconocido,football-data.co.uk,proxy_shots
2021-08-29,Ath Madrid,Villarreal,2,2,16.0,0.0,4.0,2.0,2.42,0.67,5.0,2.0,0.0,3.0,Desconocido,football-data.co.uk,proxy_shots
2021-08-29,Barcelona,Getafe,2,1,3.0,2.0,3.0,1.0,1.12,1.08,3.0,3.0,2.0,1.0,Desconocido,football-data.co.uk,proxy_shots
2021-08-29,Cadiz,Osasuna,2,3,4.0,11.0,4.0,0.0,1.12,1.79,3.0,4.0,1.0,1.0,Desconocido,football-data.co.uk,proxy_shots
2021-08-29,Vallecano,Granada,4,0,5.0,6.0,1.0,4.0,2.52,1.04,6.0,3.0,3.0,2.0,Desconocido,football-data.co.uk,proxy_shots
2021-09-11,Ath Bilbao,Mallorca,2,0,7.0,2.0,1.0,2.0,2.15,0.56,5.0,1.0,1.0,3.0,Desconocido,football-data.co.uk,proxy_shots
2021-09-11,Levante,Vallecano,1,1,2.0,5.0,3.0,4.0,0.84,2.39,2.0,6.0,5.0,1.0,Desconocido,football-data.co.uk,proxy_shots
2021-09-12,Cadiz,Sociedad,0,2,2.0,8.0,6.0,0.0,0.51,1.8,1.0,4.0,2.0,1.0,Desconocido,football-data.co.uk,proxy_shots
2021-09-12,Espanol,Ath Madrid,1,2,6.0,3.0,1.0,4.0,1.14,1.45,3.0,3.0,1.0,2.0,Desconocido,football-data.co.uk,proxy_shots
2021-09-12,Osasuna,Valencia,1,4,4.0,4.0,4.0,2.0,1.06,1.67,2.0,4.0,0.0,1.0,Desconocido,football-data.co.uk,proxy_shots
2021-09-12,Real Madrid,Celta,5,2,7.0,3.0,2.0,3.0,3.3,1.52,11.0,4.0,2.0,6.0,Desconocido,football-data.co.uk,proxy_shots
2021-09-13,Getafe,Elche,0,1,8.0,2.0,2.0,3.0,0.73,1.08,1.0,3.0,2.0,1.0,Desconocido,football-data.co.uk,proxy_shots
2021-09-13,Granada,Betis,1,2,6.0,8.0,1.0,2.0,1.06,2.87,2.0,9.0,7.0,1.0,Desconocido,football-data.co.uk,proxy_shots
2021-09-17,Celta,Cadiz,1,2,7.0,1.0,3.0,3.0,1.59,1.12,4.0,3.0,1.0,3.0,Desconocido,football-data.co.uk,proxy_shots
2021-09-18,Alaves,Osasuna,0,2,2.0,8.0,4.0,3.0,0.98,1.81,3.0,5.0,3.0,3.0,Desconocido,football-data.co.uk,proxy_shots
2021-09-18,Ath Madrid,Ath Bilbao,0,0,5.0,5.0,8.0,2.0,1.13,0.33,2.0,0.0,0.0,2.0,Desconocido,football-data.co.uk,proxy_shots
2021-09-18,Elche,Levante,1,1,4.0,7.0,2.0,2.0,0.95,1.79,2.0,6.0,5.0,1.0,Desconocido,football-data.co.uk,proxy_shots
2021-09-18,Vallecano,Getafe,3,0,5.0,3.0,6.0,7.0,1.8,1.25,5.0,3.0,3.0,2.0,Desconocido,football-data.co.uk,proxy_shots
2021-09-19,Betis,Espanol,2,2,10.0,4.0,6.0,4.0,3.08,1.52,9.0,4.0,2.0,7.0,Desconocido,football-data.co.uk,proxy_shots
2021-09-19,Mallorca,Villarreal,0,0,3.0,1.0,2.0,3.0,0.73,1.15,1.0,3.0,3.0,1.0,Desconocido,football-data.co.uk,proxy_shots
2021-09-19,Sociedad,Sevilla,0,0,5.0,6.0,2.0,3.0,1.32,1.32,4.0,4.0,4.0,4.0,Desconocido,football-data.co.uk,proxy_shots
2021-09-19,Valencia,Real Madrid,1,2,2.0,5.0,1.0,5.0,1.48,2.99,4.0,10.0,8.0,3.0,Desconocido,football-data.co.uk,proxy_shots
2021-09-20,Barcelona,Granada,1,1,12.0,4.0,3.0,6.0,2.12,0.73,6.0,2.0,1.0,5.0,Desconocido,football-data.co.uk,proxy_shots
2021-09-21,Ath Bilbao,Vallecano,1,2,2.0,1.0,3.0,3.0,0.72,1.18,1.0,3.0,1.0,0.0,Desconocido,football-data.co.uk,proxy_shots
2021-09-21,Getafe,Ath Madrid,1,2,2.0,5.0,6.0,5.0,0.84,1.58,2.0,4.0,2.0,1.0,Desconocido,football-data.co.uk,proxy_shots
2021-09-21,Levante,Celta,0,2,2.0,4.0,3.0,2.0,0.69,0.78,2.0,2.0,0.0,2.0,Desconocido,football-data.co.uk,proxy_shots
2021-09-22,Espanol,Alaves,1,0,4.0,8.0,2.0,1.0,1.01,0.8,2.0,2.0,2.0,1.0,Desconocido,football-data.co.uk,proxy_shots
2021-09-22,Real Madrid,Mallorca,6,1,3.0,2.0,2.0,1.0,3.75,1.94,12.0,5.0,4.0,6.0,Desconocido,football-data.co.uk,proxy_shots
2021-09-22,Sevilla,Valencia,3,1,1.0,4.0,5.0,3.0,1.8,1.08,5.0,3.0,2.0,2.0,Desconocido,football-data.co.uk,proxy_shots
2021-09-22,Villarreal,Elche,4,1,8.0,7.0,1.0,2.0,2.79,1.14,9.0,3.0,2.0,5.0,Desconocido,football-data.co.uk,proxy_shots
2021-09-23,Cadiz,Barcelona,0,0,4.0,5.0,3.0,6.0,1.25,0.69,3.0,2.0,2.0,3.0,Desconocido,football-data.co.uk,proxy_shots
2021-09-23,Granada,Sociedad,2,3,4.0,7.0,5.0,1.0,1.11,3.38,2.0,11.0,8.0,0.0,Desconocido,football-data.co.uk,proxy_shots
2021-09-23,Osasuna,Betis,1,3,4.0,7.0,2.0,0.0,1.25,2.8,3.0,9.0,6.0,2.0,Desconocido,football-data.co.uk,proxy_shots
2021-09-25,Alaves,Ath Madrid,1,0,3.0,8.0,2.0,3.0,0.66,0.9,1.0,1.0,1.0,0.0,Desconocido,football-data.co.uk,proxy_shots
2021-09-25,Real Madrid,Villarreal,0,0,6.0,3.0,1.0,2.0,1.19,0.69,2.0,2.0,2.0,2.0,Desconocido,football-data.co.uk,proxy_shots
2021-09-25,Sevilla,Espanol,2,0,4.0,8.0,6.0,0.0,1.76,1.07,5.0,2.0,2.0,3.0,Desconocido,football-data.co.uk,proxy_shots
2021-09-25,Valencia,Ath Bilbao,1,1,4.0,5.0,7.0,2.0,1.9,1.48,6.0,4.0,3.0,5.0,Desconocido,football-data.co.uk,proxy_shots
2021-09-26,Barcelona,Levante,3,0,11.0,1.0,1.0,3.0,3.56,0.69,12.0,2.0,2.0,9.0,Desconocido,football-data.co.uk,proxy_shots
2021-09-26,Betis,Getafe,2,0,3.0,3.0,1.0,3.0,2.2,0.98,5.0,3.0,3.0,3.0,Desconocido,football-data.co.uk,proxy_shots
2021-09-26,Mallorca,Osasuna,2,3,5.0,5.0,2.0,3.0,2.58,2.04,8.0,6.0,3.0,6.0,Desconocido,football-data.co.uk,proxy_shots
2021-09-26,Sociedad,Elche,1,0,6.0,1.0,1.0,3.0,1.94,0.64,5.0,2.0,2.0,4.0,Desconocido,football-data.co.uk,proxy_shots
2021-09-26,Vallecano,Cadiz,3,1,4.0,3.0,2.0,4.0,2.09,0.61,6.0,1.0,0.0,3.0,Desconocido,football-data.co.uk,proxy_shots
2021-09-27,Celta,Granada,1,0,5.0,3.0,2.0,7.0,1.77,1.1,5.0,4.0,4.0,4.0,Desconocido,football-data.co.uk,proxy_shots
2021-10-01,Ath Bilbao,Alaves,1,0,13.0,9.0,3.0,2.0,1.88,1.83,5.0,5.0,5.0,4.0,Desconocido,football-data.co.uk,proxy_shots
2021-10-02,Ath Madrid,Barcelona,2,0,2.0,6.0,2.0,1.0,1.07,0.85,3.0,2.0,2.0,1.0,Desconocido,football-data.co.uk,proxy_shots
2021-10-02,Cadiz,Valencia,0,0,1.0,3.0,3.0,4.0,0.29,1.6,1.0,4.0,4.0,1.0,Desconocido,football-data.co.uk,proxy_shots
2021-10-02,Mallorca,Levante,1,0,8.0,3.0,4.0,4.0,1.85,0.69,7.0,2.0,2.0,6.0,Desconocido,football-data.co.uk,proxy_shots
2021-10-02,Osasuna,Vallecano,1,0,6.0,3.0,3.0,3.0,1.03,0.39,3.0,0.0,0.0,2.0,Desconocido,football-data.co.uk,proxy_shots
2021-10-03,Elche,Celta,1,0,7.0,4.0,4.0,3.0,1.66,0.73,5.0,1.0,1.0,4.0,Desconocido,football-data.co.uk,proxy_shots
2021-10-03,Espanol,Real Madrid,2,1,2.0,8.0,2.0,1.0,1.36,1.81,4.0,4.0,3.0,2.0,Desconocido,football-data.co.uk,proxy_shots
2021-10-03,Getafe,Sociedad,1,1,2.0,5.0,4.0,2.0,0.95,1.55,2.0,5.0,4.0,1.0,Desconocido,football-data.co.uk,proxy_shots
2021-10-03,Granada,Sevilla,1,0,2.0,6.0,3.0,6.0,0.44,1.31,1.0,3.0,3.0,0.0,Desconocido,football-data.co.uk,proxy_shots
2021-10-03,Villarreal,Betis,2,0,4.0,6.0,2.0,4.0,1.7,1.09,5.0,3.0,3.0,3.0,Desconocido,football-data.co.uk,proxy_shots
2021-10-16,Levante,Getafe,0,0,3.0,11.0,3.0,3.0,0.69,1.49,2.0,4.0,4.0,2.0,Desconocido,football-data.co.uk,proxy_shots
2021-10-16,Sociedad,Mallorca,1,0,2.0,6.0,5.0,3.0,1.01,0.56,2.0,1.0,1.0,1.0,Desconocido,football-data.co.uk,proxy_shots
2021-10-17,Barcelona,Valencia,3,1,9.0,3.0,2.0,3.0,1.86,1.14,5.0,3.0,2.0,2.0,Desconocido,football-data.co.uk,proxy_shots
2021-10-17,Celta,Sevilla,0,1,5.0,4.0,2.0,3.0,1.31,0.9,3.0,2.0,1.0,3.0,Desconocido,football-data.co.uk,proxy_shots
2021-10-17,Vallecano,Elche,2,1,6.0,2.0,2.0,2.0,1.47,1.03,4.0,3.0,2.0,2.0,Desconocido,football-data.co.uk,proxy_shots
2021-10-17,Villarreal,Osasuna,1,2,4.0,4.0,1.0,5.0,1.79,0.89,6.0,2.0,0.0,5.0,Desconocido,football-data.co.uk,proxy_shots
2021-10-18,Alaves,Betis,0,1,7.0,7.0,1.0,1.0,1.13,1.86,2.0,4.0,3.0,2.0,Desconocido,football-data.co.uk,proxy_shots
2021-10-18,Espanol,Cadiz,2,0,7.0,9.0,1.0,0.0,2.05,1.07,6.0,2.0,2.0,4.0,Desconocido,football-data.co.uk,proxy_shots
2021-10-22,Osasuna,Granada,1,1,4.0,1.0,3.0,3.0,2.12,1.31,6.0,4.0,3.0,5.0,Desconocido,football-data.co.uk,proxy_shots
2021-10-23,Ath Bilbao,Villarreal,2,1,9.0,2.0,0.0,3.0,2.23,1.25,7.0,3.0,2.0,5.0,Desconocido,football-data.co.uk,proxy_shots
2021-10-23,Cadiz,Alaves,0,2,14.0,3.0,0.0,2.0,1.98,1.36,4.0,4.0,2.0,4.0,Desconocido,football-data.co.uk,proxy_shots
2021-10-23,Elche,Espanol,2,2,3.0,7.0,3.0,1.0,2.12,2.56,7.0,7.0,5.0,5.0,Desconocido,football-data.co.uk,proxy_shots
2021-10-23,Valencia,Mallorca,2,2,5.0,0.0,4.0,9.0,2.38,1.41,6.0,4.0,2.0,4.0,Desconocido,football-data.co.uk,proxy_shots
2021-10-24,Ath Madrid,Sociedad,2,2,4.0,3.0,1.0,3.0,1.85,1.36,4.0,4.0,2.0,2.0,Desconocido,football-data.co.uk,proxy_shots
2021-10-24,Barcelona,Real Madrid,1,2,7.0,4.0,1.0,1.0,1.12,1.65,2.0,5.0,3.0,1.0,Desconocido,football-data.co.uk,proxy_shots
2021-10-24,Betis,Vallecano,3,2,4.0,4.0,1.0,2.0,1.8,1.51,5.0,3.0,1.0,2.0,Desconocido,football-data.co.uk,proxy_shots
2021-10-24,Sevilla,Levante,5,3,10.0,3.0,1.0,2.0,3.47,2.22,11.0,7.0,4.0,6.0,Desconocido,football-data.co.uk,proxy_shots
2021-10-25,Getafe,Celta,0,3,2.0,7.0,6.0,2.0,0.96,2.62,2.0,8.0,5.0,2.0,Desconocido,football-data.co.uk,proxy_shots
2021-10-26,Alaves,Elche,1,0,4.0,7.0,1.0,1.0,1.88,0.4,5.0,1.0,1.0,4.0,Desconocido,football-data.co.uk,proxy_shots
2021-10-26,Espanol,Ath Bilbao,1,1,8.0,12.0,3.0,2.0,1.41,2.62,3.0,7.0,6.0,2.0,Desconocido,football-data.co.uk,proxy_shots
2021-10-26,Villarreal,Cadiz,3,3,8.0,2.0,3.0,6.0,1.97,1.51,5.0,4.0,1.0,2.0,Desconocido,football-data.co.uk,proxy_shots
2021-10-27,Betis,Valencia,4,1,4.0,7.0,2.0,5.0,2.79,1.37,9.0,4.0,3.0,5.0,Desconocido,football-data.co.uk,proxy_shots
2021-10-27,Mallorca,Sevilla,1,1,4.0,2.0,5.0,6.0,1.43,1.19,4.0,3.0,2.0,3.0,Desconocido,football-data.co.uk,proxy_shots
2021-10-27,Real Madrid,Osasuna,0,0,11.0,3.0,1.0,1.0,1.48,0.39,3.0,0.0,0.0,3.0,Desconocido,football-data.co.uk,proxy_shots
2021-10-27,Vallecano,Barcelona,1,0,3.0,7.0,2.0,2.0,1.35,1.06,3.0,1.0,1.0,2.0,Desconocido,football-data.co.uk,proxy_shots
2021-10-28,Celta,Sociedad,0,2,7.0,6.0,1.0,0.0,1.85,1.52,6.0,4.0,2.0,6.0,Desconocido,football-data.co.uk,proxy_shots
2021-10-28,Granada,Getafe,1,1,5.0,0.0,1.0,4.0,1.63,1.15,3.0,4.0,3.0,2.0,Desconocido,football-data.co.uk,proxy_shots
2021-10-28,Levante,Ath Madrid,2,2,5.0,2.0,5.0,5.0,1.29,1.12,3.0,3.0,1.0,1.0,Desconocido,football-data.co.uk,proxy_shots
2021-10-30,Barcelona,Alaves,1,1,9.0,0.0,0.0,2.0,1.88,0.62,5.0,2.0,1.0,4.0,Desconocido,football-data.co.uk,proxy_shots
2021-10-30,Elche,Real Madrid,1,2,5.0,4.0,4.0,0.0,1.54,2.04,4.0,5.0,3.0,3.0,Desconocido,football-data.co.uk,proxy_shots
2021-10-30,Sevilla,Osasuna,2,0,4.0,5.0,2.0,2.0,1.8,1.09,4.0,3.0,3.0,2.0,Desconocido,football-data.co.uk,proxy_shots
2021-10-30,Valencia,Villarreal,2,0,7.0,6.0,2.0,4.0,1.24,0.78,3.0,1.0,1.0,1.0,Desconocido,football-data.co.uk,proxy_shots
2021-10-31,Ath Madrid,Betis,3,0,13.0,0.0,0.0,0.0,2.91,0.62,9.0,1.0,1.0,6.0,Desconocido,football-data.co.uk,proxy_shots
2021-10-31,Cadiz,Mallorca,1,1,6.0,5.0,3.0,11.0,1.18,1.6,2.0,5.0,4.0,1.0,Desconocido,football-data.co.uk,proxy_shots
2021-10-31,Getafe,Espanol,2,1,6.0,11.0,7.0,4.0,2.12,1.19,7.0,3.0,2.0,5.0,Desconocido,football-data.co.uk,proxy_shots
2021-10-31,Sociedad,Ath Bilbao,1,1,2.0,7.0,4.0,5.0,1.08,1.6,3.0,5.0,4.0,2.0,Desconocido,football-data.co.uk,proxy_shots
2021-11-01,Levante,Granada,0,3,3.0,5.0,4.0,2.0,1.2,2.04,3.0,6.0,3.0,3.0,Desconocido,football-data.co.uk,proxy_shots
2021-11-01,Vallecano,Celta,0,0,4.0,7.0,2.0,5.0,1.5,1.27,5.0,4.0,4.0,5.0,Desconocido,football-data.co.uk,proxy_shots
2021-11-05,Ath Bilbao,Cadiz,0,1,5.0,1.0,2.0,1.0,1.72,1.26,5.0,4.0,3.0,5.0,Desconocido,football-data.co.uk,proxy_shots
2021-11-06,Alaves,Levante,2,1,1.0,3.0,3.0,3.0,1.29,2.02,3.0,7.0,6.0,1.0,Desconocido,football-data.co.uk,proxy_shots
2021-11-06,Celta,Barcelona,3,3,3.0,1.0,3.0,6.0,2.01,1.93,4.0,6.0,3.0,1.0,Desconocido,football-data.co.uk,proxy_shots
2021-11-06,Espanol,Granada,2,0,5.0,3.0,1.0,1.0,2.22,1.89,6.0,5.0,5.0,4.0,Desconocido,football-data.co.uk,proxy_shots
2021-11-06,Real Madrid,Vallecano,2,1,4.0,5.0,1.0,2.0,2.29,2.4,7.0,7.0,6.0,5.0,Desconocido,football-data.co.uk,proxy_shots
2021-11-07,Betis,Sevilla,0,2,2.0,1.0,5.0,1.0,0.62,1.17,1.0,2.0,0.0,1.0,Desconocido,football-data.co.uk,proxy_shots
2021-11-07,Mallorca,Elche,2,2,3.0,3.0,2.0,3.0,2.27,0.95,6.0,2.0,0.0,4.0,Desconocido,football-data.co.uk,proxy_shots
2021-11-07,Osasuna,Sociedad,0,2,5.0,2.0,0.0,2.0,0.69,1.41,2.0,4.0,2.0,2.0,Desconocido,football-data.co.uk,proxy_shots
2021-11-07,Valencia,Ath Madrid,3,3,9.0,0.0,2.0,2.0,1.8,2.28,5.0,7.0,4.0,2.0,Desconocido,football-data.co.uk,proxy_shots
2021-11-07,Villarreal,Getafe,1,0,6.0,4.0,1.0,1.0,1.37,0.64,4.0,2.0,2.0,3.0,Desconocido,football-data.co.uk,proxy_shots
2021-11-19,Levante,Ath Bilbao,0,0,6.0,3.0,2.0,1.0,1.19,0.74,2.0,2.0,2.0,2.0,Desconocido,football-data.co.uk,proxy_shots
2021-11-20,Ath Madrid,Osasuna,1,0,7.0,4.0,2.0,2.0,1.29,1.04,2.0,3.0,3.0,1.0,Desconocido,football-data.co.uk,proxy_shots
2021-11-20,Barcelona,Espanol,1,0,4.0,4.0,4.0,2.0,2.06,1.02,6.0,2.0,2.0,5.0,Desconocido,football-data.co.uk,proxy_shots
2021-11-20,Celta,Villarreal,1,1,3.0,5.0,1.0,1.0,1.3,2.17,3.0,6.0,5.0,2.0,Desconocido,football-data.co.uk,proxy_shots
2021-11-20,Sevilla,Alaves,2,2,5.0,2.0,4.0,4.0,2.16,1.18,6.0,3.0,1.0,4.0,Desconocido,football-data.co.uk,proxy_shots
2021-11-21,Elche,Betis,0,3,10.0,1.0,1.0,4.0,1.49,1.51,4.0,4.0,1.0,4.0,Desconocido,football-data.co.uk,proxy_shots
2021-11-21,Getafe,Cadiz,4,0,3.0,7.0,2.0,4.0,2.77,0.91,8.0,2.0,2.0,4.0,Desconocido,football-data.co.uk,proxy_shots
2021-11-21,Granada,Real Madrid,1,4,9.0,6.0,3.0,1.0,1.25,3.35,3.0,10.0,6.0,2.0,Desconocido,football-data.co.uk,proxy_shots
2021-11-21,Sociedad,Valencia,0,0,2.0,4.0,6.0,7.0,0.85,0.98,2.0,3.0,3.0,2.0,Desconocido,football-data.co.uk,proxy_shots
2021-11-22,Vallecano,Mallorca,3,1,6.0,4.0,3.0,2.0,2.21,1.6,6.0,5.0,4.0,3.0,Desconocido,football-data.co.uk,proxy_shots
2021-11-26,Ath Bilbao,Granada,2,2,8.0,3.0,3.0,1.0,2.04,1.36,5.0,4.0,2.0,3.0,Desconocido,football-data.co.uk,proxy_shots
2021-11-27,Alaves,Celta,1,2,5.0,3.0,3.0,2.0,1.71,1.54,5.0,5.0,3.0,4.0,Desconocido,football-data.co.uk,proxy_shots
2021-11-27,Mallorca,Getafe,0,0,2.0,0.0,3.0,0.0,1.02,0.6,2.0,0.0,0.0,2.0,Desconocido,football-data.co.uk,proxy_shots
2021-11-27,Valencia,Vallecano,1,1,3.0,9.0,6.0,5.0,1.26,1.84,4.0,6.0,5.0,3.0,Desconocido,football-data.co.uk,proxy_shots
2021-11-27,Villarreal,Barcelona,1,3,4.0,4.0,2.0,2.0,1.23,2.04,2.0,6.0,3.0,1.0,Desconocido,football-data.co.uk,proxy_shots
2021-11-28,Betis,Levante,3,1,5.0,8.0,2.0,3.0,3.17,0.9,8.0,2.0,1.0,5.0,Desconocido,football-data.co.uk,proxy_shots
2021-11-28,Cadiz,Ath Madrid,1,4,4.0,8.0,2.0,0.0,0.54,2.6,0.0,7.0,3.0,0.0,Desconocido,football-data.co.uk,proxy_shots
2021-11-28,Espanol,Sociedad,1,0,2.0,9.0,1.0,1.0,0.9,1.27,2.0,4.0,4.0,1.0,Desconocido,football-data.co.uk,proxy_shots
2021-11-28,Real Madrid,Sevilla,2,1,0.0,4.0,3.0,3.0,1.69,1.79,4.0,6.0,5.0,2.0,Desconocido,football-data.co.uk,proxy_shots
2021-11-29,Osasuna,Elche,1,1,5.0,4.0,1.0,3.0,1.76,1.37,4.0,4.0,3.0,3.0,Desconocido,football-data.co.uk,proxy_shots
2021-12-01,Real Madrid,Ath Bilbao,1,0,7.0,6.0,2.0,3.0,2.3,1.35,7.0,2.0,2.0,6.0,Desconocido,football-data.co.uk,proxy_shots
2021-12-03,Granada,Alaves,2,1,3.0,5.0,2.0,2.0,1.05,1.23,2.0,2.0,1.0,0.0,Desconocido,football-data.co.uk,proxy_shots
2021-12-04,Ath Madrid,Mallorca,1,2,8.0,5.0,2.0,5.0,1.95,1.29,6.0,3.0,1.0,5.0,Desconocido,football-data.co.uk,proxy_shots
2021-12-04,Barcelona,Betis,0,1,6.0,1.0,1.0,2.0,1.2,0.9,3.0,2.0,1.0,3.0,Desconocido,football-data.co.uk,proxy_shots
2021-12-04,Sevilla,Villarreal,1,0,5.0,8.0,2.0,2.0,1.08,1.24,3.0,2.0,2.0,2.0,Desconocido,football-data.co.uk,proxy_shots
2021-12-04,Sociedad,Real Madrid,0,2,5.0,5.0,2.0,0.0,0.6,2.35,0.0,8.0,6.0,0.0,Desconocido,football-data.co.uk,proxy_shots
2021-12-05,Celta,Valencia,1,2,6.0,4.0,3.0,2.0,1.6,1.54,5.0,5.0,3.0,4.0,Desconocido,football-data.co.uk,proxy_shots
2021-12-05,Elche,Cadiz,3,1,3.0,3.0,7.0,3.0,1.28,2.0,3.0,6.0,5.0,0.0,Desconocido,football-data.co.uk,proxy_shots
2021-12-05,Levante,Osasuna,0,0,7.0,2.0,2.0,3.0,1.15,0.78,3.0,1.0,1.0,3.0,Desconocido,football-data.co.uk,proxy_shots
2021-12-05,Vallecano,Espanol,1,0,6.0,3.0,3.0,5.0,0.48,1.09,0.0,3.0,3.0,0.0,Desconocido,football-data.co.uk,proxy_shots
2021-12-06,Getafe,Ath Bilbao,0,0,5.0,3.0,2.0,1.0,1.83,1.04,5.0,3.0,3.0,5.0,Desconocido,football-data.co.uk,proxy_shots
2021-12-10,Mallorca,Celta,0,0,7.0,4.0,3.0,2.0,0.84,1.67,1.0,5.0,5.0,1.0,Desconocido,football-data.co.uk,proxy_shots
2021-12-11,Alaves,Getafe,1,1,1.0,1.0,6.0,4.0,0.78,1.06,1.0,2.0,1.0,0.0,Desconocido,football-data.co.uk,proxy_shots
2021-12-11,Ath Bilbao,Sevilla,0,1,9.0,2.0,4.0,3.0,1.07,0.61,2.0,1.0,0.0,2.0,Desconocido,football-data.co.uk,proxy_shots
2021-12-11,Espanol,Levante,4,3,4.0,2.0,4.0,6.0,2.77,1.97,8.0,5.0,2.0,4.0,Desconocido,football-data.co.uk,proxy_shots
2021-12-11,Valencia,Elche,2,1,8.0,1.0,3.0,2.0,2.79,1.26,8.0,4.0,3.0,6.0,Desconocido,football-data.co.uk,proxy_shots
2021-12-12,Betis,Sociedad,4,0,4.0,7.0,3.0,1.0,1.9,1.72,5.0,5.0,5.0,1.0,Desconocido,football-data.co.uk,proxy_shots
2021-12-12,Osasuna,Barcelona,2,2,6.0,5.0,5.0,4.0,1.18,1.11,3.0,2.0,0.0,1.0,Desconocido,football-data.co.uk,proxy_shots
2021-12-12,Real Madrid,Ath Madrid,2,0,3.0,6.0,2.0,3.0,1.12,1.58,3.0,6.0,6.0,1.0,Desconocido,football-data.co.uk,proxy_shots
2021-12-12,Villarreal,Vallecano,2,0,5.0,6.0,1.0,3.0,1.81,2.3,5.0,7.0,7.0,3.0,Desconocido,football-data.co.uk,proxy_shots
2021-12-13,Cadiz,Granada,1,1,8.0,1.0,7.0,0.0,1.35,1.88,3.0,5.0,4.0,2.0,Desconocido,football-data.co.uk,proxy_shots
2021-12-17,Celta,Espanol,3,1,3.0,3.0,2.0,1.0,1.86,0.97,5.0,3.0,2.0,2.0,Desconocido,football-data.co.uk,proxy_shots
2021-12-18,Barcelona,Elche,3,2,5.0,0.0,1.0,3.0,2.79,1.02,8.0,3.0,1.0,5.0,Desconocido,football-data.co.uk,proxy_shots
2021-12-18,Sevilla,Ath Madrid,2,1,4.0,7.0,2.0,1.0,0.89,1.47,2.0,3.0,2.0,0.0,Desconocido,football-data.co.uk,proxy_shots
2021-12-18,Sociedad,Villarreal,1,3,5.0,5.0,4.0,3.0,1.26,2.56,4.0,8.0,5.0,3.0,Desconocido,football-data.co.uk,proxy_shots
2021-12-18,Vallecano,Alaves,2,0,5.0,5.0,1.0,2.0,2.2,1.05,5.0,4.0,4.0,3.0,Desconocido,football-data.co.uk,proxy_shots
2021-12-19,Ath Bilbao,Betis,3,2,5.0,6.0,1.0,3.0,1.88,2.52,6.0,8.0,6.0,3.0,Desconocido,football-data.co.uk,proxy_shots
2021-12-19,Getafe,Osasuna,1,0,4.0,3.0,3.0,1.0,1.81,0.96,4.0,2.0,2.0,3.0,Desconocido,football-data.co.uk,proxy_shots
2021-12-19,Granada,Mallorca,4,1,4.0,2.0,3.0,2.0,2.31,1.44,6.0,5.0,4.0,2.0,Desconocido,football-data.co.uk,proxy_shots
2021-12-19,Real Madrid,Cadiz,0,0,13.0,2.0,1.0,1.0,3.6,0.22,9.0,0.0,0.0,9.0,Desconocido,football-data.co.uk,proxy_shots
2021-12-20,Levante,Valencia,3,4,6.0,4.0,3.0,4.0,2.75,2.66,9.0,8.0,4.0,6.0,Desconocido,football-data.co.uk,proxy_shots
2021-12-21,Sevilla,Barcelona,1,1,4.0,9.0,4.0,3.0,0.56,2.62,1.0,7.0,6.0,0.0,Desconocido,football-data.co.uk,proxy_shots
2021-12-21,Villarreal,Alaves,5,2,6.0,2.0,0.0,2.0,3.62,0.78,10.0,2.0,0.0,5.0,Desconocido,football-data.co.uk,proxy_shots
2021-12-22,Ath Bilbao,Real Madrid,1,2,7.0,0.0,2.0,2.0,1.29,2.12,2.0,7.0,5.0,1.0,Desconocido,football-data.co.uk,proxy_shots
2021-12-22,Granada,Ath Madrid,2,1,2.0,7.0,4.0,1.0,1.25,1.47,4.0,3.0,2.0,2.0,Desconocido,football-data.co.uk,proxy_shots
2021-12-31,Valencia,Espanol,1,2,7.0,5.0,9.0,3.0,1.12,1.74,2.0,4.0,2.0,1.0,Desconocido,football-data.co.uk,proxy_shots
2022-01-02,Alaves,Sociedad,1,1,2.0,3.0,3.0,3.0,2.04,1.37,5.0,4.0,3.0,4.0,Desconocido,football-data.co.uk,proxy_shots
2022-01-02,Ath Madrid,Vallecano,2,0,8.0,2.0,3.0,0.0,1.92,0.28,5.0,0.0,0.0,3.0,Desconocido,football-data.co.uk,proxy_shots
2022-01-02,Betis,Celta,0,2,3.0,3.0,1.0,2.0,2.25,1.48,7.0,5.0,3.0,7.0,Desconocido,football-data.co.uk,proxy_shots
2022-01-02,Elche,Granada,0,0,6.0,3.0,5.0,3.0,1.35,1.45,2.0,5.0,5.0,2.0,Desconocido,football-data.co.uk,proxy_shots
2022-01-02,Getafe,Real Madrid,1,0,2.0,9.0,3.0,2.0,0.97,1.49,3.0,4.0,4.0,2.0,Desconocido,football-data.co.uk,proxy_shots
2022-01-02,Mallorca,Barcelona,0,1,4.0,3.0,5.0,2.0,1.25,1.54,3.0,4.0,3.0,3.0,Desconocido,football-data.co.uk,proxy_shots
2022-01-03,Cadiz,Sevilla,0,1,2.0,8.0,0.0,1.0,0.85,1.59,2.0,4.0,3.0,2.0,Desconocido,football-data.co.uk,proxy_shots
2022-01-03,Osasuna,Ath Bilbao,1,3,4.0,5.0,7.0,2.0,1.65,2.13,4.0,5.0,2.0,3.0,Desconocido,football-data.co.uk,proxy_shots
2022-01-03,Villarreal,Levante,5,0,6.0,5.0,3.0,2.0,2.7,0.93,7.0,3.0,3.0,2.0,Desconocido,football-data.co.uk,proxy_shots
2022-01-08,Granada,Barcelona,1,1,3.0,2.0,2.0,7.0,1.59,0.99,4.0,1.0,0.0,3.0,Desconocido,football-data.co.uk,proxy_shots
2022-01-08,Levante,Mallorca,2,0,5.0,5.0,5.0,1.0,2.52,2.26,8.0,8.0,8.0,6.0,Desconocido,football-data.co.uk,proxy_shots
2022-01-08,Real Madrid,Valencia,4,1,3.0,8.0,3.0,3.0,3.1,2.02,8.0,7.0,6.0,4.0,Desconocido,football-data.co.uk,proxy_shots
2022-01-08,Sociedad,Celta,1,0,6.0,4.0,3.0,3.0,1.3,0.22,3.0,0.0,0.0,2.0,Desconocido,football-data.co.uk,proxy_shots
2022-01-09,Alaves,Ath Bilbao,0,0,7.0,5.0,2.0,0.0,0.84,0.91,1.0,2.0,2.0,1.0,Desconocido,football-data.co.uk,proxy_shots
2022-01-09,Osasuna,Cadiz,2,0,5.0,7.0,2.0,2.0,1.92,0.51,5.0,1.0,1.0,3.0,Desconocido,football-data.co.uk,proxy_shots
2022-01-09,Sevilla,Getafe,1,0,5.0,2.0,1.0,3.0,0.83,0.58,1.0,2.0,2.0,0.0,Desconocido,football-data.co.uk,proxy_shots
2022-01-09,Vallecano,Betis,1,1,6.0,4.0,1.0,5.0,2.3,1.5,7.0,5.0,4.0,6.0,Desconocido,football-data.co.uk,proxy_shots
2022-01-09,Villarreal,Ath Madrid,2,2,7.0,3.0,0.0,4.0,1.45,1.48,3.0,5.0,3.0,1.0,Desconocido,football-data.co.uk,proxy_shots
2022-01-10,Espanol,Elche,1,2,13.0,0.0,4.0,6.0,1.08,0.73,3.0,2.0,0.0,2.0,Desconocido,football-data.co.uk,proxy_shots
2022-01-16,Elche,Villarreal,1,0,3.0,8.0,4.0,3.0,0.73,1.21,2.0,4.0,4.0,1.0,Desconocido,football-data.co.uk,proxy_shots
2022-01-18,Betis,Alaves,4,0,8.0,3.0,2.0,0.0,2.29,0.85,5.0,2.0,2.0,1.0,Desconocido,football-data.co.uk,proxy_shots
2022-01-18,Cadiz,Espanol,2,2,3.0,2.0,5.0,1.0,1.47,2.23,4.0,7.0,5.0,2.0,Desconocido,football-data.co.uk,proxy_shots
2022-01-19,Celta,Osasuna,2,0,0.0,5.0,1.0,2.0,1.02,0.49,3.0,0.0,0.0,1.0,Desconocido,football-data.co.uk,proxy_shots
2022-01-19,Valencia,Sevilla,1,1,4.0,4.0,5.0,3.0,1.01,1.3,2.0,3.0,2.0,1.0,Desconocido,football-data.co.uk,proxy_shots
2022-01-20,Getafe,Granada,4,2,4.0,8.0,3.0,4.0,1.78,1.3,4.0,4.0,2.0,0.0,Desconocido,football-data.co.uk,proxy_shots
2022-01-21,Espanol,Betis,1,4,6.0,5.0,5.0,4.0,1.48,2.66,4.0,8.0,4.0,3.0,Desconocido,football-data.co.uk,proxy_shots
2022-01-22,Ath Madrid,Valencia,3,2,5.0,4.0,5.0,6.0,2.26,1.12,6.0,3.0,1.0,3.0,Desconocido,football-data.co.uk,proxy_shots
2022-01-22,Levante,Cadiz,0,2,8.0,2.0,4.0,6.0,2.26,1.0,8.0,2.0,0.0,8.0,Desconocido,football-data.co.uk,proxy_shots
2022-01-22,Sevilla,Celta,2,2,7.0,0.0,1.0,4.0,1.98,1.25,5.0,4.0,2.0,3.0,Desconocido,football-data.co.uk,proxy_shots
2022-01-22,Villarreal,Mallorca,3,0,10.0,6.0,1.0,4.0,2.04,0.8,6.0,2.0,2.0,3.0,Desconocido,football-data.co.uk,proxy_shots
2022-01-23,Alaves,Barcelona,0,1,1.0,10.0,0.0,0.0,0.69,1.37,2.0,4.0,3.0,2.0,Desconocido,football-data.co.uk,proxy_shots
2022-01-23,Granada,Osasuna,0,2,4.0,3.0,0.0,2.0,0.69,2.34,2.0,7.0,5.0,2.0,Desconocido,football-data.co.uk,proxy_shots
2022-01-23,Real Madrid,Elche,2,2,10.0,3.0,3.0,1.0,2.91,0.73,8.0,2.0,0.0,6.0,Desconocido,football-data.co.uk,proxy_shots
2022-01-23,Sociedad,Getafe,0,0,7.0,2.0,1.0,1.0,1.04,0.85,3.0,2.0,2.0,3.0,Desconocido,football-data.co.uk,proxy_shots
2022-01-23,Vallecano,Ath Bilbao,0,1,9.0,7.0,1.0,6.0,2.13,1.14,3.0,3.0,2.0,3.0,Desconocido,football-data.co.uk,proxy_shots
2022-02-04,Getafe,Levante,3,0,2.0,8.0,4.0,3.0,2.51,0.96,8.0,2.0,2.0,5.0,Desconocido,football-data.co.uk,proxy_shots
2022-02-05,Celta,Vallecano,2,0,7.0,2.0,0.0,2.0,1.45,0.6,3.0,0.0,0.0,1.0,Desconocido,football-data.co.uk,proxy_shots
2022-02-05,Elche,Alaves,3,1,7.0,3.0,1.0,1.0,1.79,0.79,4.0,2.0,1.0,1.0,Desconocido,football-data.co.uk,proxy_shots
2022-02-05,Mallorca,Cadiz,2,1,6.0,4.0,2.0,4.0,2.04,1.66,5.0,5.0,4.0,3.0,Desconocido,football-data.co.uk,proxy_shots
2022-02-05,Osasuna,Sevilla,0,0,1.0,1.0,1.0,1.0,1.04,1.21,3.0,4.0,4.0,3.0,Desconocido,football-data.co.uk,proxy_shots
2022-02-06,Barcelona,Ath Madrid,4,2,3.0,5.0,4.0,2.0,1.61,1.47,4.0,4.0,2.0,0.0,Desconocido,football-data.co.uk,proxy_shots
2022-02-06,Betis,Villarreal,0,2,6.0,6.0,2.0,3.0,1.04,1.24,3.0,3.0,1.0,3.0,Desconocido,football-data.co.uk,proxy_shots
2022-02-06,Real Madrid,Granada,1,0,9.0,2.0,2.0,1.0,3.4,0.93,11.0,3.0,3.0,10.0,Desconocido,football-data.co.uk,proxy_shots
2022-02-06,Valencia,Sociedad,0,0,9.0,9.0,4.0,2.0,1.31,0.8,3.0,2.0,2.0,3.0,Desconocido,football-data.co.uk,proxy_shots
2022-02-07,Ath Bilbao,Espanol,2,1,5.0,3.0,3.0,3.0,1.3,1.03,4.0,3.0,2.0,2.0,Desconocido,football-data.co.uk,proxy_shots
2022-02-11,Sevilla,Elche,2,0,5.0,4.0,1.0,5.0,2.05,0.56,6.0,1.0,1.0,4.0,Desconocido,football-data.co.uk,proxy_shots
2022-02-12,Ath Madrid,Getafe,4,3,5.0,4.0,5.0,4.0,2.27,1.57,7.0,4.0,1.0,3.0,Desconocido,football-data.co.uk,proxy_shots
2022-02-12,Cadiz,Celta,0,0,3.0,3.0,3.0,2.0,0.8,0.51,2.0,1.0,1.0,2.0,Desconocido,football-data.co.uk,proxy_shots
2022-02-12,Vallecano,Osasuna,0,3,4.0,5.0,2.0,1.0,1.09,1.86,3.0,5.0,2.0,3.0,Desconocido,football-data.co.uk,proxy_shots
2022-02-12,Villarreal,Real Madrid,0,0,3.0,3.0,2.0,4.0,0.85,2.02,2.0,6.0,6.0,2.0,Desconocido,football-data.co.uk,proxy_shots
2022-02-13,Alaves,Valencia,2,1,5.0,9.0,4.0,3.0,1.59,1.31,5.0,4.0,3.0,3.0,Desconocido,football-data.co.uk,proxy_shots
2022-02-13,Espanol,Barcelona,2,2,3.0,5.0,7.0,6.0,1.47,1.58,4.0,4.0,2.0,2.0,Desconocido,football-data.co.uk,proxy_shots
2022-02-13,Levante,Betis,2,4,5.0,7.0,3.0,2.0,1.58,3.42,4.0,11.0,7.0,2.0,Desconocido,football-data.co.uk,proxy_shots
2022-02-13,Sociedad,Granada,2,0,6.0,5.0,0.0,2.0,2.63,1.19,8.0,2.0,2.0,6.0,Desconocido,football-data.co.uk,proxy_shots
2022-02-14,Mallorca,Ath Bilbao,3,2,6.0,6.0,6.0,4.0,2.08,0.95,5.0,2.0,0.0,2.0,Desconocido,football-data.co.uk,proxy_shots
2022-02-16,Ath Madrid,Levante,0,1,5.0,3.0,3.0,4.0,0.73,1.44,1.0,5.0,4.0,1.0,Desconocido,football-data.co.uk,proxy_shots
2022-02-18,Elche,Vallecano,2,1,2.0,3.0,2.0,4.0,1.59,1.18,5.0,2.0,1.0,3.0,Desconocido,football-data.co.uk,proxy_shots
2022-02-19,Cadiz,Getafe,1,1,7.0,2.0,3.0,4.0,0.95,0.61,2.0,1.0,0.0,1.0,Desconocido,football-data.co.uk,proxy_shots
2022-02-19,Granada,Villarreal,1,4,9.0,2.0,3.0,6.0,2.1,2.48,5.0,7.0,3.0,4.0,Desconocido,football-data.co.uk,proxy_shots
2022-02-19,Osasuna,Ath Madrid,0,3,4.0,2.0,1.0,2.0,1.49,1.29,4.0,4.0,1.0,4.0,Desconocido,football-data.co.uk,proxy_shots
2022-02-19,Real Madrid,Alaves,3,0,7.0,1.0,1.0,1.0,3.13,0.74,9.0,2.0,2.0,6.0,Desconocido,football-data.co.uk,proxy_shots
2022-02-20,Ath Bilbao,Sociedad,4,0,6.0,4.0,4.0,1.0,2.83,0.85,8.0,2.0,2.0,4.0,Desconocido,football-data.co.uk,proxy_shots
2022-02-20,Betis,Mallorca,2,1,4.0,7.0,3.0,2.0,1.87,0.83,5.0,1.0,0.0,3.0,Desconocido,football-data.co.uk,proxy_shots
2022-02-20,Espanol,Sevilla,1,1,3.0,7.0,4.0,7.0,1.43,0.84,4.0,2.0,1.0,3.0,Desconocido,football-data.co.uk,proxy_shots
2022-02-20,Valencia,Barcelona,1,4,8.0,3.0,3.0,4.0,1.6,1.81,5.0,6.0,2.0,4.0,Desconocido,football-data.co.uk,proxy_shots
2022-02-21,Celta,Levante,1,1,2.0,5.0,3.0,5.0,1.26,1.35,4.0,3.0,2.0,3.0,Desconocido,football-data.co.uk,proxy_shots
2022-02-25,Levante,Elche,3,0,3.0,3.0,1.0,4.0,1.62,0.98,4.0,3.0,3.0,1.0,Desconocido,football-data.co.uk,proxy_shots
2022-02-26,Ath Madrid,Celta,2,0,5.0,9.0,4.0,3.0,1.99,1.24,6.0,2.0,2.0,4.0,Desconocido,football-data.co.uk,proxy_shots
2022-02-26,Getafe,Alaves,2,2,6.0,1.0,4.0,4.0,1.4,1.12,3.0,3.0,1.0,1.0,Desconocido,football-data.co.uk,proxy_shots
2022-02-26,Mallorca,Valencia,0,1,14.0,1.0,4.0,8.0,1.8,1.26,3.0,4.0,3.0,3.0,Desconocido,football-data.co.uk,proxy_shots
2022-02-26,Vallecano,Real Madrid,0,1,5.0,9.0,5.0,3.0,1.94,1.9,5.0,6.0,5.0,5.0,Desconocido,football-data.co.uk,proxy_shots
2022-02-27,Barcelona,Ath Bilbao,4,0,5.0,0.0,2.0,1.0,2.6,0.87,7.0,3.0,3.0,3.0,Desconocido,football-data.co.uk,proxy_shots
2022-02-27,Sevilla,Betis,2,1,4.0,4.0,6.0,3.0,1.4,1.01,3.0,2.0,1.0,1.0,Desconocido,football-data.co.uk,proxy_shots
2022-02-27,Sociedad,Osasuna,1,0,6.0,5.0,0.0,4.0,1.6,0.78,5.0,1.0,1.0,4.0,Desconocido,football-data.co.uk,proxy_shots
2022-02-27,Villarreal,Espanol,5,1,10.0,3.0,2.0,1.0,3.52,0.84,11.0,2.0,1.0,6.0,Desconocido,football-data.co.uk,proxy_shots
2022-02-28,Granada,Cadiz,0,0,0.0,4.0,5.0,3.0,0.51,1.38,1.0,4.0,4.0,1.0,Desconocido,football-data.co.uk,proxy_shots
2022-03-02,Mallorca,Sociedad,0,2,3.0,4.0,0.0,2.0,0.9,1.45,1.0,3.0,1.0,1.0,Desconocido,football-data.co.uk,proxy_shots
2022-03-04,Alaves,Sevilla,0,0,5.0,5.0,3.0,1.0,1.13,1.44,2.0,4.0,4.0,2.0,Desconocido,football-data.co.uk,proxy_shots
2022-03-05,Espanol,Getafe,2,0,1.0,5.0,6.0,5.0,0.6,1.2,1.0,3.0,3.0,0.0,Desconocido,football-data.co.uk,proxy_shots
2022-03-05,Osasuna,Villarreal,1,0,6.0,8.0,1.0,0.0,1.3,0.73,3.0,1.0,1.0,2.0,Desconocido,football-data.co.uk,proxy_shots
2022-03-05,Real Madrid,Sociedad,4,1,7.0,1.0,0.0,2.0,2.83,0.33,8.0,1.0,0.0,4.0,Desconocido,football-data.co.uk,proxy_shots
2022-03-05,Valencia,Granada,3,1,3.0,6.0,3.0,3.0,1.68,0.48,4.0,0.0,0.0,1.0,Desconocido,football-data.co.uk,proxy_shots
2022-03-06,Betis,Ath Madrid,1,3,10.0,3.0,5.0,3.0,2.17,1.82,6.0,6.0,3.0,5.0,Desconocido,football-data.co.uk,proxy_shots
2022-03-06,Cadiz,Vallecano,2,0,5.0,6.0,5.0,3.0,2.18,1.31,7.0,3.0,3.0,5.0,Desconocido,football-data.co.uk,proxy_shots
2022-03-06,Celta,Mallorca,4,3,4.0,5.0,7.0,4.0,2.72,1.5,8.0,3.0,0.0,4.0,Desconocido,football-data.co.uk,proxy_shots
2022-03-06,Elche,Barcelona,1,2,5.0,6.0,4.0,6.0,1.35,2.92,3.0,9.0,7.0,2.0,Desconocido,football-data.co.uk,proxy_shots
2022-03-07,Ath Bilbao,Levante,3,1,4.0,3.0,1.0,2.0,2.85,0.73,9.0,2.0,1.0,6.0,Desconocido,football-data.co.uk,proxy_shots
2022-03-11,Ath Madrid,Cadiz,2,1,0.0,4.0,6.0,1.0,1.43,1.41,5.0,3.0,2.0,3.0,Desconocido,football-data.co.uk,proxy_shots
2022-03-12,Getafe,Valencia,0,0,5.0,3.0,6.0,5.0,1.96,0.33,6.0,0.0,0.0,6.0,Desconocido,football-data.co.uk,proxy_shots
2022-03-12,Granada,Elche,0,1,3.0,3.0,3.0,6.0,1.54,1.18,4.0,2.0,1.0,4.0,Desconocido,football-data.co.uk,proxy_shots
2022-03-12,Levante,Espanol,1,1,8.0,2.0,4.0,4.0,1.41,0.61,3.0,1.0,0.0,2.0,Desconocido,football-data.co.uk,proxy_shots
2022-03-12,Villarreal,Celta,1,0,5.0,6.0,1.0,1.0,1.19,1.02,3.0,2.0,2.0,2.0,Desconocido,football-data.co.uk,proxy_shots
2022-03-13,Barcelona,Osasuna,4,0,5.0,1.0,0.0,4.0,3.34,0.76,9.0,3.0,3.0,5.0,Desconocido,football-data.co.uk,proxy_shots
2022-03-13,Betis,Ath Bilbao,1,0,5.0,6.0,6.0,5.0,1.44,0.96,5.0,2.0,2.0,4.0,Desconocido,football-data.co.uk,proxy_shots
2022-03-13,Sociedad,Alaves,1,0,6.0,4.0,1.0,1.0,2.0,1.44,6.0,4.0,4.0,5.0,Desconocido,football-data.co.uk,proxy_shots
2022-03-13,Vallecano,Sevilla,1,1,5.0,6.0,0.0,1.0,1.01,0.62,2.0,2.0,1.0,1.0,Desconocido,football-data.co.uk,proxy_shots
2022-03-14,Mallorca,Real Madrid,0,3,1.0,6.0,3.0,3.0,1.31,1.8,3.0,5.0,2.0,3.0,Desconocido,football-data.co.uk,proxy_shots
2022-03-18,Ath Bilbao,Getafe,1,1,8.0,2.0,4.0,9.0,3.29,0.84,11.0,2.0,1.0,10.0,Desconocido,football-data.co.uk,proxy_shots
2022-03-19,Alaves,Granada,2,3,6.0,2.0,4.0,8.0,1.89,1.5,6.0,3.0,0.0,4.0,Desconocido,football-data.co.uk,proxy_shots
2022-03-19,Elche,Valencia,0,1,4.0,2.0,5.0,3.0,0.8,1.08,2.0,3.0,2.0,2.0,Desconocido,football-data.co.uk,proxy_shots
2022-03-19,Osasuna,Levante,3,1,6.0,1.0,0.0,1.0,2.66,1.54,7.0,4.0,3.0,4.0,Desconocido,football-data.co.uk,proxy_shots
2022-03-19,Vallecano,Ath Madrid,0,1,3.0,6.0,0.0,2.0,1.36,1.25,3.0,3.0,2.0,3.0,Desconocido,football-data.co.uk,proxy_shots
2022-03-20,Cadiz,Villarreal,1,0,6.0,3.0,3.0,2.0,2.24,0.34,7.0,1.0,1.0,6.0,Desconocido,football-data.co.uk,proxy_shots
2022-03-20,Celta,Betis,0,0,2.0,2.0,1.0,2.0,1.04,0.56,3.0,1.0,1.0,3.0,Desconocido,football-data.co.uk,proxy_shots
2022-03-20,Espanol,Mallorca,1,0,6.0,6.0,3.0,3.0,1.3,1.04,3.0,3.0,3.0,2.0,Desconocido,football-data.co.uk,proxy_shots
2022-03-20,Real Madrid,Barcelona,0,4,4.0,3.0,4.0,4.0,1.49,3.19,4.0,10.0,6.0,4.0,Desconocido,football-data.co.uk,proxy_shots
2022-03-20,Sevilla,Sociedad,0,0,7.0,3.0,0.0,3.0,0.55,1.07,0.0,2.0,2.0,0.0,Desconocido,football-data.co.uk,proxy_shots
2022-04-02,Ath Madrid,Alaves,4,1,8.0,2.0,1.0,0.0,2.61,0.66,8.0,1.0,0.0,4.0,Desconocido,football-data.co.uk,proxy_shots
2022-04-02,Celta,Real Madrid,1,2,9.0,3.0,3.0,0.0,1.37,1.94,4.0,6.0,4.0,3.0,Desconocido,football-data.co.uk,proxy_shots
2022-04-02,Getafe,Mallorca,1,0,5.0,1.0,5.0,8.0,1.52,0.56,3.0,1.0,1.0,2.0,Desconocido,football-data.co.uk,proxy_shots
2022-04-02,Levante,Villarreal,2,0,1.0,8.0,4.0,2.0,1.64,1.07,4.0,2.0,2.0,2.0,Desconocido,football-data.co.uk,proxy_shots
2022-04-03,Ath Bilbao,Elche,2,1,7.0,4.0,2.0,4.0,2.16,0.79,6.0,2.0,1.0,4.0,Desconocido,football-data.co.uk,proxy_shots
2022-04-03,Barcelona,Sevilla,1,0,9.0,2.0,3.0,3.0,2.23,0.98,6.0,3.0,3.0,5.0,Desconocido,football-data.co.uk,proxy_shots
2022-04-03,Betis,Osasuna,4,1,11.0,7.0,1.0,3.0,3.16,1.19,8.0,3.0,2.0,4.0,Desconocido,football-data.co.uk,proxy_shots
2022-04-03,Granada,Vallecano,2,2,5.0,4.0,4.0,7.0,2.75,1.47,9.0,4.0,2.0,7.0,Desconocido,football-data.co.uk,proxy_shots
2022-04-03,Valencia,Cadiz,0,0,4.0,3.0,3.0,8.0,0.46,0.76,1.0,3.0,3.0,1.0,Desconocido,football-data.co.uk,proxy_shots
2022-04-04,Sociedad,Espanol,1,0,6.0,0.0,2.0,4.0,2.12,0.8,6.0,2.0,2.0,5.0,Desconocido,football-data.co.uk,proxy_shots
2022-04-08,Sevilla,Granada,4,2,14.0,3.0,2.0,2.0,2.72,1.92,8.0,5.0,3.0,4.0,Desconocido,football-data.co.uk,proxy_shots
2022-04-09,Cadiz,Betis,1,2,8.0,4.0,1.0,2.0,1.37,1.29,4.0,3.0,1.0,3.0,Desconocido,football-data.co.uk,proxy_shots
2022-04-09,Mallorca,Ath Madrid,1,0,1.0,6.0,1.0,4.0,1.19,0.68,3.0,1.0,1.0,2.0,Desconocido,football-data.co.uk,proxy_shots
2022-04-09,Real Madrid,Getafe,2,0,10.0,2.0,2.0,2.0,3.07,0.44,8.0,0.0,0.0,6.0,Desconocido,football-data.co.uk,proxy_shots
2022-04-09,Villarreal,Ath Bilbao,1,1,7.0,2.0,2.0,3.0,1.6,1.84,5.0,6.0,5.0,4.0,Desconocido,football-data.co.uk,proxy_shots
2022-04-10,Elche,Sociedad,1,2,8.0,9.0,3.0,3.0,0.83,2.22,1.0,6.0,4.0,0.0,Desconocido,football-data.co.uk,proxy_shots
2022-04-10,Espanol,Celta,1,0,2.0,3.0,4.0,1.0,1.06,1.45,2.0,5.0,5.0,1.0,Desconocido,football-data.co.uk,proxy_shots
2022-04-10,Levante,Barcelona,2,3,4.0,3.0,1.0,1.0,1.89,2.33,6.0,7.0,4.0,4.0,Desconocido,football-data.co.uk,proxy_shots
2022-04-10,Osasuna,Alaves,1,0,7.0,3.0,3.0,1.0,1.65,0.8,4.0,2.0,2.0,3.0,Desconocido,football-data.co.uk,proxy_shots
2022-04-11,Vallecano,Valencia,1,1,5.0,4.0,3.0,4.0,1.43,0.79,4.0,2.0,1.0,3.0,Desconocido,football-data.co.uk,proxy_shots
2022-04-15,Sociedad,Betis,0,0,8.0,1.0,6.0,4.0,0.85,0.85,2.0,2.0,2.0,2.0,Desconocido,football-data.co.uk,proxy_shots
2022-04-16,Alaves,Vallecano,1,0,2.0,12.0,2.0,5.0,1.6,1.64,5.0,3.0,3.0,4.0,Desconocido,football-data.co.uk,proxy_shots
2022-04-16,Elche,Mallorca,3,0,2.0,1.0,2.0,3.0,0.99,1.07,2.0,2.0,2.0,0.0,Desconocido,football-data.co.uk,proxy_shots
2022-04-16,Getafe,Villarreal,1,2,6.0,6.0,2.0,0.0,1.66,1.89,5.0,6.0,4.0,4.0,Desconocido,football-data.co.uk,proxy_shots
2022-04-16,Valencia,Osasuna,1,2,9.0,5.0,1.0,2.0,1.43,1.24,4.0,3.0,1.0,3.0,Desconocido,football-data.co.uk,proxy_shots
2022-04-17,Ath Bilbao,Celta,0,2,5.0,4.0,2.0,2.0,0.91,1.25,2.0,4.0,2.0,2.0,Desconocido,football-data.co.uk,proxy_shots
2022-04-17,Ath Madrid,Espanol,2,1,6.0,3.0,7.0,5.0,1.29,1.6,3.0,5.0,4.0,1.0,Desconocido,football-data.co.uk,proxy_shots
2022-04-17,Granada,Levante,1,4,13.0,2.0,7.0,2.0,1.7,2.77,4.0,8.0,4.0,3.0,Desconocido,football-data.co.uk,proxy_shots
2022-04-17,Sevilla,Real Madrid,2,3,0.0,3.0,3.0,4.0,0.95,2.21,2.0,6.0,3.0,0.0,Desconocido,football-data.co.uk,proxy_shots
2022-04-18,Barcelona,Cadiz,0,1,8.0,1.0,4.0,1.0,2.07,1.15,6.0,4.0,3.0,6.0,Desconocido,football-data.co.uk,proxy_shots
2022-04-19,Betis,Elche,0,1,2.0,3.0,4.0,3.0,1.53,0.78,3.0,1.0,0.0,3.0,Desconocido,football-data.co.uk,proxy_shots
2022-04-19,Mallorca,Alaves,2,1,0.0,6.0,2.0,6.0,1.02,1.48,3.0,4.0,3.0,1.0,Desconocido,football-data.co.uk,proxy_shots
2022-04-19,Villarreal,Valencia,2,0,3.0,2.0,2.0,3.0,1.76,0.46,5.0,1.0,1.0,3.0,Desconocido,football-data.co.uk,proxy_shots
2022-04-20,Ath Madrid,Granada,0,0,11.0,1.0,4.0,5.0,1.39,0.74,1.0,2.0,2.0,1.0,Desconocido,football-data.co.uk,proxy_shots
2022-04-20,Celta,Getafe,0,2,2.0,1.0,2.0,5.0,0.85,1.07,2.0,3.0,1.0,2.0,Desconocido,football-data.co.uk,proxy_shots
2022-04-20,Osasuna,Real Madrid,1,3,3.0,4.0,1.0,3.0,1.3,3.54,3.0,11.0,8.0,2.0,Desconocido,football-data.co.uk,proxy_shots
2022-04-21,Cadiz,Ath Bilbao,2,3,4.0,1.0,3.0,7.0,3.12,2.05,8.0,7.0,4.0,6.0,Desconocido,football-data.co.uk,proxy_shots
2022-04-21,Espanol,Vallecano,0,1,3.0,10.0,4.0,4.0,0.69,1.18,2.0,2.0,1.0,2.0,Desconocido,football-data.co.uk,proxy_shots
2022-04-21,Levante,Sevilla,2,3,10.0,4.0,1.0,5.0,2.1,2.09,6.0,6.0,3.0,4.0,Desconocido,football-data.co.uk,proxy_shots
2022-04-21,Sociedad,Barcelona,0,1,5.0,3.0,1.0,2.0,1.34,0.88,5.0,1.0,0.0,5.0,Desconocido,football-data.co.uk,proxy_shots
2022-04-24,Barcelona,Vallecano,0,1,9.0,1.0,4.0,6.0,1.89,0.44,5.0,1.0,0.0,5.0,Desconocido,football-data.co.uk,proxy_shots
2022-04-29,Sevilla,Cadiz,1,1,5.0,6.0,2.0,2.0,1.79,1.37,6.0,4.0,3.0,5.0,Desconocido,football-data.co.uk,proxy_shots
2022-04-30,Alaves,Villarreal,2,1,5.0,8.0,5.0,2.0,1.7,2.06,5.0,6.0,5.0,3.0,Desconocido,football-data.co.uk,proxy_shots
2022-04-30,Ath Bilbao,Ath Madrid,2,0,5.0,3.0,3.0,3.0,1.52,1.04,4.0,3.0,3.0,2.0,Desconocido,football-data.co.uk,proxy_shots
2022-04-30,Real Madrid,Espanol,4,0,6.0,8.0,2.0,0.0,1.9,2.18,5.0,6.0,6.0,1.0,Desconocido,football-data.co.uk,proxy_shots
2022-04-30,Valencia,Levante,1,1,1.0,7.0,6.0,3.0,0.61,2.5,1.0,6.0,5.0,0.0,Desconocido,football-data.co.uk,proxy_shots
2022-05-01,Barcelona,Mallorca,2,1,5.0,2.0,2.0,3.0,2.04,0.79,5.0,2.0,1.0,3.0,Desconocido,football-data.co.uk,proxy_shots
2022-05-01,Elche,Osasuna,1,1,7.0,4.0,4.0,2.0,1.43,1.14,4.0,3.0,2.0,3.0,Desconocido,football-data.co.uk,proxy_shots
2022-05-01,Granada,Celta,1,1,5.0,4.0,1.0,3.0,2.0,1.9,6.0,6.0,5.0,5.0,Desconocido,football-data.co.uk,proxy_shots
2022-05-01,Vallecano,Sociedad,1,1,8.0,5.0,2.0,1.0,2.08,1.08,7.0,3.0,2.0,6.0,Desconocido,football-data.co.uk,proxy_shots
2022-05-02,Getafe,Betis,0,0,2.0,4.0,1.0,1.0,1.07,1.21,2.0,4.0,4.0,2.0,Desconocido,football-data.co.uk,proxy_shots
2022-05-06,Levante,Sociedad,2,1,7.0,6.0,2.0,3.0,2.34,2.34,7.0,6.0,5.0,5.0,Desconocido,football-data.co.uk,proxy_shots
2022-05-07,Ath Bilbao,Valencia,0,0,4.0,2.0,4.0,6.0,1.45,0.4,5.0,1.0,1.0,5.0,Desconocido,football-data.co.uk,proxy_shots
2022-05-07,Betis,Barcelona,1,2,4.0,8.0,1.0,2.0,1.77,1.7,5.0,5.0,3.0,4.0,Desconocido,football-data.co.uk,proxy_shots
2022-05-07,Cadiz,Elche,3,0,8.0,1.0,1.0,2.0,2.5,0.58,7.0,2.0,2.0,4.0,Desconocido,football-data.co.uk,proxy_shots
2022-05-07,Celta,Alaves,4,0,7.0,1.0,1.0,5.0,2.48,0.34,7.0,1.0,1.0,3.0,Desconocido,football-data.co.uk,proxy_shots
2022-05-07,Mallorca,Granada,2,6,5.0,5.0,3.0,2.0,2.63,2.63,8.0,7.0,1.0,6.0,Desconocido,football-data.co.uk,proxy_shots
2022-05-08,Ath Madrid,Real Madrid,1,0,4.0,6.0,2.0,4.0,1.34,1.91,2.0,6.0,6.0,1.0,Desconocido,football-data.co.uk,proxy_shots
2022-05-08,Espanol,Osasuna,1,1,6.0,6.0,1.0,3.0,1.3,1.66,3.0,5.0,4.0,2.0,Desconocido,football-data.co.uk,proxy_shots
2022-05-08,Getafe,Vallecano,0,0,4.0,5.0,3.0,4.0,1.74,0.84,6.0,1.0,1.0,6.0,Desconocido,football-data.co.uk,proxy_shots
2022-05-08,Villarreal,Sevilla,1,1,4.0,2.0,3.0,0.0,1.95,0.84,6.0,2.0,1.0,5.0,Desconocido,football-data.co.uk,proxy_shots
2022-05-10,Barcelona,Celta,3,1,2.0,8.0,3.0,2.0,1.57,1.71,4.0,5.0,4.0,1.0,Desconocido,football-data.co.uk,proxy_shots
2022-05-10,Granada,Ath Bilbao,1,0,2.0,7.0,4.0,4.0,1.12,0.62,2.0,1.0,1.0,1.0,Desconocido,football-data.co.uk,proxy_shots
2022-05-10,Valencia,Betis,0,3,7.0,3.0,1.0,3.0,1.94,1.7,5.0,5.0,2.0,5.0,Desconocido,football-data.co.uk,proxy_shots
2022-05-11,Alaves,Espanol,2,1,12.0,3.0,3.0,5.0,3.31,0.92,9.0,3.0,2.0,7.0,Desconocido,football-data.co.uk,proxy_shots
2022-05-11,Elche,Ath Madrid,0,2,6.0,3.0,2.0,2.0,0.49,1.89,0.0,6.0,4.0,0.0,Desconocido,football-data.co.uk,proxy_shots
2022-05-11,Osasuna,Getafe,1,1,7.0,2.0,2.0,6.0,0.94,0.43,1.0,0.0,0.0,0.0,Desconocido,football-data.co.uk,proxy_shots
2022-05-11,Sevilla,Mallorca,0,0,6.0,3.0,4.0,6.0,1.71,0.91,4.0,2.0,2.0,4.0,Desconocido,football-data.co.uk,proxy_shots
2022-05-12,Real Madrid,Levante,6,0,6.0,6.0,2.0,1.0,4.0,1.06,16.0,1.0,1.0,10.0,Desconocido,football-data.co.uk,proxy_shots
2022-05-12,Sociedad,Cadiz,3,0,2.0,12.0,4.0,2.0,2.28,0.95,7.0,1.0,1.0,4.0,Desconocido,football-data.co.uk,proxy_shots
2022-05-12,Vallecano,Villarreal,1,5,9.0,3.0,5.0,2.0,1.58,2.54,3.0,8.0,3.0,2.0,Desconocido,football-data.co.uk,proxy_shots
2022-05-14,Espanol,Valencia,1,1,2.0,3.0,4.0,1.0,0.92,1.99,3.0,5.0,4.0,2.0,Desconocido,football-data.co.uk,proxy_shots
2022-05-15,Ath Bilbao,Osasuna,2,0,10.0,6.0,0.0,0.0,2.41,0.62,8.0,1.0,1.0,6.0,Desconocido,football-data.co.uk,proxy_shots
2022-05-15,Ath Madrid,Sevilla,1,1,4.0,5.0,2.0,5.0,1.3,1.26,3.0,4.0,3.0,2.0,Desconocido,football-data.co.uk,proxy_shots
2022-05-15,Betis,Granada,2,0,4.0,9.0,0.0,1.0,1.52,1.49,4.0,4.0,4.0,2.0,Desconocido,football-data.co.uk,proxy_shots
2022-05-15,Cadiz,Real Madrid,1,1,10.0,2.0,7.0,2.0,2.52,2.24,7.0,7.0,6.0,6.0,Desconocido,football-data.co.uk,proxy_shots
2022-05-15,Celta,Elche,1,0,7.0,5.0,2.0,2.0,1.77,0.73,5.0,1.0,1.0,4.0,Desconocido,football-data.co.uk,proxy_shots
2022-05-15,Getafe,Barcelona,0,0,5.0,5.0,1.0,2.0,1.04,0.46,3.0,1.0,1.0,3.0,Desconocido,football-data.co.uk,proxy_shots
2022-05-15,Levante,Alaves,3,1,3.0,4.0,8.0,6.0,2.02,0.79,5.0,2.0,1.0,2.0,Desconocido,football-data.co.uk,proxy_shots
2022-05-15,Mallorca,Vallecano,2,1,5.0,3.0,1.0,0.0,1.76,1.43,5.0,4.0,3.0,3.0,Desconocido,football-data.co.uk,proxy_shots
2022-05-15,Villarreal,Sociedad,1,2,4.0,3.0,4.0,2.0,1.37,1.89,4.0,6.0,4.0,3.0,Desconocido,football-data.co.uk,proxy_shots
2022-05-20,Real Madrid,Betis,0,0,8.0,5.0,0.0,0.0,1.48,0.96,3.0,2.0,2.0,3.0,Desconocido,football-data.co.uk,proxy_shots
2022-05-20,Vallecano,Levante,2,4,7.0,3.0,0.0,3.0,2.69,2.43,8.0,7.0,3.0,6.0,Desconocido,football-data.co.uk,proxy_shots
2022-05-21,Valencia,Celta,2,0,3.0,3.0,3.0,3.0,1.29,1.04,3.0,3.0,3.0,1.0,Desconocido,football-data.co.uk,proxy_shots
2022-05-22,Alaves,Cadiz,0,1,4.0,4.0,0.0,1.0,0.85,1.9,2.0,6.0,5.0,2.0,Desconocido,football-data.co.uk,proxy_shots
2022-05-22,Barcelona,Villarreal,0,2,12.0,1.0,3.0,1.0,1.31,0.96,3.0,3.0,1.0,3.0,Desconocido,football-data.co.uk,proxy_shots
2022-05-22,Elche,Getafe,3,1,8.0,3.0,2.0,2.0,2.96,0.84,9.0,2.0,1.0,6.0,Desconocido,football-data.co.uk,proxy_shots
2022-05-22,Granada,Espanol,0,0,7.0,3.0,1.0,0.0,1.72,1.45,5.0,5.0,5.0,5.0,Desconocido,football-data.co.uk,proxy_shots
2022-05-22,Osasuna,Mallorca,0,2,5.0,7.0,2.0,2.0,0.78,2.05,1.0,6.0,4.0,1.0,Desconocido,football-data.co.uk,proxy_shots
2022-05-22,Sevilla,Ath Bilbao,1,0,5.0,0.0,3.0,3.0,1.35,0.68,3.0,1.0,1.0,2.0,Desconocido,football-data.co.uk,proxy_shots
2022-05-22,Sociedad,Ath Madrid,1,2,3.0,2.0,4.0,2.0,1.3,1.43,3.0,5.0,3.0,2.0,Desconocido,football-data.co.uk,proxy_shots
2022-08-12,Osasuna,Sevilla,2,1,5.0,2.0,5.0,3.0,1.76,1.19,5.0,3.0,2.0,3.0,Desconocido,football-data.co.uk,proxy_shots
2022-08-13,Barcelona,Vallecano,0,0,8.0,0.0,5.0,6.0,2.24,0.58,6.0,2.0,2.0,6.0,Desconocido,football-data.co.uk,proxy_shots
2022-08-13,Celta,Espanol,2,2,3.0,3.0,5.0,2.0,1.18,1.11,3.0,2.0,0.0,1.0,Desconocido,football-data.co.uk,proxy_shots
2022-08-13,Valladolid,Villarreal,0,3,4.0,5.0,1.0,0.0,1.74,1.57,6.0,4.0,1.0,6.0,Desconocido,football-data.co.uk,proxy_shots
2022-08-14,Almeria,Real Madrid,1,2,2.0,15.0,3.0,1.0,1.73,4.0,6.0,15.0,13.0,5.0,Desconocido,football-data.co.uk,proxy_shots
2022-08-14,Cadiz,Sociedad,0,1,3.0,6.0,4.0,2.0,0.74,2.19,2.0,7.0,6.0,2.0,Desconocido,football-data.co.uk,proxy_shots
2022-08-14,Valencia,Girona,1,0,4.0,4.0,4.0,3.0,1.4,0.46,2.0,1.0,1.0,1.0,Desconocido,football-data.co.uk,proxy_shots
2022-08-15,Ath Bilbao,Mallorca,0,0,7.0,2.0,0.0,6.0,2.34,0.69,6.0,2.0,2.0,6.0,Desconocido,football-data.co.uk,proxy_shots
2022-08-15,Betis,Elche,3,0,8.0,4.0,3.0,8.0,2.67,0.58,8.0,2.0,2.0,5.0,Desconocido,football-data.co.uk,proxy_shots
2022-08-15,Getafe,Ath Madrid,0,3,3.0,6.0,2.0,1.0,0.55,1.86,0.0,5.0,2.0,0.0,Desconocido,football-data.co.uk,proxy_shots
2022-08-19,Espanol,Vallecano,0,2,9.0,2.0,4.0,7.0,0.9,1.18,1.0,3.0,1.0,1.0,Desconocido,football-data.co.uk,proxy_shots
2022-08-19,Sevilla,Valladolid,1,1,12.0,2.0,5.0,4.0,1.45,0.97,2.0,3.0,2.0,1.0,Desconocido,football-data.co.uk,proxy_shots
2022-08-20,Celta,Real Madrid,1,4,2.0,2.0,2.0,2.0,1.29,2.54,2.0,7.0,3.0,1.0,Desconocido,football-data.co.uk,proxy_shots
2022-08-20,Mallorca,Betis,1,2,5.0,2.0,7.0,8.0,2.08,1.18,7.0,3.0,1.0,6.0,Desconocido,football-data.co.uk,proxy_shots
2022-08-20,Osasuna,Cadiz,2,0,2.0,2.0,2.0,7.0,1.62,0.85,3.0,2.0,2.0,1.0,Desconocido,football-data.co.uk,proxy_shots
2022-08-21,Ath Bilbao,Valencia,1,0,6.0,3.0,5.0,2.0,1.12,0.55,2.0,0.0,0.0,1.0,Desconocido,football-data.co.uk,proxy_shots
2022-08-21,Ath Madrid,Villarreal,0,2,5.0,6.0,4.0,3.0,1.61,2.15,5.0,5.0,3.0,5.0,Desconocido,football-data.co.uk,proxy_shots
2022-08-21,Sociedad,Barcelona,1,4,3.0,6.0,2.0,1.0,1.55,2.48,5.0,7.0,3.0,4.0,Desconocido,football-data.co.uk,proxy_shots
2022-08-22,Elche,Almeria,1,1,6.0,5.0,1.0,6.0,1.35,2.02,3.0,7.0,6.0,2.0,Desconocido,football-data.co.uk,proxy_shots
2022-08-22,Girona,Getafe,3,1,5.0,2.0,3.0,8.0,2.04,1.03,6.0,3.0,2.0,3.0,Desconocido,football-data.co.uk,proxy_shots
2022-08-26,Betis,Osasuna,1,0,2.0,4.0,2.0,3.0,0.66,1.02,1.0,2.0,2.0,0.0,Desconocido,football-data.co.uk,proxy_shots
2022-08-26,Girona,Celta,0,1,2.0,4.0,2.0,1.0,1.15,1.79,3.0,6.0,5.0,3.0,Desconocido,football-data.co.uk,proxy_shots
2022-08-27,Almeria,Sevilla,2,1,5.0,2.0,5.0,8.0,1.7,1.71,5.0,5.0,4.0,3.0,Desconocido,football-data.co.uk,proxy_shots
2022-08-27,Elche,Sociedad,0,1,4.0,6.0,3.0,3.0,1.56,1.5,5.0,5.0,4.0,5.0,Desconocido,football-data.co.uk,proxy_shots
2022-08-27,Vallecano,Mallorca,0,2,7.0,3.0,1.0,3.0,0.82,1.41,0.0,4.0,2.0,0.0,Desconocido,football-data.co.uk,proxy_shots
2022-08-28,Barcelona,Valladolid,4,0,14.0,4.0,0.0,3.0,3.34,0.98,9.0,3.0,3.0,5.0,Desconocido,football-data.co.uk,proxy_shots
2022-08-28,Espanol,Real Madrid,1,3,7.0,7.0,2.0,0.0,1.65,2.42,4.0,6.0,3.0,3.0,Desconocido,football-data.co.uk,proxy_shots
2022-08-28,Getafe,Villarreal,0,0,1.0,4.0,1.0,5.0,0.8,1.69,2.0,6.0,6.0,2.0,Desconocido,football-data.co.uk,proxy_shots
2022-08-29,Cadiz,Ath Bilbao,0,4,0.0,6.0,2.0,1.0,1.04,2.94,3.0,8.0,4.0,3.0,Desconocido,football-data.co.uk,proxy_shots
2022-08-29,Valencia,Ath Madrid,0,1,6.0,2.0,4.0,3.0,1.02,2.08,2.0,7.0,6.0,2.0,Desconocido,football-data.co.uk,proxy_shots
2022-09-02,Celta,Cadiz,3,0,2.0,2.0,1.0,2.0,1.7,0.39,5.0,0.0,0.0,2.0,Desconocido,football-data.co.uk,proxy_shots
2022-09-03,Mallorca,Girona,1,1,6.0,3.0,4.0,2.0,1.37,1.37,4.0,4.0,3.0,3.0,Desconocido,football-data.co.uk,proxy_shots
2022-09-03,Real Madrid,Betis,2,1,9.0,2.0,0.0,1.0,2.13,1.26,4.0,4.0,3.0,2.0,Desconocido,football-data.co.uk,proxy_shots
2022-09-03,Sevilla,Barcelona,0,3,4.0,4.0,2.0,4.0,1.21,2.55,4.0,7.0,4.0,4.0,Desconocido,football-data.co.uk,proxy_shots
2022-09-03,Sociedad,Ath Madrid,1,1,7.0,7.0,5.0,4.0,1.66,2.19,5.0,7.0,6.0,4.0,Desconocido,football-data.co.uk,proxy_shots
2022-09-04,Ath Bilbao,Espanol,0,1,4.0,2.0,3.0,2.0,1.29,0.95,2.0,2.0,1.0,2.0,Desconocido,football-data.co.uk,proxy_shots
2022-09-04,Osasuna,Vallecano,2,1,4.0,0.0,2.0,2.0,1.99,0.92,6.0,3.0,2.0,4.0,Desconocido,football-data.co.uk,proxy_shots
2022-09-04,Valencia,Getafe,5,1,9.0,1.0,5.0,8.0,3.44,1.21,9.0,4.0,3.0,4.0,Desconocido,football-data.co.uk,proxy_shots
2022-09-04,Villarreal,Elche,4,0,6.0,4.0,1.0,3.0,3.19,0.39,10.0,0.0,0.0,6.0,Desconocido,football-data.co.uk,proxy_shots
2022-09-05,Valladolid,Almeria,1,0,2.0,8.0,1.0,6.0,1.95,0.84,6.0,1.0,1.0,5.0,Desconocido,football-data.co.uk,proxy_shots
2022-09-09,Girona,Valladolid,2,1,3.0,12.0,0.0,2.0,1.87,1.59,5.0,4.0,3.0,3.0,Desconocido,football-data.co.uk,proxy_shots
2022-09-10,Ath Madrid,Celta,4,1,4.0,7.0,2.0,3.0,1.67,1.41,4.0,3.0,2.0,0.0,Desconocido,football-data.co.uk,proxy_shots
2022-09-10,Cadiz,Barcelona,0,4,5.0,6.0,1.0,2.0,0.33,2.72,0.0,8.0,4.0,0.0,Desconocido,football-data.co.uk,proxy_shots
2022-09-10,Espanol,Sevilla,2,3,9.0,3.0,3.0,7.0,2.15,2.17,5.0,7.0,4.0,3.0,Desconocido,football-data.co.uk,proxy_shots
2022-09-10,Vallecano,Valencia,2,1,7.0,7.0,5.0,2.0,2.05,1.76,6.0,4.0,3.0,4.0,Desconocido,football-data.co.uk,proxy_shots
2022-09-11,Betis,Villarreal,1,0,9.0,8.0,1.0,1.0,1.88,1.31,5.0,3.0,3.0,4.0,Desconocido,football-data.co.uk,proxy_shots
2022-09-11,Elche,Ath Bilbao,1,4,5.0,5.0,3.0,0.0,0.95,2.72,2.0,8.0,4.0,1.0,Desconocido,football-data.co.uk,proxy_shots
2022-09-11,Getafe,Sociedad,2,1,3.0,7.0,4.0,1.0,1.18,1.9,3.0,6.0,5.0,1.0,Desconocido,football-data.co.uk,proxy_shots
2022-09-11,Real Madrid,Mallorca,4,1,4.0,3.0,3.0,5.0,2.87,0.73,7.0,2.0,1.0,3.0,Desconocido,football-data.co.uk,proxy_shots
2022-09-12,Almeria,Osasuna,0,1,5.0,10.0,0.0,2.0,0.74,1.65,2.0,4.0,3.0,2.0,Desconocido,football-data.co.uk,proxy_shots
2022-09-16,Valladolid,Cadiz,0,1,8.0,2.0,1.0,4.0,2.07,0.66,6.0,1.0,0.0,6.0,Desconocido,football-data.co.uk,proxy_shots
2022-09-17,Ath Bilbao,Vallecano,3,2,2.0,7.0,1.0,2.0,2.33,1.17,7.0,2.0,0.0,4.0,Desconocido,football-data.co.uk,proxy_shots
2022-09-17,Barcelona,Elche,3,0,6.0,0.0,2.0,4.0,3.29,0.23,9.0,1.0,1.0,6.0,Desconocido,football-data.co.uk,proxy_shots
2022-09-17,Mallorca,Almeria,1,0,5.0,2.0,3.0,6.0,0.73,1.04,2.0,3.0,3.0,1.0,Desconocido,football-data.co.uk,proxy_shots
2022-09-17,Valencia,Celta,3,0,5.0,4.0,3.0,4.0,2.33,0.69,7.0,2.0,2.0,4.0,Desconocido,football-data.co.uk,proxy_shots
2022-09-18,Ath Madrid,Real Madrid,1,2,8.0,1.0,6.0,2.0,1.66,1.07,5.0,3.0,1.0,4.0,Desconocido,football-data.co.uk,proxy_shots
2022-09-18,Betis,Girona,2,1,2.0,4.0,0.0,3.0,1.24,1.08,3.0,3.0,2.0,1.0,Desconocido,football-data.co.uk,proxy_shots
2022-09-18,Osasuna,Getafe,0,2,8.0,1.0,9.0,5.0,1.38,1.47,4.0,4.0,2.0,4.0,Desconocido,football-data.co.uk,proxy_shots
2022-09-18,Sociedad,Espanol,2,1,4.0,2.0,3.0,0.0,2.05,1.59,6.0,4.0,3.0,4.0,Desconocido,football-data.co.uk,proxy_shots
2022-09-18,Villarreal,Sevilla,1,1,6.0,4.0,1.0,5.0,2.3,0.94,7.0,1.0,0.0,6.0,Desconocido,football-data.co.uk,proxy_shots
2022-09-30,Ath Bilbao,Almeria,4,0,11.0,2.0,1.0,3.0,2.06,0.8,4.0,2.0,2.0,0.0,Desconocido,football-data.co.uk,proxy_shots
2022-10-01,Cadiz,Villarreal,0,0,6.0,5.0,4.0,3.0,0.91,1.85,2.0,6.0,6.0,2.0,Desconocido,football-data.co.uk,proxy_shots
2022-10-01,Getafe,Valladolid,2,3,4.0,2.0,2.0,4.0,2.05,2.33,6.0,7.0,4.0,4.0,Desconocido,football-data.co.uk,proxy_shots
2022-10-01,Mallorca,Barcelona,0,1,5.0,5.0,2.0,4.0,1.25,1.25,3.0,3.0,2.0,3.0,Desconocido,football-data.co.uk,proxy_shots
2022-10-01,Sevilla,Ath Madrid,0,2,5.0,7.0,3.0,2.0,1.31,2.38,3.0,6.0,4.0,3.0,Desconocido,football-data.co.uk,proxy_shots
2022-10-02,Celta,Betis,1,0,5.0,3.0,4.0,5.0,1.43,1.21,4.0,4.0,4.0,3.0,Desconocido,football-data.co.uk,proxy_shots
2022-10-02,Espanol,Valencia,2,2,6.0,4.0,4.0,3.0,1.65,1.76,5.0,5.0,3.0,3.0,Desconocido,football-data.co.uk,proxy_shots
2022-10-02,Girona,Sociedad,3,5,2.0,2.0,3.0,1.0,2.62,2.0,8.0,5.0,0.0,5.0,Desconocido,football-data.co.uk,proxy_shots
2022-10-02,Real Madrid,Osasuna,1,1,10.0,2.0,1.0,4.0,2.03,0.9,4.0,2.0,1.0,3.0,Desconocido,football-data.co.uk,proxy_shots
2022-10-03,Vallecano,Elche,2,1,13.0,3.0,1.0,8.0,2.1,0.73,6.0,2.0,1.0,4.0,Desconocido,football-data.co.uk,proxy_shots
2022-10-07,Osasuna,Valencia,1,2,7.0,5.0,7.0,8.0,1.06,2.29,2.0,7.0,5.0,1.0,Desconocido,football-data.co.uk,proxy_shots
2022-10-08,Almeria,Vallecano,3,1,7.0,6.0,6.0,2.0,1.57,1.48,4.0,4.0,3.0,1.0,Desconocido,football-data.co.uk,proxy_shots
2022-10-08,Ath Madrid,Girona,2,1,8.0,3.0,3.0,1.0,2.18,1.43,7.0,4.0,3.0,5.0,Desconocido,football-data.co.uk,proxy_shots
2022-10-08,Getafe,Real Madrid,0,1,4.0,4.0,0.0,0.0,0.85,1.86,2.0,4.0,3.0,2.0,Desconocido,football-data.co.uk,proxy_shots
2022-10-08,Sevilla,Ath Bilbao,1,1,5.0,7.0,4.0,2.0,1.19,1.98,3.0,4.0,3.0,2.0,Desconocido,football-data.co.uk,proxy_shots
2022-10-09,Barcelona,Celta,1,0,6.0,3.0,2.0,4.0,1.71,1.31,5.0,3.0,3.0,4.0,Desconocido,football-data.co.uk,proxy_shots
2022-10-09,Cadiz,Espanol,2,2,8.0,3.0,4.0,4.0,1.18,1.78,3.0,6.0,4.0,1.0,Desconocido,football-data.co.uk,proxy_shots
2022-10-09,Sociedad,Villarreal,1,0,9.0,3.0,5.0,3.0,1.94,0.46,5.0,1.0,1.0,4.0,Desconocido,football-data.co.uk,proxy_shots
2022-10-09,Valladolid,Betis,0,0,3.0,1.0,1.0,3.0,1.2,0.4,3.0,1.0,1.0,3.0,Desconocido,football-data.co.uk,proxy_shots
2022-10-10,Elche,Mallorca,1,1,5.0,7.0,6.0,7.0,0.84,1.43,2.0,4.0,3.0,1.0,Desconocido,football-data.co.uk,proxy_shots
2022-10-14,Vallecano,Getafe,0,0,4.0,1.0,2.0,3.0,1.42,0.87,3.0,3.0,3.0,3.0,Desconocido,football-data.co.uk,proxy_shots
2022-10-15,Ath Bilbao,Ath Madrid,0,1,6.0,1.0,0.0,6.0,1.25,0.44,3.0,1.0,0.0,3.0,Desconocido,football-data.co.uk,proxy_shots
2022-10-15,Girona,Cadiz,1,1,6.0,2.0,5.0,4.0,2.44,0.95,6.0,2.0,1.0,5.0,Desconocido,football-data.co.uk,proxy_shots
2022-10-15,Mallorca,Sevilla,0,1,1.0,3.0,2.0,3.0,1.4,0.5,5.0,1.0,0.0,5.0,Desconocido,football-data.co.uk,proxy_shots
2022-10-15,Valencia,Elche,2,2,6.0,1.0,3.0,6.0,2.74,1.72,8.0,6.0,4.0,6.0,Desconocido,football-data.co.uk,proxy_shots
2022-10-16,Betis,Almeria,3,1,9.0,3.0,1.0,1.0,2.21,1.66,6.0,5.0,4.0,3.0,Desconocido,football-data.co.uk,proxy_shots
2022-10-16,Celta,Sociedad,1,2,1.0,6.0,7.0,7.0,1.19,1.72,3.0,6.0,4.0,2.0,Desconocido,football-data.co.uk,proxy_shots
2022-10-16,Espanol,Valladolid,1,0,6.0,4.0,1.0,4.0,1.47,1.13,3.0,2.0,2.0,2.0,Desconocido,football-data.co.uk,proxy_shots
2022-10-16,Real Madrid,Barcelona,3,1,2.0,3.0,2.0,2.0,1.46,1.99,4.0,5.0,4.0,1.0,Desconocido,football-data.co.uk,proxy_shots
2022-10-17,Villarreal,Osasuna,2,0,8.0,4.0,2.0,6.0,2.48,1.31,9.0,3.0,3.0,7.0,Desconocido,football-data.co.uk,proxy_shots
2022-10-18,Ath Madrid,Vallecano,1,1,3.0,4.0,3.0,0.0,1.48,1.59,4.0,4.0,3.0,3.0,Desconocido,football-data.co.uk,proxy_shots
2022-10-18,Getafe,Ath Bilbao,2,2,7.0,4.0,7.0,4.0,1.52,1.69,4.0,4.0,2.0,2.0,Desconocido,football-data.co.uk,proxy_shots
2022-10-18,Sevilla,Valencia,1,1,11.0,6.0,6.0,7.0,1.99,1.71,5.0,5.0,4.0,4.0,Desconocido,football-data.co.uk,proxy_shots
2022-10-19,Cadiz,Betis,0,0,4.0,9.0,1.0,4.0,1.25,1.2,3.0,3.0,3.0,3.0,Desconocido,football-data.co.uk,proxy_shots
2022-10-19,Elche,Real Madrid,0,3,8.0,2.0,1.0,1.0,1.09,2.11,3.0,7.0,4.0,3.0,Desconocido,football-data.co.uk,proxy_shots
2022-10-19,Sociedad,Mallorca,1,0,10.0,7.0,1.0,2.0,2.13,1.2,7.0,3.0,3.0,6.0,Desconocido,football-data.co.uk,proxy_shots
2022-10-19,Valladolid,Celta,4,1,3.0,7.0,1.0,1.0,2.15,2.21,7.0,5.0,4.0,3.0,Desconocido,football-data.co.uk,proxy_shots
2022-10-20,Almeria,Girona,3,2,4.0,5.0,1.0,3.0,2.28,1.87,7.0,5.0,3.0,4.0,Desconocido,football-data.co.uk,proxy_shots
2022-10-20,Barcelona,Villarreal,3,0,8.0,0.0,0.0,1.0,2.08,0.46,5.0,1.0,1.0,2.0,Desconocido,football-data.co.uk,proxy_shots
2022-10-20,Osasuna,Espanol,1,0,9.0,2.0,1.0,2.0,1.94,0.82,5.0,3.0,3.0,4.0,Desconocido,football-data.co.uk,proxy_shots
2022-10-22,Real Madrid,Sevilla,3,1,4.0,3.0,1.0,4.0,2.37,0.95,6.0,2.0,1.0,3.0,Desconocido,football-data.co.uk,proxy_shots
2022-10-22,Valencia,Mallorca,1,2,5.0,3.0,3.0,5.0,1.35,1.65,3.0,5.0,3.0,2.0,Desconocido,football-data.co.uk,proxy_shots
2022-10-22,Valladolid,Sociedad,1,0,4.0,10.0,2.0,3.0,0.95,1.46,2.0,2.0,2.0,1.0,Desconocido,football-data.co.uk,proxy_shots
2022-10-22,Vallecano,Cadiz,5,1,10.0,1.0,3.0,8.0,4.0,0.27,11.0,0.0,0.0,6.0,Desconocido,football-data.co.uk,proxy_shots
2022-10-23,Barcelona,Ath Bilbao,4,0,1.0,2.0,2.0,2.0,2.21,0.82,7.0,3.0,3.0,3.0,Desconocido,football-data.co.uk,proxy_shots
2022-10-23,Betis,Ath Madrid,1,2,7.0,4.0,2.0,3.0,1.76,1.24,4.0,3.0,1.0,3.0,Desconocido,football-data.co.uk,proxy_shots
2022-10-23,Espanol,Elche,2,2,5.0,3.0,2.0,3.0,1.81,1.41,5.0,4.0,2.0,3.0,Desconocido,football-data.co.uk,proxy_shots
2022-10-23,Girona,Osasuna,1,1,3.0,5.0,2.0,3.0,0.66,0.95,1.0,2.0,1.0,0.0,Desconocido,football-data.co.uk,proxy_shots
2022-10-23,Villarreal,Almeria,2,1,10.0,4.0,6.0,1.0,1.7,1.65,5.0,4.0,3.0,3.0,Desconocido,football-data.co.uk,proxy_shots
2022-10-24,Celta,Getafe,1,1,10.0,0.0,1.0,1.0,1.94,0.5,5.0,1.0,0.0,4.0,Desconocido,football-data.co.uk,proxy_shots
2022-10-28,Mallorca,Espanol,1,1,4.0,4.0,4.0,1.0,1.66,0.84,5.0,2.0,1.0,4.0,Desconocido,football-data.co.uk,proxy_shots
2022-10-29,Almeria,Celta,3,1,6.0,4.0,4.0,2.0,2.25,1.08,5.0,3.0,2.0,2.0,Desconocido,football-data.co.uk,proxy_shots
2022-10-29,Cadiz,Ath Madrid,3,2,5.0,3.0,2.0,4.0,2.11,2.29,7.0,7.0,5.0,4.0,Desconocido,football-data.co.uk,proxy_shots
2022-10-29,Sevilla,Vallecano,0,1,6.0,6.0,6.0,1.0,1.27,1.82,4.0,5.0,4.0,4.0,Desconocido,football-data.co.uk,proxy_shots
2022-10-29,Valencia,Barcelona,0,1,3.0,10.0,4.0,5.0,0.53,1.18,2.0,2.0,1.0,2.0,Desconocido,football-data.co.uk,proxy_shots
2022-10-30,Ath Bilbao,Villarreal,1,0,6.0,2.0,2.0,1.0,2.4,0.87,7.0,3.0,3.0,6.0,Desconocido,football-data.co.uk,proxy_shots
2022-10-30,Osasuna,Valladolid,2,0,1.0,8.0,1.0,3.0,3.1,0.74,10.0,2.0,2.0,8.0,Desconocido,football-data.co.uk,proxy_shots
2022-10-30,Real Madrid,Girona,1,1,7.0,1.0,5.0,3.0,2.23,0.9,6.0,2.0,1.0,5.0,Desconocido,football-data.co.uk,proxy_shots
2022-10-30,Sociedad,Betis,0,2,5.0,3.0,4.0,4.0,2.03,1.47,7.0,4.0,2.0,7.0,Desconocido,football-data.co.uk,proxy_shots
2022-10-31,Elche,Getafe,0,1,6.0,2.0,0.0,5.0,1.56,1.08,5.0,3.0,2.0,5.0,Desconocido,football-data.co.uk,proxy_shots
2022-11-04,Girona,Ath Bilbao,2,1,7.0,1.0,1.0,1.0,3.04,1.97,10.0,7.0,6.0,8.0,Desconocido,football-data.co.uk,proxy_shots
2022-11-05,Barcelona,Almeria,2,0,9.0,1.0,2.0,1.0,4.0,0.4,13.0,1.0,1.0,11.0,Desconocido,football-data.co.uk,proxy_shots
2022-11-05,Celta,Osasuna,1,2,2.0,3.0,1.0,5.0,1.71,1.36,5.0,4.0,2.0,4.0,Desconocido,football-data.co.uk,proxy_shots
2022-11-05,Getafe,Cadiz,0,0,5.0,5.0,9.0,4.0,1.07,1.54,2.0,4.0,4.0,2.0,Desconocido,football-data.co.uk,proxy_shots
2022-11-05,Valladolid,Elche,2,1,8.0,4.0,2.0,0.0,3.06,0.68,11.0,2.0,1.0,9.0,Desconocido,football-data.co.uk,proxy_shots
2022-11-06,Ath Madrid,Espanol,1,1,12.0,2.0,3.0,7.0,2.85,0.79,7.0,2.0,1.0,6.0,Desconocido,football-data.co.uk,proxy_shots
2022-11-06,Betis,Sevilla,1,1,1.0,4.0,8.0,7.0,1.31,2.39,4.0,6.0,5.0,3.0,Desconocido,football-data.co.uk,proxy_shots
2022-11-06,Sociedad,Valencia,1,1,1.0,11.0,4.0,0.0,1.31,1.41,4.0,3.0,2.0,3.0,Desconocido,football-data.co.uk,proxy_shots
2022-11-06,Villarreal,Mallorca,0,2,5.0,2.0,4.0,6.0,0.85,1.48,2.0,5.0,3.0,2.0,Desconocido,football-data.co.uk,proxy_shots
2022-11-07,Vallecano,Real Madrid,3,2,4.0,5.0,4.0,5.0,2.38,1.44,7.0,2.0,0.0,4.0,Desconocido,football-data.co.uk,proxy_shots
2022-11-08,Ath Bilbao,Valladolid,3,0,10.0,2.0,3.0,1.0,2.42,0.44,6.0,0.0,0.0,3.0,Desconocido,football-data.co.uk,proxy_shots
2022-11-08,Elche,Girona,1,2,2.0,5.0,3.0,2.0,1.06,1.9,2.0,3.0,1.0,1.0,Desconocido,football-data.co.uk,proxy_shots
2022-11-08,Osasuna,Barcelona,1,2,2.0,5.0,4.0,8.0,1.47,1.24,3.0,3.0,1.0,2.0,Desconocido,football-data.co.uk,proxy_shots
2022-11-09,Almeria,Getafe,1,0,7.0,6.0,10.0,4.0,1.08,1.15,3.0,3.0,3.0,2.0,Desconocido,football-data.co.uk,proxy_shots
2022-11-09,Espanol,Villarreal,0,1,4.0,7.0,1.0,3.0,1.85,1.19,6.0,3.0,2.0,6.0,Desconocido,football-data.co.uk,proxy_shots
2022-11-09,Mallorca,Ath Madrid,1,0,2.0,5.0,5.0,3.0,1.14,1.83,3.0,5.0,5.0,2.0,Desconocido,football-data.co.uk,proxy_shots
2022-11-09,Sevilla,Sociedad,1,2,2.0,1.0,6.0,2.0,0.97,2.75,3.0,9.0,7.0,2.0,Desconocido,football-data.co.uk,proxy_shots
2022-11-10,Real Madrid,Cadiz,2,1,7.0,1.0,3.0,3.0,2.09,1.55,5.0,5.0,4.0,3.0,Desconocido,football-data.co.uk,proxy_shots
2022-11-10,Valencia,Betis,3,0,5.0,5.0,1.0,5.0,2.38,0.46,7.0,1.0,1.0,4.0,Desconocido,football-data.co.uk,proxy_shots
2022-11-10,Vallecano,Celta,0,0,5.0,3.0,7.0,1.0,1.09,1.15,3.0,3.0,3.0,3.0,Desconocido,football-data.co.uk,proxy_shots
2022-12-29,Ath Madrid,Elche,2,0,3.0,5.0,5.0,8.0,1.91,0.46,4.0,1.0,1.0,2.0,Desconocido,football-data.co.uk,proxy_shots
2022-12-29,Betis,Ath Bilbao,0,0,2.0,6.0,3.0,4.0,1.4,0.55,5.0,0.0,0.0,5.0,Desconocido,football-data.co.uk,proxy_shots
2022-12-29,Girona,Vallecano,2,2,2.0,4.0,3.0,2.0,2.34,1.58,7.0,4.0,2.0,5.0,Desconocido,football-data.co.uk,proxy_shots
2022-12-30,Cadiz,Almeria,1,1,3.0,2.0,2.0,0.0,1.84,2.71,6.0,9.0,8.0,5.0,Desconocido,football-data.co.uk,proxy_shots
2022-12-30,Celta,Sevilla,1,1,5.0,6.0,2.0,6.0,1.94,1.39,5.0,5.0,4.0,4.0,Desconocido,football-data.co.uk,proxy_shots
2022-12-30,Getafe,Mallorca,2,0,4.0,2.0,0.0,1.0,2.05,0.2,6.0,0.0,0.0,4.0,Desconocido,football-data.co.uk,proxy_shots
2022-12-30,Valladolid,Real Madrid,0,2,5.0,9.0,4.0,0.0,1.49,2.69,4.0,8.0,6.0,4.0,Desconocido,football-data.co.uk,proxy_shots
2022-12-31,Barcelona,Espanol,1,1,10.0,2.0,8.0,9.0,2.34,0.5,6.0,1.0,0.0,5.0,Desconocido,football-data.co.uk,proxy_shots
2022-12-31,Sociedad,Osasuna,2,0,3.0,2.0,1.0,1.0,1.05,1.15,2.0,3.0,3.0,0.0,Desconocido,football-data.co.uk,proxy_shots
2022-12-31,Villarreal,Valencia,2,1,5.0,2.0,1.0,3.0,2.41,1.54,8.0,4.0,3.0,6.0,Desconocido,football-data.co.uk,proxy_shots
2023-01-06,Elche,Celta,0,1,8.0,4.0,5.0,1.0,1.61,2.13,5.0,7.0,6.0,5.0,Desconocido,football-data.co.uk,proxy_shots
2023-01-06,Valencia,Cadiz,0,1,13.0,2.0,5.0,6.0,0.96,0.79,2.0,2.0,1.0,2.0,Desconocido,football-data.co.uk,proxy_shots
2023-01-07,Espanol,Girona,2,2,5.0,2.0,3.0,2.0,1.94,1.76,6.0,5.0,3.0,4.0,Desconocido,football-data.co.uk,proxy_shots
2023-01-07,Mallorca,Valladolid,1,0,6.0,2.0,2.0,3.0,1.54,0.68,4.0,1.0,1.0,3.0,Desconocido,football-data.co.uk,proxy_shots
2023-01-07,Villarreal,Real Madrid,2,1,6.0,5.0,4.0,1.0,2.04,1.35,5.0,3.0,2.0,3.0,Desconocido,football-data.co.uk,proxy_shots
2023-01-08,Almeria,Sociedad,0,2,4.0,2.0,1.0,0.0,0.51,1.78,1.0,6.0,4.0,1.0,Desconocido,football-data.co.uk,proxy_shots
2023-01-08,Ath Madrid,Barcelona,0,1,7.0,4.0,4.0,5.0,2.0,1.01,5.0,2.0,1.0,5.0,Desconocido,football-data.co.uk,proxy_shots
2023-01-08,Sevilla,Getafe,2,1,4.0,4.0,3.0,3.0,1.7,1.06,5.0,2.0,1.0,3.0,Desconocido,football-data.co.uk,proxy_shots
2023-01-08,Vallecano,Betis,1,2,5.0,7.0,3.0,2.0,1.47,1.51,3.0,3.0,1.0,2.0,Desconocido,football-data.co.uk,proxy_shots
2023-01-09,Ath Bilbao,Osasuna,0,0,14.0,1.0,0.0,1.0,1.48,0.34,3.0,1.0,1.0,3.0,Desconocido,football-data.co.uk,proxy_shots
2023-01-13,Celta,Villarreal,1,1,14.0,3.0,0.0,2.0,2.69,0.44,8.0,1.0,0.0,7.0,Desconocido,football-data.co.uk,proxy_shots
2023-01-14,Girona,Sevilla,2,1,5.0,2.0,3.0,1.0,2.5,1.01,7.0,2.0,1.0,5.0,Desconocido,football-data.co.uk,proxy_shots
2023-01-14,Osasuna,Mallorca,1,0,3.0,1.0,2.0,3.0,1.65,0.69,4.0,2.0,2.0,3.0,Desconocido,football-data.co.uk,proxy_shots
2023-01-14,Sociedad,Ath Bilbao,3,1,4.0,2.0,5.0,3.0,1.8,0.79,5.0,2.0,1.0,2.0,Desconocido,football-data.co.uk,proxy_shots
2023-01-14,Valladolid,Vallecano,0,1,4.0,8.0,2.0,2.0,0.85,1.9,2.0,6.0,5.0,2.0,Desconocido,football-data.co.uk,proxy_shots
2023-01-15,Almeria,Ath Madrid,1,1,3.0,4.0,4.0,6.0,1.41,1.84,3.0,6.0,5.0,2.0,Desconocido,football-data.co.uk,proxy_shots
2023-01-15,Getafe,Espanol,1,2,5.0,1.0,2.0,3.0,1.01,1.47,2.0,4.0,2.0,1.0,Desconocido,football-data.co.uk,proxy_shots
2023-01-16,Cadiz,Elche,1,1,3.0,6.0,3.0,2.0,1.52,1.66,3.0,5.0,4.0,2.0,Desconocido,football-data.co.uk,proxy_shots
2023-01-20,Mallorca,Celta,1,0,4.0,6.0,2.0,3.0,1.08,1.09,3.0,3.0,3.0,2.0,Desconocido,football-data.co.uk,proxy_shots
2023-01-21,Ath Madrid,Valladolid,3,0,4.0,1.0,1.0,1.0,2.73,0.56,8.0,1.0,1.0,5.0,Desconocido,football-data.co.uk,proxy_shots
2023-01-21,Espanol,Betis,1,0,7.0,4.0,3.0,2.0,0.9,1.44,2.0,4.0,4.0,1.0,Desconocido,football-data.co.uk,proxy_shots
2023-01-21,Sevilla,Cadiz,1,0,8.0,1.0,1.0,6.0,2.65,0.4,9.0,1.0,1.0,8.0,Desconocido,football-data.co.uk,proxy_shots
2023-01-21,Vallecano,Sociedad,0,2,3.0,4.0,0.0,0.0,1.13,2.12,2.0,7.0,5.0,2.0,Desconocido,football-data.co.uk,proxy_shots
2023-01-22,Ath Bilbao,Real Madrid,0,2,12.0,2.0,3.0,2.0,1.53,1.47,3.0,4.0,2.0,3.0,Desconocido,football-data.co.uk,proxy_shots
2023-01-22,Barcelona,Getafe,1,0,4.0,2.0,1.0,2.0,1.26,0.93,4.0,3.0,3.0,3.0,Desconocido,football-data.co.uk,proxy_shots
2023-01-22,Elche,Osasuna,1,1,7.0,2.0,2.0,1.0,1.54,1.26,4.0,4.0,3.0,3.0,Desconocido,football-data.co.uk,proxy_shots
2023-01-22,Villarreal,Girona,1,0,3.0,2.0,5.0,7.0,2.77,0.62,9.0,1.0,1.0,8.0,Desconocido,football-data.co.uk,proxy_shots
2023-01-23,Valencia,Almeria,2,2,6.0,2.0,2.0,1.0,2.16,1.51,6.0,3.0,1.0,4.0,Desconocido,football-data.co.uk,proxy_shots
2023-01-27,Almeria,Espanol,3,1,2.0,2.0,3.0,3.0,2.6,0.97,7.0,3.0,2.0,4.0,Desconocido,football-data.co.uk,proxy_shots
2023-01-28,Cadiz,Mallorca,2,0,6.0,2.0,2.0,2.0,1.52,0.85,4.0,2.0,2.0,2.0,Desconocido,football-data.co.uk,proxy_shots
2023-01-28,Getafe,Betis,0,1,6.0,1.0,4.0,2.0,0.51,1.18,1.0,2.0,1.0,1.0,Desconocido,football-data.co.uk,proxy_shots
2023-01-28,Girona,Barcelona,0,1,4.0,2.0,4.0,3.0,0.8,1.08,2.0,3.0,2.0,2.0,Desconocido,football-data.co.uk,proxy_shots
2023-01-28,Sevilla,Elche,3,0,5.0,2.0,1.0,5.0,2.95,0.51,8.0,1.0,1.0,5.0,Desconocido,football-data.co.uk,proxy_shots
2023-01-29,Celta,Ath Bilbao,1,0,2.0,5.0,3.0,2.0,1.14,0.28,3.0,0.0,0.0,2.0,Desconocido,football-data.co.uk,proxy_shots
2023-01-29,Osasuna,Ath Madrid,0,1,5.0,4.0,1.0,0.0,1.49,1.71,4.0,5.0,4.0,4.0,Desconocido,football-data.co.uk,proxy_shots
2023-01-29,Real Madrid,Sociedad,0,0,10.0,3.0,1.0,4.0,2.36,0.98,7.0,3.0,3.0,7.0,Desconocido,football-data.co.uk,proxy_shots
2023-01-29,Valladolid,Valencia,1,0,4.0,7.0,3.0,1.0,1.9,1.19,6.0,2.0,2.0,5.0,Desconocido,football-data.co.uk,proxy_shots
2023-01-30,Villarreal,Vallecano,0,1,5.0,4.0,2.0,3.0,1.2,1.25,3.0,3.0,2.0,3.0,Desconocido,football-data.co.uk,proxy_shots
2023-02-01,Betis,Barcelona,1,2,1.0,6.0,5.0,0.0,0.56,1.45,1.0,3.0,1.0,0.0,Desconocido,football-data.co.uk,proxy_shots
2023-02-02,Real Madrid,Valencia,2,0,6.0,6.0,3.0,3.0,2.5,0.22,7.0,0.0,0.0,5.0,Desconocido,football-data.co.uk,proxy_shots
2023-02-03,Ath Bilbao,Cadiz,4,1,0.0,3.0,4.0,1.0,2.95,1.47,9.0,3.0,2.0,5.0,Desconocido,football-data.co.uk,proxy_shots
2023-02-04,Ath Madrid,Getafe,1,1,8.0,0.0,3.0,5.0,1.48,0.78,4.0,1.0,0.0,3.0,Desconocido,football-data.co.uk,proxy_shots
2023-02-04,Betis,Celta,3,4,5.0,5.0,4.0,3.0,2.38,2.15,7.0,7.0,3.0,4.0,Desconocido,football-data.co.uk,proxy_shots
2023-02-04,Elche,Villarreal,3,1,6.0,10.0,4.0,2.0,2.55,1.23,7.0,2.0,1.0,4.0,Desconocido,football-data.co.uk,proxy_shots
2023-02-04,Espanol,Osasuna,1,1,4.0,3.0,5.0,7.0,1.31,1.14,4.0,3.0,2.0,3.0,Desconocido,football-data.co.uk,proxy_shots
2023-02-05,Barcelona,Sevilla,3,0,8.0,3.0,0.0,2.0,2.44,0.34,7.0,1.0,1.0,4.0,Desconocido,football-data.co.uk,proxy_shots
2023-02-05,Girona,Valencia,1,0,8.0,4.0,1.0,4.0,2.64,1.16,8.0,4.0,4.0,7.0,Desconocido,football-data.co.uk,proxy_shots
2023-02-05,Mallorca,Real Madrid,1,0,1.0,12.0,5.0,5.0,0.5,1.28,1.0,1.0,1.0,0.0,Desconocido,football-data.co.uk,proxy_shots
2023-02-05,Sociedad,Valladolid,0,1,0.0,4.0,4.0,5.0,1.54,0.84,4.0,2.0,1.0,4.0,Desconocido,football-data.co.uk,proxy_shots
2023-02-06,Vallecano,Almeria,2,0,3.0,7.0,3.0,3.0,3.0,1.67,11.0,5.0,5.0,9.0,Desconocido,football-data.co.uk,proxy_shots
2023-02-10,Cadiz,Girona,2,0,5.0,6.0,4.0,4.0,1.4,0.56,3.0,1.0,1.0,1.0,Desconocido,football-data.co.uk,proxy_shots
2023-02-11,Almeria,Betis,2,3,8.0,2.0,2.0,3.0,2.7,2.22,9.0,7.0,4.0,7.0,Desconocido,football-data.co.uk,proxy_shots
2023-02-11,Sevilla,Mallorca,2,0,8.0,2.0,5.0,2.0,2.1,0.33,6.0,0.0,0.0,4.0,Desconocido,football-data.co.uk,proxy_shots
2023-02-11,Valencia,Ath Bilbao,1,2,7.0,1.0,2.0,2.0,2.53,1.34,8.0,3.0,1.0,7.0,Desconocido,football-data.co.uk,proxy_shots
2023-02-12,Celta,Ath Madrid,0,1,7.0,5.0,2.0,4.0,1.31,1.01,3.0,2.0,1.0,3.0,Desconocido,football-data.co.uk,proxy_shots
2023-02-12,Getafe,Vallecano,1,1,5.0,6.0,6.0,4.0,1.54,1.86,4.0,4.0,3.0,3.0,Desconocido,football-data.co.uk,proxy_shots
2023-02-12,Valladolid,Osasuna,0,0,10.0,4.0,1.0,3.0,1.89,1.54,5.0,4.0,4.0,5.0,Desconocido,football-data.co.uk,proxy_shots
2023-02-12,Villarreal,Barcelona,0,1,6.0,2.0,4.0,4.0,0.96,1.21,2.0,4.0,3.0,2.0,Desconocido,football-data.co.uk,proxy_shots
2023-02-13,Espanol,Sociedad,2,3,4.0,3.0,6.0,1.0,1.83,1.8,6.0,5.0,2.0,4.0,Desconocido,football-data.co.uk,proxy_shots
2023-02-15,Real Madrid,Elche,4,0,6.0,4.0,1.0,3.0,4.0,0.39,13.0,0.0,0.0,9.0,Desconocido,football-data.co.uk,proxy_shots
2023-02-17,Girona,Almeria,6,2,1.0,7.0,1.0,1.0,2.81,1.8,8.0,4.0,2.0,2.0,Desconocido,football-data.co.uk,proxy_shots
2023-02-18,Betis,Valladolid,2,1,4.0,6.0,3.0,5.0,2.88,1.58,10.0,3.0,2.0,8.0,Desconocido,football-data.co.uk,proxy_shots
2023-02-18,Mallorca,Villarreal,4,2,4.0,4.0,5.0,2.0,2.01,1.36,5.0,4.0,2.0,1.0,Desconocido,football-data.co.uk,proxy_shots
2023-02-18,Osasuna,Real Madrid,0,2,5.0,5.0,3.0,2.0,1.32,1.89,4.0,6.0,4.0,4.0,Desconocido,football-data.co.uk,proxy_shots
2023-02-18,Sociedad,Celta,1,1,3.0,7.0,3.0,7.0,1.14,1.81,3.0,4.0,3.0,2.0,Desconocido,football-data.co.uk,proxy_shots
2023-02-19,Ath Madrid,Ath Bilbao,1,0,6.0,5.0,2.0,3.0,1.94,0.8,5.0,2.0,2.0,4.0,Desconocido,football-data.co.uk,proxy_shots
2023-02-19,Barcelona,Cadiz,2,0,5.0,6.0,2.0,3.0,1.98,1.49,5.0,4.0,4.0,3.0,Desconocido,football-data.co.uk,proxy_shots
2023-02-19,Elche,Espanol,0,1,10.0,5.0,4.0,3.0,1.94,1.43,5.0,4.0,3.0,5.0,Desconocido,football-data.co.uk,proxy_shots
2023-02-19,Vallecano,Sevilla,1,1,7.0,3.0,4.0,1.0,1.99,0.84,5.0,2.0,1.0,4.0,Desconocido,football-data.co.uk,proxy_shots
2023-02-20,Getafe,Valencia,1,0,4.0,5.0,6.0,1.0,2.0,0.98,6.0,3.0,3.0,5.0,Desconocido,football-data.co.uk,proxy_shots
2023-02-24,Elche,Betis,2,3,3.0,3.0,8.0,1.0,0.78,3.08,2.0,9.0,6.0,0.0,Desconocido,football-data.co.uk,proxy_shots
2023-02-25,Cadiz,Vallecano,1,0,4.0,6.0,3.0,6.0,0.92,0.96,3.0,2.0,2.0,2.0,Desconocido,football-data.co.uk,proxy_shots
2023-02-25,Espanol,Mallorca,2,1,0.0,4.0,2.0,2.0,1.24,1.65,3.0,4.0,3.0,1.0,Desconocido,football-data.co.uk,proxy_shots
2023-02-25,Real Madrid,Ath Madrid,1,1,7.0,4.0,3.0,5.0,2.35,0.84,7.0,2.0,1.0,6.0,Desconocido,football-data.co.uk,proxy_shots
2023-02-25,Valencia,Sociedad,1,0,7.0,8.0,6.0,3.0,1.08,1.15,3.0,3.0,3.0,2.0,Desconocido,football-data.co.uk,proxy_shots
2023-02-26,Almeria,Barcelona,1,0,4.0,7.0,3.0,3.0,1.21,0.95,4.0,1.0,1.0,3.0,Desconocido,football-data.co.uk,proxy_shots
2023-02-26,Ath Bilbao,Girona,2,3,11.0,3.0,5.0,5.0,1.68,1.46,3.0,4.0,1.0,1.0,Desconocido,football-data.co.uk,proxy_shots
2023-02-26,Celta,Valladolid,3,0,5.0,4.0,1.0,5.0,2.01,0.87,4.0,3.0,3.0,1.0,Desconocido,football-data.co.uk,proxy_shots
2023-02-26,Sevilla,Osasuna,2,3,10.0,2.0,6.0,2.0,2.85,1.62,8.0,4.0,1.0,6.0,Desconocido,football-data.co.uk,proxy_shots
2023-02-27,Villarreal,Getafe,2,1,6.0,6.0,0.0,1.0,1.7,1.08,5.0,3.0,2.0,3.0,Desconocido,football-data.co.uk,proxy_shots
2023-03-03,Sociedad,Cadiz,0,0,4.0,0.0,0.0,1.0,1.36,0.69,3.0,2.0,2.0,3.0,Desconocido,football-data.co.uk,proxy_shots
2023-03-04,Almeria,Villarreal,0,2,2.0,10.0,2.0,4.0,0.33,2.16,0.0,6.0,4.0,0.0,Desconocido,football-data.co.uk,proxy_shots
2023-03-04,Ath Madrid,Sevilla,6,1,7.0,3.0,1.0,6.0,3.03,0.72,8.0,1.0,0.0,2.0,Desconocido,football-data.co.uk,proxy_shots
2023-03-04,Getafe,Girona,3,2,3.0,3.0,5.0,4.0,1.93,1.95,6.0,7.0,5.0,3.0,Desconocido,football-data.co.uk,proxy_shots
2023-03-04,Mallorca,Elche,0,1,6.0,7.0,3.0,3.0,1.31,2.0,3.0,6.0,5.0,3.0,Desconocido,football-data.co.uk,proxy_shots
2023-03-05,Barcelona,Valencia,1,0,5.0,2.0,2.0,0.0,1.54,0.9,4.0,1.0,1.0,3.0,Desconocido,football-data.co.uk,proxy_shots
2023-03-05,Betis,Real Madrid,0,0,5.0,3.0,3.0,4.0,1.16,1.72,4.0,5.0,5.0,4.0,Desconocido,football-data.co.uk,proxy_shots
2023-03-05,Valladolid,Espanol,2,1,9.0,6.0,3.0,2.0,1.92,1.12,5.0,2.0,1.0,3.0,Desconocido,football-data.co.uk,proxy_shots
2023-03-05,Vallecano,Ath Bilbao,0,0,7.0,9.0,1.0,2.0,1.35,1.42,2.0,3.0,3.0,2.0,Desconocido,football-data.co.uk,proxy_shots
2023-03-06,Osasuna,Celta,0,0,6.0,4.0,0.0,2.0,1.45,0.33,5.0,0.0,0.0,5.0,Desconocido,football-data.co.uk,proxy_shots
2023-03-10,Cadiz,Getafe,2,2,2.0,6.0,6.0,7.0,1.52,2.88,4.0,10.0,8.0,2.0,Desconocido,football-data.co.uk,proxy_shots
2023-03-11,Celta,Vallecano,3,0,3.0,7.0,2.0,3.0,2.21,1.2,6.0,3.0,3.0,3.0,Desconocido,football-data.co.uk,proxy_shots
2023-03-11,Elche,Valladolid,1,1,10.0,3.0,4.0,10.0,3.22,0.56,10.0,1.0,0.0,9.0,Desconocido,football-data.co.uk,proxy_shots
2023-03-11,Real Madrid,Espanol,3,1,7.0,4.0,3.0,2.0,2.77,1.19,7.0,3.0,2.0,4.0,Desconocido,football-data.co.uk,proxy_shots
2023-03-11,Valencia,Osasuna,1,0,12.0,3.0,2.0,5.0,1.26,0.39,4.0,0.0,0.0,3.0,Desconocido,football-data.co.uk,proxy_shots
2023-03-12,Ath Bilbao,Barcelona,0,1,5.0,3.0,2.0,1.0,1.72,1.01,5.0,2.0,1.0,5.0,Desconocido,football-data.co.uk,proxy_shots
2023-03-12,Mallorca,Sociedad,1,1,3.0,2.0,2.0,4.0,0.9,0.9,2.0,2.0,1.0,1.0,Desconocido,football-data.co.uk,proxy_shots
2023-03-12,Sevilla,Almeria,2,1,6.0,4.0,4.0,4.0,2.58,1.71,5.0,5.0,4.0,3.0,Desconocido,football-data.co.uk,proxy_shots
2023-03-12,Villarreal,Betis,1,1,2.0,4.0,3.0,2.0,1.65,0.97,4.0,3.0,2.0,3.0,Desconocido,football-data.co.uk,proxy_shots
2023-03-13,Girona,Ath Madrid,0,1,1.0,3.0,2.0,3.0,1.05,1.59,4.0,4.0,3.0,4.0,Desconocido,football-data.co.uk,proxy_shots
2023-03-17,Valladolid,Ath Bilbao,1,3,2.0,9.0,2.0,2.0,1.47,2.21,3.0,6.0,3.0,2.0,Desconocido,football-data.co.uk,proxy_shots
2023-03-18,Almeria,Cadiz,1,1,5.0,2.0,1.0,4.0,1.94,1.37,5.0,4.0,3.0,4.0,Desconocido,football-data.co.uk,proxy_shots
2023-03-18,Ath Madrid,Valencia,3,0,4.0,2.0,2.0,0.0,2.15,0.68,6.0,1.0,1.0,3.0,Desconocido,football-data.co.uk,proxy_shots
2023-03-18,Espanol,Celta,1,3,4.0,1.0,2.0,2.0,1.25,1.46,3.0,4.0,1.0,2.0,Desconocido,football-data.co.uk,proxy_shots
2023-03-18,Vallecano,Girona,2,2,3.0,5.0,2.0,2.0,1.56,1.58,3.0,4.0,2.0,1.0,Desconocido,football-data.co.uk,proxy_shots
2023-03-19,Barcelona,Real Madrid,2,1,8.0,1.0,4.0,3.0,2.4,1.25,7.0,3.0,2.0,5.0,Desconocido,football-data.co.uk,proxy_shots
2023-03-19,Betis,Mallorca,1,0,4.0,4.0,1.0,2.0,1.19,0.46,3.0,1.0,1.0,2.0,Desconocido,football-data.co.uk,proxy_shots
2023-03-19,Getafe,Sevilla,2,0,4.0,1.0,4.0,2.0,1.74,1.32,4.0,4.0,4.0,2.0,Desconocido,football-data.co.uk,proxy_shots
2023-03-19,Osasuna,Villarreal,0,3,7.0,1.0,3.0,2.0,0.91,2.04,2.0,6.0,3.0,2.0,Desconocido,football-data.co.uk,proxy_shots
2023-03-19,Sociedad,Elche,2,0,5.0,3.0,2.0,1.0,1.85,0.76,4.0,3.0,3.0,2.0,Desconocido,football-data.co.uk,proxy_shots
2023-03-31,Mallorca,Osasuna,0,0,2.0,3.0,9.0,3.0,0.73,0.96,1.0,2.0,2.0,1.0,Desconocido,football-data.co.uk,proxy_shots
2023-04-01,Ath Bilbao,Getafe,0,0,13.0,3.0,0.0,0.0,1.48,0.68,3.0,1.0,1.0,3.0,Desconocido,football-data.co.uk,proxy_shots
2023-04-01,Cadiz,Sevilla,0,2,8.0,4.0,3.0,4.0,1.31,1.7,3.0,5.0,3.0,3.0,Desconocido,football-data.co.uk,proxy_shots
2023-04-01,Elche,Barcelona,0,4,11.0,3.0,0.0,3.0,1.19,2.14,2.0,6.0,2.0,2.0,Desconocido,football-data.co.uk,proxy_shots
2023-04-01,Girona,Espanol,2,1,5.0,2.0,4.0,4.0,1.69,0.56,4.0,1.0,0.0,2.0,Desconocido,football-data.co.uk,proxy_shots
2023-04-02,Ath Madrid,Betis,1,0,5.0,1.0,1.0,2.0,2.08,0.69,7.0,2.0,2.0,6.0,Desconocido,football-data.co.uk,proxy_shots
2023-04-02,Celta,Almeria,2,2,4.0,1.0,3.0,5.0,2.25,1.18,5.0,3.0,1.0,3.0,Desconocido,football-data.co.uk,proxy_shots
2023-04-02,Real Madrid,Valladolid,6,0,9.0,1.0,0.0,1.0,4.0,1.02,17.0,2.0,2.0,11.0,Desconocido,football-data.co.uk,proxy_shots
2023-04-02,Villarreal,Sociedad,2,0,4.0,4.0,7.0,3.0,1.8,1.42,4.0,3.0,3.0,2.0,Desconocido,football-data.co.uk,proxy_shots
2023-04-03,Valencia,Vallecano,1,1,13.0,3.0,2.0,3.0,1.81,0.84,4.0,2.0,1.0,3.0,Desconocido,football-data.co.uk,proxy_shots
2023-04-07,Sevilla,Celta,2,2,8.0,3.0,10.0,2.0,0.95,1.41,2.0,4.0,2.0,0.0,Desconocido,football-data.co.uk,proxy_shots
2023-04-08,Espanol,Ath Bilbao,1,2,8.0,7.0,8.0,4.0,0.95,2.12,2.0,7.0,5.0,1.0,Desconocido,football-data.co.uk,proxy_shots
2023-04-08,Osasuna,Elche,2,1,9.0,2.0,1.0,3.0,2.49,0.66,6.0,1.0,0.0,4.0,Desconocido,football-data.co.uk,proxy_shots
2023-04-08,Real Madrid,Villarreal,2,3,6.0,7.0,0.0,3.0,1.91,2.67,4.0,8.0,5.0,2.0,Desconocido,football-data.co.uk,proxy_shots
2023-04-08,Sociedad,Getafe,2,0,3.0,2.0,2.0,1.0,1.89,1.05,6.0,4.0,4.0,4.0,Desconocido,football-data.co.uk,proxy_shots
2023-04-09,Almeria,Valencia,2,1,3.0,7.0,3.0,2.0,1.47,1.43,4.0,4.0,3.0,2.0,Desconocido,football-data.co.uk,proxy_shots
2023-04-09,Betis,Cadiz,0,2,5.0,6.0,7.0,3.0,1.04,1.74,3.0,4.0,2.0,3.0,Desconocido,football-data.co.uk,proxy_shots
2023-04-09,Valladolid,Mallorca,3,3,1.0,2.0,3.0,5.0,1.93,2.15,6.0,6.0,3.0,3.0,Desconocido,football-data.co.uk,proxy_shots
2023-04-09,Vallecano,Ath Madrid,1,2,8.0,2.0,2.0,0.0,1.47,1.69,3.0,4.0,2.0,2.0,Desconocido,football-data.co.uk,proxy_shots
2023-04-10,Barcelona,Girona,0,0,12.0,2.0,0.0,2.0,1.53,0.28,3.0,0.0,0.0,3.0,Desconocido,football-data.co.uk,proxy_shots
2023-04-14,Vallecano,Osasuna,2,1,2.0,3.0,2.0,3.0,1.4,1.26,3.0,4.0,3.0,1.0,Desconocido,football-data.co.uk,proxy_shots
2023-04-15,Ath Bilbao,Sociedad,2,0,5.0,2.0,5.0,2.0,1.81,1.44,5.0,4.0,4.0,3.0,Desconocido,football-data.co.uk,proxy_shots
2023-04-15,Betis,Espanol,3,1,4.0,13.0,2.0,2.0,2.56,1.54,8.0,4.0,3.0,5.0,Desconocido,football-data.co.uk,proxy_shots
2023-04-15,Cadiz,Real Madrid,0,2,2.0,9.0,1.0,0.0,1.2,4.0,3.0,11.0,9.0,3.0,Desconocido,football-data.co.uk,proxy_shots
2023-04-15,Villarreal,Valladolid,1,2,8.0,5.0,1.0,6.0,2.57,2.23,7.0,7.0,5.0,6.0,Desconocido,football-data.co.uk,proxy_shots
2023-04-16,Ath Madrid,Almeria,2,1,9.0,2.0,3.0,3.0,2.5,0.21,7.0,0.0,0.0,5.0,Desconocido,football-data.co.uk,proxy_shots
2023-04-16,Getafe,Barcelona,0,0,1.0,5.0,2.0,1.0,0.46,1.36,1.0,3.0,3.0,1.0,Desconocido,football-data.co.uk,proxy_shots
2023-04-16,Girona,Elche,2,0,3.0,4.0,3.0,5.0,1.69,1.61,4.0,5.0,5.0,2.0,Desconocido,football-data.co.uk,proxy_shots
2023-04-16,Valencia,Sevilla,0,2,6.0,2.0,3.0,4.0,1.25,1.07,3.0,3.0,1.0,3.0,Desconocido,football-data.co.uk,proxy_shots
2023-04-17,Celta,Mallorca,0,1,7.0,5.0,4.0,1.0,1.2,0.9,3.0,2.0,1.0,3.0,Desconocido,football-data.co.uk,proxy_shots
2023-04-21,Espanol,Cadiz,0,0,6.0,3.0,4.0,2.0,1.67,0.96,5.0,2.0,2.0,5.0,Desconocido,football-data.co.uk,proxy_shots
2023-04-22,Almeria,Ath Bilbao,1,2,3.0,4.0,2.0,4.0,1.48,1.51,4.0,3.0,1.0,3.0,Desconocido,football-data.co.uk,proxy_shots
2023-04-22,Osasuna,Betis,3,2,5.0,13.0,2.0,0.0,1.75,2.44,5.0,6.0,4.0,2.0,Desconocido,football-data.co.uk,proxy_shots
2023-04-22,Real Madrid,Celta,2,0,8.0,3.0,1.0,2.0,2.04,1.02,5.0,2.0,2.0,3.0,Desconocido,football-data.co.uk,proxy_shots
2023-04-22,Sociedad,Vallecano,2,1,3.0,3.0,1.0,2.0,0.76,0.84,1.0,2.0,1.0,0.0,Desconocido,football-data.co.uk,proxy_shots
2023-04-22,Valladolid,Girona,1,0,5.0,7.0,1.0,1.0,2.0,1.74,6.0,6.0,6.0,5.0,Desconocido,football-data.co.uk,proxy_shots
2023-04-23,Barcelona,Ath Madrid,1,0,3.0,3.0,4.0,7.0,1.54,1.25,4.0,3.0,3.0,3.0,Desconocido,football-data.co.uk,proxy_shots
2023-04-23,Elche,Valencia,0,2,11.0,6.0,3.0,1.0,0.56,1.02,1.0,3.0,1.0,1.0,Desconocido,football-data.co.uk,proxy_shots
2023-04-23,Mallorca,Getafe,3,1,2.0,2.0,2.0,3.0,1.46,0.44,4.0,1.0,0.0,1.0,Desconocido,football-data.co.uk,proxy_shots
2023-04-23,Sevilla,Villarreal,2,1,5.0,3.0,1.0,2.0,1.85,1.94,4.0,5.0,4.0,2.0,Desconocido,football-data.co.uk,proxy_shots
2023-04-25,Betis,Sociedad,0,0,2.0,4.0,1.0,3.0,0.73,1.09,1.0,3.0,3.0,1.0,Desconocido,football-data.co.uk,proxy_shots
2023-04-25,Cadiz,Osasuna,0,1,11.0,2.0,0.0,3.0,1.82,1.15,4.0,4.0,3.0,4.0,Desconocido,football-data.co.uk,proxy_shots
2023-04-25,Girona,Real Madrid,4,2,3.0,8.0,1.0,2.0,2.01,1.73,5.0,3.0,1.0,1.0,Desconocido,football-data.co.uk,proxy_shots
2023-04-26,Ath Madrid,Mallorca,3,1,5.0,8.0,0.0,0.0,3.24,0.79,9.0,2.0,1.0,6.0,Desconocido,football-data.co.uk,proxy_shots
2023-04-26,Celta,Elche,1,0,10.0,6.0,0.0,0.0,2.65,1.06,9.0,1.0,1.0,8.0,Desconocido,football-data.co.uk,proxy_shots
2023-04-26,Getafe,Almeria,1,2,4.0,6.0,4.0,2.0,2.88,3.45,9.0,11.0,9.0,8.0,Desconocido,football-data.co.uk,proxy_shots
2023-04-26,Vallecano,Barcelona,2,1,3.0,9.0,1.0,4.0,1.78,1.55,6.0,5.0,4.0,4.0,Desconocido,football-data.co.uk,proxy_shots
2023-04-27,Ath Bilbao,Sevilla,0,1,8.0,2.0,3.0,3.0,0.74,0.5,2.0,1.0,0.0,2.0,Desconocido,football-data.co.uk,proxy_shots
2023-04-27,Valencia,Valladolid,2,1,6.0,2.0,0.0,4.0,2.09,0.9,5.0,2.0,1.0,3.0,Desconocido,football-data.co.uk,proxy_shots
2023-04-27,Villarreal,Espanol,4,2,9.0,2.0,2.0,6.0,4.0,1.64,13.0,4.0,2.0,9.0,Desconocido,football-data.co.uk,proxy_shots
2023-04-28,Osasuna,Sociedad,0,2,4.0,2.0,3.0,1.0,0.9,2.3,1.0,8.0,6.0,1.0,Desconocido,football-data.co.uk,proxy_shots
2023-04-29,Barcelona,Betis,4,0,10.0,0.0,0.0,4.0,2.66,0.4,8.0,1.0,1.0,4.0,Desconocido,football-data.co.uk,proxy_shots
2023-04-29,Elche,Vallecano,4,0,3.0,8.0,1.0,4.0,3.01,1.31,9.0,3.0,3.0,5.0,Desconocido,football-data.co.uk,proxy_shots
2023-04-29,Real Madrid,Almeria,4,2,7.0,0.0,2.0,2.0,3.39,1.24,12.0,3.0,1.0,8.0,Desconocido,football-data.co.uk,proxy_shots
2023-04-30,Cadiz,Valencia,2,1,5.0,6.0,6.0,2.0,1.36,1.7,4.0,4.0,3.0,2.0,Desconocido,football-data.co.uk,proxy_shots
2023-04-30,Espanol,Getafe,1,0,6.0,3.0,3.0,5.0,2.48,0.74,8.0,2.0,2.0,7.0,Desconocido,football-data.co.uk,proxy_shots
2023-04-30,Valladolid,Ath Madrid,2,5,9.0,1.0,2.0,1.0,2.33,2.08,6.0,6.0,1.0,4.0,Desconocido,football-data.co.uk,proxy_shots
2023-04-30,Villarreal,Celta,3,1,4.0,9.0,1.0,4.0,1.34,1.77,3.0,5.0,4.0,0.0,Desconocido,football-data.co.uk,proxy_shots
2023-05-01,Mallorca,Ath Bilbao,1,1,5.0,7.0,4.0,2.0,0.95,2.06,2.0,6.0,5.0,1.0,Desconocido,football-data.co.uk,proxy_shots
2023-05-01,Sevilla,Girona,0,2,6.0,1.0,1.0,1.0,2.17,1.24,5.0,3.0,1.0,5.0,Desconocido,football-data.co.uk,proxy_shots
2023-05-02,Almeria,Elche,2,1,7.0,13.0,2.0,2.0,1.47,1.05,4.0,1.0,0.0,2.0,Desconocido,football-data.co.uk,proxy_shots
2023-05-02,Barcelona,Osasuna,1,0,11.0,0.0,0.0,2.0,1.98,0.74,4.0,2.0,2.0,3.0,Desconocido,football-data.co.uk,proxy_shots
2023-05-02,Sociedad,Real Madrid,2,0,2.0,6.0,1.0,7.0,1.41,1.45,4.0,5.0,5.0,2.0,Desconocido,football-data.co.uk,proxy_shots
2023-05-03,Ath Madrid,Cadiz,5,1,5.0,2.0,3.0,2.0,2.93,0.39,8.0,1.0,0.0,3.0,Desconocido,football-data.co.uk,proxy_shots
2023-05-03,Getafe,Celta,1,0,1.0,5.0,7.0,7.0,1.59,0.56,4.0,1.0,1.0,3.0,Desconocido,football-data.co.uk,proxy_shots
2023-05-03,Valencia,Villarreal,1,1,6.0,6.0,4.0,2.0,0.72,1.43,1.0,4.0,3.0,0.0,Desconocido,football-data.co.uk,proxy_shots
2023-05-04,Ath Bilbao,Betis,0,1,13.0,2.0,3.0,3.0,2.24,1.12,6.0,2.0,1.0,6.0,Desconocido,football-data.co.uk,proxy_shots
2023-05-04,Girona,Mallorca,2,1,9.0,5.0,4.0,0.0,2.4,0.9,7.0,2.0,1.0,5.0,Desconocido,football-data.co.uk,proxy_shots
2023-05-04,Sevilla,Espanol,3,2,9.0,0.0,1.0,2.0,2.37,1.12,6.0,3.0,1.0,3.0,Desconocido,football-data.co.uk,proxy_shots
2023-05-04,Vallecano,Valladolid,2,1,3.0,4.0,0.0,0.0,2.16,1.21,6.0,4.0,3.0,4.0,Desconocido,football-data.co.uk,proxy_shots
2023-05-12,Mallorca,Cadiz,1,0,3.0,7.0,5.0,3.0,1.08,1.49,3.0,4.0,4.0,2.0,Desconocido,football-data.co.uk,proxy_shots
2023-05-13,Osasuna,Almeria,3,1,4.0,1.0,0.0,0.0,2.55,1.08,7.0,3.0,2.0,4.0,Desconocido,football-data.co.uk,proxy_shots
2023-05-13,Real Madrid,Getafe,1,0,1.0,3.0,1.0,4.0,1.52,0.85,3.0,2.0,2.0,2.0,Desconocido,football-data.co.uk,proxy_shots
2023-05-13,Sociedad,Girona,2,2,7.0,4.0,5.0,5.0,2.27,1.99,6.0,6.0,4.0,4.0,Desconocido,football-data.co.uk,proxy_shots
2023-05-13,Villarreal,Ath Bilbao,5,1,7.0,5.0,4.0,3.0,3.42,1.6,11.0,5.0,4.0,6.0,Desconocido,football-data.co.uk,proxy_shots
2023-05-14,Celta,Valencia,1,2,5.0,4.0,3.0,7.0,1.73,1.76,6.0,5.0,3.0,5.0,Desconocido,football-data.co.uk,proxy_shots
2023-05-14,Elche,Ath Madrid,1,0,3.0,5.0,2.0,0.0,1.65,1.44,4.0,4.0,4.0,3.0,Desconocido,football-data.co.uk,proxy_shots
2023-05-14,Espanol,Barcelona,2,4,4.0,3.0,1.0,3.0,2.29,2.12,7.0,5.0,1.0,5.0,Desconocido,football-data.co.uk,proxy_shots
2023-05-14,Valladolid,Sevilla,0,3,8.0,3.0,2.0,1.0,2.62,2.13,6.0,5.0,2.0,6.0,Desconocido,football-data.co.uk,proxy_shots
2023-05-15,Betis,Vallecano,3,1,6.0,5.0,3.0,4.0,1.8,1.7,5.0,4.0,3.0,2.0,Desconocido,football-data.co.uk,proxy_shots
2023-05-19,Cadiz,Valladolid,2,0,4.0,3.0,4.0,6.0,1.52,0.69,4.0,2.0,2.0,2.0,Desconocido,football-data.co.uk,proxy_shots
2023-05-20,Almeria,Mallorca,3,0,4.0,6.0,1.0,2.0,1.5,0.93,3.0,3.0,3.0,0.0,Desconocido,football-data.co.uk,proxy_shots
2023-05-20,Ath Bilbao,Celta,2,1,8.0,5.0,4.0,1.0,1.29,1.08,3.0,3.0,2.0,1.0,Desconocido,football-data.co.uk,proxy_shots
2023-05-20,Barcelona,Sociedad,1,2,8.0,2.0,4.0,4.0,1.54,1.99,4.0,6.0,4.0,3.0,Desconocido,football-data.co.uk,proxy_shots
2023-05-20,Getafe,Elche,1,1,5.0,6.0,3.0,1.0,1.5,1.54,5.0,4.0,3.0,4.0,Desconocido,football-data.co.uk,proxy_shots
2023-05-20,Girona,Villarreal,1,2,3.0,1.0,2.0,1.0,1.14,1.65,3.0,5.0,3.0,2.0,Desconocido,football-data.co.uk,proxy_shots
2023-05-21,Ath Madrid,Osasuna,3,0,8.0,10.0,0.0,2.0,2.02,1.02,5.0,2.0,2.0,2.0,Desconocido,football-data.co.uk,proxy_shots
2023-05-21,Sevilla,Betis,0,0,4.0,3.0,2.0,4.0,1.27,0.28,4.0,0.0,0.0,4.0,Desconocido,football-data.co.uk,proxy_shots
2023-05-21,Valencia,Real Madrid,1,0,2.0,9.0,4.0,4.0,1.84,1.61,6.0,5.0,5.0,5.0,Desconocido,football-data.co.uk,proxy_shots
2023-05-21,Vallecano,Espanol,1,2,4.0,4.0,2.0,2.0,1.82,1.83,5.0,6.0,4.0,4.0,Desconocido,football-data.co.uk,proxy_shots
2023-05-23,Celta,Girona,1,1,9.0,3.0,0.0,0.0,2.24,1.43,7.0,4.0,3.0,6.0,Desconocido,football-data.co.uk,proxy_shots
2023-05-23,Sociedad,Almeria,1,0,10.0,2.0,0.0,3.0,1.29,0.47,2.0,2.0,2.0,1.0,Desconocido,football-data.co.uk,proxy_shots
2023-05-23,Valladolid,Barcelona,3,1,2.0,6.0,1.0,0.0,1.46,2.06,4.0,6.0,5.0,1.0,Desconocido,football-data.co.uk,proxy_shots
2023-05-24,Betis,Getafe,0,1,2.0,5.0,4.0,5.0,1.32,0.95,4.0,2.0,1.0,4.0,Desconocido,football-data.co.uk,proxy_shots
2023-05-24,Elche,Sevilla,1,1,9.0,5.0,1.0,6.0,2.46,1.14,7.0,3.0,2.0,6.0,Desconocido,football-data.co.uk,proxy_shots
2023-05-24,Espanol,Ath Madrid,3,3,16.0,1.0,2.0,3.0,4.0,2.44,13.0,7.0,4.0,10.0,Desconocido,football-data.co.uk,proxy_shots
2023-05-24,Real Madrid,Vallecano,2,1,5.0,2.0,1.0,3.0,1.4,2.0,3.0,6.0,5.0,1.0,Desconocido,football-data.co.uk,proxy_shots
2023-05-24,Villarreal,Cadiz,2,0,7.0,6.0,1.0,2.0,2.18,2.32,7.0,8.0,8.0,5.0,Desconocido,football-data.co.uk,proxy_shots
2023-05-25,Mallorca,Valencia,1,0,2.0,4.0,4.0,2.0,0.86,1.72,3.0,5.0,5.0,2.0,Desconocido,football-data.co.uk,proxy_shots
2023-05-25,Osasuna,Ath Bilbao,2,0,3.0,6.0,3.0,3.0,1.24,1.45,3.0,5.0,5.0,1.0,Desconocido,football-data.co.uk,proxy_shots
2023-05-27,Sevilla,Real Madrid,1,2,1.0,1.0,4.0,4.0,0.88,1.07,1.0,3.0,1.0,0.0,Desconocido,football-data.co.uk,proxy_shots
2023-05-28,Almeria,Valladolid,0,0,2.0,4.0,0.0,4.0,2.52,0.8,7.0,2.0,2.0,7.0,Desconocido,football-data.co.uk,proxy_shots
2023-05-28,Ath Bilbao,Elche,0,1,19.0,3.0,1.0,1.0,2.92,0.79,8.0,2.0,1.0,8.0,Desconocido,football-data.co.uk,proxy_shots
2023-05-28,Ath Madrid,Sociedad,2,1,6.0,4.0,2.0,2.0,1.7,1.55,5.0,5.0,4.0,3.0,Desconocido,football-data.co.uk,proxy_shots
2023-05-28,Barcelona,Mallorca,3,0,14.0,3.0,0.0,2.0,3.46,0.34,9.0,1.0,1.0,6.0,Desconocido,football-data.co.uk,proxy_shots
2023-05-28,Cadiz,Celta,1,0,3.0,3.0,9.0,5.0,1.35,1.21,3.0,4.0,4.0,2.0,Desconocido,football-data.co.uk,proxy_shots
2023-05-28,Getafe,Osasuna,2,1,1.0,1.0,3.0,1.0,2.16,1.01,6.0,2.0,1.0,4.0,Desconocido,football-data.co.uk,proxy_shots
2023-05-28,Girona,Betis,1,2,8.0,5.0,0.0,1.0,1.14,2.45,3.0,7.0,5.0,2.0,Desconocido,football-data.co.uk,proxy_shots
2023-05-28,Valencia,Espanol,2,2,10.0,3.0,0.0,4.0,1.96,1.59,4.0,5.0,3.0,2.0,Desconocido,football-data.co.uk,proxy_shots
2023-05-28,Vallecano,Villarreal,2,1,4.0,6.0,3.0,5.0,1.74,0.84,4.0,2.0,1.0,2.0,Desconocido,football-data.co.uk,proxy_shots
2023-06-04,Betis,Valencia,1,1,5.0,4.0,3.0,2.0,1.08,1.19,3.0,3.0,2.0,2.0,Desconocido,football-data.co.uk,proxy_shots
2023-06-04,Celta,Barcelona,2,1,2.0,4.0,2.0,2.0,2.48,0.95,9.0,2.0,1.0,7.0,Desconocido,football-data.co.uk,proxy_shots
2023-06-04,Elche,Cadiz,1,1,7.0,4.0,4.0,3.0,1.66,1.41,5.0,3.0,2.0,4.0,Desconocido,football-data.co.uk,proxy_shots
2023-06-04,Espanol,Almeria,3,3,7.0,6.0,2.0,3.0,2.4,1.62,8.0,4.0,1.0,5.0,Desconocido,football-data.co.uk,proxy_shots
2023-06-04,Mallorca,Vallecano,3,0,2.0,6.0,0.0,0.0,1.46,1.82,4.0,4.0,4.0,1.0,Desconocido,football-data.co.uk,proxy_shots
2023-06-04,Osasuna,Girona,2,1,5.0,2.0,1.0,5.0,2.23,1.79,7.0,6.0,5.0,5.0,Desconocido,football-data.co.uk,proxy_shots
2023-06-04,Real Madrid,Ath Bilbao,1,1,5.0,6.0,2.0,2.0,0.95,2.54,2.0,9.0,8.0,1.0,Desconocido,football-data.co.uk,proxy_shots
2023-06-04,Sociedad,Sevilla,2,1,5.0,2.0,0.0,1.0,2.22,1.31,6.0,4.0,3.0,4.0,Desconocido,football-data.co.uk,proxy_shots
2023-06-04,Valladolid,Getafe,0,0,6.0,1.0,1.0,3.0,0.82,0.4,0.0,1.0,1.0,0.0,Desconocido,football-data.co.uk,proxy_shots
2023-06-04,Villarreal,Ath Madrid,2,2,12.0,1.0,3.0,4.0,2.67,1.24,7.0,3.0,1.0,5.0,Desconocido,football-data.co.uk,proxy_shots
2023-08-11,Almeria,Vallecano,0,2,8.0,3.0,1.0,3.0,1.94,1.47,5.0,4.0,2.0,5.0,Desconocido,football-data.co.uk,proxy_shots
2023-08-11,Sevilla,Valencia,1,2,8.0,1.0,5.0,2.0,1.14,1.29,3.0,3.0,1.0,2.0,Desconocido,football-data.co.uk,proxy_shots
2023-08-12,Ath Bilbao,Real Madrid,0,2,7.0,5.0,3.0,1.0,0.56,2.41,1.0,8.0,6.0,1.0,Desconocido,football-data.co.uk,proxy_shots
2023-08-12,Las Palmas,Mallorca,1,1,3.0,6.0,3.0,2.0,0.73,1.12,2.0,2.0,1.0,1.0,Desconocido,football-data.co.uk,proxy_shots
2023-08-12,Sociedad,Girona,1,1,4.0,1.0,2.0,5.0,1.29,0.61,2.0,1.0,0.0,1.0,Desconocido,football-data.co.uk,proxy_shots
2023-08-13,Celta,Osasuna,0,2,7.0,2.0,1.0,1.0,0.78,1.7,1.0,5.0,3.0,1.0,Desconocido,football-data.co.uk,proxy_shots
2023-08-13,Getafe,Barcelona,0,0,3.0,4.0,10.0,4.0,0.64,1.49,2.0,4.0,4.0,2.0,Desconocido,football-data.co.uk,proxy_shots
2023-08-13,Villarreal,Betis,1,2,9.0,4.0,1.0,3.0,1.99,1.76,5.0,5.0,3.0,4.0,Desconocido,football-data.co.uk,proxy_shots
2023-08-14,Ath Madrid,Granada,3,1,3.0,3.0,3.0,1.0,2.15,1.21,6.0,4.0,3.0,3.0,Desconocido,football-data.co.uk,proxy_shots
2023-08-14,Cadiz,Alaves,1,0,2.0,4.0,5.0,2.0,1.3,0.91,3.0,2.0,2.0,2.0,Desconocido,football-data.co.uk,proxy_shots
2023-08-18,Mallorca,Villarreal,0,1,6.0,5.0,2.0,4.0,0.62,1.47,1.0,3.0,2.0,1.0,Desconocido,football-data.co.uk,proxy_shots
2023-08-18,Valencia,Las Palmas,1,0,6.0,4.0,0.0,0.0,1.31,0.56,4.0,1.0,1.0,3.0,Desconocido,football-data.co.uk,proxy_shots
2023-08-19,Almeria,Real Madrid,1,3,4.0,5.0,1.0,0.0,2.64,3.24,8.0,9.0,6.0,7.0,Desconocido,football-data.co.uk,proxy_shots
2023-08-19,Osasuna,Ath Bilbao,0,2,5.0,3.0,3.0,7.0,2.25,1.0,7.0,2.0,0.0,7.0,Desconocido,football-data.co.uk,proxy_shots
2023-08-19,Sociedad,Celta,1,1,9.0,7.0,2.0,1.0,1.06,2.12,2.0,6.0,5.0,1.0,Desconocido,football-data.co.uk,proxy_shots
2023-08-20,Barcelona,Cadiz,2,0,10.0,2.0,4.0,3.0,3.26,0.73,10.0,1.0,1.0,8.0,Desconocido,football-data.co.uk,proxy_shots
2023-08-20,Betis,Ath Madrid,0,0,2.0,7.0,2.0,1.0,0.77,0.46,0.0,1.0,1.0,0.0,Desconocido,football-data.co.uk,proxy_shots
2023-08-20,Girona,Getafe,3,0,3.0,2.0,2.0,5.0,1.77,0.85,6.0,2.0,2.0,3.0,Desconocido,football-data.co.uk,proxy_shots
2023-08-21,Alaves,Sevilla,4,3,4.0,4.0,1.0,2.0,2.43,1.32,7.0,2.0,0.0,3.0,Desconocido,football-data.co.uk,proxy_shots
2023-08-21,Granada,Vallecano,0,2,5.0,6.0,4.0,1.0,2.03,2.75,7.0,9.0,7.0,7.0,Desconocido,football-data.co.uk,proxy_shots
2023-08-25,Celta,Real Madrid,0,1,3.0,5.0,2.0,3.0,1.44,1.19,4.0,3.0,2.0,4.0,Desconocido,football-data.co.uk,proxy_shots
2023-08-25,Las Palmas,Sociedad,0,0,5.0,7.0,1.0,4.0,1.5,0.62,5.0,1.0,1.0,5.0,Desconocido,football-data.co.uk,proxy_shots
2023-08-26,Cadiz,Almeria,1,1,7.0,3.0,2.0,7.0,1.25,0.73,3.0,2.0,1.0,2.0,Desconocido,football-data.co.uk,proxy_shots
2023-08-26,Granada,Mallorca,3,2,5.0,3.0,2.0,7.0,1.57,1.65,4.0,5.0,3.0,1.0,Desconocido,football-data.co.uk,proxy_shots
2023-08-26,Sevilla,Girona,1,2,6.0,6.0,2.0,1.0,1.98,1.18,4.0,3.0,1.0,3.0,Desconocido,football-data.co.uk,proxy_shots
2023-08-27,Ath Bilbao,Betis,4,2,5.0,3.0,4.0,2.0,2.25,1.12,6.0,3.0,1.0,2.0,Desconocido,football-data.co.uk,proxy_shots
2023-08-27,Valencia,Osasuna,1,2,6.0,3.0,3.0,4.0,1.7,0.95,4.0,2.0,0.0,3.0,Desconocido,football-data.co.uk,proxy_shots
2023-08-27,Villarreal,Barcelona,3,4,2.0,6.0,3.0,3.0,2.09,3.53,6.0,11.0,7.0,3.0,Desconocido,football-data.co.uk,proxy_shots
2023-08-28,Getafe,Alaves,1,0,4.0,5.0,1.0,2.0,1.65,1.24,4.0,2.0,2.0,3.0,Desconocido,football-data.co.uk,proxy_shots
2023-08-28,Vallecano,Ath Madrid,0,7,8.0,3.0,4.0,3.0,1.2,3.44,3.0,10.0,3.0,3.0,Desconocido,football-data.co.uk,proxy_shots
2023-09-01,Almeria,Celta,2,3,6.0,5.0,1.0,1.0,1.98,2.51,5.0,8.0,5.0,3.0,Desconocido,football-data.co.uk,proxy_shots
2023-09-01,Cadiz,Villarreal,3,1,7.0,3.0,5.0,6.0,2.01,1.03,4.0,3.0,2.0,1.0,Desconocido,football-data.co.uk,proxy_shots
2023-09-02,Alaves,Valencia,1,0,1.0,2.0,4.0,2.0,0.66,1.21,1.0,4.0,4.0,0.0,Desconocido,football-data.co.uk,proxy_shots
2023-09-02,Betis,Vallecano,1,0,2.0,3.0,3.0,5.0,1.77,1.91,5.0,6.0,6.0,4.0,Desconocido,football-data.co.uk,proxy_shots
2023-09-02,Real Madrid,Getafe,2,1,11.0,1.0,2.0,6.0,3.79,0.79,12.0,2.0,1.0,10.0,Desconocido,football-data.co.uk,proxy_shots
2023-09-02,Sociedad,Granada,5,3,2.0,5.0,1.0,5.0,2.41,1.64,6.0,5.0,2.0,1.0,Desconocido,football-data.co.uk,proxy_shots
2023-09-03,Girona,Las Palmas,1,0,3.0,5.0,3.0,3.0,1.79,1.45,6.0,5.0,5.0,5.0,Desconocido,football-data.co.uk,proxy_shots
2023-09-03,Mallorca,Ath Bilbao,0,0,3.0,5.0,0.0,1.0,0.8,1.15,2.0,3.0,3.0,2.0,Desconocido,football-data.co.uk,proxy_shots
2023-09-03,Osasuna,Barcelona,1,2,8.0,5.0,3.0,3.0,1.25,1.41,3.0,4.0,2.0,2.0,Desconocido,football-data.co.uk,proxy_shots
2023-09-15,Vallecano,Alaves,2,0,5.0,3.0,2.0,3.0,3.28,0.68,11.0,1.0,1.0,9.0,Desconocido,football-data.co.uk,proxy_shots
2023-09-16,Ath Bilbao,Cadiz,3,0,5.0,4.0,1.0,4.0,3.02,0.99,9.0,4.0,4.0,6.0,Desconocido,football-data.co.uk,proxy_shots
2023-09-16,Barcelona,Betis,5,0,9.0,5.0,1.0,2.0,3.05,0.96,9.0,2.0,2.0,4.0,Desconocido,football-data.co.uk,proxy_shots
2023-09-16,Celta,Mallorca,0,1,10.0,1.0,1.0,3.0,1.6,1.21,4.0,4.0,3.0,4.0,Desconocido,football-data.co.uk,proxy_shots
2023-09-16,Valencia,Ath Madrid,3,0,5.0,8.0,1.0,5.0,2.4,1.15,8.0,3.0,3.0,5.0,Desconocido,football-data.co.uk,proxy_shots
2023-09-17,Getafe,Osasuna,3,2,6.0,3.0,6.0,2.0,1.99,1.18,6.0,3.0,1.0,3.0,Desconocido,football-data.co.uk,proxy_shots
2023-09-17,Real Madrid,Sociedad,2,1,4.0,3.0,3.0,2.0,2.58,1.82,8.0,5.0,4.0,6.0,Desconocido,football-data.co.uk,proxy_shots
2023-09-17,Sevilla,Las Palmas,1,0,7.0,3.0,3.0,5.0,3.15,1.02,9.0,2.0,2.0,8.0,Desconocido,football-data.co.uk,proxy_shots
2023-09-17,Villarreal,Almeria,2,1,7.0,6.0,2.0,3.0,1.47,2.3,4.0,7.0,6.0,2.0,Desconocido,football-data.co.uk,proxy_shots
2023-09-18,Granada,Girona,2,4,4.0,5.0,3.0,3.0,1.76,2.38,5.0,7.0,3.0,3.0,Desconocido,football-data.co.uk,proxy_shots
2023-09-22,Alaves,Ath Bilbao,0,2,3.0,4.0,2.0,2.0,1.72,1.34,5.0,3.0,1.0,5.0,Desconocido,football-data.co.uk,proxy_shots
2023-09-23,Almeria,Valencia,2,2,8.0,3.0,4.0,2.0,2.94,1.48,10.0,5.0,3.0,8.0,Desconocido,football-data.co.uk,proxy_shots
2023-09-23,Barcelona,Celta,3,2,2.0,3.0,2.0,1.0,2.21,2.18,6.0,7.0,5.0,3.0,Desconocido,football-data.co.uk,proxy_shots
2023-09-23,Girona,Mallorca,5,3,6.0,5.0,1.0,5.0,3.56,2.02,10.0,5.0,2.0,5.0,Desconocido,football-data.co.uk,proxy_shots
2023-09-23,Osasuna,Sevilla,0,0,7.0,4.0,2.0,3.0,1.24,1.36,2.0,3.0,3.0,2.0,Desconocido,football-data.co.uk,proxy_shots
2023-09-24,Ath Madrid,Real Madrid,3,1,6.0,11.0,1.0,3.0,1.57,2.1,4.0,5.0,4.0,1.0,Desconocido,football-data.co.uk,proxy_shots
2023-09-24,Betis,Cadiz,1,1,11.0,8.0,2.0,3.0,2.52,0.56,7.0,1.0,0.0,6.0,Desconocido,football-data.co.uk,proxy_shots
2023-09-24,Las Palmas,Granada,1,0,6.0,7.0,8.0,4.0,1.19,0.29,3.0,1.0,1.0,2.0,Desconocido,football-data.co.uk,proxy_shots
2023-09-24,Sociedad,Getafe,4,3,2.0,1.0,3.0,2.0,2.03,2.11,6.0,7.0,4.0,2.0,Desconocido,football-data.co.uk,proxy_shots
2023-09-24,Vallecano,Villarreal,1,1,2.0,8.0,2.0,5.0,1.79,1.9,6.0,6.0,5.0,5.0,Desconocido,football-data.co.uk,proxy_shots
2023-09-26,Mallorca,Barcelona,2,2,7.0,2.0,6.0,1.0,1.65,1.47,5.0,4.0,2.0,3.0,Desconocido,football-data.co.uk,proxy_shots
2023-09-26,Sevilla,Almeria,5,1,9.0,4.0,3.0,2.0,3.11,0.83,9.0,1.0,0.0,4.0,Desconocido,football-data.co.uk,proxy_shots
2023-09-27,Ath Bilbao,Getafe,2,2,5.0,4.0,7.0,6.0,1.41,1.81,4.0,5.0,3.0,2.0,Desconocido,football-data.co.uk,proxy_shots
2023-09-27,Cadiz,Vallecano,0,0,1.0,2.0,5.0,8.0,0.85,1.21,2.0,4.0,4.0,2.0,Desconocido,football-data.co.uk,proxy_shots
2023-09-27,Real Madrid,Las Palmas,2,0,7.0,2.0,0.0,1.0,2.98,1.24,9.0,2.0,2.0,7.0,Desconocido,football-data.co.uk,proxy_shots
2023-09-27,Valencia,Sociedad,0,1,0.0,2.0,6.0,7.0,0.85,0.39,2.0,1.0,0.0,2.0,Desconocido,football-data.co.uk,proxy_shots
2023-09-27,Villarreal,Girona,1,2,5.0,6.0,3.0,2.0,1.41,2.04,3.0,5.0,3.0,2.0,Desconocido,football-data.co.uk,proxy_shots
2023-09-28,Celta,Alaves,1,1,2.0,8.0,7.0,3.0,0.54,3.23,0.0,11.0,10.0,0.0,Desconocido,football-data.co.uk,proxy_shots
2023-09-28,Granada,Betis,1,1,5.0,7.0,2.0,1.0,2.4,1.35,7.0,3.0,2.0,6.0,Desconocido,football-data.co.uk,proxy_shots
2023-09-28,Osasuna,Ath Madrid,0,2,7.0,2.0,5.0,5.0,1.07,0.96,2.0,3.0,1.0,2.0,Desconocido,football-data.co.uk,proxy_shots
2023-09-29,Barcelona,Sevilla,1,0,13.0,3.0,2.0,3.0,1.99,1.2,5.0,3.0,3.0,4.0,Desconocido,football-data.co.uk,proxy_shots
2023-09-30,Getafe,Villarreal,0,0,6.0,4.0,2.0,6.0,2.83,0.2,9.0,0.0,0.0,9.0,Desconocido,football-data.co.uk,proxy_shots
2023-09-30,Girona,Real Madrid,0,3,1.0,4.0,2.0,4.0,1.25,2.33,3.0,7.0,4.0,3.0,Desconocido,football-data.co.uk,proxy_shots
2023-09-30,Sociedad,Ath Bilbao,3,0,5.0,7.0,2.0,2.0,1.64,1.53,5.0,3.0,3.0,2.0,Desconocido,football-data.co.uk,proxy_shots
2023-09-30,Vallecano,Mallorca,2,2,5.0,0.0,2.0,5.0,2.15,1.41,5.0,4.0,2.0,3.0,Desconocido,football-data.co.uk,proxy_shots
2023-10-01,Alaves,Osasuna,0,2,4.0,2.0,4.0,3.0,1.48,1.29,3.0,3.0,1.0,3.0,Desconocido,football-data.co.uk,proxy_shots
2023-10-01,Almeria,Granada,3,3,1.0,5.0,2.0,1.0,2.13,2.06,5.0,4.0,1.0,2.0,Desconocido,football-data.co.uk,proxy_shots
2023-10-01,Ath Madrid,Cadiz,3,2,5.0,3.0,1.0,3.0,2.91,1.36,9.0,4.0,2.0,6.0,Desconocido,football-data.co.uk,proxy_shots
2023-10-01,Betis,Valencia,3,0,5.0,3.0,2.0,2.0,2.38,0.85,7.0,2.0,2.0,4.0,Desconocido,football-data.co.uk,proxy_shots
2023-10-02,Las Palmas,Celta,2,1,4.0,5.0,2.0,1.0,1.98,1.25,5.0,3.0,2.0,3.0,Desconocido,football-data.co.uk,proxy_shots
2023-10-06,Ath Bilbao,Almeria,3,0,6.0,2.0,2.0,0.0,3.18,0.4,9.0,1.0,1.0,6.0,Desconocido,football-data.co.uk,proxy_shots
2023-10-07,Cadiz,Girona,0,1,5.0,5.0,3.0,3.0,0.8,2.1,2.0,5.0,4.0,2.0,Desconocido,football-data.co.uk,proxy_shots
2023-10-07,Mallorca,Valencia,1,1,3.0,6.0,2.0,1.0,1.5,1.25,5.0,3.0,2.0,4.0,Desconocido,football-data.co.uk,proxy_shots
2023-10-07,Real Madrid,Osasuna,4,0,5.0,4.0,2.0,2.0,3.06,0.56,9.0,1.0,1.0,5.0,Desconocido,football-data.co.uk,proxy_shots
2023-10-07,Sevilla,Vallecano,2,2,12.0,2.0,5.0,2.0,2.49,1.3,6.0,4.0,2.0,4.0,Desconocido,football-data.co.uk,proxy_shots
2023-10-08,Alaves,Betis,1,1,5.0,3.0,3.0,5.0,1.82,0.79,5.0,2.0,1.0,4.0,Desconocido,football-data.co.uk,proxy_shots
2023-10-08,Ath Madrid,Sociedad,2,1,1.0,4.0,3.0,3.0,1.87,1.54,5.0,4.0,3.0,3.0,Desconocido,football-data.co.uk,proxy_shots
2023-10-08,Celta,Getafe,2,2,13.0,1.0,1.0,10.0,3.61,0.73,11.0,2.0,0.0,9.0,Desconocido,football-data.co.uk,proxy_shots
2023-10-08,Granada,Barcelona,2,2,1.0,11.0,4.0,1.0,0.95,3.21,2.0,10.0,8.0,0.0,Desconocido,football-data.co.uk,proxy_shots
2023-10-08,Villarreal,Las Palmas,1,2,7.0,2.0,4.0,4.0,1.31,1.54,4.0,5.0,3.0,3.0,Desconocido,football-data.co.uk,proxy_shots
2023-10-20,Osasuna,Granada,2,0,1.0,7.0,3.0,6.0,1.94,1.25,6.0,3.0,3.0,4.0,Desconocido,football-data.co.uk,proxy_shots
2023-10-21,Celta,Ath Madrid,0,3,7.0,5.0,5.0,2.0,1.42,2.22,3.0,7.0,4.0,3.0,Desconocido,football-data.co.uk,proxy_shots
2023-10-21,Getafe,Betis,1,1,4.0,8.0,5.0,2.0,1.59,1.35,4.0,3.0,2.0,3.0,Desconocido,football-data.co.uk,proxy_shots
2023-10-21,Sevilla,Real Madrid,1,1,4.0,6.0,5.0,2.0,2.3,1.77,7.0,5.0,4.0,6.0,Desconocido,football-data.co.uk,proxy_shots
2023-10-21,Sociedad,Mallorca,1,0,2.0,5.0,3.0,3.0,1.95,2.25,6.0,7.0,7.0,5.0,Desconocido,football-data.co.uk,proxy_shots
2023-10-22,Barcelona,Ath Bilbao,1,0,4.0,7.0,3.0,3.0,2.02,1.09,7.0,3.0,3.0,6.0,Desconocido,football-data.co.uk,proxy_shots
2023-10-22,Girona,Almeria,5,2,9.0,6.0,1.0,2.0,2.98,1.59,8.0,5.0,3.0,3.0,Desconocido,football-data.co.uk,proxy_shots
2023-10-22,Las Palmas,Vallecano,0,1,10.0,5.0,4.0,5.0,1.74,1.48,6.0,4.0,3.0,6.0,Desconocido,football-data.co.uk,proxy_shots
2023-10-22,Villarreal,Alaves,1,1,9.0,3.0,4.0,3.0,1.3,2.24,3.0,7.0,6.0,2.0,Desconocido,football-data.co.uk,proxy_shots
2023-10-23,Valencia,Cadiz,2,0,4.0,6.0,0.0,5.0,1.58,0.99,4.0,4.0,4.0,2.0,Desconocido,football-data.co.uk,proxy_shots
2023-10-27,Girona,Celta,1,0,10.0,1.0,3.0,2.0,1.12,0.58,2.0,2.0,2.0,1.0,Desconocido,football-data.co.uk,proxy_shots
2023-10-28,Almeria,Las Palmas,1,2,3.0,2.0,3.0,1.0,1.37,1.29,4.0,3.0,1.0,3.0,Desconocido,football-data.co.uk,proxy_shots
2023-10-28,Barcelona,Real Madrid,1,2,6.0,3.0,2.0,1.0,1.47,1.64,3.0,4.0,2.0,2.0,Desconocido,football-data.co.uk,proxy_shots
2023-10-28,Cadiz,Sevilla,2,2,2.0,4.0,6.0,4.0,1.65,3.1,5.0,10.0,8.0,3.0,Desconocido,football-data.co.uk,proxy_shots
2023-10-28,Mallorca,Getafe,0,0,8.0,3.0,0.0,1.0,1.54,0.44,4.0,0.0,0.0,4.0,Desconocido,football-data.co.uk,proxy_shots
2023-10-29,Ath Bilbao,Valencia,2,2,10.0,4.0,3.0,1.0,2.12,1.7,7.0,5.0,3.0,5.0,Desconocido,football-data.co.uk,proxy_shots
2023-10-29,Ath Madrid,Alaves,2,1,4.0,4.0,3.0,2.0,2.06,0.72,7.0,1.0,0.0,5.0,Desconocido,football-data.co.uk,proxy_shots
2023-10-29,Betis,Osasuna,2,1,6.0,3.0,3.0,4.0,1.05,0.66,2.0,1.0,0.0,0.0,Desconocido,football-data.co.uk,proxy_shots
2023-10-29,Vallecano,Sociedad,2,2,4.0,5.0,3.0,2.0,2.34,1.56,7.0,3.0,1.0,5.0,Desconocido,football-data.co.uk,proxy_shots
2023-10-30,Granada,Villarreal,2,3,4.0,1.0,0.0,4.0,2.63,1.53,8.0,5.0,2.0,6.0,Desconocido,football-data.co.uk,proxy_shots
2023-11-03,Las Palmas,Ath Madrid,2,1,3.0,4.0,0.0,3.0,1.24,1.71,3.0,5.0,4.0,1.0,Desconocido,football-data.co.uk,proxy_shots
2023-11-04,Betis,Mallorca,2,0,6.0,1.0,1.0,6.0,1.95,0.62,3.0,1.0,1.0,1.0,Desconocido,football-data.co.uk,proxy_shots
2023-11-04,Celta,Sevilla,1,1,4.0,6.0,4.0,5.0,1.47,1.71,3.0,5.0,4.0,2.0,Desconocido,football-data.co.uk,proxy_shots
2023-11-04,Osasuna,Girona,2,4,2.0,7.0,5.0,3.0,1.56,1.73,3.0,4.0,0.0,1.0,Desconocido,football-data.co.uk,proxy_shots
2023-11-04,Sociedad,Barcelona,0,1,8.0,3.0,3.0,3.0,1.79,1.48,6.0,4.0,3.0,6.0,Desconocido,football-data.co.uk,proxy_shots
2023-11-05,Alaves,Almeria,1,0,12.0,6.0,2.0,3.0,1.91,1.04,3.0,3.0,3.0,2.0,Desconocido,football-data.co.uk,proxy_shots
2023-11-05,Real Madrid,Vallecano,0,0,11.0,1.0,3.0,5.0,2.11,0.22,5.0,0.0,0.0,5.0,Desconocido,football-data.co.uk,proxy_shots
2023-11-05,Valencia,Granada,1,0,0.0,4.0,3.0,5.0,1.06,0.51,2.0,1.0,1.0,1.0,Desconocido,football-data.co.uk,proxy_shots
2023-11-05,Villarreal,Ath Bilbao,2,3,9.0,3.0,4.0,4.0,2.22,2.5,6.0,7.0,4.0,4.0,Desconocido,football-data.co.uk,proxy_shots
2023-11-06,Getafe,Cadiz,1,0,6.0,3.0,9.0,1.0,1.35,0.69,3.0,2.0,2.0,2.0,Desconocido,football-data.co.uk,proxy_shots
2023-11-10,Ath Bilbao,Celta,4,3,7.0,2.0,2.0,2.0,3.72,1.91,12.0,5.0,2.0,8.0,Desconocido,football-data.co.uk,proxy_shots
2023-11-11,Almeria,Sociedad,1,3,5.0,5.0,2.0,2.0,0.84,2.37,2.0,6.0,3.0,1.0,Desconocido,football-data.co.uk,proxy_shots
2023-11-11,Granada,Getafe,1,1,3.0,5.0,4.0,2.0,1.84,1.73,6.0,6.0,5.0,5.0,Desconocido,football-data.co.uk,proxy_shots
2023-11-11,Osasuna,Las Palmas,1,1,8.0,3.0,1.0,1.0,1.25,0.61,3.0,1.0,0.0,2.0,Desconocido,football-data.co.uk,proxy_shots
2023-11-11,Real Madrid,Valencia,5,1,4.0,4.0,1.0,3.0,2.64,1.37,7.0,4.0,3.0,2.0,Desconocido,football-data.co.uk,proxy_shots
2023-11-11,Vallecano,Girona,1,2,8.0,3.0,1.0,2.0,2.93,2.5,9.0,7.0,5.0,8.0,Desconocido,football-data.co.uk,proxy_shots
2023-11-12,Ath Madrid,Villarreal,3,1,6.0,3.0,0.0,2.0,3.47,1.97,10.0,7.0,6.0,7.0,Desconocido,football-data.co.uk,proxy_shots
2023-11-12,Barcelona,Alaves,2,1,2.0,1.0,2.0,1.0,1.89,0.72,6.0,1.0,0.0,4.0,Desconocido,football-data.co.uk,proxy_shots
2023-11-12,Sevilla,Betis,1,1,9.0,5.0,1.0,1.0,1.54,1.95,4.0,6.0,5.0,3.0,Desconocido,football-data.co.uk,proxy_shots
2023-11-24,Alaves,Granada,3,1,6.0,2.0,1.0,3.0,1.64,1.43,5.0,4.0,3.0,2.0,Desconocido,football-data.co.uk,proxy_shots
2023-11-25,Ath Madrid,Mallorca,1,0,7.0,3.0,0.0,0.0,1.74,0.62,3.0,1.0,1.0,2.0,Desconocido,football-data.co.uk,proxy_shots
2023-11-25,Getafe,Almeria,2,1,3.0,6.0,2.0,4.0,2.09,1.54,5.0,4.0,3.0,3.0,Desconocido,football-data.co.uk,proxy_shots
2023-11-25,Valencia,Celta,0,0,5.0,7.0,3.0,2.0,0.44,0.9,0.0,1.0,1.0,0.0,Desconocido,football-data.co.uk,proxy_shots
2023-11-25,Vallecano,Barcelona,1,1,1.0,4.0,3.0,4.0,1.37,1.65,4.0,4.0,3.0,3.0,Desconocido,football-data.co.uk,proxy_shots
2023-11-26,Betis,Las Palmas,1,0,7.0,6.0,1.0,2.0,1.84,1.54,6.0,4.0,4.0,5.0,Desconocido,football-data.co.uk,proxy_shots
2023-11-26,Cadiz,Real Madrid,0,3,4.0,4.0,3.0,3.0,1.44,1.97,4.0,5.0,2.0,4.0,Desconocido,football-data.co.uk,proxy_shots
2023-11-26,Sociedad,Sevilla,2,1,4.0,4.0,2.0,5.0,2.25,0.9,8.0,2.0,1.0,6.0,Desconocido,football-data.co.uk,proxy_shots
2023-11-26,Villarreal,Osasuna,3,1,2.0,4.0,0.0,0.0,1.39,2.19,3.0,7.0,6.0,0.0,Desconocido,football-data.co.uk,proxy_shots
2023-11-27,Girona,Ath Bilbao,1,1,2.0,6.0,1.0,1.0,1.12,1.9,2.0,6.0,5.0,1.0,Desconocido,football-data.co.uk,proxy_shots
2023-11-29,Mallorca,Cadiz,1,1,7.0,0.0,2.0,3.0,1.52,0.97,3.0,3.0,2.0,2.0,Desconocido,football-data.co.uk,proxy_shots
2023-12-01,Las Palmas,Getafe,2,0,4.0,4.0,0.0,7.0,1.89,1.38,6.0,4.0,4.0,4.0,Desconocido,football-data.co.uk,proxy_shots
2023-12-02,Ath Bilbao,Vallecano,4,0,7.0,2.0,1.0,2.0,1.61,1.15,4.0,3.0,3.0,0.0,Desconocido,football-data.co.uk,proxy_shots
2023-12-02,Girona,Valencia,2,1,3.0,2.0,2.0,3.0,1.59,1.14,5.0,3.0,2.0,3.0,Desconocido,football-data.co.uk,proxy_shots
2023-12-02,Osasuna,Sociedad,1,1,1.0,8.0,3.0,3.0,1.14,1.94,3.0,5.0,4.0,2.0,Desconocido,football-data.co.uk,proxy_shots
2023-12-02,Real Madrid,Granada,2,0,6.0,0.0,2.0,1.0,1.52,0.2,4.0,0.0,0.0,2.0,Desconocido,football-data.co.uk,proxy_shots
2023-12-03,Almeria,Betis,0,0,4.0,6.0,0.0,5.0,2.54,0.69,8.0,2.0,2.0,8.0,Desconocido,football-data.co.uk,proxy_shots
2023-12-03,Barcelona,Ath Madrid,1,0,7.0,2.0,5.0,4.0,1.18,1.21,2.0,4.0,4.0,1.0,Desconocido,football-data.co.uk,proxy_shots
2023-12-03,Mallorca,Alaves,0,0,5.0,4.0,4.0,2.0,0.93,1.1,3.0,4.0,4.0,3.0,Desconocido,football-data.co.uk,proxy_shots
2023-12-03,Sevilla,Villarreal,1,1,8.0,4.0,3.0,2.0,1.81,1.09,4.0,4.0,3.0,3.0,Desconocido,football-data.co.uk,proxy_shots
2023-12-04,Celta,Cadiz,1,1,12.0,1.0,1.0,8.0,2.79,0.39,7.0,1.0,0.0,6.0,Desconocido,football-data.co.uk,proxy_shots
2023-12-08,Getafe,Valencia,1,0,7.0,0.0,4.0,8.0,1.62,0.2,6.0,0.0,0.0,5.0,Desconocido,football-data.co.uk,proxy_shots
2023-12-09,Alaves,Las Palmas,0,1,12.0,3.0,3.0,4.0,1.94,0.95,5.0,2.0,1.0,5.0,Desconocido,football-data.co.uk,proxy_shots
2023-12-09,Betis,Real Madrid,1,1,8.0,6.0,2.0,1.0,1.95,1.12,6.0,2.0,1.0,5.0,Desconocido,football-data.co.uk,proxy_shots
2023-12-09,Mallorca,Sevilla,1,0,4.0,12.0,2.0,2.0,0.97,1.94,3.0,5.0,5.0,2.0,Desconocido,football-data.co.uk,proxy_shots
2023-12-09,Villarreal,Sociedad,0,3,5.0,3.0,2.0,1.0,1.82,2.08,4.0,5.0,2.0,4.0,Desconocido,football-data.co.uk,proxy_shots
2023-12-10,Ath Madrid,Almeria,2,1,3.0,15.0,1.0,0.0,1.64,2.04,4.0,5.0,4.0,2.0,Desconocido,football-data.co.uk,proxy_shots
2023-12-10,Barcelona,Girona,2,4,8.0,3.0,1.0,2.0,3.89,2.48,11.0,7.0,3.0,9.0,Desconocido,football-data.co.uk,proxy_shots
2023-12-10,Cadiz,Osasuna,1,1,2.0,4.0,1.0,2.0,1.66,1.71,5.0,5.0,4.0,4.0,Desconocido,football-data.co.uk,proxy_shots
2023-12-11,Granada,Ath Bilbao,1,1,1.0,8.0,0.0,2.0,1.21,1.86,4.0,4.0,3.0,3.0,Desconocido,football-data.co.uk,proxy_shots
2023-12-11,Vallecano,Celta,0,0,8.0,1.0,3.0,0.0,1.66,0.58,4.0,2.0,2.0,4.0,Desconocido,football-data.co.uk,proxy_shots
2023-12-15,Osasuna,Vallecano,1,0,9.0,1.0,2.0,3.0,1.37,1.04,4.0,3.0,3.0,3.0,Desconocido,football-data.co.uk,proxy_shots
2023-12-16,Ath Bilbao,Ath Madrid,2,0,3.0,7.0,0.0,1.0,2.34,0.93,7.0,3.0,3.0,5.0,Desconocido,football-data.co.uk,proxy_shots
2023-12-16,Celta,Granada,1,0,7.0,1.0,8.0,2.0,1.43,0.74,4.0,2.0,2.0,3.0,Desconocido,football-data.co.uk,proxy_shots
2023-12-16,Sevilla,Getafe,0,3,4.0,2.0,3.0,3.0,1.38,2.33,4.0,7.0,4.0,4.0,Desconocido,football-data.co.uk,proxy_shots
2023-12-16,Valencia,Barcelona,1,1,4.0,6.0,1.0,2.0,1.43,2.42,4.0,8.0,7.0,3.0,Desconocido,football-data.co.uk,proxy_shots
2023-12-17,Almeria,Mallorca,0,0,4.0,4.0,2.0,1.0,0.56,1.46,1.0,2.0,2.0,1.0,Desconocido,football-data.co.uk,proxy_shots
2023-12-17,Las Palmas,Cadiz,1,1,4.0,6.0,1.0,3.0,0.84,1.71,2.0,5.0,4.0,1.0,Desconocido,football-data.co.uk,proxy_shots
2023-12-17,Real Madrid,Villarreal,4,1,11.0,0.0,2.0,3.0,3.23,0.44,9.0,1.0,0.0,5.0,Desconocido,football-data.co.uk,proxy_shots
2023-12-17,Sociedad,Betis,0,0,3.0,7.0,3.0,4.0,1.38,1.2,4.0,3.0,3.0,4.0,Desconocido,football-data.co.uk,proxy_shots
2023-12-18,Girona,Alaves,3,0,3.0,2.0,0.0,1.0,1.51,1.02,4.0,2.0,2.0,1.0,Desconocido,football-data.co.uk,proxy_shots
2023-12-19,Ath Madrid,Getafe,3,3,1.0,12.0,5.0,3.0,1.46,3.51,4.0,9.0,6.0,1.0,Desconocido,football-data.co.uk,proxy_shots
2023-12-19,Granada,Sevilla,0,3,6.0,4.0,2.0,1.0,1.2,1.86,3.0,5.0,2.0,3.0,Desconocido,football-data.co.uk,proxy_shots
2023-12-19,Vallecano,Valencia,0,1,8.0,1.0,1.0,7.0,0.56,1.08,1.0,3.0,2.0,1.0,Desconocido,football-data.co.uk,proxy_shots
2023-12-20,Ath Bilbao,Las Palmas,1,0,5.0,2.0,1.0,3.0,2.94,0.46,10.0,1.0,1.0,9.0,Desconocido,football-data.co.uk,proxy_shots
2023-12-20,Barcelona,Almeria,3,2,12.0,0.0,3.0,3.0,3.93,1.65,11.0,5.0,3.0,8.0,Desconocido,football-data.co.uk,proxy_shots
2023-12-20,Villarreal,Celta,3,2,4.0,7.0,2.0,4.0,2.4,1.92,8.0,5.0,3.0,5.0,Desconocido,football-data.co.uk,proxy_shots
2023-12-21,Alaves,Real Madrid,0,1,3.0,3.0,3.0,3.0,0.8,1.31,2.0,4.0,3.0,2.0,Desconocido,football-data.co.uk,proxy_shots
2023-12-21,Betis,Girona,1,1,7.0,6.0,2.0,2.0,1.98,1.48,4.0,4.0,3.0,3.0,Desconocido,football-data.co.uk,proxy_shots
2023-12-21,Cadiz,Sociedad,0,0,7.0,5.0,3.0,1.0,0.91,0.62,2.0,1.0,1.0,2.0,Desconocido,football-data.co.uk,proxy_shots
2023-12-21,Mallorca,Osasuna,3,2,6.0,0.0,3.0,1.0,2.56,2.12,8.0,7.0,5.0,5.0,Desconocido,football-data.co.uk,proxy_shots
2023-12-23,Ath Madrid,Sevilla,1,0,6.0,5.0,9.0,3.0,1.48,0.8,4.0,2.0,2.0,3.0,Desconocido,football-data.co.uk,proxy_shots
2024-01-02,Getafe,Vallecano,0,2,2.0,3.0,10.0,3.0,0.28,2.3,0.0,8.0,6.0,0.0,Desconocido,football-data.co.uk,proxy_shots
2024-01-02,Sociedad,Alaves,1,1,6.0,4.0,6.0,4.0,2.06,0.84,6.0,2.0,1.0,5.0,Desconocido,football-data.co.uk,proxy_shots
2024-01-02,Valencia,Villarreal,3,1,4.0,3.0,2.0,5.0,2.34,1.26,8.0,4.0,3.0,5.0,Desconocido,football-data.co.uk,proxy_shots
2024-01-03,Celta,Betis,2,1,8.0,7.0,0.0,2.0,2.33,1.41,6.0,3.0,2.0,4.0,Desconocido,football-data.co.uk,proxy_shots
2024-01-03,Girona,Ath Madrid,4,3,7.0,8.0,0.0,1.0,2.95,3.45,9.0,12.0,9.0,5.0,Desconocido,football-data.co.uk,proxy_shots
2024-01-03,Granada,Cadiz,2,0,5.0,6.0,3.0,6.0,2.46,1.19,8.0,2.0,2.0,6.0,Desconocido,football-data.co.uk,proxy_shots
2024-01-03,Real Madrid,Mallorca,1,0,5.0,4.0,2.0,3.0,1.94,0.39,5.0,0.0,0.0,4.0,Desconocido,football-data.co.uk,proxy_shots
2024-01-04,Las Palmas,Barcelona,1,2,5.0,10.0,7.0,2.0,1.3,1.92,3.0,5.0,3.0,2.0,Desconocido,football-data.co.uk,proxy_shots
2024-01-04,Osasuna,Almeria,1,0,5.0,4.0,1.0,2.0,1.23,0.22,2.0,0.0,0.0,1.0,Desconocido,football-data.co.uk,proxy_shots
2024-01-04,Sevilla,Ath Bilbao,0,2,5.0,4.0,3.0,1.0,0.96,2.1,2.0,6.0,4.0,2.0,Desconocido,football-data.co.uk,proxy_shots
2024-01-12,Sevilla,Alaves,2,3,5.0,4.0,4.0,3.0,1.96,2.62,4.0,8.0,5.0,2.0,Desconocido,football-data.co.uk,proxy_shots
2024-01-13,Ath Bilbao,Sociedad,2,1,5.0,5.0,1.0,4.0,1.29,0.78,3.0,1.0,0.0,1.0,Desconocido,football-data.co.uk,proxy_shots
2024-01-13,Betis,Granada,1,0,13.0,1.0,3.0,4.0,2.56,0.69,6.0,2.0,2.0,5.0,Desconocido,football-data.co.uk,proxy_shots
2024-01-13,Las Palmas,Villarreal,3,0,4.0,6.0,4.0,3.0,1.28,1.48,3.0,3.0,3.0,0.0,Desconocido,football-data.co.uk,proxy_shots
2024-01-13,Mallorca,Celta,1,1,10.0,1.0,4.0,1.0,2.12,0.79,6.0,2.0,1.0,5.0,Desconocido,football-data.co.uk,proxy_shots
2024-01-14,Almeria,Girona,0,0,4.0,3.0,4.0,6.0,1.64,0.46,3.0,1.0,1.0,3.0,Desconocido,football-data.co.uk,proxy_shots
2024-01-14,Cadiz,Valencia,1,4,3.0,1.0,4.0,2.0,1.01,1.79,2.0,5.0,1.0,1.0,Desconocido,football-data.co.uk,proxy_shots
2024-01-19,Alaves,Cadiz,1,0,4.0,4.0,0.0,4.0,1.35,0.68,3.0,1.0,1.0,2.0,Desconocido,football-data.co.uk,proxy_shots
2024-01-20,Celta,Sociedad,0,1,6.0,3.0,1.0,2.0,0.69,0.79,2.0,2.0,1.0,2.0,Desconocido,football-data.co.uk,proxy_shots
2024-01-20,Valencia,Ath Bilbao,1,0,4.0,2.0,0.0,3.0,0.61,0.87,1.0,3.0,3.0,0.0,Desconocido,football-data.co.uk,proxy_shots
2024-01-20,Vallecano,Las Palmas,0,2,12.0,0.0,5.0,1.0,1.42,1.65,3.0,5.0,3.0,3.0,Desconocido,football-data.co.uk,proxy_shots
2024-01-20,Villarreal,Mallorca,1,1,4.0,6.0,4.0,2.0,1.99,0.9,5.0,2.0,1.0,4.0,Desconocido,football-data.co.uk,proxy_shots
2024-01-21,Betis,Barcelona,2,4,3.0,4.0,1.0,2.0,1.87,1.73,5.0,4.0,0.0,3.0,Desconocido,football-data.co.uk,proxy_shots
2024-01-21,Girona,Sevilla,5,1,4.0,5.0,0.0,2.0,2.6,1.14,8.0,3.0,2.0,3.0,Desconocido,football-data.co.uk,proxy_shots
2024-01-21,Osasuna,Getafe,3,2,1.0,4.0,4.0,4.0,2.28,2.01,7.0,7.0,5.0,4.0,Desconocido,football-data.co.uk,proxy_shots
2024-01-21,Real Madrid,Almeria,3,2,6.0,3.0,3.0,5.0,2.37,1.11,6.0,2.0,0.0,3.0,Desconocido,football-data.co.uk,proxy_shots
2024-01-22,Granada,Ath Madrid,0,1,6.0,2.0,4.0,2.0,1.29,1.55,2.0,5.0,4.0,2.0,Desconocido,football-data.co.uk,proxy_shots
2024-01-26,Almeria,Alaves,0,3,11.0,3.0,1.0,2.0,2.3,1.45,7.0,3.0,0.0,7.0,Desconocido,football-data.co.uk,proxy_shots
2024-01-27,Barcelona,Villarreal,3,5,10.0,0.0,3.0,4.0,3.31,2.08,10.0,6.0,1.0,7.0,Desconocido,football-data.co.uk,proxy_shots
2024-01-27,Las Palmas,Real Madrid,1,2,1.0,6.0,3.0,3.0,0.84,1.81,2.0,5.0,3.0,1.0,Desconocido,football-data.co.uk,proxy_shots
2024-01-27,Mallorca,Betis,0,1,5.0,4.0,2.0,1.0,0.95,0.9,1.0,2.0,1.0,1.0,Desconocido,football-data.co.uk,proxy_shots
2024-01-27,Sociedad,Vallecano,0,0,2.0,2.0,2.0,4.0,0.87,0.28,3.0,0.0,0.0,3.0,Desconocido,football-data.co.uk,proxy_shots
2024-01-28,Ath Madrid,Valencia,2,0,3.0,6.0,2.0,0.0,2.3,1.09,8.0,3.0,3.0,6.0,Desconocido,football-data.co.uk,proxy_shots
2024-01-28,Cadiz,Ath Bilbao,0,0,6.0,8.0,4.0,2.0,0.85,0.44,2.0,0.0,0.0,2.0,Desconocido,football-data.co.uk,proxy_shots
2024-01-28,Celta,Girona,0,1,5.0,7.0,1.0,1.0,1.45,2.0,5.0,6.0,5.0,5.0,Desconocido,football-data.co.uk,proxy_shots
2024-01-28,Sevilla,Osasuna,1,1,2.0,4.0,5.0,0.0,1.55,1.43,5.0,4.0,3.0,4.0,Desconocido,football-data.co.uk,proxy_shots
2024-01-29,Getafe,Granada,2,0,4.0,3.0,2.0,1.0,1.3,1.42,4.0,3.0,3.0,2.0,Desconocido,football-data.co.uk,proxy_shots
2024-01-31,Ath Madrid,Vallecano,2,1,5.0,6.0,0.0,3.0,1.18,1.01,3.0,2.0,1.0,1.0,Desconocido,football-data.co.uk,proxy_shots
2024-01-31,Barcelona,Osasuna,1,0,6.0,6.0,1.0,4.0,1.7,0.68,4.0,1.0,1.0,3.0,Desconocido,football-data.co.uk,proxy_shots
2024-02-01,Getafe,Real Madrid,0,2,2.0,6.0,1.0,2.0,0.91,2.7,2.0,9.0,7.0,2.0,Desconocido,football-data.co.uk,proxy_shots
2024-02-02,Ath Bilbao,Mallorca,4,0,6.0,2.0,0.0,1.0,2.19,0.69,6.0,2.0,2.0,2.0,Desconocido,football-data.co.uk,proxy_shots
2024-02-03,Alaves,Barcelona,1,3,14.0,5.0,2.0,4.0,1.18,1.64,2.0,5.0,2.0,1.0,Desconocido,football-data.co.uk,proxy_shots
2024-02-03,Girona,Sociedad,0,0,3.0,4.0,2.0,3.0,1.15,0.96,3.0,2.0,2.0,3.0,Desconocido,football-data.co.uk,proxy_shots
2024-02-03,Granada,Las Palmas,1,1,2.0,9.0,6.0,5.0,0.44,2.06,1.0,6.0,5.0,0.0,Desconocido,football-data.co.uk,proxy_shots
2024-02-03,Valencia,Almeria,2,1,0.0,6.0,4.0,5.0,0.95,1.82,2.0,5.0,4.0,0.0,Desconocido,football-data.co.uk,proxy_shots
2024-02-04,Betis,Getafe,1,1,3.0,5.0,7.0,4.0,1.14,1.06,3.0,2.0,1.0,2.0,Desconocido,football-data.co.uk,proxy_shots
2024-02-04,Osasuna,Celta,0,3,9.0,1.0,2.0,0.0,1.17,1.53,1.0,5.0,2.0,1.0,Desconocido,football-data.co.uk,proxy_shots
2024-02-04,Real Madrid,Ath Madrid,1,1,2.0,8.0,0.0,5.0,1.76,1.55,4.0,5.0,4.0,3.0,Desconocido,football-data.co.uk,proxy_shots
2024-02-04,Villarreal,Cadiz,0,0,13.0,2.0,3.0,1.0,1.76,0.8,4.0,2.0,2.0,4.0,Desconocido,football-data.co.uk,proxy_shots
2024-02-05,Vallecano,Sevilla,1,2,6.0,0.0,2.0,2.0,2.21,1.83,5.0,6.0,4.0,4.0,Desconocido,football-data.co.uk,proxy_shots
2024-02-09,Cadiz,Betis,0,2,5.0,3.0,1.0,1.0,1.67,1.81,5.0,5.0,3.0,5.0,Desconocido,football-data.co.uk,proxy_shots
2024-02-10,Alaves,Villarreal,1,1,10.0,9.0,0.0,2.0,1.76,1.48,4.0,4.0,3.0,3.0,Desconocido,football-data.co.uk,proxy_shots
2024-02-10,Las Palmas,Valencia,2,0,5.0,0.0,2.0,0.0,1.18,0.56,3.0,1.0,1.0,1.0,Desconocido,football-data.co.uk,proxy_shots
2024-02-10,Real Madrid,Girona,4,0,0.0,2.0,1.0,2.0,2.36,0.28,6.0,0.0,0.0,2.0,Desconocido,football-data.co.uk,proxy_shots
2024-02-10,Sociedad,Osasuna,0,1,7.0,4.0,0.0,0.0,1.7,0.95,3.0,2.0,1.0,3.0,Desconocido,football-data.co.uk,proxy_shots
2024-02-11,Barcelona,Granada,3,3,6.0,2.0,1.0,2.0,1.99,1.8,6.0,5.0,2.0,3.0,Desconocido,football-data.co.uk,proxy_shots
2024-02-11,Getafe,Celta,3,2,0.0,4.0,1.0,2.0,1.62,1.41,4.0,4.0,2.0,1.0,Desconocido,football-data.co.uk,proxy_shots
2024-02-11,Mallorca,Vallecano,2,1,5.0,1.0,4.0,0.0,1.54,1.43,5.0,4.0,3.0,3.0,Desconocido,football-data.co.uk,proxy_shots
2024-02-11,Sevilla,Ath Madrid,1,0,2.0,7.0,2.0,1.0,1.73,1.78,6.0,5.0,5.0,5.0,Desconocido,football-data.co.uk,proxy_shots
2024-02-12,Almeria,Ath Bilbao,0,0,4.0,10.0,6.0,1.0,1.27,1.38,4.0,4.0,4.0,4.0,Desconocido,football-data.co.uk,proxy_shots
2024-02-16,Villarreal,Getafe,1,1,8.0,3.0,0.0,1.0,2.46,1.06,7.0,2.0,1.0,6.0,Desconocido,football-data.co.uk,proxy_shots
2024-02-17,Ath Madrid,Las Palmas,5,0,3.0,5.0,2.0,2.0,2.48,0.96,7.0,2.0,2.0,2.0,Desconocido,football-data.co.uk,proxy_shots
2024-02-17,Celta,Barcelona,1,2,2.0,5.0,2.0,4.0,1.54,1.69,4.0,4.0,2.0,3.0,Desconocido,football-data.co.uk,proxy_shots
2024-02-17,Osasuna,Cadiz,2,0,5.0,4.0,4.0,2.0,1.52,0.46,4.0,1.0,1.0,2.0,Desconocido,football-data.co.uk,proxy_shots
2024-02-17,Valencia,Sevilla,0,0,7.0,2.0,0.0,1.0,1.49,0.23,4.0,1.0,1.0,4.0,Desconocido,football-data.co.uk,proxy_shots
2024-02-18,Betis,Alaves,0,0,6.0,8.0,5.0,2.0,1.07,1.44,2.0,4.0,4.0,2.0,Desconocido,football-data.co.uk,proxy_shots
2024-02-18,Granada,Almeria,1,1,10.0,4.0,2.0,3.0,2.4,1.35,7.0,3.0,2.0,6.0,Desconocido,football-data.co.uk,proxy_shots
2024-02-18,Mallorca,Sociedad,1,2,3.0,9.0,9.0,5.0,0.5,2.15,1.0,5.0,3.0,0.0,Desconocido,football-data.co.uk,proxy_shots
2024-02-18,Vallecano,Real Madrid,1,1,4.0,10.0,4.0,5.0,1.08,1.43,3.0,4.0,3.0,2.0,Desconocido,football-data.co.uk,proxy_shots
2024-02-19,Ath Bilbao,Girona,3,2,3.0,4.0,1.0,2.0,2.33,1.94,7.0,6.0,4.0,4.0,Desconocido,football-data.co.uk,proxy_shots
2024-02-23,Sociedad,Villarreal,1,3,13.0,2.0,3.0,4.0,2.69,1.35,8.0,4.0,1.0,7.0,Desconocido,football-data.co.uk,proxy_shots
2024-02-24,Alaves,Mallorca,1,1,3.0,3.0,0.0,2.0,0.78,2.36,1.0,8.0,7.0,0.0,Desconocido,football-data.co.uk,proxy_shots
2024-02-24,Almeria,Ath Madrid,2,2,2.0,7.0,1.0,1.0,1.41,2.81,4.0,9.0,7.0,2.0,Desconocido,football-data.co.uk,proxy_shots
2024-02-24,Barcelona,Getafe,4,0,5.0,8.0,1.0,4.0,2.95,1.27,9.0,4.0,4.0,5.0,Desconocido,football-data.co.uk,proxy_shots
2024-02-25,Betis,Ath Bilbao,3,1,5.0,3.0,1.0,8.0,1.91,0.44,5.0,1.0,0.0,2.0,Desconocido,football-data.co.uk,proxy_shots
2024-02-25,Cadiz,Celta,2,2,9.0,1.0,2.0,3.0,2.33,1.12,6.0,3.0,1.0,4.0,Desconocido,football-data.co.uk,proxy_shots
2024-02-25,Las Palmas,Osasuna,1,1,6.0,7.0,2.0,1.0,1.14,0.79,3.0,2.0,1.0,2.0,Desconocido,football-data.co.uk,proxy_shots
2024-02-25,Real Madrid,Sevilla,1,0,7.0,2.0,1.0,3.0,2.06,0.4,6.0,1.0,1.0,5.0,Desconocido,football-data.co.uk,proxy_shots
2024-02-26,Girona,Vallecano,3,0,2.0,2.0,3.0,7.0,2.51,0.56,8.0,1.0,1.0,5.0,Desconocido,football-data.co.uk,proxy_shots
2024-03-01,Celta,Almeria,1,0,7.0,0.0,1.0,4.0,2.0,0.2,6.0,0.0,0.0,5.0,Desconocido,football-data.co.uk,proxy_shots
2024-03-02,Getafe,Las Palmas,3,3,4.0,4.0,4.0,1.0,2.08,1.97,5.0,5.0,2.0,2.0,Desconocido,football-data.co.uk,proxy_shots
2024-03-02,Sevilla,Sociedad,3,2,2.0,5.0,1.0,2.0,1.86,1.64,5.0,4.0,2.0,2.0,Desconocido,football-data.co.uk,proxy_shots
2024-03-02,Valencia,Real Madrid,2,2,2.0,2.0,2.0,5.0,1.76,1.65,5.0,5.0,3.0,3.0,Desconocido,football-data.co.uk,proxy_shots
2024-03-02,Vallecano,Cadiz,1,1,4.0,9.0,1.0,1.0,1.5,1.88,5.0,5.0,4.0,4.0,Desconocido,football-data.co.uk,proxy_shots
2024-03-03,Ath Bilbao,Barcelona,0,0,4.0,4.0,3.0,3.0,0.8,0.8,2.0,2.0,2.0,2.0,Desconocido,football-data.co.uk,proxy_shots
2024-03-03,Ath Madrid,Betis,2,1,4.0,6.0,1.0,2.0,3.3,1.84,12.0,6.0,5.0,10.0,Desconocido,football-data.co.uk,proxy_shots
2024-03-03,Mallorca,Girona,1,0,8.0,5.0,5.0,0.0,1.34,1.54,2.0,4.0,4.0,1.0,Desconocido,football-data.co.uk,proxy_shots
2024-03-03,Villarreal,Granada,5,1,6.0,4.0,1.0,2.0,3.18,1.14,10.0,3.0,2.0,5.0,Desconocido,football-data.co.uk,proxy_shots
2024-03-04,Osasuna,Alaves,1,0,5.0,5.0,2.0,1.0,1.65,1.27,4.0,4.0,4.0,3.0,Desconocido,football-data.co.uk,proxy_shots
2024-03-08,Barcelona,Mallorca,1,0,4.0,1.0,1.0,1.0,2.28,1.04,6.0,3.0,3.0,5.0,Desconocido,football-data.co.uk,proxy_shots
2024-03-09,Cadiz,Ath Madrid,2,0,3.0,1.0,4.0,5.0,1.12,1.16,3.0,4.0,4.0,1.0,Desconocido,football-data.co.uk,proxy_shots
2024-03-09,Girona,Osasuna,2,0,5.0,7.0,3.0,3.0,1.89,0.56,6.0,1.0,1.0,4.0,Desconocido,football-data.co.uk,proxy_shots
2024-03-09,Granada,Sociedad,2,3,4.0,6.0,1.0,2.0,1.99,2.34,6.0,8.0,5.0,4.0,Desconocido,football-data.co.uk,proxy_shots
2024-03-09,Valencia,Getafe,1,0,5.0,5.0,2.0,3.0,1.19,1.72,3.0,5.0,5.0,2.0,Desconocido,football-data.co.uk,proxy_shots
2024-03-10,Alaves,Vallecano,1,0,7.0,5.0,2.0,2.0,1.48,1.04,4.0,3.0,3.0,3.0,Desconocido,football-data.co.uk,proxy_shots
2024-03-10,Betis,Villarreal,2,3,11.0,4.0,5.0,6.0,1.64,1.35,4.0,4.0,1.0,2.0,Desconocido,football-data.co.uk,proxy_shots
2024-03-10,Las Palmas,Ath Bilbao,0,2,10.0,3.0,3.0,3.0,1.13,0.95,2.0,2.0,0.0,2.0,Desconocido,football-data.co.uk,proxy_shots
2024-03-10,Real Madrid,Celta,4,0,12.0,1.0,2.0,3.0,4.0,0.78,13.0,1.0,1.0,9.0,Desconocido,football-data.co.uk,proxy_shots
2024-03-11,Almeria,Sevilla,2,2,1.0,8.0,2.0,2.0,1.69,2.33,4.0,6.0,4.0,2.0,Desconocido,football-data.co.uk,proxy_shots
2024-03-15,Sociedad,Cadiz,2,0,8.0,2.0,3.0,1.0,2.05,1.07,6.0,2.0,2.0,4.0,Desconocido,football-data.co.uk,proxy_shots
2024-03-16,Ath Bilbao,Alaves,2,0,5.0,4.0,1.0,3.0,1.8,0.93,4.0,3.0,3.0,2.0,Desconocido,football-data.co.uk,proxy_shots
2024-03-16,Getafe,Girona,1,0,2.0,5.0,4.0,4.0,1.25,1.25,3.0,3.0,3.0,2.0,Desconocido,football-data.co.uk,proxy_shots
2024-03-16,Mallorca,Granada,1,0,10.0,2.0,2.0,0.0,2.53,0.98,8.0,3.0,3.0,7.0,Desconocido,football-data.co.uk,proxy_shots
2024-03-16,Osasuna,Real Madrid,2,4,5.0,7.0,3.0,2.0,1.41,2.95,4.0,9.0,5.0,2.0,Desconocido,football-data.co.uk,proxy_shots
2024-03-17,Ath Madrid,Barcelona,0,3,7.0,3.0,5.0,1.0,1.2,1.7,3.0,5.0,2.0,3.0,Desconocido,football-data.co.uk,proxy_shots
2024-03-17,Las Palmas,Almeria,0,1,11.0,3.0,2.0,2.0,2.24,0.62,6.0,2.0,1.0,6.0,Desconocido,football-data.co.uk,proxy_shots
2024-03-17,Sevilla,Celta,1,2,3.0,8.0,4.0,0.0,1.43,2.09,4.0,5.0,3.0,3.0,Desconocido,football-data.co.uk,proxy_shots
2024-03-17,Vallecano,Betis,2,0,4.0,8.0,4.0,4.0,1.36,0.78,4.0,1.0,1.0,2.0,Desconocido,football-data.co.uk,proxy_shots
2024-03-17,Villarreal,Valencia,1,0,6.0,2.0,5.0,1.0,2.08,2.03,7.0,7.0,7.0,6.0,Desconocido,football-data.co.uk,proxy_shots
2024-03-29,Cadiz,Granada,1,0,5.0,2.0,2.0,4.0,1.71,0.91,5.0,2.0,2.0,4.0,Desconocido,football-data.co.uk,proxy_shots
2024-03-30,Almeria,Osasuna,0,3,6.0,1.0,3.0,2.0,1.56,1.35,5.0,4.0,1.0,5.0,Desconocido,football-data.co.uk,proxy_shots
2024-03-30,Barcelona,Las Palmas,1,0,6.0,1.0,5.0,3.0,1.23,0.44,2.0,0.0,0.0,1.0,Desconocido,football-data.co.uk,proxy_shots
2024-03-30,Getafe,Sevilla,0,1,7.0,3.0,4.0,5.0,1.89,1.19,5.0,3.0,2.0,5.0,Desconocido,football-data.co.uk,proxy_shots
2024-03-30,Valencia,Mallorca,0,0,3.0,3.0,0.0,2.0,1.67,1.15,5.0,3.0,3.0,5.0,Desconocido,football-data.co.uk,proxy_shots
2024-03-31,Alaves,Sociedad,0,1,3.0,8.0,2.0,2.0,0.2,1.3,0.0,3.0,2.0,0.0,Desconocido,football-data.co.uk,proxy_shots
2024-03-31,Celta,Vallecano,0,0,3.0,2.0,3.0,3.0,0.71,0.8,0.0,2.0,2.0,0.0,Desconocido,football-data.co.uk,proxy_shots
2024-03-31,Girona,Betis,3,2,5.0,4.0,3.0,4.0,1.7,1.3,5.0,4.0,2.0,2.0,Desconocido,football-data.co.uk,proxy_shots
2024-03-31,Real Madrid,Ath Bilbao,2,0,4.0,7.0,2.0,1.0,1.41,0.93,4.0,3.0,3.0,2.0,Desconocido,football-data.co.uk,proxy_shots
2024-04-01,Villarreal,Ath Madrid,1,2,3.0,3.0,3.0,3.0,1.06,2.41,2.0,8.0,6.0,1.0,Desconocido,football-data.co.uk,proxy_shots
2024-04-04,Granada,Valencia,0,1,5.0,4.0,3.0,1.0,1.25,0.79,3.0,2.0,1.0,3.0,Desconocido,football-data.co.uk,proxy_shots
2024-04-12,Betis,Celta,2,1,6.0,5.0,1.0,0.0,1.56,1.66,3.0,5.0,4.0,1.0,Desconocido,football-data.co.uk,proxy_shots
2024-04-13,Ath Madrid,Girona,3,1,2.0,0.0,3.0,2.0,1.96,1.66,4.0,5.0,4.0,1.0,Desconocido,football-data.co.uk,proxy_shots
2024-04-13,Cadiz,Barcelona,0,1,8.0,4.0,3.0,3.0,1.31,1.12,3.0,2.0,1.0,3.0,Desconocido,football-data.co.uk,proxy_shots
2024-04-13,Mallorca,Real Madrid,0,1,4.0,2.0,2.0,1.0,0.69,2.6,2.0,9.0,8.0,2.0,Desconocido,football-data.co.uk,proxy_shots
2024-04-13,Vallecano,Getafe,0,0,3.0,0.0,4.0,6.0,0.96,0.39,2.0,0.0,0.0,2.0,Desconocido,football-data.co.uk,proxy_shots
2024-04-14,Ath Bilbao,Villarreal,1,1,3.0,1.0,3.0,5.0,1.9,1.01,6.0,2.0,1.0,5.0,Desconocido,football-data.co.uk,proxy_shots
2024-04-14,Granada,Alaves,2,0,1.0,5.0,3.0,2.0,1.24,0.98,3.0,3.0,3.0,1.0,Desconocido,football-data.co.uk,proxy_shots
2024-04-14,Las Palmas,Sevilla,0,2,6.0,2.0,5.0,3.0,0.64,1.29,2.0,3.0,1.0,2.0,Desconocido,football-data.co.uk,proxy_shots
2024-04-14,Sociedad,Almeria,2,2,5.0,1.0,4.0,2.0,1.85,1.12,4.0,3.0,1.0,2.0,Desconocido,football-data.co.uk,proxy_shots
2024-04-15,Osasuna,Valencia,0,1,4.0,1.0,0.0,2.0,1.07,0.86,2.0,3.0,2.0,2.0,Desconocido,football-data.co.uk,proxy_shots
2024-04-19,Ath Bilbao,Granada,1,1,11.0,4.0,4.0,2.0,2.12,0.38,6.0,0.0,0.0,5.0,Desconocido,football-data.co.uk,proxy_shots
2024-04-20,Celta,Las Palmas,4,1,8.0,4.0,1.0,0.0,3.9,1.31,13.0,4.0,3.0,9.0,Desconocido,football-data.co.uk,proxy_shots
2024-04-20,Girona,Cadiz,4,1,2.0,4.0,1.0,2.0,1.85,1.66,5.0,5.0,4.0,1.0,Desconocido,football-data.co.uk,proxy_shots
2024-04-20,Valencia,Betis,1,2,7.0,6.0,2.0,3.0,1.44,1.94,5.0,6.0,4.0,4.0,Desconocido,football-data.co.uk,proxy_shots
2024-04-20,Vallecano,Osasuna,2,1,5.0,1.0,4.0,1.0,2.22,0.79,6.0,2.0,1.0,4.0,Desconocido,football-data.co.uk,proxy_shots
2024-04-21,Alaves,Ath Madrid,2,0,1.0,11.0,5.0,3.0,1.18,1.54,3.0,4.0,4.0,1.0,Desconocido,football-data.co.uk,proxy_shots
2024-04-21,Almeria,Villarreal,1,2,5.0,2.0,5.0,4.0,2.32,1.34,5.0,3.0,1.0,4.0,Desconocido,football-data.co.uk,proxy_shots
2024-04-21,Getafe,Sociedad,1,1,0.0,4.0,0.0,2.0,1.15,1.03,4.0,3.0,2.0,3.0,Desconocido,football-data.co.uk,proxy_shots
2024-04-21,Real Madrid,Barcelona,3,2,2.0,8.0,3.0,2.0,2.51,2.05,8.0,6.0,4.0,5.0,Desconocido,football-data.co.uk,proxy_shots
2024-04-22,Sevilla,Mallorca,2,1,4.0,4.0,0.0,2.0,1.52,1.62,4.0,6.0,5.0,2.0,Desconocido,football-data.co.uk,proxy_shots
2024-04-26,Sociedad,Real Madrid,0,1,11.0,3.0,3.0,4.0,1.04,0.92,3.0,3.0,2.0,3.0,Desconocido,football-data.co.uk,proxy_shots
2024-04-27,Alaves,Celta,3,0,8.0,3.0,3.0,3.0,2.62,0.22,8.0,0.0,0.0,5.0,Desconocido,football-data.co.uk,proxy_shots
2024-04-27,Almeria,Getafe,1,3,9.0,2.0,7.0,4.0,3.23,1.64,11.0,5.0,2.0,10.0,Desconocido,football-data.co.uk,proxy_shots
2024-04-27,Ath Madrid,Ath Bilbao,3,1,3.0,5.0,3.0,2.0,1.28,0.66,3.0,1.0,0.0,0.0,Desconocido,football-data.co.uk,proxy_shots
2024-04-27,Las Palmas,Girona,0,2,4.0,2.0,1.0,3.0,1.45,1.07,5.0,3.0,1.0,5.0,Desconocido,football-data.co.uk,proxy_shots
2024-04-28,Betis,Sevilla,1,1,4.0,6.0,3.0,5.0,1.82,0.83,5.0,1.0,0.0,4.0,Desconocido,football-data.co.uk,proxy_shots
2024-04-28,Cadiz,Mallorca,1,1,3.0,1.0,3.0,2.0,1.01,0.95,2.0,2.0,1.0,1.0,Desconocido,football-data.co.uk,proxy_shots
2024-04-28,Granada,Osasuna,3,0,0.0,6.0,4.0,0.0,1.68,0.96,4.0,2.0,2.0,1.0,Desconocido,football-data.co.uk,proxy_shots
2024-04-28,Villarreal,Vallecano,3,0,3.0,6.0,2.0,1.0,2.38,1.82,7.0,4.0,4.0,4.0,Desconocido,football-data.co.uk,proxy_shots
2024-04-29,Barcelona,Valencia,4,2,15.0,1.0,1.0,2.0,4.0,1.02,13.0,3.0,1.0,9.0,Desconocido,football-data.co.uk,proxy_shots
2024-05-03,Getafe,Ath Bilbao,0,2,10.0,6.0,0.0,6.0,3.49,0.95,9.0,2.0,0.0,9.0,Desconocido,football-data.co.uk,proxy_shots
2024-05-04,Girona,Barcelona,4,2,5.0,4.0,0.0,3.0,2.15,2.34,7.0,7.0,5.0,3.0,Desconocido,football-data.co.uk,proxy_shots
2024-05-04,Mallorca,Ath Madrid,0,1,6.0,2.0,2.0,0.0,1.1,1.31,4.0,4.0,3.0,4.0,Desconocido,football-data.co.uk,proxy_shots
2024-05-04,Real Madrid,Cadiz,3,0,7.0,4.0,0.0,1.0,2.96,0.74,9.0,2.0,2.0,6.0,Desconocido,football-data.co.uk,proxy_shots
2024-05-04,Sociedad,Las Palmas,2,0,7.0,2.0,2.0,1.0,1.41,0.56,4.0,1.0,1.0,2.0,Desconocido,football-data.co.uk,proxy_shots
2024-05-05,Celta,Villarreal,3,2,2.0,1.0,4.0,2.0,2.83,1.34,7.0,3.0,1.0,4.0,Desconocido,football-data.co.uk,proxy_shots
2024-05-05,Osasuna,Betis,0,2,8.0,5.0,4.0,2.0,1.02,1.47,2.0,4.0,2.0,2.0,Desconocido,football-data.co.uk,proxy_shots
2024-05-05,Sevilla,Granada,3,0,5.0,4.0,2.0,2.0,1.8,0.98,5.0,3.0,3.0,2.0,Desconocido,football-data.co.uk,proxy_shots
2024-05-05,Valencia,Alaves,0,1,5.0,7.0,1.0,3.0,0.9,1.59,1.0,4.0,3.0,1.0,Desconocido,football-data.co.uk,proxy_shots
2024-05-05,Vallecano,Almeria,0,1,9.0,2.0,3.0,2.0,3.29,0.84,10.0,2.0,1.0,10.0,Desconocido,football-data.co.uk,proxy_shots
2024-05-10,Alaves,Girona,2,2,5.0,3.0,3.0,2.0,2.41,1.92,8.0,5.0,3.0,6.0,Desconocido,football-data.co.uk,proxy_shots
2024-05-11,Ath Bilbao,Osasuna,2,2,8.0,6.0,2.0,4.0,2.1,1.45,6.0,3.0,1.0,4.0,Desconocido,football-data.co.uk,proxy_shots
2024-05-11,Granada,Real Madrid,0,4,8.0,5.0,2.0,0.0,0.84,2.38,1.0,7.0,3.0,1.0,Desconocido,football-data.co.uk,proxy_shots
2024-05-11,Mallorca,Las Palmas,1,0,2.0,2.0,6.0,2.0,0.84,0.56,2.0,1.0,1.0,1.0,Desconocido,football-data.co.uk,proxy_shots
2024-05-11,Villarreal,Sevilla,3,2,10.0,1.0,3.0,5.0,2.93,1.36,7.0,4.0,2.0,4.0,Desconocido,football-data.co.uk,proxy_shots
2024-05-12,Ath Madrid,Celta,1,0,4.0,7.0,1.0,1.0,2.69,0.69,8.0,2.0,2.0,7.0,Desconocido,football-data.co.uk,proxy_shots
2024-05-12,Betis,Almeria,3,2,3.0,5.0,0.0,2.0,2.33,2.23,7.0,7.0,5.0,4.0,Desconocido,football-data.co.uk,proxy_shots
2024-05-12,Cadiz,Getafe,1,0,6.0,2.0,5.0,2.0,1.9,1.27,6.0,4.0,4.0,5.0,Desconocido,football-data.co.uk,proxy_shots
2024-05-12,Valencia,Vallecano,0,0,6.0,3.0,1.0,2.0,1.61,0.84,5.0,1.0,1.0,5.0,Desconocido,football-data.co.uk,proxy_shots
2024-05-13,Barcelona,Sociedad,2,0,6.0,2.0,2.0,3.0,1.87,1.09,5.0,3.0,3.0,3.0,Desconocido,football-data.co.uk,proxy_shots
2024-05-14,Girona,Villarreal,0,1,5.0,1.0,1.0,7.0,2.11,1.25,5.0,3.0,2.0,5.0,Desconocido,football-data.co.uk,proxy_shots
2024-05-14,Osasuna,Mallorca,1,1,2.0,4.0,0.0,1.0,1.37,1.37,4.0,4.0,3.0,3.0,Desconocido,football-data.co.uk,proxy_shots
2024-05-14,Real Madrid,Alaves,5,0,4.0,1.0,1.0,1.0,3.69,2.79,11.0,10.0,10.0,6.0,Desconocido,football-data.co.uk,proxy_shots
2024-05-15,Celta,Ath Bilbao,2,1,2.0,3.0,2.0,0.0,1.47,0.84,4.0,2.0,1.0,2.0,Desconocido,football-data.co.uk,proxy_shots
2024-05-15,Getafe,Ath Madrid,0,3,6.0,3.0,4.0,3.0,0.98,1.23,3.0,3.0,0.0,3.0,Desconocido,football-data.co.uk,proxy_shots
2024-05-15,Sevilla,Cadiz,0,1,1.0,9.0,6.0,2.0,1.31,2.4,3.0,7.0,6.0,3.0,Desconocido,football-data.co.uk,proxy_shots
2024-05-15,Vallecano,Granada,2,1,6.0,6.0,6.0,3.0,2.81,0.83,9.0,1.0,0.0,7.0,Desconocido,football-data.co.uk,proxy_shots
2024-05-16,Almeria,Barcelona,0,2,4.0,7.0,0.0,1.0,1.2,2.34,3.0,7.0,5.0,3.0,Desconocido,football-data.co.uk,proxy_shots
2024-05-16,Las Palmas,Betis,2,2,4.0,8.0,2.0,1.0,2.7,1.25,9.0,4.0,2.0,7.0,Desconocido,football-data.co.uk,proxy_shots
2024-05-16,Sociedad,Valencia,1,0,3.0,3.0,0.0,2.0,1.55,0.93,5.0,3.0,3.0,4.0,Desconocido,football-data.co.uk,proxy_shots
2024-05-18,Alaves,Getafe,1,0,2.0,1.0,5.0,9.0,0.95,1.27,2.0,4.0,4.0,1.0,Desconocido,football-data.co.uk,proxy_shots
2024-05-19,Ath Bilbao,Sevilla,2,0,8.0,3.0,1.0,1.0,2.1,1.21,6.0,4.0,4.0,4.0,Desconocido,football-data.co.uk,proxy_shots
2024-05-19,Ath Madrid,Osasuna,1,4,7.0,5.0,2.0,2.0,1.29,2.31,2.0,6.0,2.0,1.0,Desconocido,football-data.co.uk,proxy_shots
2024-05-19,Barcelona,Vallecano,3,0,7.0,5.0,4.0,2.0,2.15,1.54,6.0,4.0,4.0,3.0,Desconocido,football-data.co.uk,proxy_shots
2024-05-19,Betis,Sociedad,0,2,6.0,2.0,3.0,4.0,2.61,0.83,9.0,2.0,0.0,9.0,Desconocido,football-data.co.uk,proxy_shots
2024-05-19,Cadiz,Las Palmas,0,0,5.0,3.0,5.0,1.0,1.09,0.68,3.0,1.0,1.0,3.0,Desconocido,football-data.co.uk,proxy_shots
2024-05-19,Granada,Celta,1,2,10.0,2.0,2.0,1.0,1.25,1.54,3.0,5.0,3.0,2.0,Desconocido,football-data.co.uk,proxy_shots
2024-05-19,Mallorca,Almeria,2,2,12.0,2.0,2.0,3.0,3.24,1.12,8.0,3.0,1.0,6.0,Desconocido,football-data.co.uk,proxy_shots
2024-05-19,Valencia,Girona,1,3,5.0,4.0,2.0,0.0,2.28,2.19,6.0,5.0,2.0,5.0,Desconocido,football-data.co.uk,proxy_shots
2024-05-19,Villarreal,Real Madrid,4,4,3.0,3.0,3.0,2.0,2.81,2.14,7.0,6.0,2.0,3.0,Desconocido,football-data.co.uk,proxy_shots
2024-05-24,Girona,Granada,7,0,4.0,2.0,3.0,7.0,3.2,0.91,9.0,2.0,2.0,2.0,Desconocido,football-data.co.uk,proxy_shots
2024-05-25,Almeria,Cadiz,6,1,1.0,4.0,2.0,2.0,4.0,1.48,12.0,4.0,3.0,6.0,Desconocido,football-data.co.uk,proxy_shots
2024-05-25,Osasuna,Villarreal,1,1,6.0,4.0,4.0,3.0,1.84,1.25,6.0,3.0,2.0,5.0,Desconocido,football-data.co.uk,proxy_shots
2024-05-25,Real Madrid,Betis,0,0,4.0,5.0,2.0,1.0,1.61,1.15,5.0,3.0,3.0,5.0,Desconocido,football-data.co.uk,proxy_shots
2024-05-25,Sociedad,Ath Madrid,0,2,8.0,4.0,3.0,7.0,1.49,1.47,4.0,4.0,2.0,4.0,Desconocido,football-data.co.uk,proxy_shots
2024-05-25,Vallecano,Ath Bilbao,0,1,8.0,2.0,1.0,1.0,1.66,0.66,4.0,1.0,0.0,4.0,Desconocido,football-data.co.uk,proxy_shots
2024-05-26,Celta,Valencia,2,2,2.0,2.0,0.0,0.0,1.41,1.04,4.0,1.0,0.0,2.0,Desconocido,football-data.co.uk,proxy_shots
2024-05-26,Getafe,Mallorca,1,2,3.0,4.0,0.0,2.0,2.06,1.41,6.0,4.0,2.0,5.0,Desconocido,football-data.co.uk,proxy_shots
2024-05-26,Las Palmas,Alaves,1,1,2.0,6.0,2.0,1.0,1.37,1.59,4.0,4.0,3.0,3.0,Desconocido,football-data.co.uk,proxy_shots
2024-05-26,Sevilla,Barcelona,1,2,6.0,5.0,2.0,1.0,2.0,1.89,6.0,6.0,4.0,5.0,Desconocido,football-data.co.uk,proxy_shots
2024-08-15,Ath Bilbao,Getafe,1,1,5.0,6.0,4.0,1.0,1.21,0.95,4.0,2.0,1.0,3.0,Desconocido,football-data.co.uk,proxy_shots
2024-08-15,Betis,Girona,1,1,4.0,4.0,2.0,0.0,1.86,1.18,4.0,2.0,1.0,3.0,Desconocido,football-data.co.uk,proxy_shots
2024-08-16,Celta,Alaves,2,1,3.0,3.0,3.0,2.0,1.25,1.01,4.0,2.0,1.0,2.0,Desconocido,football-data.co.uk,proxy_shots
2024-08-16,Las Palmas,Sevilla,2,2,6.0,3.0,0.0,0.0,1.81,1.98,5.0,5.0,3.0,3.0,Desconocido,football-data.co.uk,proxy_shots
2024-08-17,Osasuna,Leganes,1,1,6.0,4.0,3.0,2.0,1.88,1.37,5.0,4.0,3.0,4.0,Desconocido,football-data.co.uk,proxy_shots
2024-08-17,Valencia,Barcelona,1,2,3.0,8.0,2.0,3.0,0.61,2.63,1.0,8.0,6.0,0.0,Desconocido,football-data.co.uk,proxy_shots
2024-08-18,Mallorca,Real Madrid,1,1,8.0,7.0,1.0,2.0,1.66,1.54,5.0,4.0,3.0,4.0,Desconocido,football-data.co.uk,proxy_shots
2024-08-18,Sociedad,Vallecano,1,2,10.0,5.0,2.0,4.0,1.6,1.76,5.0,5.0,3.0,4.0,Desconocido,football-data.co.uk,proxy_shots
2024-08-19,Valladolid,Espanol,1,0,3.0,2.0,2.0,2.0,1.3,0.91,3.0,2.0,2.0,2.0,Desconocido,football-data.co.uk,proxy_shots
2024-08-19,Villarreal,Ath Madrid,2,2,2.0,3.0,1.0,3.0,1.18,1.65,3.0,5.0,3.0,1.0,Desconocido,football-data.co.uk,proxy_shots
2024-08-23,Celta,Valencia,3,1,4.0,7.0,3.0,0.0,1.58,1.71,5.0,5.0,4.0,2.0,Desconocido,football-data.co.uk,proxy_shots
2024-08-23,Sevilla,Villarreal,1,2,7.0,2.0,3.0,5.0,2.54,1.43,9.0,5.0,3.0,8.0,Desconocido,football-data.co.uk,proxy_shots
2024-08-24,Barcelona,Ath Bilbao,2,1,5.0,6.0,4.0,5.0,1.81,0.95,5.0,2.0,1.0,3.0,Desconocido,football-data.co.uk,proxy_shots
2024-08-24,Espanol,Sociedad,0,1,7.0,4.0,2.0,2.0,1.25,1.26,3.0,4.0,3.0,3.0,Desconocido,football-data.co.uk,proxy_shots
2024-08-24,Getafe,Vallecano,0,0,3.0,2.0,1.0,2.0,0.66,0.34,0.0,1.0,1.0,0.0,Desconocido,football-data.co.uk,proxy_shots
2024-08-24,Osasuna,Mallorca,1,0,5.0,4.0,2.0,1.0,1.82,0.96,5.0,2.0,2.0,4.0,Desconocido,football-data.co.uk,proxy_shots
2024-08-25,Alaves,Betis,0,0,3.0,8.0,3.0,4.0,0.34,1.25,1.0,3.0,3.0,1.0,Desconocido,football-data.co.uk,proxy_shots
2024-08-25,Ath Madrid,Girona,3,0,1.0,9.0,1.0,3.0,1.99,1.61,6.0,5.0,5.0,3.0,Desconocido,football-data.co.uk,proxy_shots
2024-08-25,Leganes,Las Palmas,2,1,3.0,7.0,1.0,1.0,1.65,1.55,5.0,5.0,4.0,3.0,Desconocido,football-data.co.uk,proxy_shots
2024-08-25,Real Madrid,Valladolid,3,0,5.0,5.0,1.0,1.0,2.85,0.8,9.0,2.0,2.0,6.0,Desconocido,football-data.co.uk,proxy_shots
2024-08-26,Villarreal,Celta,4,3,7.0,4.0,4.0,3.0,3.23,2.73,9.0,8.0,5.0,5.0,Desconocido,football-data.co.uk,proxy_shots
2024-08-27,Mallorca,Sevilla,0,0,5.0,9.0,0.0,3.0,1.38,2.14,4.0,7.0,7.0,4.0,Desconocido,football-data.co.uk,proxy_shots
2024-08-27,Vallecano,Barcelona,1,2,6.0,6.0,3.0,1.0,1.26,2.31,4.0,5.0,3.0,3.0,Desconocido,football-data.co.uk,proxy_shots
2024-08-28,Ath Bilbao,Valencia,1,0,5.0,3.0,1.0,3.0,1.54,0.2,4.0,0.0,0.0,3.0,Desconocido,football-data.co.uk,proxy_shots
2024-08-28,Ath Madrid,Espanol,0,0,9.0,3.0,0.0,2.0,2.58,0.62,7.0,1.0,1.0,7.0,Desconocido,football-data.co.uk,proxy_shots
2024-08-28,Sociedad,Alaves,1,2,8.0,6.0,6.0,4.0,0.72,1.76,1.0,5.0,3.0,0.0,Desconocido,football-data.co.uk,proxy_shots
2024-08-28,Valladolid,Leganes,0,0,4.0,4.0,1.0,5.0,1.02,0.62,2.0,1.0,1.0,2.0,Desconocido,football-data.co.uk,proxy_shots
2024-08-29,Girona,Osasuna,4,0,5.0,0.0,0.0,0.0,1.85,0.2,5.0,0.0,0.0,1.0,Desconocido,football-data.co.uk,proxy_shots
2024-08-29,Las Palmas,Real Madrid,1,1,2.0,6.0,0.0,2.0,1.03,2.92,3.0,8.0,7.0,2.0,Desconocido,football-data.co.uk,proxy_shots
2024-08-31,Ath Bilbao,Ath Madrid,0,1,2.0,2.0,3.0,1.0,0.62,0.95,1.0,2.0,1.0,1.0,Desconocido,football-data.co.uk,proxy_shots
2024-08-31,Barcelona,Valladolid,7,0,10.0,1.0,0.0,3.0,3.76,0.64,10.0,2.0,2.0,3.0,Desconocido,football-data.co.uk,proxy_shots
2024-08-31,Espanol,Vallecano,2,1,3.0,7.0,3.0,2.0,1.65,1.94,5.0,5.0,4.0,3.0,Desconocido,football-data.co.uk,proxy_shots
2024-08-31,Leganes,Mallorca,0,1,1.0,3.0,1.0,3.0,0.58,1.3,2.0,3.0,2.0,2.0,Desconocido,football-data.co.uk,proxy_shots
2024-08-31,Valencia,Villarreal,1,1,14.0,3.0,3.0,7.0,2.39,1.14,6.0,3.0,2.0,5.0,Desconocido,football-data.co.uk,proxy_shots
2024-09-01,Alaves,Las Palmas,2,0,6.0,5.0,3.0,0.0,1.92,1.92,5.0,7.0,7.0,3.0,Desconocido,football-data.co.uk,proxy_shots
2024-09-01,Getafe,Sociedad,0,0,4.0,1.0,1.0,1.0,1.06,0.2,1.0,0.0,0.0,1.0,Desconocido,football-data.co.uk,proxy_shots
2024-09-01,Osasuna,Celta,3,2,6.0,3.0,2.0,2.0,1.57,1.4,4.0,3.0,1.0,1.0,Desconocido,football-data.co.uk,proxy_shots
2024-09-01,Real Madrid,Betis,2,0,7.0,3.0,2.0,0.0,2.74,1.02,8.0,2.0,2.0,6.0,Desconocido,football-data.co.uk,proxy_shots
2024-09-01,Sevilla,Girona,0,2,7.0,5.0,3.0,2.0,1.78,1.52,5.0,4.0,2.0,5.0,Desconocido,football-data.co.uk,proxy_shots
2024-09-13,Betis,Leganes,2,0,11.0,1.0,1.0,2.0,1.87,0.2,5.0,0.0,0.0,3.0,Desconocido,football-data.co.uk,proxy_shots
2024-09-14,Espanol,Alaves,3,2,0.0,5.0,2.0,3.0,1.51,2.33,4.0,6.0,4.0,1.0,Desconocido,football-data.co.uk,proxy_shots
2024-09-14,Mallorca,Villarreal,1,2,7.0,6.0,5.0,3.0,1.55,2.08,5.0,4.0,2.0,4.0,Desconocido,football-data.co.uk,proxy_shots
2024-09-14,Sevilla,Getafe,1,0,3.0,4.0,5.0,4.0,1.37,1.54,4.0,4.0,4.0,3.0,Desconocido,football-data.co.uk,proxy_shots
2024-09-14,Sociedad,Real Madrid,0,2,6.0,6.0,4.0,1.0,0.96,2.34,2.0,7.0,5.0,2.0,Desconocido,football-data.co.uk,proxy_shots
2024-09-15,Ath Madrid,Valencia,3,0,7.0,3.0,1.0,2.0,1.97,0.46,5.0,1.0,1.0,2.0,Desconocido,football-data.co.uk,proxy_shots
2024-09-15,Celta,Valladolid,3,1,5.0,3.0,3.0,7.0,2.33,0.61,7.0,1.0,0.0,4.0,Desconocido,football-data.co.uk,proxy_shots
2024-09-15,Girona,Barcelona,1,4,1.0,6.0,3.0,4.0,1.31,3.12,4.0,9.0,5.0,3.0,Desconocido,football-data.co.uk,proxy_shots
2024-09-15,Las Palmas,Ath Bilbao,2,3,9.0,3.0,1.0,4.0,2.1,1.51,6.0,4.0,1.0,4.0,Desconocido,football-data.co.uk,proxy_shots
2024-09-16,Vallecano,Osasuna,3,1,7.0,4.0,3.0,2.0,2.32,0.73,6.0,2.0,1.0,3.0,Desconocido,football-data.co.uk,proxy_shots
2024-09-17,Mallorca,Sociedad,1,0,5.0,5.0,1.0,1.0,1.37,1.44,4.0,4.0,4.0,3.0,Desconocido,football-data.co.uk,proxy_shots
2024-09-18,Betis,Getafe,2,1,8.0,4.0,3.0,5.0,2.63,1.82,8.0,5.0,4.0,6.0,Desconocido,football-data.co.uk,proxy_shots
2024-09-19,Leganes,Ath Bilbao,0,2,4.0,7.0,3.0,0.0,1.31,1.47,3.0,4.0,2.0,3.0,Desconocido,football-data.co.uk,proxy_shots
2024-09-20,Alaves,Sevilla,2,1,3.0,5.0,1.0,4.0,1.47,0.9,4.0,2.0,1.0,2.0,Desconocido,football-data.co.uk,proxy_shots
2024-09-21,Osasuna,Las Palmas,2,1,2.0,4.0,2.0,5.0,1.27,1.43,2.0,4.0,3.0,0.0,Desconocido,football-data.co.uk,proxy_shots
2024-09-21,Real Madrid,Espanol,4,1,9.0,4.0,4.0,3.0,4.0,1.01,14.0,2.0,1.0,10.0,Desconocido,football-data.co.uk,proxy_shots
2024-09-21,Valencia,Girona,2,0,5.0,4.0,3.0,2.0,0.95,0.98,2.0,3.0,3.0,0.0,Desconocido,football-data.co.uk,proxy_shots
2024-09-21,Valladolid,Sociedad,0,0,5.0,7.0,4.0,4.0,1.19,1.49,2.0,4.0,4.0,2.0,Desconocido,football-data.co.uk,proxy_shots
2024-09-22,Ath Bilbao,Celta,3,1,3.0,6.0,3.0,2.0,2.11,1.43,7.0,4.0,3.0,4.0,Desconocido,football-data.co.uk,proxy_shots
2024-09-22,Getafe,Leganes,1,1,6.0,2.0,3.0,2.0,1.3,0.97,3.0,3.0,2.0,2.0,Desconocido,football-data.co.uk,proxy_shots
2024-09-22,Vallecano,Ath Madrid,1,1,3.0,4.0,0.0,0.0,1.47,1.55,3.0,5.0,4.0,2.0,Desconocido,football-data.co.uk,proxy_shots
2024-09-22,Villarreal,Barcelona,1,5,7.0,3.0,6.0,1.0,1.54,3.23,4.0,10.0,5.0,3.0,Desconocido,football-data.co.uk,proxy_shots
2024-09-23,Betis,Mallorca,1,2,6.0,3.0,3.0,2.0,1.95,1.61,6.0,6.0,4.0,5.0,Desconocido,football-data.co.uk,proxy_shots
2024-09-24,Real Madrid,Alaves,3,2,4.0,4.0,4.0,0.0,1.57,1.4,4.0,3.0,1.0,1.0,Desconocido,football-data.co.uk,proxy_shots
2024-09-24,Sevilla,Valladolid,2,1,6.0,4.0,7.0,4.0,2.31,0.9,5.0,2.0,1.0,3.0,Desconocido,football-data.co.uk,proxy_shots
2024-09-24,Valencia,Osasuna,0,0,10.0,5.0,2.0,3.0,0.91,0.85,2.0,2.0,2.0,2.0,Desconocido,football-data.co.uk,proxy_shots
2024-09-25,Barcelona,Getafe,1,0,7.0,5.0,1.0,1.0,1.7,0.56,4.0,1.0,1.0,3.0,Desconocido,football-data.co.uk,proxy_shots
2024-09-25,Girona,Vallecano,0,0,4.0,3.0,3.0,4.0,0.6,0.2,0.0,0.0,0.0,0.0,Desconocido,football-data.co.uk,proxy_shots
2024-09-26,Celta,Ath Madrid,0,1,2.0,3.0,2.0,2.0,1.21,0.84,4.0,2.0,1.0,4.0,Desconocido,football-data.co.uk,proxy_shots
2024-09-26,Espanol,Villarreal,1,2,4.0,1.0,5.0,3.0,1.06,1.74,2.0,4.0,2.0,1.0,Desconocido,football-data.co.uk,proxy_shots
2024-09-26,Las Palmas,Betis,1,1,1.0,4.0,4.0,2.0,0.9,1.77,2.0,5.0,4.0,1.0,Desconocido,football-data.co.uk,proxy_shots
2024-09-27,Valladolid,Mallorca,1,2,7.0,4.0,3.0,2.0,0.88,2.05,1.0,6.0,4.0,0.0,Desconocido,football-data.co.uk,proxy_shots
2024-09-28,Getafe,Alaves,2,0,2.0,2.0,3.0,6.0,2.41,0.68,8.0,1.0,1.0,6.0,Desconocido,football-data.co.uk,proxy_shots
2024-09-28,Osasuna,Barcelona,4,2,5.0,8.0,2.0,2.0,2.08,1.76,6.0,5.0,3.0,2.0,Desconocido,football-data.co.uk,proxy_shots
2024-09-28,Sociedad,Valencia,3,0,6.0,4.0,0.0,0.0,1.99,1.21,6.0,4.0,4.0,3.0,Desconocido,football-data.co.uk,proxy_shots
2024-09-28,Vallecano,Leganes,1,1,5.0,5.0,2.0,1.0,2.0,1.35,6.0,3.0,2.0,5.0,Desconocido,football-data.co.uk,proxy_shots
2024-09-29,Ath Bilbao,Sevilla,1,1,4.0,7.0,2.0,3.0,1.35,1.54,3.0,4.0,3.0,2.0,Desconocido,football-data.co.uk,proxy_shots
2024-09-29,Ath Madrid,Real Madrid,1,1,5.0,5.0,5.0,1.0,1.48,1.48,4.0,4.0,3.0,3.0,Desconocido,football-data.co.uk,proxy_shots
2024-09-29,Betis,Espanol,1,0,8.0,4.0,2.0,4.0,3.36,0.62,12.0,1.0,1.0,11.0,Desconocido,football-data.co.uk,proxy_shots
2024-09-29,Celta,Girona,1,1,4.0,4.0,1.0,0.0,1.12,1.31,2.0,4.0,3.0,1.0,Desconocido,football-data.co.uk,proxy_shots
2024-09-30,Villarreal,Las Palmas,3,1,3.0,2.0,0.0,3.0,2.5,1.03,7.0,3.0,2.0,4.0,Desconocido,football-data.co.uk,proxy_shots
2024-10-04,Leganes,Valencia,0,0,1.0,2.0,2.0,2.0,0.44,0.51,0.0,1.0,1.0,0.0,Desconocido,football-data.co.uk,proxy_shots
2024-10-05,Espanol,Mallorca,2,1,4.0,6.0,1.0,5.0,1.18,1.43,3.0,4.0,3.0,1.0,Desconocido,football-data.co.uk,proxy_shots
2024-10-05,Getafe,Osasuna,1,1,4.0,2.0,2.0,4.0,1.25,0.79,3.0,2.0,1.0,2.0,Desconocido,football-data.co.uk,proxy_shots
2024-10-05,Las Palmas,Celta,0,1,11.0,2.0,3.0,12.0,2.22,0.72,5.0,1.0,0.0,5.0,Desconocido,football-data.co.uk,proxy_shots
2024-10-05,Real Madrid,Villarreal,2,0,2.0,5.0,0.0,1.0,1.17,0.73,2.0,1.0,1.0,0.0,Desconocido,football-data.co.uk,proxy_shots
2024-10-05,Valladolid,Vallecano,1,2,5.0,13.0,4.0,2.0,1.71,1.68,5.0,3.0,1.0,4.0,Desconocido,football-data.co.uk,proxy_shots
2024-10-06,Alaves,Barcelona,0,3,11.0,3.0,2.0,2.0,0.96,2.51,2.0,8.0,5.0,2.0,Desconocido,football-data.co.uk,proxy_shots
2024-10-06,Girona,Ath Bilbao,2,1,6.0,1.0,4.0,5.0,2.05,1.54,6.0,4.0,3.0,4.0,Desconocido,football-data.co.uk,proxy_shots
2024-10-06,Sevilla,Betis,1,0,4.0,1.0,8.0,3.0,1.77,1.15,5.0,3.0,3.0,4.0,Desconocido,football-data.co.uk,proxy_shots
2024-10-06,Sociedad,Ath Madrid,1,1,5.0,1.0,0.0,2.0,2.42,0.5,8.0,1.0,0.0,7.0,Desconocido,football-data.co.uk,proxy_shots
2024-10-18,Alaves,Valladolid,2,3,5.0,6.0,8.0,2.0,1.47,1.68,4.0,4.0,1.0,2.0,Desconocido,football-data.co.uk,proxy_shots
2024-10-19,Ath Bilbao,Espanol,4,1,5.0,5.0,2.0,3.0,2.03,0.73,6.0,2.0,1.0,2.0,Desconocido,football-data.co.uk,proxy_shots
2024-10-19,Celta,Real Madrid,1,2,6.0,2.0,2.0,1.0,1.71,1.29,5.0,3.0,1.0,4.0,Desconocido,football-data.co.uk,proxy_shots
2024-10-19,Girona,Sociedad,0,1,6.0,6.0,2.0,1.0,0.98,1.59,3.0,4.0,3.0,3.0,Desconocido,football-data.co.uk,proxy_shots
2024-10-19,Osasuna,Betis,1,2,10.0,2.0,2.0,3.0,2.23,2.06,6.0,7.0,5.0,5.0,Desconocido,football-data.co.uk,proxy_shots
2024-10-20,Ath Madrid,Leganes,3,1,8.0,2.0,5.0,1.0,3.24,0.73,9.0,2.0,1.0,6.0,Desconocido,football-data.co.uk,proxy_shots
2024-10-20,Barcelona,Sevilla,5,1,5.0,5.0,1.0,2.0,3.27,0.66,9.0,1.0,0.0,4.0,Desconocido,football-data.co.uk,proxy_shots
2024-10-20,Mallorca,Vallecano,1,0,9.0,2.0,1.0,1.0,2.04,0.91,5.0,2.0,2.0,4.0,Desconocido,football-data.co.uk,proxy_shots
2024-10-20,Villarreal,Getafe,1,1,5.0,5.0,4.0,3.0,1.37,1.98,4.0,4.0,3.0,3.0,Desconocido,football-data.co.uk,proxy_shots
2024-10-21,Valencia,Las Palmas,2,3,11.0,2.0,6.0,9.0,2.23,1.99,7.0,6.0,3.0,5.0,Desconocido,football-data.co.uk,proxy_shots
2024-10-25,Espanol,Sevilla,0,2,13.0,2.0,2.0,0.0,1.06,1.07,1.0,3.0,1.0,1.0,Desconocido,football-data.co.uk,proxy_shots
2024-10-26,Las Palmas,Girona,1,0,3.0,5.0,4.0,7.0,1.3,0.98,3.0,3.0,3.0,2.0,Desconocido,football-data.co.uk,proxy_shots
2024-10-26,Real Madrid,Barcelona,0,4,10.0,3.0,2.0,5.0,1.21,2.48,4.0,7.0,3.0,4.0,Desconocido,football-data.co.uk,proxy_shots
2024-10-26,Valladolid,Villarreal,1,2,4.0,6.0,4.0,3.0,1.03,2.98,3.0,9.0,7.0,2.0,Desconocido,football-data.co.uk,proxy_shots
2024-10-26,Vallecano,Alaves,1,0,6.0,2.0,4.0,4.0,1.7,2.08,4.0,7.0,7.0,3.0,Desconocido,football-data.co.uk,proxy_shots
2024-10-27,Betis,Ath Madrid,1,0,3.0,10.0,3.0,2.0,1.96,1.09,3.0,3.0,3.0,2.0,Desconocido,football-data.co.uk,proxy_shots
2024-10-27,Getafe,Valencia,1,1,8.0,2.0,3.0,7.0,1.65,0.39,4.0,1.0,0.0,3.0,Desconocido,football-data.co.uk,proxy_shots
2024-10-27,Leganes,Celta,3,0,4.0,2.0,2.0,2.0,1.41,1.89,4.0,5.0,5.0,1.0,Desconocido,football-data.co.uk,proxy_shots
2024-10-27,Sociedad,Osasuna,0,2,14.0,4.0,3.0,4.0,2.67,1.47,9.0,4.0,2.0,9.0,Desconocido,football-data.co.uk,proxy_shots
2024-10-28,Mallorca,Ath Bilbao,0,0,1.0,14.0,7.0,1.0,0.4,1.28,1.0,1.0,1.0,1.0,Desconocido,football-data.co.uk,proxy_shots
2024-11-01,Alaves,Mallorca,1,0,7.0,2.0,3.0,2.0,1.35,0.74,3.0,2.0,2.0,2.0,Desconocido,football-data.co.uk,proxy_shots
2024-11-02,Girona,Leganes,4,3,6.0,1.0,2.0,4.0,2.31,1.64,6.0,5.0,2.0,2.0,Desconocido,football-data.co.uk,proxy_shots
2024-11-02,Osasuna,Valladolid,1,0,7.0,2.0,1.0,5.0,1.92,1.1,4.0,4.0,4.0,3.0,Desconocido,football-data.co.uk,proxy_shots
2024-11-03,Ath Bilbao,Betis,1,1,6.0,2.0,0.0,0.0,2.48,1.21,8.0,4.0,3.0,7.0,Desconocido,football-data.co.uk,proxy_shots
2024-11-03,Ath Madrid,Las Palmas,2,0,9.0,1.0,1.0,1.0,1.56,0.23,3.0,1.0,1.0,1.0,Desconocido,football-data.co.uk,proxy_shots
2024-11-03,Barcelona,Espanol,3,1,9.0,5.0,0.0,3.0,2.69,1.19,9.0,3.0,2.0,6.0,Desconocido,football-data.co.uk,proxy_shots
2024-11-03,Sevilla,Sociedad,0,2,5.0,9.0,2.0,1.0,0.44,1.24,0.0,3.0,1.0,0.0,Desconocido,football-data.co.uk,proxy_shots
2024-11-04,Celta,Getafe,1,0,0.0,2.0,1.0,6.0,1.19,0.91,3.0,2.0,2.0,2.0,Desconocido,football-data.co.uk,proxy_shots
2024-11-08,Vallecano,Las Palmas,1,3,12.0,4.0,1.0,3.0,3.29,1.45,7.0,3.0,0.0,6.0,Desconocido,football-data.co.uk,proxy_shots
2024-11-09,Leganes,Sevilla,1,0,0.0,6.0,2.0,3.0,1.26,1.07,4.0,2.0,2.0,3.0,Desconocido,football-data.co.uk,proxy_shots
2024-11-09,Real Madrid,Osasuna,4,0,11.0,3.0,0.0,2.0,2.83,0.2,8.0,0.0,0.0,4.0,Desconocido,football-data.co.uk,proxy_shots
2024-11-09,Villarreal,Alaves,3,0,7.0,2.0,1.0,3.0,1.55,1.04,3.0,3.0,3.0,0.0,Desconocido,football-data.co.uk,proxy_shots
2024-11-10,Betis,Celta,2,2,2.0,0.0,3.0,0.0,2.33,0.73,6.0,2.0,0.0,4.0,Desconocido,football-data.co.uk,proxy_shots
2024-11-10,Getafe,Girona,0,1,5.0,2.0,3.0,3.0,0.44,0.62,0.0,2.0,1.0,0.0,Desconocido,football-data.co.uk,proxy_shots
2024-11-10,Mallorca,Ath Madrid,0,1,7.0,2.0,1.0,3.0,1.74,0.95,6.0,2.0,1.0,6.0,Desconocido,football-data.co.uk,proxy_shots
2024-11-10,Sociedad,Barcelona,1,0,7.0,6.0,3.0,1.0,1.95,0.6,6.0,0.0,0.0,5.0,Desconocido,football-data.co.uk,proxy_shots
2024-11-10,Valladolid,Ath Bilbao,1,1,5.0,5.0,4.0,4.0,0.97,1.22,3.0,1.0,0.0,2.0,Desconocido,football-data.co.uk,proxy_shots
2024-11-22,Getafe,Valladolid,2,0,3.0,2.0,3.0,2.0,1.76,0.87,5.0,3.0,3.0,3.0,Desconocido,football-data.co.uk,proxy_shots
2024-11-23,Ath Madrid,Alaves,2,1,5.0,0.0,3.0,3.0,2.25,0.5,8.0,1.0,0.0,6.0,Desconocido,football-data.co.uk,proxy_shots
2024-11-23,Celta,Barcelona,2,2,5.0,1.0,5.0,7.0,2.46,1.41,8.0,4.0,2.0,6.0,Desconocido,football-data.co.uk,proxy_shots
2024-11-23,Girona,Espanol,4,1,6.0,3.0,0.0,3.0,1.96,0.78,5.0,1.0,0.0,1.0,Desconocido,football-data.co.uk,proxy_shots
2024-11-23,Las Palmas,Mallorca,2,3,4.0,3.0,4.0,4.0,1.51,1.39,3.0,3.0,0.0,1.0,Desconocido,football-data.co.uk,proxy_shots
2024-11-23,Valencia,Betis,4,2,2.0,4.0,4.0,2.0,1.9,1.12,5.0,3.0,1.0,1.0,Desconocido,football-data.co.uk,proxy_shots
2024-11-24,Ath Bilbao,Sociedad,1,0,4.0,4.0,3.0,4.0,1.48,0.51,4.0,1.0,1.0,3.0,Desconocido,football-data.co.uk,proxy_shots
2024-11-24,Leganes,Real Madrid,0,3,2.0,4.0,2.0,0.0,0.22,2.8,0.0,9.0,6.0,0.0,Desconocido,football-data.co.uk,proxy_shots
2024-11-24,Osasuna,Villarreal,2,2,0.0,8.0,6.0,5.0,0.96,2.4,3.0,7.0,5.0,1.0,Desconocido,football-data.co.uk,proxy_shots
2024-11-24,Sevilla,Vallecano,1,0,8.0,3.0,2.0,7.0,1.25,0.68,3.0,1.0,1.0,2.0,Desconocido,football-data.co.uk,proxy_shots
2024-11-29,Mallorca,Valencia,2,1,3.0,6.0,0.0,0.0,1.24,0.66,3.0,1.0,0.0,1.0,Desconocido,football-data.co.uk,proxy_shots
2024-11-30,Alaves,Leganes,1,1,13.0,8.0,1.0,4.0,2.35,0.97,7.0,3.0,2.0,6.0,Desconocido,football-data.co.uk,proxy_shots
2024-11-30,Barcelona,Las Palmas,1,2,7.0,0.0,0.0,0.0,3.02,1.02,8.0,3.0,1.0,7.0,Desconocido,football-data.co.uk,proxy_shots
2024-11-30,Espanol,Celta,3,1,2.0,5.0,2.0,2.0,1.7,1.34,5.0,2.0,1.0,2.0,Desconocido,football-data.co.uk,proxy_shots
2024-11-30,Valladolid,Ath Madrid,0,5,3.0,5.0,1.0,2.0,0.68,2.83,1.0,9.0,4.0,1.0,Desconocido,football-data.co.uk,proxy_shots
2024-12-01,Real Madrid,Getafe,2,0,5.0,3.0,2.0,6.0,1.64,0.98,4.0,3.0,3.0,2.0,Desconocido,football-data.co.uk,proxy_shots
2024-12-01,Sociedad,Betis,2,0,0.0,4.0,3.0,2.0,0.49,0.74,1.0,2.0,2.0,0.0,Desconocido,football-data.co.uk,proxy_shots
2024-12-01,Vallecano,Ath Bilbao,1,2,1.0,7.0,3.0,0.0,1.21,2.12,4.0,7.0,5.0,3.0,Desconocido,football-data.co.uk,proxy_shots
2024-12-01,Villarreal,Girona,2,2,1.0,5.0,2.0,6.0,1.64,1.99,4.0,6.0,4.0,2.0,Desconocido,football-data.co.uk,proxy_shots
2024-12-02,Sevilla,Osasuna,1,1,5.0,1.0,1.0,1.0,1.66,1.03,5.0,3.0,2.0,4.0,Desconocido,football-data.co.uk,proxy_shots
2024-12-03,Mallorca,Barcelona,1,5,2.0,5.0,4.0,3.0,0.61,3.22,1.0,9.0,4.0,0.0,Desconocido,football-data.co.uk,proxy_shots
2024-12-04,Ath Bilbao,Real Madrid,2,1,5.0,2.0,3.0,3.0,1.24,1.55,3.0,5.0,4.0,1.0,Desconocido,football-data.co.uk,proxy_shots
2024-12-06,Celta,Mallorca,2,0,3.0,3.0,1.0,2.0,1.76,1.21,5.0,4.0,4.0,3.0,Desconocido,football-data.co.uk,proxy_shots
2024-12-07,Betis,Barcelona,2,2,6.0,4.0,1.0,2.0,1.94,1.24,6.0,3.0,1.0,4.0,Desconocido,football-data.co.uk,proxy_shots
2024-12-07,Girona,Real Madrid,0,3,6.0,3.0,3.0,2.0,1.27,2.11,4.0,7.0,4.0,4.0,Desconocido,football-data.co.uk,proxy_shots
2024-12-07,Las Palmas,Valladolid,2,1,3.0,3.0,4.0,3.0,1.7,0.95,5.0,2.0,1.0,3.0,Desconocido,football-data.co.uk,proxy_shots
2024-12-07,Valencia,Vallecano,0,1,9.0,4.0,2.0,2.0,1.85,0.61,6.0,1.0,0.0,6.0,Desconocido,football-data.co.uk,proxy_shots
2024-12-08,Ath Bilbao,Villarreal,2,0,3.0,3.0,2.0,1.0,1.58,0.78,4.0,1.0,1.0,2.0,Desconocido,football-data.co.uk,proxy_shots
2024-12-08,Ath Madrid,Sevilla,4,3,5.0,3.0,4.0,3.0,2.79,1.06,9.0,3.0,0.0,5.0,Desconocido,football-data.co.uk,proxy_shots
2024-12-08,Leganes,Sociedad,0,3,5.0,3.0,2.0,2.0,0.96,2.02,2.0,5.0,2.0,2.0,Desconocido,football-data.co.uk,proxy_shots
2024-12-08,Osasuna,Alaves,2,2,8.0,3.0,4.0,3.0,2.52,1.07,8.0,3.0,1.0,6.0,Desconocido,football-data.co.uk,proxy_shots
2024-12-09,Getafe,Espanol,1,0,3.0,3.0,3.0,6.0,2.0,0.68,6.0,1.0,1.0,5.0,Desconocido,football-data.co.uk,proxy_shots
2024-12-13,Valladolid,Valencia,1,0,1.0,7.0,6.0,3.0,0.39,1.13,1.0,2.0,2.0,0.0,Desconocido,football-data.co.uk,proxy_shots
2024-12-14,Espanol,Osasuna,0,0,5.0,4.0,3.0,1.0,1.04,0.33,3.0,0.0,0.0,3.0,Desconocido,football-data.co.uk,proxy_shots
2024-12-14,Mallorca,Girona,2,1,2.0,4.0,7.0,2.0,1.0,0.99,2.0,1.0,0.0,0.0,Desconocido,football-data.co.uk,proxy_shots
2024-12-14,Sevilla,Celta,1,0,3.0,4.0,7.0,3.0,1.08,0.91,3.0,2.0,2.0,2.0,Desconocido,football-data.co.uk,proxy_shots
2024-12-14,Vallecano,Real Madrid,3,3,4.0,3.0,4.0,2.0,1.97,2.09,5.0,6.0,3.0,2.0,Desconocido,football-data.co.uk,proxy_shots
2024-12-15,Alaves,Ath Bilbao,1,1,2.0,4.0,2.0,2.0,0.97,0.95,3.0,2.0,1.0,2.0,Desconocido,football-data.co.uk,proxy_shots
2024-12-15,Ath Madrid,Getafe,1,0,8.0,3.0,3.0,1.0,1.25,0.56,3.0,1.0,1.0,2.0,Desconocido,football-data.co.uk,proxy_shots
2024-12-15,Barcelona,Leganes,0,1,8.0,2.0,0.0,2.0,1.82,1.15,4.0,4.0,3.0,4.0,Desconocido,football-data.co.uk,proxy_shots
2024-12-15,Sociedad,Las Palmas,0,0,8.0,6.0,2.0,3.0,1.54,1.04,4.0,3.0,3.0,4.0,Desconocido,football-data.co.uk,proxy_shots
2024-12-15,Villarreal,Betis,1,2,5.0,5.0,5.0,4.0,1.76,1.47,4.0,4.0,2.0,3.0,Desconocido,football-data.co.uk,proxy_shots
2024-12-18,Espanol,Valencia,1,1,4.0,7.0,1.0,0.0,1.19,1.59,3.0,4.0,3.0,2.0,Desconocido,football-data.co.uk,proxy_shots
2024-12-18,Villarreal,Vallecano,1,1,7.0,7.0,6.0,3.0,1.77,1.63,5.0,3.0,2.0,4.0,Desconocido,football-data.co.uk,proxy_shots
2024-12-20,Girona,Valladolid,3,0,9.0,1.0,3.0,1.0,2.83,0.23,7.0,1.0,1.0,4.0,Desconocido,football-data.co.uk,proxy_shots
2024-12-21,Barcelona,Ath Madrid,1,2,11.0,3.0,0.0,3.0,2.4,1.2,7.0,4.0,2.0,6.0,Desconocido,football-data.co.uk,proxy_shots
2024-12-21,Celta,Sociedad,2,0,5.0,7.0,3.0,5.0,2.06,0.56,7.0,1.0,1.0,5.0,Desconocido,football-data.co.uk,proxy_shots
2024-12-21,Getafe,Mallorca,0,1,3.0,0.0,4.0,3.0,1.89,0.95,5.0,2.0,1.0,5.0,Desconocido,football-data.co.uk,proxy_shots
2024-12-21,Osasuna,Ath Bilbao,1,2,4.0,4.0,0.0,1.0,0.97,2.35,3.0,8.0,6.0,2.0,Desconocido,football-data.co.uk,proxy_shots
2024-12-22,Betis,Vallecano,1,1,5.0,5.0,0.0,4.0,1.77,1.37,5.0,4.0,3.0,4.0,Desconocido,football-data.co.uk,proxy_shots
2024-12-22,Las Palmas,Espanol,1,0,2.0,2.0,4.0,2.0,1.37,0.85,4.0,2.0,2.0,3.0,Desconocido,football-data.co.uk,proxy_shots
2024-12-22,Leganes,Villarreal,2,5,1.0,5.0,5.0,2.0,1.02,3.11,3.0,9.0,4.0,1.0,Desconocido,football-data.co.uk,proxy_shots
2024-12-22,Real Madrid,Sevilla,4,2,6.0,6.0,1.0,2.0,2.72,1.65,8.0,5.0,3.0,4.0,Desconocido,football-data.co.uk,proxy_shots
2024-12-22,Valencia,Alaves,2,2,5.0,4.0,2.0,1.0,1.18,1.34,3.0,3.0,1.0,1.0,Desconocido,football-data.co.uk,proxy_shots
2025-01-03,Valencia,Real Madrid,1,2,2.0,5.0,2.0,5.0,1.44,2.04,5.0,5.0,3.0,4.0,Desconocido,football-data.co.uk,proxy_shots
2025-01-10,Vallecano,Celta,2,1,3.0,3.0,2.0,5.0,1.54,2.62,5.0,7.0,6.0,3.0,Desconocido,football-data.co.uk,proxy_shots
2025-01-11,Alaves,Girona,0,1,6.0,3.0,1.0,4.0,0.96,0.44,2.0,1.0,0.0,2.0,Desconocido,football-data.co.uk,proxy_shots
2025-01-11,Espanol,Leganes,1,1,8.0,4.0,2.0,4.0,1.82,1.95,5.0,6.0,5.0,4.0,Desconocido,football-data.co.uk,proxy_shots
2025-01-11,Sevilla,Valencia,1,1,10.0,1.0,1.0,2.0,1.82,0.56,5.0,1.0,0.0,4.0,Desconocido,football-data.co.uk,proxy_shots
2025-01-11,Valladolid,Betis,1,0,1.0,8.0,2.0,4.0,0.94,1.31,1.0,3.0,3.0,0.0,Desconocido,football-data.co.uk,proxy_shots
2025-01-12,Ath Madrid,Osasuna,1,0,4.0,0.0,2.0,0.0,1.5,0.51,5.0,1.0,1.0,4.0,Desconocido,football-data.co.uk,proxy_shots
2025-01-12,Las Palmas,Getafe,1,2,4.0,5.0,2.0,3.0,2.19,1.4,7.0,3.0,1.0,6.0,Desconocido,football-data.co.uk,proxy_shots
2025-01-13,Sociedad,Villarreal,1,0,3.0,7.0,4.0,2.0,0.97,1.72,3.0,5.0,5.0,2.0,Desconocido,football-data.co.uk,proxy_shots
2025-01-17,Espanol,Valladolid,2,1,1.0,7.0,2.0,2.0,1.58,1.43,4.0,4.0,3.0,2.0,Desconocido,football-data.co.uk,proxy_shots
2025-01-18,Betis,Alaves,1,3,2.0,3.0,6.0,5.0,0.84,1.7,2.0,5.0,2.0,1.0,Desconocido,football-data.co.uk,proxy_shots
2025-01-18,Getafe,Barcelona,1,1,2.0,10.0,3.0,2.0,1.37,2.15,4.0,5.0,4.0,3.0,Desconocido,football-data.co.uk,proxy_shots
2025-01-18,Girona,Sevilla,1,2,7.0,4.0,0.0,4.0,1.21,2.05,4.0,6.0,4.0,3.0,Desconocido,football-data.co.uk,proxy_shots
2025-01-18,Leganes,Ath Madrid,1,0,2.0,9.0,1.0,3.0,1.14,1.76,3.0,4.0,4.0,2.0,Desconocido,football-data.co.uk,proxy_shots
2025-01-19,Celta,Ath Bilbao,1,2,3.0,4.0,0.0,0.0,0.44,2.05,1.0,6.0,4.0,0.0,Desconocido,football-data.co.uk,proxy_shots
2025-01-19,Osasuna,Vallecano,1,1,6.0,3.0,3.0,2.0,1.3,1.08,3.0,3.0,2.0,2.0,Desconocido,football-data.co.uk,proxy_shots
2025-01-19,Real Madrid,Las Palmas,4,1,8.0,2.0,0.0,3.0,4.0,0.79,13.0,2.0,1.0,9.0,Desconocido,football-data.co.uk,proxy_shots
2025-01-19,Valencia,Sociedad,1,0,4.0,7.0,3.0,4.0,0.84,1.04,2.0,3.0,3.0,1.0,Desconocido,football-data.co.uk,proxy_shots
2025-01-20,Villarreal,Mallorca,4,0,6.0,5.0,1.0,3.0,2.43,0.85,7.0,2.0,2.0,3.0,Desconocido,football-data.co.uk,proxy_shots
2025-01-24,Las Palmas,Osasuna,1,1,4.0,2.0,9.0,8.0,2.24,1.7,7.0,4.0,3.0,6.0,Desconocido,football-data.co.uk,proxy_shots
2025-01-25,Ath Madrid,Villarreal,1,1,5.0,6.0,4.0,2.0,2.64,0.88,8.0,1.0,0.0,7.0,Desconocido,football-data.co.uk,proxy_shots
2025-01-25,Mallorca,Betis,0,1,4.0,4.0,4.0,2.0,1.42,1.08,3.0,3.0,2.0,3.0,Desconocido,football-data.co.uk,proxy_shots
2025-01-25,Sevilla,Espanol,1,1,5.0,1.0,1.0,4.0,2.19,0.61,4.0,1.0,0.0,3.0,Desconocido,football-data.co.uk,proxy_shots
2025-01-25,Valladolid,Real Madrid,0,3,1.0,7.0,5.0,3.0,0.69,2.12,2.0,4.0,1.0,2.0,Desconocido,football-data.co.uk,proxy_shots
2025-01-26,Ath Bilbao,Leganes,0,0,16.0,1.0,1.0,1.0,2.13,0.64,3.0,2.0,2.0,3.0,Desconocido,football-data.co.uk,proxy_shots
2025-01-26,Barcelona,Valencia,7,1,14.0,4.0,0.0,1.0,3.89,0.84,11.0,2.0,1.0,4.0,Desconocido,football-data.co.uk,proxy_shots
2025-01-26,Sociedad,Getafe,0,3,5.0,2.0,3.0,6.0,1.44,1.74,4.0,4.0,1.0,4.0,Desconocido,football-data.co.uk,proxy_shots
2025-01-26,Vallecano,Girona,2,1,4.0,1.0,3.0,1.0,2.4,1.66,7.0,5.0,4.0,5.0,Desconocido,football-data.co.uk,proxy_shots
2025-01-27,Alaves,Celta,1,1,3.0,4.0,2.0,3.0,0.44,0.73,1.0,2.0,1.0,0.0,Desconocido,football-data.co.uk,proxy_shots
2025-01-31,Leganes,Vallecano,0,1,2.0,9.0,4.0,4.0,0.46,1.69,1.0,3.0,2.0,1.0,Desconocido,football-data.co.uk,proxy_shots
2025-02-01,Ath Madrid,Mallorca,2,0,10.0,4.0,2.0,3.0,2.04,0.73,5.0,1.0,1.0,3.0,Desconocido,football-data.co.uk,proxy_shots
2025-02-01,Espanol,Real Madrid,1,0,1.0,8.0,2.0,0.0,0.73,2.42,2.0,7.0,7.0,1.0,Desconocido,football-data.co.uk,proxy_shots
2025-02-01,Getafe,Sevilla,0,0,6.0,5.0,4.0,6.0,0.56,0.9,1.0,1.0,1.0,1.0,Desconocido,football-data.co.uk,proxy_shots
2025-02-01,Villarreal,Valladolid,5,1,3.0,6.0,1.0,2.0,3.15,0.9,8.0,2.0,1.0,3.0,Desconocido,football-data.co.uk,proxy_shots
2025-02-02,Barcelona,Alaves,1,0,5.0,2.0,5.0,2.0,1.43,0.2,4.0,0.0,0.0,3.0,Desconocido,football-data.co.uk,proxy_shots
2025-02-02,Betis,Ath Bilbao,2,2,3.0,7.0,3.0,1.0,1.83,1.58,6.0,4.0,2.0,4.0,Desconocido,football-data.co.uk,proxy_shots
2025-02-02,Osasuna,Sociedad,2,1,3.0,5.0,3.0,3.0,1.52,1.35,4.0,3.0,2.0,2.0,Desconocido,football-data.co.uk,proxy_shots
2025-02-02,Valencia,Celta,2,1,5.0,2.0,1.0,2.0,1.54,0.62,5.0,2.0,1.0,3.0,Desconocido,football-data.co.uk,proxy_shots
2025-02-03,Girona,Las Palmas,2,1,11.0,3.0,2.0,2.0,1.58,1.01,4.0,2.0,1.0,2.0,Desconocido,football-data.co.uk,proxy_shots
2025-02-07,Vallecano,Valladolid,1,0,4.0,2.0,2.0,2.0,2.28,0.98,6.0,3.0,3.0,5.0,Desconocido,football-data.co.uk,proxy_shots
2025-02-08,Ath Bilbao,Girona,3,0,11.0,2.0,0.0,4.0,3.0,0.34,8.0,1.0,1.0,5.0,Desconocido,football-data.co.uk,proxy_shots
2025-02-08,Celta,Betis,3,2,4.0,7.0,3.0,5.0,2.15,1.76,6.0,5.0,3.0,3.0,Desconocido,football-data.co.uk,proxy_shots
2025-02-08,Las Palmas,Villarreal,1,2,6.0,5.0,6.0,3.0,1.92,1.41,4.0,4.0,2.0,3.0,Desconocido,football-data.co.uk,proxy_shots
2025-02-08,Real Madrid,Ath Madrid,1,1,6.0,1.0,1.0,3.0,2.98,0.83,9.0,1.0,0.0,8.0,Desconocido,football-data.co.uk,proxy_shots
2025-02-09,Alaves,Getafe,0,1,8.0,3.0,2.0,6.0,1.38,0.86,4.0,3.0,2.0,4.0,Desconocido,football-data.co.uk,proxy_shots
2025-02-09,Sevilla,Barcelona,1,4,5.0,6.0,5.0,4.0,1.26,2.03,4.0,6.0,2.0,3.0,Desconocido,football-data.co.uk,proxy_shots
2025-02-09,Sociedad,Espanol,2,1,6.0,0.0,1.0,2.0,1.45,0.5,3.0,1.0,0.0,1.0,Desconocido,football-data.co.uk,proxy_shots
2025-02-09,Valencia,Leganes,2,0,9.0,3.0,1.0,1.0,1.91,1.38,4.0,4.0,4.0,2.0,Desconocido,football-data.co.uk,proxy_shots
2025-02-10,Mallorca,Osasuna,1,1,7.0,11.0,1.0,4.0,1.01,1.86,2.0,4.0,3.0,1.0,Desconocido,football-data.co.uk,proxy_shots
2025-02-14,Girona,Getafe,1,2,3.0,3.0,4.0,3.0,1.59,1.83,4.0,6.0,4.0,3.0,Desconocido,football-data.co.uk,proxy_shots
2025-02-15,Ath Madrid,Celta,1,1,2.0,7.0,5.0,5.0,1.14,1.43,3.0,4.0,3.0,2.0,Desconocido,football-data.co.uk,proxy_shots
2025-02-15,Leganes,Alaves,3,3,3.0,2.0,6.0,5.0,1.28,2.44,3.0,7.0,4.0,0.0,Desconocido,football-data.co.uk,proxy_shots
2025-02-15,Osasuna,Real Madrid,1,1,6.0,2.0,3.0,3.0,1.43,2.12,4.0,6.0,5.0,3.0,Desconocido,football-data.co.uk,proxy_shots
2025-02-15,Villarreal,Valencia,1,1,4.0,5.0,0.0,5.0,1.54,1.3,4.0,3.0,2.0,3.0,Desconocido,football-data.co.uk,proxy_shots
2025-02-16,Betis,Sociedad,3,0,5.0,5.0,0.0,6.0,3.06,0.46,8.0,1.0,1.0,5.0,Desconocido,football-data.co.uk,proxy_shots
2025-02-16,Espanol,Ath Bilbao,1,1,2.0,7.0,1.0,1.0,1.48,1.59,4.0,4.0,3.0,3.0,Desconocido,football-data.co.uk,proxy_shots
2025-02-16,Mallorca,Las Palmas,3,1,3.0,5.0,1.0,4.0,1.97,1.31,5.0,4.0,3.0,2.0,Desconocido,football-data.co.uk,proxy_shots
2025-02-16,Valladolid,Sevilla,0,4,3.0,2.0,4.0,2.0,0.74,2.08,2.0,6.0,2.0,2.0,Desconocido,football-data.co.uk,proxy_shots
2025-02-17,Barcelona,Vallecano,1,0,4.0,5.0,2.0,3.0,1.77,1.21,5.0,4.0,4.0,4.0,Desconocido,football-data.co.uk,proxy_shots
2025-02-21,Celta,Osasuna,1,0,5.0,4.0,1.0,0.0,1.66,1.17,5.0,1.0,1.0,4.0,Desconocido,football-data.co.uk,proxy_shots
2025-02-22,Alaves,Espanol,0,1,7.0,0.0,2.0,2.0,1.72,0.95,5.0,2.0,1.0,5.0,Desconocido,football-data.co.uk,proxy_shots
2025-02-22,Las Palmas,Barcelona,0,2,5.0,3.0,1.0,1.0,0.91,1.92,2.0,5.0,3.0,2.0,Desconocido,football-data.co.uk,proxy_shots
2025-02-22,Valencia,Ath Madrid,0,3,7.0,0.0,1.0,3.0,1.35,1.45,2.0,3.0,0.0,2.0,Desconocido,football-data.co.uk,proxy_shots
2025-02-22,Vallecano,Villarreal,0,1,3.0,5.0,3.0,4.0,1.45,1.55,5.0,5.0,4.0,5.0,Desconocido,football-data.co.uk,proxy_shots
2025-02-23,Ath Bilbao,Valladolid,7,1,4.0,4.0,2.0,5.0,4.0,0.92,16.0,3.0,2.0,9.0,Desconocido,football-data.co.uk,proxy_shots
2025-02-23,Getafe,Betis,1,2,2.0,5.0,5.0,2.0,1.37,1.99,4.0,6.0,4.0,3.0,Desconocido,football-data.co.uk,proxy_shots
2025-02-23,Real Madrid,Girona,2,0,11.0,5.0,0.0,2.0,2.31,0.69,5.0,2.0,2.0,3.0,Desconocido,football-data.co.uk,proxy_shots
2025-02-23,Sociedad,Leganes,3,0,3.0,3.0,3.0,3.0,1.86,0.8,5.0,2.0,2.0,2.0,Desconocido,football-data.co.uk,proxy_shots
2025-02-24,Sevilla,Mallorca,1,1,4.0,4.0,1.0,3.0,1.86,1.18,4.0,2.0,1.0,3.0,Desconocido,football-data.co.uk,proxy_shots
2025-02-28,Valladolid,Las Palmas,1,1,13.0,4.0,2.0,3.0,2.62,0.86,7.0,3.0,2.0,6.0,Desconocido,football-data.co.uk,proxy_shots
2025-03-01,Ath Madrid,Ath Bilbao,1,0,6.0,2.0,2.0,3.0,1.48,1.36,4.0,3.0,3.0,3.0,Desconocido,football-data.co.uk,proxy_shots
2025-03-01,Betis,Real Madrid,2,1,9.0,2.0,3.0,4.0,1.73,0.95,3.0,2.0,1.0,1.0,Desconocido,football-data.co.uk,proxy_shots
2025-03-01,Girona,Celta,2,2,4.0,2.0,0.0,0.0,1.78,1.83,6.0,6.0,4.0,4.0,Desconocido,football-data.co.uk,proxy_shots
2025-03-01,Vallecano,Sevilla,1,1,6.0,6.0,1.0,0.0,2.64,1.55,8.0,5.0,4.0,7.0,Desconocido,football-data.co.uk,proxy_shots
2025-03-02,Barcelona,Sociedad,4,0,12.0,0.0,0.0,2.0,4.0,0.2,10.0,0.0,0.0,6.0,Desconocido,football-data.co.uk,proxy_shots
2025-03-02,Leganes,Getafe,1,0,2.0,6.0,1.0,1.0,0.56,0.49,1.0,0.0,0.0,0.0,Desconocido,football-data.co.uk,proxy_shots
2025-03-02,Mallorca,Alaves,1,1,3.0,9.0,0.0,2.0,1.65,2.4,4.0,7.0,6.0,3.0,Desconocido,football-data.co.uk,proxy_shots
2025-03-02,Osasuna,Valencia,3,3,3.0,3.0,2.0,1.0,1.86,1.86,5.0,5.0,2.0,2.0,Desconocido,football-data.co.uk,proxy_shots
2025-03-08,Alaves,Villarreal,1,0,1.0,6.0,7.0,1.0,0.92,1.68,3.0,2.0,2.0,2.0,Desconocido,football-data.co.uk,proxy_shots
2025-03-08,Celta,Leganes,2,1,2.0,5.0,3.0,2.0,1.3,1.84,4.0,6.0,5.0,2.0,Desconocido,football-data.co.uk,proxy_shots
2025-03-08,Valencia,Valladolid,2,1,5.0,4.0,1.0,3.0,1.85,1.43,4.0,4.0,3.0,2.0,Desconocido,football-data.co.uk,proxy_shots
2025-03-09,Ath Bilbao,Mallorca,1,1,3.0,3.0,1.0,3.0,0.9,0.95,2.0,2.0,1.0,1.0,Desconocido,football-data.co.uk,proxy_shots
2025-03-09,Betis,Las Palmas,1,0,11.0,1.0,2.0,10.0,1.95,0.62,6.0,1.0,1.0,5.0,Desconocido,football-data.co.uk,proxy_shots
2025-03-09,Getafe,Ath Madrid,2,1,4.0,4.0,6.0,4.0,1.34,0.68,3.0,2.0,1.0,1.0,Desconocido,football-data.co.uk,proxy_shots
2025-03-09,Real Madrid,Vallecano,2,1,4.0,6.0,3.0,1.0,1.65,2.28,5.0,6.0,5.0,3.0,Desconocido,football-data.co.uk,proxy_shots
2025-03-09,Sociedad,Sevilla,0,1,6.0,3.0,2.0,1.0,0.74,1.31,2.0,4.0,3.0,2.0,Desconocido,football-data.co.uk,proxy_shots
2025-03-10,Espanol,Girona,1,1,4.0,9.0,3.0,3.0,1.21,1.81,4.0,4.0,3.0,3.0,Desconocido,football-data.co.uk,proxy_shots
2025-03-14,Las Palmas,Alaves,2,2,4.0,5.0,5.0,5.0,2.23,1.24,7.0,3.0,1.0,5.0,Desconocido,football-data.co.uk,proxy_shots
2025-03-15,Girona,Valencia,1,1,9.0,4.0,2.0,1.0,1.59,1.12,4.0,2.0,1.0,3.0,Desconocido,football-data.co.uk,proxy_shots
2025-03-15,Mallorca,Espanol,2,1,6.0,2.0,0.0,2.0,2.56,0.21,7.0,0.0,0.0,5.0,Desconocido,football-data.co.uk,proxy_shots
2025-03-15,Valladolid,Celta,0,1,3.0,4.0,3.0,3.0,0.64,0.83,2.0,1.0,0.0,2.0,Desconocido,football-data.co.uk,proxy_shots
2025-03-15,Villarreal,Real Madrid,1,2,11.0,4.0,2.0,1.0,3.16,1.59,10.0,5.0,3.0,9.0,Desconocido,football-data.co.uk,proxy_shots
2025-03-16,Ath Madrid,Barcelona,2,4,6.0,6.0,1.0,3.0,0.95,2.19,2.0,6.0,2.0,0.0,Desconocido,football-data.co.uk,proxy_shots
2025-03-16,Leganes,Betis,2,3,3.0,7.0,2.0,1.0,1.47,2.54,4.0,6.0,3.0,2.0,Desconocido,football-data.co.uk,proxy_shots
2025-03-16,Osasuna,Getafe,1,2,3.0,2.0,2.0,5.0,1.48,1.3,4.0,4.0,2.0,3.0,Desconocido,football-data.co.uk,proxy_shots
2025-03-16,Sevilla,Ath Bilbao,0,1,4.0,6.0,4.0,2.0,1.32,1.31,4.0,4.0,3.0,4.0,Desconocido,football-data.co.uk,proxy_shots
2025-03-16,Vallecano,Sociedad,2,2,4.0,4.0,3.0,2.0,1.65,1.36,5.0,4.0,2.0,3.0,Desconocido,football-data.co.uk,proxy_shots
2025-03-27,Barcelona,Osasuna,3,0,8.0,4.0,1.0,3.0,2.25,0.22,5.0,0.0,0.0,2.0,Desconocido,football-data.co.uk,proxy_shots
2025-03-29,Alaves,Vallecano,0,2,8.0,5.0,3.0,5.0,1.38,1.7,4.0,5.0,3.0,4.0,Desconocido,football-data.co.uk,proxy_shots
2025-03-29,Espanol,Ath Madrid,1,1,4.0,3.0,2.0,1.0,0.72,1.18,1.0,2.0,1.0,0.0,Desconocido,football-data.co.uk,proxy_shots
2025-03-29,Real Madrid,Leganes,3,2,8.0,3.0,1.0,4.0,3.42,1.47,10.0,4.0,2.0,7.0,Desconocido,football-data.co.uk,proxy_shots
2025-03-29,Sociedad,Valladolid,2,1,3.0,6.0,2.0,3.0,1.22,1.66,2.0,5.0,4.0,0.0,Desconocido,football-data.co.uk,proxy_shots
2025-03-30,Ath Bilbao,Osasuna,0,0,3.0,4.0,1.0,1.0,1.5,0.64,5.0,2.0,2.0,5.0,Desconocido,football-data.co.uk,proxy_shots
2025-03-30,Barcelona,Girona,4,1,10.0,2.0,0.0,1.0,3.17,0.68,9.0,2.0,1.0,5.0,Desconocido,football-data.co.uk,proxy_shots
2025-03-30,Betis,Sevilla,2,1,2.0,2.0,4.0,4.0,1.34,0.79,3.0,2.0,1.0,1.0,Desconocido,football-data.co.uk,proxy_shots
2025-03-30,Getafe,Villarreal,1,2,3.0,1.0,1.0,4.0,1.43,1.24,4.0,3.0,1.0,3.0,Desconocido,football-data.co.uk,proxy_shots
2025-03-30,Valencia,Mallorca,1,0,4.0,5.0,5.0,5.0,0.9,0.8,2.0,2.0,2.0,1.0,Desconocido,football-data.co.uk,proxy_shots
2025-03-31,Celta,Las Palmas,1,1,4.0,2.0,3.0,0.0,2.4,0.68,7.0,2.0,1.0,6.0,Desconocido,football-data.co.uk,proxy_shots
2025-04-04,Vallecano,Espanol,0,4,8.0,4.0,2.0,2.0,1.78,2.48,5.0,7.0,3.0,5.0,Desconocido,football-data.co.uk,proxy_shots
2025-04-05,Barcelona,Betis,1,1,9.0,3.0,2.0,1.0,1.71,0.79,5.0,2.0,1.0,4.0,Desconocido,football-data.co.uk,proxy_shots
2025-04-05,Girona,Alaves,0,1,1.0,5.0,1.0,4.0,1.69,1.41,6.0,3.0,2.0,6.0,Desconocido,football-data.co.uk,proxy_shots
2025-04-05,Mallorca,Celta,1,2,4.0,2.0,3.0,0.0,0.84,1.47,2.0,4.0,2.0,1.0,Desconocido,football-data.co.uk,proxy_shots
2025-04-05,Real Madrid,Valencia,1,2,9.0,4.0,0.0,4.0,2.88,1.11,9.0,2.0,0.0,8.0,Desconocido,football-data.co.uk,proxy_shots
2025-04-06,Las Palmas,Sociedad,1,3,5.0,4.0,0.0,2.0,1.71,2.46,5.0,8.0,5.0,4.0,Desconocido,football-data.co.uk,proxy_shots
2025-04-06,Sevilla,Ath Madrid,1,2,7.0,7.0,1.0,4.0,1.79,1.81,6.0,5.0,3.0,5.0,Desconocido,football-data.co.uk,proxy_shots
2025-04-06,Valladolid,Getafe,0,4,3.0,4.0,5.0,1.0,0.28,2.9,0.0,9.0,5.0,0.0,Desconocido,football-data.co.uk,proxy_shots
2025-04-06,Villarreal,Ath Bilbao,0,0,6.0,5.0,2.0,1.0,1.38,0.96,4.0,2.0,2.0,4.0,Desconocido,football-data.co.uk,proxy_shots
2025-04-07,Leganes,Osasuna,1,1,4.0,8.0,3.0,3.0,2.08,1.95,7.0,6.0,5.0,6.0,Desconocido,football-data.co.uk,proxy_shots
2025-04-11,Valencia,Sevilla,1,0,3.0,3.0,3.0,2.0,1.62,1.56,6.0,5.0,5.0,5.0,Desconocido,football-data.co.uk,proxy_shots
2025-04-12,Celta,Espanol,0,2,13.0,5.0,2.0,2.0,1.96,1.02,6.0,3.0,1.0,6.0,Desconocido,football-data.co.uk,proxy_shots
2025-04-12,Getafe,Las Palmas,1,3,3.0,2.0,2.0,2.0,1.79,1.75,6.0,5.0,2.0,5.0,Desconocido,football-data.co.uk,proxy_shots
2025-04-12,Leganes,Barcelona,0,1,4.0,8.0,2.0,1.0,0.51,1.3,1.0,3.0,2.0,1.0,Desconocido,football-data.co.uk,proxy_shots
2025-04-12,Sociedad,Mallorca,0,2,8.0,2.0,3.0,1.0,1.54,1.12,4.0,3.0,1.0,4.0,Desconocido,football-data.co.uk,proxy_shots
2025-04-13,Alaves,Real Madrid,0,1,4.0,4.0,6.0,6.0,1.79,1.43,6.0,4.0,3.0,6.0,Desconocido,football-data.co.uk,proxy_shots
2025-04-13,Ath Bilbao,Vallecano,3,1,7.0,1.0,4.0,3.0,1.74,1.25,4.0,3.0,2.0,1.0,Desconocido,football-data.co.uk,proxy_shots
2025-04-13,Betis,Villarreal,1,2,5.0,5.0,0.0,4.0,2.32,1.0,5.0,2.0,0.0,4.0,Desconocido,football-data.co.uk,proxy_shots
2025-04-13,Osasuna,Girona,2,1,4.0,4.0,2.0,0.0,1.99,2.53,6.0,8.0,7.0,4.0,Desconocido,football-data.co.uk,proxy_shots
2025-04-14,Ath Madrid,Valladolid,4,2,5.0,1.0,1.0,1.0,3.34,1.07,9.0,3.0,1.0,5.0,Desconocido,football-data.co.uk,proxy_shots
2025-04-18,Espanol,Getafe,1,0,6.0,8.0,0.0,4.0,1.14,1.21,3.0,4.0,4.0,2.0,Desconocido,football-data.co.uk,proxy_shots
2025-04-19,Barcelona,Celta,4,3,4.0,1.0,2.0,2.0,2.47,2.34,6.0,8.0,5.0,2.0,Desconocido,football-data.co.uk,proxy_shots
2025-04-19,Las Palmas,Ath Madrid,1,0,4.0,4.0,3.0,1.0,0.9,0.74,2.0,2.0,2.0,1.0,Desconocido,football-data.co.uk,proxy_shots
2025-04-19,Mallorca,Leganes,0,0,4.0,4.0,2.0,1.0,0.78,1.0,1.0,1.0,1.0,1.0,Desconocido,football-data.co.uk,proxy_shots
2025-04-19,Vallecano,Valencia,1,1,5.0,2.0,3.0,1.0,1.43,1.19,4.0,3.0,2.0,3.0,Desconocido,football-data.co.uk,proxy_shots
2025-04-20,Real Madrid,Ath Bilbao,1,0,14.0,1.0,1.0,2.0,2.57,0.34,7.0,1.0,1.0,6.0,Desconocido,football-data.co.uk,proxy_shots
2025-04-20,Sevilla,Alaves,1,1,3.0,6.0,2.0,2.0,1.01,1.25,2.0,3.0,2.0,1.0,Desconocido,football-data.co.uk,proxy_shots
2025-04-20,Valladolid,Osasuna,2,3,5.0,2.0,2.0,0.0,1.76,1.99,5.0,6.0,3.0,3.0,Desconocido,football-data.co.uk,proxy_shots
2025-04-20,Villarreal,Sociedad,2,2,10.0,4.0,5.0,1.0,2.2,1.14,5.0,4.0,2.0,3.0,Desconocido,football-data.co.uk,proxy_shots
2025-04-21,Girona,Betis,1,3,8.0,9.0,3.0,2.0,1.6,2.85,5.0,9.0,6.0,4.0,Desconocido,football-data.co.uk,proxy_shots
2025-04-22,Barcelona,Mallorca,1,0,13.0,2.0,0.0,1.0,4.0,0.22,13.0,0.0,0.0,12.0,Desconocido,football-data.co.uk,proxy_shots
2025-04-22,Valencia,Espanol,1,1,6.0,4.0,2.0,1.0,2.24,1.08,7.0,3.0,2.0,6.0,Desconocido,football-data.co.uk,proxy_shots
2025-04-23,Alaves,Sociedad,1,0,6.0,6.0,4.0,5.0,0.83,0.33,1.0,0.0,0.0,0.0,Desconocido,football-data.co.uk,proxy_shots
2025-04-23,Ath Bilbao,Las Palmas,1,0,3.0,3.0,1.0,3.0,1.54,0.91,4.0,2.0,2.0,3.0,Desconocido,football-data.co.uk,proxy_shots
2025-04-23,Celta,Villarreal,3,0,6.0,3.0,2.0,3.0,3.08,0.4,9.0,1.0,1.0,6.0,Desconocido,football-data.co.uk,proxy_shots
2025-04-23,Getafe,Real Madrid,0,1,4.0,4.0,3.0,1.0,2.18,2.13,6.0,7.0,6.0,6.0,Desconocido,football-data.co.uk,proxy_shots
2025-04-24,Ath Madrid,Vallecano,3,0,6.0,3.0,0.0,2.0,1.75,1.56,5.0,5.0,5.0,2.0,Desconocido,football-data.co.uk,proxy_shots
2025-04-24,Betis,Valladolid,5,1,4.0,4.0,1.0,0.0,2.46,1.55,6.0,5.0,4.0,1.0,Desconocido,football-data.co.uk,proxy_shots
2025-04-24,Leganes,Girona,1,1,4.0,5.0,6.0,2.0,0.66,1.08,1.0,3.0,2.0,0.0,Desconocido,football-data.co.uk,proxy_shots
2025-04-24,Osasuna,Sevilla,1,0,4.0,4.0,4.0,4.0,0.95,1.2,2.0,3.0,3.0,1.0,Desconocido,football-data.co.uk,proxy_shots
2025-04-27,Villarreal,Espanol,1,0,8.0,6.0,4.0,0.0,1.77,0.84,5.0,1.0,1.0,4.0,Desconocido,football-data.co.uk,proxy_shots
2025-05-02,Vallecano,Getafe,1,0,7.0,3.0,3.0,4.0,2.25,0.84,8.0,1.0,1.0,7.0,Desconocido,football-data.co.uk,proxy_shots
2025-05-03,Alaves,Ath Madrid,0,0,3.0,5.0,3.0,2.0,0.8,0.85,2.0,2.0,2.0,2.0,Desconocido,football-data.co.uk,proxy_shots
2025-05-03,Las Palmas,Valencia,2,3,9.0,5.0,1.0,1.0,1.56,1.75,3.0,5.0,2.0,1.0,Desconocido,football-data.co.uk,proxy_shots
2025-05-03,Valladolid,Barcelona,1,2,4.0,8.0,3.0,2.0,1.09,2.78,4.0,7.0,5.0,3.0,Desconocido,football-data.co.uk,proxy_shots
2025-05-03,Villarreal,Osasuna,4,2,2.0,8.0,4.0,1.0,2.12,1.52,5.0,4.0,2.0,1.0,Desconocido,football-data.co.uk,proxy_shots
2025-05-04,Espanol,Betis,1,2,3.0,7.0,2.0,0.0,1.6,3.1,5.0,10.0,8.0,4.0,Desconocido,football-data.co.uk,proxy_shots
2025-05-04,Real Madrid,Celta,3,2,4.0,6.0,2.0,1.0,2.32,2.23,6.0,7.0,5.0,3.0,Desconocido,football-data.co.uk,proxy_shots
2025-05-04,Sevilla,Leganes,2,2,8.0,2.0,4.0,5.0,2.83,1.24,7.0,3.0,1.0,5.0,Desconocido,football-data.co.uk,proxy_shots
2025-05-04,Sociedad,Ath Bilbao,0,0,7.0,3.0,1.0,2.0,1.2,0.34,3.0,1.0,1.0,3.0,Desconocido,football-data.co.uk,proxy_shots
2025-05-05,Girona,Mallorca,1,0,5.0,2.0,0.0,2.0,1.9,0.68,6.0,1.0,1.0,5.0,Desconocido,football-data.co.uk,proxy_shots
2025-05-09,Las Palmas,Vallecano,0,1,8.0,8.0,2.0,3.0,0.96,1.88,2.0,5.0,4.0,2.0,Desconocido,football-data.co.uk,proxy_shots
2025-05-10,Ath Madrid,Sociedad,4,0,3.0,3.0,0.0,1.0,2.38,0.51,7.0,1.0,1.0,3.0,Desconocido,football-data.co.uk,proxy_shots
2025-05-10,Celta,Sevilla,3,2,3.0,6.0,2.0,2.0,1.46,3.04,4.0,10.0,8.0,1.0,Desconocido,football-data.co.uk,proxy_shots
2025-05-10,Girona,Villarreal,0,1,5.0,3.0,2.0,3.0,0.39,1.77,0.0,5.0,4.0,0.0,Desconocido,football-data.co.uk,proxy_shots
2025-05-10,Mallorca,Valladolid,2,1,5.0,10.0,2.0,1.0,1.58,2.24,4.0,7.0,6.0,2.0,Desconocido,football-data.co.uk,proxy_shots
2025-05-10,Valencia,Getafe,3,0,2.0,6.0,3.0,5.0,1.93,1.09,6.0,3.0,3.0,3.0,Desconocido,football-data.co.uk,proxy_shots
2025-05-11,Ath Bilbao,Alaves,1,0,9.0,2.0,1.0,1.0,1.25,0.4,3.0,1.0,1.0,2.0,Desconocido,football-data.co.uk,proxy_shots
2025-05-11,Barcelona,Real Madrid,4,3,10.0,2.0,4.0,3.0,3.28,1.7,9.0,5.0,2.0,5.0,Desconocido,football-data.co.uk,proxy_shots
2025-05-11,Betis,Osasuna,1,1,6.0,7.0,3.0,2.0,1.55,1.88,5.0,5.0,4.0,4.0,Desconocido,football-data.co.uk,proxy_shots
2025-05-11,Leganes,Espanol,3,2,3.0,8.0,2.0,2.0,1.91,1.94,5.0,6.0,4.0,2.0,Desconocido,football-data.co.uk,proxy_shots
2025-05-13,Sevilla,Las Palmas,1,0,4.0,2.0,6.0,6.0,1.19,1.31,3.0,3.0,3.0,2.0,Desconocido,football-data.co.uk,proxy_shots
2025-05-13,Sociedad,Celta,0,1,14.0,1.0,3.0,1.0,1.72,0.79,5.0,2.0,1.0,5.0,Desconocido,football-data.co.uk,proxy_shots
2025-05-13,Valladolid,Girona,0,1,6.0,4.0,0.0,0.0,1.32,1.71,4.0,5.0,4.0,4.0,Desconocido,football-data.co.uk,proxy_shots
2025-05-14,Alaves,Valencia,1,0,9.0,4.0,4.0,3.0,1.6,1.09,5.0,3.0,3.0,4.0,Desconocido,football-data.co.uk,proxy_shots
2025-05-14,Real Madrid,Mallorca,2,1,26.0,0.0,0.0,3.0,4.0,0.68,13.0,2.0,1.0,11.0,Desconocido,football-data.co.uk,proxy_shots
2025-05-14,Villarreal,Leganes,3,0,3.0,6.0,1.0,1.0,2.5,2.34,7.0,6.0,6.0,4.0,Desconocido,football-data.co.uk,proxy_shots
2025-05-15,Espanol,Barcelona,0,2,3.0,3.0,4.0,2.0,0.68,1.58,1.0,4.0,2.0,1.0,Desconocido,football-data.co.uk,proxy_shots
2025-05-15,Getafe,Ath Bilbao,0,2,2.0,5.0,1.0,0.0,0.78,1.05,1.0,2.0,0.0,1.0,Desconocido,football-data.co.uk,proxy_shots
2025-05-15,Osasuna,Ath Madrid,2,0,3.0,5.0,1.0,1.0,1.24,1.4,3.0,5.0,5.0,1.0,Desconocido,football-data.co.uk,proxy_shots
2025-05-15,Vallecano,Betis,2,2,10.0,7.0,1.0,3.0,2.38,1.29,6.0,3.0,1.0,4.0,Desconocido,football-data.co.uk,proxy_shots
2025-05-18,Ath Madrid,Betis,4,1,7.0,4.0,1.0,1.0,3.48,2.02,11.0,7.0,6.0,7.0,Desconocido,football-data.co.uk,proxy_shots
2025-05-18,Barcelona,Villarreal,2,3,11.0,3.0,2.0,0.0,3.14,1.23,9.0,3.0,0.0,7.0,Desconocido,football-data.co.uk,proxy_shots
2025-05-18,Celta,Vallecano,1,2,9.0,2.0,2.0,3.0,2.68,0.95,7.0,2.0,0.0,6.0,Desconocido,football-data.co.uk,proxy_shots
2025-05-18,Las Palmas,Leganes,0,1,9.0,2.0,2.0,2.0,1.2,1.43,3.0,4.0,3.0,3.0,Desconocido,football-data.co.uk,proxy_shots
2025-05-18,Mallorca,Getafe,1,2,3.0,4.0,2.0,2.0,0.66,1.47,1.0,4.0,2.0,0.0,Desconocido,football-data.co.uk,proxy_shots
2025-05-18,Osasuna,Espanol,2,0,8.0,6.0,1.0,1.0,1.62,1.96,3.0,6.0,6.0,1.0,Desconocido,football-data.co.uk,proxy_shots
2025-05-18,Sevilla,Real Madrid,0,2,1.0,7.0,4.0,1.0,0.51,2.16,1.0,6.0,4.0,1.0,Desconocido,football-data.co.uk,proxy_shots
2025-05-18,Sociedad,Girona,3,2,9.0,2.0,1.0,3.0,2.75,1.59,9.0,5.0,3.0,6.0,Desconocido,football-data.co.uk,proxy_shots
2025-05-18,Valencia,Ath Bilbao,0,1,5.0,3.0,3.0,1.0,0.69,1.37,2.0,4.0,3.0,2.0,Desconocido,football-data.co.uk,proxy_shots
2025-05-18,Valladolid,Alaves,0,1,5.0,9.0,0.0,2.0,0.56,1.59,1.0,4.0,3.0,1.0,Desconocido,football-data.co.uk,proxy_shots
2025-05-23,Betis,Valencia,1,1,3.0,2.0,1.0,2.0,1.59,0.95,4.0,2.0,1.0,3.0,Desconocido,football-data.co.uk,proxy_shots
2025-05-24,Alaves,Osasuna,1,1,5.0,9.0,2.0,2.0,1.77,2.04,5.0,5.0,4.0,4.0,Desconocido,football-data.co.uk,proxy_shots
2025-05-24,Espanol,Las Palmas,2,0,3.0,6.0,3.0,2.0,1.18,1.27,3.0,4.0,4.0,1.0,Desconocido,football-data.co.uk,proxy_shots
2025-05-24,Getafe,Celta,1,2,2.0,6.0,5.0,4.0,0.61,2.46,1.0,8.0,6.0,0.0,Desconocido,football-data.co.uk,proxy_shots
2025-05-24,Leganes,Valladolid,3,0,3.0,4.0,0.0,1.0,2.26,0.69,6.0,2.0,2.0,3.0,Desconocido,football-data.co.uk,proxy_shots
2025-05-24,Real Madrid,Sociedad,2,0,11.0,4.0,0.0,0.0,2.52,0.68,8.0,1.0,1.0,6.0,Desconocido,football-data.co.uk,proxy_shots
2025-05-24,Vallecano,Mallorca,0,0,11.0,2.0,2.0,2.0,2.92,0.85,8.0,2.0,2.0,8.0,Desconocido,football-data.co.uk,proxy_shots
2025-05-25,Ath Bilbao,Barcelona,0,3,2.0,6.0,1.0,0.0,0.73,1.74,1.0,4.0,1.0,1.0,Desconocido,football-data.co.uk,proxy_shots
2025-05-25,Girona,Ath Madrid,0,4,1.0,8.0,0.0,1.0,0.29,3.42,1.0,11.0,7.0,1.0,Desconocido,football-data.co.uk,proxy_shots
2025-05-25,Villarreal,Sevilla,4,2,3.0,5.0,0.0,1.0,2.32,2.22,7.0,6.0,4.0,3.0,Desconocido,football-data.co.uk,proxy_shots
2025-08-15,Girona,Vallecano,1,3,2.0,4.0,2.0,1.0,0.84,2.08,2.0,5.0,2.0,1.0,Desconocido,football-data.co.uk,proxy_shots
2025-08-15,Villarreal,Oviedo,2,0,10.0,1.0,1.0,4.0,3.38,0.99,10.0,4.0,4.0,8.0,Desconocido,football-data.co.uk,proxy_shots
2025-08-16,Alaves,Levante,2,1,10.0,1.0,0.0,1.0,1.74,1.03,4.0,3.0,2.0,2.0,Desconocido,football-data.co.uk,proxy_shots
2025-08-16,Mallorca,Barcelona,0,3,3.0,6.0,8.0,1.0,0.4,3.06,1.0,8.0,5.0,1.0,Desconocido,football-data.co.uk,proxy_shots
2025-08-16,Valencia,Sociedad,1,1,8.0,7.0,1.0,2.0,1.45,1.35,2.0,3.0,2.0,1.0,Desconocido,football-data.co.uk,proxy_shots
2025-08-17,Ath Bilbao,Sevilla,3,2,10.0,1.0,0.0,2.0,1.61,1.94,3.0,6.0,4.0,0.0,Desconocido,football-data.co.uk,proxy_shots
2025-08-17,Celta,Getafe,0,2,9.0,3.0,3.0,2.0,1.15,1.29,3.0,3.0,1.0,3.0,Desconocido,football-data.co.uk,proxy_shots
2025-08-17,Espanol,Ath Madrid,2,1,1.0,3.0,3.0,3.0,1.65,1.65,5.0,4.0,3.0,3.0,Desconocido,football-data.co.uk,proxy_shots
2025-08-18,Elche,Betis,1,1,1.0,3.0,0.0,1.0,0.79,1.48,2.0,4.0,3.0,1.0,Desconocido,football-data.co.uk,proxy_shots
2025-08-19,Real Madrid,Osasuna,1,0,7.0,0.0,1.0,2.0,1.99,0.2,5.0,0.0,0.0,4.0,Desconocido,football-data.co.uk,proxy_shots
2025-08-22,Betis,Alaves,1,0,5.0,2.0,2.0,3.0,1.88,1.5,5.0,5.0,5.0,4.0,Desconocido,football-data.co.uk,proxy_shots
2025-08-23,Ath Madrid,Elche,1,1,10.0,2.0,0.0,3.0,1.9,0.79,6.0,2.0,1.0,5.0,Desconocido,football-data.co.uk,proxy_shots
2025-08-23,Levante,Barcelona,2,3,0.0,11.0,3.0,1.0,1.54,3.53,5.0,10.0,7.0,3.0,Desconocido,football-data.co.uk,proxy_shots
2025-08-23,Mallorca,Celta,1,1,3.0,4.0,3.0,3.0,1.48,0.9,4.0,2.0,1.0,3.0,Desconocido,football-data.co.uk,proxy_shots
2025-08-24,Osasuna,Valencia,1,0,3.0,4.0,2.0,3.0,1.7,0.4,4.0,1.0,1.0,3.0,Desconocido,football-data.co.uk,proxy_shots
2025-08-24,Oviedo,Real Madrid,0,3,1.0,9.0,2.0,1.0,0.87,3.53,3.0,10.0,7.0,3.0,Desconocido,football-data.co.uk,proxy_shots
2025-08-24,Sociedad,Espanol,2,2,5.0,2.0,2.0,2.0,2.29,1.51,7.0,3.0,1.0,5.0,Desconocido,football-data.co.uk,proxy_shots
2025-08-24,Villarreal,Girona,5,0,8.0,1.0,1.0,2.0,2.8,0.64,7.0,2.0,2.0,2.0,Desconocido,football-data.co.uk,proxy_shots
2025-08-25,Ath Bilbao,Vallecano,1,0,3.0,6.0,0.0,4.0,1.43,0.51,4.0,1.0,1.0,3.0,Desconocido,football-data.co.uk,proxy_shots
2025-08-25,Sevilla,Getafe,1,2,5.0,3.0,2.0,2.0,1.3,1.78,3.0,6.0,4.0,2.0,Desconocido,football-data.co.uk,proxy_shots
2025-08-27,Celta,Betis,1,1,10.0,4.0,1.0,2.0,1.77,0.84,5.0,2.0,1.0,4.0,Desconocido,football-data.co.uk,proxy_shots
2025-08-29,Elche,Levante,2,0,4.0,2.0,1.0,2.0,1.98,0.78,5.0,1.0,1.0,3.0,Desconocido,football-data.co.uk,proxy_shots
2025-08-29,Valencia,Getafe,3,0,8.0,6.0,2.0,0.0,1.41,0.78,4.0,1.0,1.0,1.0,Desconocido,football-data.co.uk,proxy_shots
2025-08-30,Alaves,Ath Madrid,1,1,1.0,6.0,2.0,3.0,0.73,2.0,2.0,6.0,5.0,1.0,Desconocido,football-data.co.uk,proxy_shots
2025-08-30,Girona,Sevilla,0,2,11.0,3.0,0.0,2.0,2.0,1.64,5.0,4.0,2.0,5.0,Desconocido,football-data.co.uk,proxy_shots
2025-08-30,Oviedo,Sociedad,1,0,1.0,10.0,2.0,1.0,0.72,2.07,1.0,6.0,6.0,0.0,Desconocido,football-data.co.uk,proxy_shots
2025-08-30,Real Madrid,Mallorca,2,1,4.0,5.0,2.0,0.0,2.4,1.5,7.0,5.0,4.0,5.0,Desconocido,football-data.co.uk,proxy_shots
2025-08-31,Betis,Ath Bilbao,1,2,4.0,10.0,1.0,6.0,0.95,2.1,2.0,6.0,4.0,1.0,Desconocido,football-data.co.uk,proxy_shots
2025-08-31,Celta,Villarreal,1,1,1.0,5.0,1.0,1.0,1.01,1.08,2.0,3.0,2.0,1.0,Desconocido,football-data.co.uk,proxy_shots
2025-08-31,Espanol,Osasuna,1,0,2.0,3.0,2.0,3.0,1.37,1.09,4.0,3.0,3.0,3.0,Desconocido,football-data.co.uk,proxy_shots
2025-08-31,Vallecano,Barcelona,1,1,9.0,4.0,4.0,1.0,1.84,1.3,6.0,3.0,2.0,5.0,Desconocido,football-data.co.uk,proxy_shots
2025-09-12,Sevilla,Elche,2,2,2.0,2.0,4.0,3.0,1.12,0.83,3.0,2.0,0.0,1.0,Desconocido,football-data.co.uk,proxy_shots
2025-09-13,Ath Bilbao,Alaves,0,1,6.0,6.0,4.0,3.0,1.2,0.68,3.0,2.0,1.0,3.0,Desconocido,football-data.co.uk,proxy_shots
2025-09-13,Ath Madrid,Villarreal,2,0,8.0,3.0,2.0,4.0,1.18,0.62,3.0,1.0,1.0,1.0,Desconocido,football-data.co.uk,proxy_shots
2025-09-13,Getafe,Oviedo,2,0,4.0,3.0,2.0,7.0,1.29,0.46,3.0,1.0,1.0,1.0,Desconocido,football-data.co.uk,proxy_shots
2025-09-13,Sociedad,Real Madrid,1,2,12.0,4.0,2.0,3.0,2.08,2.16,4.0,6.0,4.0,3.0,Desconocido,football-data.co.uk,proxy_shots
2025-09-14,Barcelona,Valencia,6,0,5.0,4.0,0.0,1.0,3.72,0.29,10.0,1.0,1.0,4.0,Desconocido,football-data.co.uk,proxy_shots
2025-09-14,Celta,Girona,1,1,10.0,3.0,0.0,3.0,2.52,2.25,7.0,8.0,7.0,6.0,Desconocido,football-data.co.uk,proxy_shots
2025-09-14,Levante,Betis,2,2,4.0,12.0,3.0,2.0,0.83,3.36,2.0,9.0,7.0,0.0,Desconocido,football-data.co.uk,proxy_shots
2025-09-14,Osasuna,Vallecano,2,0,3.0,6.0,3.0,2.0,1.95,2.12,7.0,6.0,6.0,5.0,Desconocido,football-data.co.uk,proxy_shots
2025-09-15,Espanol,Mallorca,3,2,3.0,9.0,4.0,1.0,1.34,3.32,3.0,10.0,8.0,0.0,Desconocido,football-data.co.uk,proxy_shots
2025-09-19,Betis,Sociedad,3,1,3.0,5.0,3.0,7.0,2.54,1.6,6.0,5.0,4.0,3.0,Desconocido,football-data.co.uk,proxy_shots
2025-09-20,Alaves,Sevilla,1,2,4.0,4.0,1.0,7.0,1.44,1.24,5.0,3.0,1.0,4.0,Desconocido,football-data.co.uk,proxy_shots
2025-09-20,Girona,Levante,0,4,5.0,4.0,8.0,3.0,0.56,2.43,1.0,7.0,3.0,1.0,Desconocido,football-data.co.uk,proxy_shots
2025-09-20,Real Madrid,Espanol,2,0,5.0,3.0,2.0,0.0,1.98,0.62,5.0,1.0,1.0,3.0,Desconocido,football-data.co.uk,proxy_shots
2025-09-20,Valencia,Ath Bilbao,2,0,5.0,6.0,1.0,3.0,1.81,1.5,5.0,5.0,5.0,3.0,Desconocido,football-data.co.uk,proxy_shots
2025-09-20,Villarreal,Osasuna,2,1,7.0,0.0,2.0,5.0,3.07,0.97,8.0,3.0,2.0,6.0,Desconocido,football-data.co.uk,proxy_shots
2025-09-21,Barcelona,Getafe,3,0,3.0,2.0,2.0,4.0,2.44,0.53,7.0,2.0,2.0,4.0,Desconocido,football-data.co.uk,proxy_shots
2025-09-21,Elche,Oviedo,1,0,3.0,3.0,2.0,2.0,1.82,1.38,5.0,4.0,4.0,4.0,Desconocido,football-data.co.uk,proxy_shots
2025-09-21,Mallorca,Ath Madrid,1,1,3.0,6.0,0.0,2.0,1.08,2.02,3.0,7.0,6.0,2.0,Desconocido,football-data.co.uk,proxy_shots
2025-09-21,Vallecano,Celta,1,1,5.0,7.0,1.0,1.0,1.82,1.5,5.0,5.0,4.0,4.0,Desconocido,football-data.co.uk,proxy_shots
2025-09-23,Ath Bilbao,Girona,1,1,8.0,1.0,0.0,2.0,1.94,0.97,5.0,3.0,2.0,4.0,Desconocido,football-data.co.uk,proxy_shots
2025-09-23,Espanol,Valencia,2,2,8.0,3.0,1.0,4.0,3.16,0.83,10.0,2.0,0.0,8.0,Desconocido,football-data.co.uk,proxy_shots
2025-09-23,Levante,Real Madrid,1,4,1.0,7.0,1.0,1.0,1.06,3.52,2.0,10.0,6.0,1.0,Desconocido,football-data.co.uk,proxy_shots
2025-09-23,Sevilla,Villarreal,1,2,3.0,3.0,2.0,3.0,1.34,1.76,2.0,5.0,3.0,1.0,Desconocido,football-data.co.uk,proxy_shots
2025-09-24,Ath Madrid,Vallecano,3,2,8.0,6.0,3.0,4.0,2.84,1.24,8.0,3.0,1.0,5.0,Desconocido,football-data.co.uk,proxy_shots
2025-09-24,Getafe,Alaves,1,1,2.0,7.0,2.0,3.0,0.66,1.37,1.0,4.0,3.0,0.0,Desconocido,football-data.co.uk,proxy_shots
2025-09-24,Sociedad,Mallorca,1,0,11.0,2.0,2.0,2.0,1.76,0.93,4.0,3.0,3.0,3.0,Desconocido,football-data.co.uk,proxy_shots
2025-09-25,Osasuna,Elche,1,1,2.0,3.0,2.0,2.0,0.95,1.48,2.0,4.0,3.0,1.0,Desconocido,football-data.co.uk,proxy_shots
2025-09-25,Oviedo,Barcelona,1,3,6.0,9.0,1.0,0.0,1.03,3.31,3.0,10.0,7.0,2.0,Desconocido,football-data.co.uk,proxy_shots
2025-09-26,Girona,Espanol,0,0,8.0,4.0,0.0,1.0,1.2,2.0,3.0,5.0,5.0,3.0,Desconocido,football-data.co.uk,proxy_shots
2025-09-27,Ath Madrid,Real Madrid,5,2,7.0,2.0,5.0,4.0,2.48,0.89,7.0,2.0,0.0,2.0,Desconocido,football-data.co.uk,proxy_shots
2025-09-27,Getafe,Levante,1,1,6.0,2.0,4.0,3.0,1.43,1.25,4.0,3.0,2.0,3.0,Desconocido,football-data.co.uk,proxy_shots
2025-09-27,Mallorca,Alaves,1,0,4.0,8.0,2.0,3.0,1.3,1.2,3.0,3.0,3.0,2.0,Desconocido,football-data.co.uk,proxy_shots
2025-09-27,Villarreal,Ath Bilbao,1,0,6.0,5.0,2.0,0.0,1.77,1.6,5.0,4.0,4.0,4.0,Desconocido,football-data.co.uk,proxy_shots
2025-09-28,Barcelona,Sociedad,2,1,12.0,1.0,1.0,2.0,3.57,0.84,12.0,2.0,1.0,10.0,Desconocido,football-data.co.uk,proxy_shots
2025-09-28,Betis,Osasuna,2,0,5.0,5.0,0.0,1.0,1.94,0.84,6.0,1.0,1.0,4.0,Desconocido,football-data.co.uk,proxy_shots
2025-09-28,Elche,Celta,2,1,7.0,2.0,3.0,3.0,2.58,0.9,8.0,2.0,1.0,6.0,Desconocido,football-data.co.uk,proxy_shots
2025-09-28,Vallecano,Sevilla,0,1,12.0,4.0,5.0,2.0,2.07,0.5,6.0,1.0,0.0,6.0,Desconocido,football-data.co.uk,proxy_shots
2025-09-30,Valencia,Oviedo,1,2,5.0,4.0,1.0,6.0,1.88,1.47,5.0,4.0,2.0,4.0,Desconocido,football-data.co.uk,proxy_shots
2025-10-03,Osasuna,Getafe,2,1,1.0,6.0,1.0,4.0,1.12,0.79,3.0,2.0,1.0,1.0,Desconocido,football-data.co.uk,proxy_shots
2025-10-04,Ath Bilbao,Mallorca,2,1,7.0,2.0,5.0,8.0,2.09,0.84,5.0,2.0,1.0,3.0,Desconocido,football-data.co.uk,proxy_shots
2025-10-04,Girona,Valencia,2,1,0.0,7.0,9.0,1.0,1.14,2.23,4.0,6.0,5.0,2.0,Desconocido,football-data.co.uk,proxy_shots
2025-10-04,Oviedo,Levante,0,2,9.0,3.0,2.0,2.0,1.07,1.87,2.0,5.0,3.0,2.0,Desconocido,football-data.co.uk,proxy_shots
2025-10-04,Real Madrid,Villarreal,3,1,4.0,0.0,2.0,6.0,2.99,0.95,7.0,2.0,1.0,4.0,Desconocido,football-data.co.uk,proxy_shots
2025-10-05,Alaves,Elche,3,1,14.0,4.0,3.0,3.0,2.58,0.97,5.0,3.0,2.0,2.0,Desconocido,football-data.co.uk,proxy_shots
2025-10-05,Celta,Ath Madrid,1,1,6.0,3.0,1.0,5.0,1.81,0.61,4.0,1.0,0.0,3.0,Desconocido,football-data.co.uk,proxy_shots
2025-10-05,Espanol,Betis,1,2,10.0,5.0,2.0,6.0,1.77,1.4,5.0,3.0,1.0,4.0,Desconocido,football-data.co.uk,proxy_shots
2025-10-05,Sevilla,Barcelona,4,1,7.0,6.0,7.0,5.0,2.01,2.48,5.0,8.0,7.0,1.0,Desconocido,football-data.co.uk,proxy_shots
2025-10-05,Sociedad,Vallecano,0,1,7.0,5.0,1.0,2.0,1.09,0.84,3.0,2.0,1.0,3.0,Desconocido,football-data.co.uk,proxy_shots
2025-10-17,Oviedo,Espanol,0,2,3.0,5.0,2.0,1.0,1.44,3.04,4.0,10.0,8.0,4.0,Desconocido,football-data.co.uk,proxy_shots
2025-10-18,Ath Madrid,Osasuna,1,0,4.0,2.0,1.0,3.0,2.71,0.85,9.0,2.0,2.0,8.0,Desconocido,football-data.co.uk,proxy_shots
2025-10-18,Barcelona,Girona,2,1,11.0,5.0,1.0,2.0,3.31,1.43,9.0,4.0,3.0,7.0,Desconocido,football-data.co.uk,proxy_shots
2025-10-18,Sevilla,Mallorca,1,3,9.0,2.0,2.0,1.0,1.54,1.77,4.0,6.0,3.0,3.0,Desconocido,football-data.co.uk,proxy_shots
2025-10-18,Villarreal,Betis,2,2,5.0,6.0,1.0,1.0,1.12,1.62,3.0,3.0,1.0,1.0,Desconocido,football-data.co.uk,proxy_shots
2025-10-19,Celta,Sociedad,1,1,1.0,10.0,6.0,3.0,0.5,2.3,1.0,7.0,6.0,0.0,Desconocido,football-data.co.uk,proxy_shots
2025-10-19,Elche,Ath Bilbao,0,0,6.0,2.0,2.0,3.0,1.72,0.4,5.0,1.0,1.0,5.0,Desconocido,football-data.co.uk,proxy_shots
2025-10-19,Getafe,Real Madrid,0,1,1.0,4.0,8.0,1.0,0.56,3.16,1.0,10.0,9.0,1.0,Desconocido,football-data.co.uk,proxy_shots
2025-10-19,Levante,Vallecano,0,3,11.0,4.0,0.0,1.0,1.66,1.75,4.0,5.0,2.0,4.0,Desconocido,football-data.co.uk,proxy_shots
2025-10-20,Alaves,Valencia,0,0,7.0,0.0,1.0,2.0,1.25,0.64,3.0,2.0,2.0,3.0,Desconocido,football-data.co.uk,proxy_shots
2025-10-24,Sociedad,Sevilla,2,1,1.0,9.0,1.0,3.0,1.02,0.61,3.0,1.0,0.0,1.0,Desconocido,football-data.co.uk,proxy_shots
2025-10-25,Ath Bilbao,Getafe,0,1,1.0,5.0,1.0,3.0,1.1,1.08,4.0,3.0,2.0,4.0,Desconocido,football-data.co.uk,proxy_shots
2025-10-25,Espanol,Elche,1,0,4.0,2.0,4.0,2.0,2.24,1.44,7.0,4.0,4.0,6.0,Desconocido,football-data.co.uk,proxy_shots
2025-10-25,Girona,Oviedo,3,3,11.0,4.0,4.0,3.0,1.82,1.75,6.0,5.0,2.0,3.0,Desconocido,football-data.co.uk,proxy_shots
2025-10-25,Valencia,Villarreal,0,2,7.0,5.0,2.0,4.0,1.36,1.76,3.0,5.0,3.0,3.0,Desconocido,football-data.co.uk,proxy_shots
2025-10-26,Mallorca,Levante,1,1,5.0,4.0,3.0,2.0,1.92,1.71,4.0,5.0,4.0,3.0,Desconocido,football-data.co.uk,proxy_shots
2025-10-26,Osasuna,Celta,2,3,6.0,2.0,3.0,4.0,2.4,1.8,7.0,5.0,2.0,5.0,Desconocido,football-data.co.uk,proxy_shots
2025-10-26,Real Madrid,Barcelona,2,1,12.0,4.0,7.0,7.0,3.26,2.0,10.0,6.0,5.0,8.0,Desconocido,football-data.co.uk,proxy_shots
2025-10-26,Vallecano,Alaves,1,0,7.0,5.0,1.0,3.0,1.82,1.02,5.0,2.0,2.0,4.0,Desconocido,football-data.co.uk,proxy_shots
2025-10-27,Betis,Ath Madrid,0,2,2.0,5.0,2.0,1.0,1.83,1.41,5.0,4.0,2.0,5.0,Desconocido,football-data.co.uk,proxy_shots
2025-10-31,Getafe,Girona,2,1,8.0,3.0,1.0,1.0,1.58,1.26,4.0,4.0,3.0,2.0,Desconocido,football-data.co.uk,proxy_shots
2025-11-01,Ath Madrid,Sevilla,3,0,9.0,4.0,0.0,3.0,2.21,0.91,6.0,2.0,2.0,3.0,Desconocido,football-data.co.uk,proxy_shots
2025-11-01,Real Madrid,Valencia,4,0,7.0,1.0,1.0,1.0,3.53,0.4,11.0,1.0,1.0,7.0,Desconocido,football-data.co.uk,proxy_shots
2025-11-01,Sociedad,Ath Bilbao,3,2,6.0,2.0,2.0,3.0,1.7,1.52,5.0,4.0,2.0,2.0,Desconocido,football-data.co.uk,proxy_shots
2025-11-01,Villarreal,Vallecano,4,0,3.0,5.0,1.0,1.0,2.54,1.25,7.0,3.0,3.0,3.0,Desconocido,football-data.co.uk,proxy_shots
2025-11-02,Alaves,Espanol,2,1,1.0,6.0,6.0,2.0,1.64,1.45,4.0,2.0,1.0,2.0,Desconocido,football-data.co.uk,proxy_shots
2025-11-02,Barcelona,Elche,3,1,6.0,3.0,0.0,1.0,2.13,1.14,5.0,3.0,2.0,2.0,Desconocido,football-data.co.uk,proxy_shots
2025-11-02,Betis,Mallorca,3,0,4.0,5.0,0.0,3.0,2.56,0.95,8.0,1.0,1.0,5.0,Desconocido,football-data.co.uk,proxy_shots
2025-11-02,Levante,Celta,1,2,4.0,4.0,4.0,3.0,1.14,2.38,3.0,6.0,4.0,2.0,Desconocido,football-data.co.uk,proxy_shots
2025-11-03,Oviedo,Osasuna,0,0,4.0,2.0,3.0,1.0,0.8,1.5,2.0,5.0,5.0,2.0,Desconocido,football-data.co.uk,proxy_shots
2025-11-07,Elche,Sociedad,1,1,1.0,3.0,1.0,3.0,1.3,1.71,3.0,5.0,4.0,2.0,Desconocido,football-data.co.uk,proxy_shots
2025-11-08,Ath Madrid,Levante,3,1,21.0,4.0,3.0,1.0,3.47,0.97,10.0,3.0,2.0,7.0,Desconocido,football-data.co.uk,proxy_shots
2025-11-08,Espanol,Villarreal,0,2,4.0,2.0,0.0,2.0,1.31,1.24,3.0,3.0,1.0,3.0,Desconocido,football-data.co.uk,proxy_shots
2025-11-08,Girona,Alaves,1,0,6.0,1.0,0.0,3.0,1.01,1.67,2.0,5.0,5.0,1.0,Desconocido,football-data.co.uk,proxy_shots
2025-11-08,Sevilla,Osasuna,1,0,5.0,6.0,5.0,3.0,1.37,1.04,4.0,3.0,3.0,3.0,Desconocido,football-data.co.uk,proxy_shots
2025-11-09,Ath Bilbao,Oviedo,1,0,7.0,4.0,1.0,1.0,2.52,0.64,7.0,2.0,2.0,6.0,Desconocido,football-data.co.uk,proxy_shots
2025-11-09,Celta,Barcelona,2,4,2.0,5.0,1.0,7.0,1.02,3.17,3.0,9.0,5.0,1.0,Desconocido,football-data.co.uk,proxy_shots
2025-11-09,Mallorca,Getafe,1,0,1.0,14.0,0.0,2.0,1.15,1.31,4.0,3.0,3.0,3.0,Desconocido,football-data.co.uk,proxy_shots
2025-11-09,Valencia,Betis,1,1,7.0,2.0,3.0,3.0,1.76,0.95,4.0,2.0,1.0,3.0,Desconocido,football-data.co.uk,proxy_shots
2025-11-09,Vallecano,Real Madrid,0,0,5.0,8.0,3.0,2.0,1.07,2.05,2.0,5.0,5.0,2.0,Desconocido,football-data.co.uk,proxy_shots
2025-11-21,Valencia,Levante,1,0,7.0,0.0,4.0,3.0,1.41,0.62,3.0,1.0,1.0,2.0,Desconocido,football-data.co.uk,proxy_shots
2025-11-22,Alaves,Celta,0,1,4.0,2.0,2.0,2.0,0.64,1.21,2.0,4.0,3.0,2.0,Desconocido,football-data.co.uk,proxy_shots
2025-11-22,Barcelona,Ath Bilbao,4,0,5.0,7.0,0.0,4.0,2.7,1.07,7.0,2.0,2.0,3.0,Desconocido,football-data.co.uk,proxy_shots
2025-11-22,Osasuna,Sociedad,1,3,3.0,3.0,5.0,2.0,1.59,2.96,4.0,9.0,6.0,3.0,Desconocido,football-data.co.uk,proxy_shots
2025-11-22,Villarreal,Mallorca,2,1,3.0,1.0,2.0,2.0,2.23,1.14,7.0,3.0,2.0,5.0,Desconocido,football-data.co.uk,proxy_shots
2025-11-23,Betis,Girona,1,1,8.0,0.0,5.0,4.0,2.62,1.43,7.0,4.0,3.0,6.0,Desconocido,football-data.co.uk,proxy_shots
2025-11-23,Elche,Real Madrid,2,2,2.0,8.0,6.0,0.0,2.1,2.56,6.0,7.0,5.0,4.0,Desconocido,football-data.co.uk,proxy_shots
2025-11-23,Getafe,Ath Madrid,0,1,6.0,7.0,2.0,3.0,0.68,1.9,1.0,6.0,5.0,1.0,Desconocido,football-data.co.uk,proxy_shots
2025-11-23,Oviedo,Vallecano,0,0,5.0,6.0,3.0,4.0,0.98,1.15,3.0,3.0,3.0,3.0,Desconocido,football-data.co.uk,proxy_shots
2025-11-24,Espanol,Sevilla,2,1,4.0,13.0,4.0,1.0,1.54,2.39,5.0,6.0,5.0,3.0,Desconocido,football-data.co.uk,proxy_shots
2025-11-28,Getafe,Elche,1,0,3.0,5.0,2.0,2.0,2.0,1.21,6.0,4.0,4.0,5.0,Desconocido,football-data.co.uk,proxy_shots
2025-11-29,Ath Madrid,Oviedo,2,0,7.0,2.0,0.0,1.0,2.41,0.84,8.0,1.0,1.0,6.0,Desconocido,football-data.co.uk,proxy_shots
2025-11-29,Barcelona,Alaves,3,1,5.0,4.0,2.0,3.0,2.37,0.95,6.0,2.0,1.0,3.0,Desconocido,football-data.co.uk,proxy_shots
2025-11-29,Levante,Ath Bilbao,0,2,4.0,2.0,3.0,2.0,1.32,1.69,4.0,4.0,2.0,4.0,Desconocido,football-data.co.uk,proxy_shots
2025-11-29,Mallorca,Osasuna,2,2,2.0,8.0,3.0,4.0,1.3,1.33,4.0,2.0,0.0,2.0,Desconocido,football-data.co.uk,proxy_shots
2025-11-30,Celta,Espanol,0,1,4.0,3.0,1.0,2.0,1.32,0.95,4.0,2.0,1.0,4.0,Desconocido,football-data.co.uk,proxy_shots
2025-11-30,Girona,Real Madrid,1,1,2.0,5.0,3.0,0.0,1.37,2.19,4.0,4.0,3.0,3.0,Desconocido,football-data.co.uk,proxy_shots
2025-11-30,Sevilla,Betis,0,2,6.0,4.0,4.0,3.0,1.04,1.41,3.0,4.0,2.0,3.0,Desconocido,football-data.co.uk,proxy_shots
2025-11-30,Sociedad,Villarreal,2,3,8.0,2.0,3.0,7.0,2.45,1.75,7.0,5.0,2.0,5.0,Desconocido,football-data.co.uk,proxy_shots
2025-12-01,Vallecano,Valencia,1,1,10.0,5.0,1.0,1.0,2.4,1.01,7.0,2.0,1.0,6.0,Desconocido,football-data.co.uk,proxy_shots
2025-12-02,Barcelona,Ath Madrid,3,1,5.0,4.0,1.0,1.0,2.42,0.84,6.0,2.0,1.0,3.0,Desconocido,football-data.co.uk,proxy_shots
2025-12-03,Ath Bilbao,Real Madrid,0,3,5.0,7.0,2.0,0.0,1.21,2.46,4.0,8.0,5.0,4.0,Desconocido,football-data.co.uk,proxy_shots
2025-12-05,Oviedo,Mallorca,0,0,8.0,5.0,6.0,1.0,1.36,1.79,3.0,6.0,6.0,3.0,Desconocido,football-data.co.uk,proxy_shots
2025-12-06,Alaves,Sociedad,1,0,5.0,8.0,2.0,2.0,1.41,0.73,3.0,1.0,1.0,2.0,Desconocido,football-data.co.uk,proxy_shots
2025-12-06,Ath Bilbao,Ath Madrid,1,0,5.0,6.0,3.0,2.0,1.41,0.93,3.0,3.0,3.0,2.0,Desconocido,football-data.co.uk,proxy_shots
2025-12-06,Betis,Barcelona,3,5,7.0,7.0,5.0,2.0,2.13,2.82,5.0,8.0,3.0,2.0,Desconocido,football-data.co.uk,proxy_shots
2025-12-06,Villarreal,Getafe,2,0,5.0,3.0,2.0,6.0,1.65,0.33,5.0,0.0,0.0,3.0,Desconocido,football-data.co.uk,proxy_shots
2025-12-07,Elche,Girona,3,0,2.0,2.0,0.0,3.0,1.99,1.16,6.0,4.0,4.0,3.0,Desconocido,football-data.co.uk,proxy_shots
2025-12-07,Espanol,Vallecano,1,0,6.0,2.0,6.0,10.0,0.95,0.69,2.0,2.0,2.0,1.0,Desconocido,football-data.co.uk,proxy_shots
2025-12-07,Real Madrid,Celta,0,2,8.0,1.0,12.0,1.0,2.52,1.48,7.0,5.0,3.0,7.0,Desconocido,football-data.co.uk,proxy_shots
2025-12-07,Valencia,Sevilla,1,1,2.0,2.0,3.0,6.0,1.25,0.5,3.0,1.0,0.0,2.0,Desconocido,football-data.co.uk,proxy_shots
2025-12-08,Osasuna,Levante,2,0,3.0,3.0,2.0,2.0,2.05,1.5,6.0,5.0,5.0,4.0,Desconocido,football-data.co.uk,proxy_shots
2025-12-12,Sociedad,Girona,1,2,4.0,3.0,1.0,2.0,1.31,1.51,4.0,3.0,1.0,3.0,Desconocido,football-data.co.uk,proxy_shots
2025-12-13,Ath Madrid,Valencia,2,1,5.0,7.0,3.0,1.0,1.83,1.18,6.0,2.0,1.0,4.0,Desconocido,football-data.co.uk,proxy_shots
2025-12-13,Barcelona,Osasuna,2,0,14.0,1.0,0.0,3.0,2.78,0.53,7.0,2.0,2.0,5.0,Desconocido,football-data.co.uk,proxy_shots
2025-12-13,Getafe,Espanol,0,1,6.0,4.0,5.0,1.0,0.78,1.15,1.0,4.0,3.0,1.0,Desconocido,football-data.co.uk,proxy_shots
2025-12-13,Mallorca,Elche,3,1,1.0,1.0,3.0,0.0,2.56,0.59,8.0,0.0,0.0,5.0,Desconocido,football-data.co.uk,proxy_shots
2025-12-14,Alaves,Real Madrid,1,2,5.0,7.0,3.0,1.0,0.79,1.99,2.0,6.0,4.0,1.0,Desconocido,football-data.co.uk,proxy_shots
2025-12-14,Celta,Ath Bilbao,2,0,1.0,4.0,3.0,2.0,0.83,1.13,2.0,2.0,2.0,0.0,Desconocido,football-data.co.uk,proxy_shots
2025-12-14,Sevilla,Oviedo,4,0,5.0,3.0,1.0,4.0,2.38,0.46,7.0,1.0,1.0,3.0,Desconocido,football-data.co.uk,proxy_shots
2025-12-15,Vallecano,Betis,0,0,8.0,3.0,4.0,1.0,2.52,1.79,7.0,6.0,6.0,7.0,Desconocido,football-data.co.uk,proxy_shots
2025-12-19,Valencia,Mallorca,1,1,12.0,3.0,2.0,3.0,1.4,0.68,2.0,2.0,1.0,1.0,Desconocido,football-data.co.uk,proxy_shots
2025-12-20,Levante,Sociedad,1,1,7.0,10.0,6.0,2.0,1.35,2.17,3.0,6.0,5.0,2.0,Desconocido,football-data.co.uk,proxy_shots
2025-12-20,Osasuna,Alaves,3,0,9.0,0.0,2.0,2.0,2.44,0.93,7.0,3.0,3.0,4.0,Desconocido,football-data.co.uk,proxy_shots
2025-12-20,Oviedo,Celta,0,0,4.0,3.0,2.0,1.0,1.09,0.69,3.0,2.0,2.0,3.0,Desconocido,football-data.co.uk,proxy_shots
2025-12-20,Real Madrid,Sevilla,2,0,6.0,5.0,2.0,7.0,2.63,1.67,8.0,5.0,5.0,6.0,Desconocido,football-data.co.uk,proxy_shots
2025-12-21,Betis,Getafe,4,0,7.0,5.0,0.0,1.0,2.88,1.36,8.0,3.0,3.0,4.0,Desconocido,football-data.co.uk,proxy_shots
2025-12-21,Elche,Vallecano,4,0,4.0,5.0,2.0,3.0,2.47,2.43,6.0,8.0,8.0,2.0,Desconocido,football-data.co.uk,proxy_shots
2025-12-21,Girona,Ath Madrid,0,3,3.0,4.0,2.0,0.0,0.85,2.15,2.0,6.0,3.0,2.0,Desconocido,football-data.co.uk,proxy_shots
2025-12-21,Villarreal,Barcelona,0,2,5.0,10.0,3.0,1.0,1.67,2.15,5.0,5.0,3.0,5.0,Desconocido,football-data.co.uk,proxy_shots
2025-12-22,Ath Bilbao,Espanol,1,2,8.0,4.0,5.0,2.0,2.3,1.65,7.0,5.0,3.0,6.0,Desconocido,football-data.co.uk,proxy_shots
2026-01-02,Vallecano,Getafe,1,1,3.0,2.0,3.0,4.0,1.54,1.48,4.0,4.0,3.0,3.0,Desconocido,football-data.co.uk,proxy_shots
2026-01-03,Celta,Valencia,4,1,2.0,4.0,1.0,3.0,2.14,1.88,6.0,5.0,4.0,2.0,Desconocido,football-data.co.uk,proxy_shots
2026-01-03,Elche,Villarreal,1,3,6.0,2.0,3.0,3.0,1.29,1.68,2.0,4.0,1.0,1.0,Desconocido,football-data.co.uk,proxy_shots
2026-01-03,Espanol,Barcelona,0,2,5.0,7.0,1.0,0.0,2.03,2.1,7.0,6.0,4.0,7.0,Desconocido,football-data.co.uk,proxy_shots
2026-01-03,Osasuna,Ath Bilbao,1,1,1.0,9.0,3.0,3.0,1.43,2.06,4.0,6.0,5.0,3.0,Desconocido,football-data.co.uk,proxy_shots
2026-01-04,Alaves,Oviedo,1,1,6.0,7.0,5.0,5.0,2.35,2.17,7.0,6.0,5.0,6.0,Desconocido,football-data.co.uk,proxy_shots
2026-01-04,Mallorca,Girona,1,2,3.0,6.0,2.0,1.0,0.95,1.41,2.0,4.0,2.0,1.0,Desconocido,football-data.co.uk,proxy_shots
2026-01-04,Real Madrid,Betis,5,1,5.0,8.0,1.0,1.0,3.17,1.71,9.0,5.0,4.0,4.0,Desconocido,football-data.co.uk,proxy_shots
2026-01-04,Sevilla,Levante,0,3,5.0,1.0,3.0,4.0,2.08,1.35,7.0,4.0,1.0,7.0,Desconocido,football-data.co.uk,proxy_shots
2026-01-04,Sociedad,Ath Madrid,1,1,6.0,6.0,3.0,2.0,2.53,1.01,8.0,2.0,1.0,7.0,Desconocido,football-data.co.uk,proxy_shots
2026-01-09,Getafe,Sociedad,1,2,2.0,4.0,2.0,1.0,0.97,1.76,3.0,5.0,3.0,2.0,Desconocido,football-data.co.uk,proxy_shots
2026-01-10,Girona,Osasuna,1,0,2.0,1.0,4.0,6.0,1.26,0.9,4.0,1.0,1.0,3.0,Desconocido,football-data.co.uk,proxy_shots
2026-01-10,Oviedo,Betis,1,1,5.0,2.0,3.0,1.0,1.35,2.0,3.0,6.0,5.0,2.0,Desconocido,football-data.co.uk,proxy_shots
2026-01-10,Valencia,Elche,1,1,8.0,6.0,2.0,3.0,1.7,0.56,4.0,1.0,0.0,3.0,Desconocido,football-data.co.uk,proxy_shots
2026-01-10,Villarreal,Alaves,3,1,1.0,6.0,0.0,2.0,1.62,1.88,4.0,5.0,4.0,1.0,Desconocido,football-data.co.uk,proxy_shots
2026-01-11,Levante,Espanol,1,1,4.0,3.0,0.0,1.0,0.9,1.69,2.0,3.0,2.0,1.0,Desconocido,football-data.co.uk,proxy_shots
2026-01-11,Vallecano,Mallorca,2,1,6.0,5.0,3.0,5.0,1.87,0.95,5.0,2.0,1.0,3.0,Desconocido,football-data.co.uk,proxy_shots
2026-01-12,Sevilla,Celta,0,1,6.0,1.0,3.0,3.0,0.74,1.85,2.0,7.0,6.0,2.0,Desconocido,football-data.co.uk,proxy_shots
2026-01-16,Espanol,Girona,0,2,5.0,4.0,5.0,5.0,1.13,1.3,2.0,4.0,2.0,2.0,Desconocido,football-data.co.uk,proxy_shots
2026-01-17,Betis,Villarreal,2,0,2.0,3.0,3.0,4.0,2.1,1.04,6.0,3.0,3.0,4.0,Desconocido,football-data.co.uk,proxy_shots
2026-01-17,Mallorca,Ath Bilbao,3,2,3.0,7.0,1.0,9.0,2.91,3.33,9.0,11.0,9.0,6.0,Desconocido,football-data.co.uk,proxy_shots
2026-01-17,Osasuna,Oviedo,3,2,3.0,6.0,3.0,4.0,2.08,1.81,5.0,5.0,3.0,2.0,Desconocido,football-data.co.uk,proxy_shots
2026-01-17,Real Madrid,Levante,2,0,8.0,0.0,2.0,1.0,3.61,0.55,11.0,0.0,0.0,9.0,Desconocido,football-data.co.uk,proxy_shots
2026-01-18,Ath Madrid,Alaves,1,0,6.0,6.0,1.0,1.0,2.44,0.44,6.0,0.0,0.0,5.0,Desconocido,football-data.co.uk,proxy_shots
2026-01-18,Celta,Vallecano,3,0,5.0,7.0,4.0,5.0,2.17,1.31,7.0,3.0,3.0,4.0,Desconocido,football-data.co.uk,proxy_shots
2026-01-18,Getafe,Valencia,0,1,9.0,3.0,2.0,5.0,1.31,0.66,3.0,1.0,0.0,3.0,Desconocido,football-data.co.uk,proxy_shots
2026-01-18,Sociedad,Barcelona,2,1,6.0,8.0,5.0,3.0,1.72,3.1,6.0,9.0,8.0,4.0,Desconocido,football-data.co.uk,proxy_shots
2026-01-19,Elche,Sevilla,2,2,9.0,7.0,3.0,1.0,1.65,3.02,5.0,8.0,6.0,3.0,Desconocido,football-data.co.uk,proxy_shots
2026-01-23,Levante,Elche,3,2,9.0,1.0,2.0,3.0,2.81,1.07,6.0,3.0,1.0,3.0,Desconocido,football-data.co.uk,proxy_shots
2026-01-24,Sevilla,Ath Bilbao,2,1,5.0,5.0,2.0,1.0,2.01,1.47,7.0,3.0,2.0,5.0,Desconocido,football-data.co.uk,proxy_shots
2026-01-24,Valencia,Espanol,3,2,2.0,7.0,1.0,5.0,1.75,2.16,5.0,6.0,4.0,2.0,Desconocido,football-data.co.uk,proxy_shots
2026-01-24,Vallecano,Osasuna,1,3,4.0,3.0,2.0,2.0,1.43,1.97,4.0,5.0,2.0,3.0,Desconocido,football-data.co.uk,proxy_shots
2026-01-24,Villarreal,Real Madrid,0,2,6.0,6.0,3.0,1.0,0.62,1.69,1.0,4.0,2.0,1.0,Desconocido,football-data.co.uk,proxy_shots
2026-01-25,Alaves,Betis,2,1,6.0,4.0,1.0,1.0,2.75,1.81,9.0,4.0,3.0,7.0,Desconocido,football-data.co.uk,proxy_shots
2026-01-25,Ath Madrid,Mallorca,3,0,10.0,3.0,2.0,1.0,2.67,0.51,8.0,1.0,1.0,5.0,Desconocido,football-data.co.uk,proxy_shots
2026-01-25,Barcelona,Oviedo,3,0,10.0,1.0,1.0,2.0,2.38,1.2,7.0,3.0,3.0,4.0,Desconocido,football-data.co.uk,proxy_shots
2026-01-25,Sociedad,Celta,3,1,2.0,9.0,3.0,1.0,1.57,1.76,4.0,4.0,3.0,1.0,Desconocido,football-data.co.uk,proxy_shots
2026-01-26,Girona,Getafe,1,1,3.0,4.0,5.0,3.0,1.48,0.9,4.0,2.0,1.0,3.0,Desconocido,football-data.co.uk,proxy_shots
2026-01-30,Espanol,Alaves,1,2,4.0,2.0,0.0,1.0,1.19,2.06,3.0,7.0,5.0,2.0,Desconocido,football-data.co.uk,proxy_shots
2026-01-31,Elche,Barcelona,1,3,2.0,8.0,2.0,1.0,1.14,3.39,3.0,8.0,5.0,2.0,Desconocido,football-data.co.uk,proxy_shots
2026-01-31,Levante,Ath Madrid,0,0,4.0,7.0,2.0,1.0,0.91,1.27,2.0,4.0,4.0,2.0,Desconocido,football-data.co.uk,proxy_shots
2026-01-31,Osasuna,Villarreal,2,2,6.0,2.0,2.0,2.0,1.92,1.2,5.0,4.0,2.0,3.0,Desconocido,football-data.co.uk,proxy_shots
2026-01-31,Oviedo,Girona,1,0,4.0,4.0,1.0,1.0,1.26,0.68,4.0,1.0,1.0,3.0,Desconocido,football-data.co.uk,proxy_shots
2026-02-01,Ath Bilbao,Sociedad,1,1,6.0,3.0,4.0,4.0,1.86,1.68,4.0,6.0,5.0,3.0,Desconocido,football-data.co.uk,proxy_shots
2026-02-01,Betis,Valencia,2,1,3.0,5.0,0.0,4.0,1.33,1.65,2.0,4.0,3.0,0.0,Desconocido,football-data.co.uk,proxy_shots
2026-02-01,Getafe,Celta,0,0,5.0,3.0,1.0,2.0,0.85,0.46,2.0,1.0,1.0,2.0,Desconocido,football-data.co.uk,proxy_shots
2026-02-01,Real Madrid,Vallecano,2,1,9.0,4.0,2.0,12.0,2.16,1.43,6.0,4.0,3.0,4.0,Desconocido,football-data.co.uk,proxy_shots
2026-02-02,Mallorca,Sevilla,4,1,4.0,8.0,1.0,1.0,2.27,1.82,7.0,5.0,4.0,3.0,Desconocido,football-data.co.uk,proxy_shots
2026-02-06,Celta,Osasuna,1,2,7.0,3.0,2.0,2.0,1.81,1.0,4.0,2.0,0.0,3.0,Desconocido,football-data.co.uk,proxy_shots
2026-02-07,Barcelona,Mallorca,3,0,12.0,3.0,0.0,0.0,2.88,1.21,7.0,4.0,4.0,4.0,Desconocido,football-data.co.uk,proxy_shots
2026-02-07,Sociedad,Elche,3,1,2.0,4.0,0.0,4.0,1.45,1.6,3.0,5.0,4.0,0.0,Desconocido,football-data.co.uk,proxy_shots
2026-02-08,Alaves,Getafe,0,2,6.0,3.0,2.0,5.0,1.61,2.04,5.0,5.0,3.0,5.0,Desconocido,football-data.co.uk,proxy_shots
2026-02-08,Ath Bilbao,Levante,4,2,4.0,3.0,2.0,3.0,2.87,1.07,7.0,3.0,1.0,3.0,Desconocido,football-data.co.uk,proxy_shots
2026-02-08,Ath Madrid,Betis,0,1,7.0,3.0,3.0,1.0,1.45,1.26,5.0,4.0,3.0,5.0,Desconocido,football-data.co.uk,proxy_shots
2026-02-08,Sevilla,Girona,1,1,5.0,7.0,3.0,3.0,1.25,2.0,3.0,6.0,5.0,2.0,Desconocido,football-data.co.uk,proxy_shots
2026-02-08,Valencia,Real Madrid,0,2,5.0,8.0,1.0,1.0,0.39,1.89,0.0,6.0,4.0,0.0,Desconocido,football-data.co.uk,proxy_shots
2026-02-09,Villarreal,Espanol,4,1,5.0,8.0,3.0,3.0,1.49,0.95,3.0,2.0,1.0,0.0,Desconocido,football-data.co.uk,proxy_shots
2026-02-13,Elche,Osasuna,0,0,10.0,3.0,2.0,4.0,1.83,0.69,5.0,2.0,2.0,5.0,Desconocido,football-data.co.uk,proxy_shots
2026-02-14,Espanol,Celta,2,2,2.0,2.0,1.0,0.0,1.24,1.87,3.0,5.0,3.0,1.0,Desconocido,football-data.co.uk,proxy_shots
2026-02-14,Getafe,Villarreal,2,1,3.0,4.0,2.0,3.0,0.83,0.9,2.0,2.0,1.0,0.0,Desconocido,football-data.co.uk,proxy_shots
2026-02-14,Real Madrid,Sociedad,4,1,4.0,6.0,1.0,1.0,1.9,1.35,5.0,3.0,2.0,1.0,Desconocido,football-data.co.uk,proxy_shots
2026-02-14,Sevilla,Alaves,1,1,0.0,3.0,9.0,0.0,0.68,0.94,2.0,1.0,0.0,1.0,Desconocido,football-data.co.uk,proxy_shots
2026-02-15,Levante,Valencia,0,2,3.0,2.0,5.0,2.0,0.68,0.83,1.0,2.0,0.0,1.0,Desconocido,football-data.co.uk,proxy_shots
2026-02-15,Mallorca,Betis,1,2,7.0,3.0,4.0,3.0,1.41,2.58,3.0,8.0,6.0,2.0,Desconocido,football-data.co.uk,proxy_shots
2026-02-15,Oviedo,Ath Bilbao,1,2,2.0,3.0,2.0,3.0,0.66,1.64,1.0,4.0,2.0,0.0,Desconocido,football-data.co.uk,proxy_shots
2026-02-15,Vallecano,Ath Madrid,3,0,4.0,8.0,1.0,3.0,2.63,1.04,9.0,3.0,3.0,6.0,Desconocido,football-data.co.uk,proxy_shots
2026-02-16,Girona,Barcelona,2,1,3.0,7.0,3.0,2.0,2.54,2.31,9.0,4.0,3.0,7.0,Desconocido,football-data.co.uk,proxy_shots
2026-02-18,Levante,Villarreal,0,1,3.0,2.0,3.0,4.0,1.6,2.0,4.0,6.0,5.0,4.0,Desconocido,football-data.co.uk,proxy_shots
2026-02-20,Ath Bilbao,Elche,2,1,4.0,1.0,3.0,3.0,2.63,0.57,8.0,2.0,1.0,6.0,Desconocido,football-data.co.uk,proxy_shots
2026-02-21,Ath Madrid,Espanol,4,2,5.0,3.0,0.0,1.0,3.01,1.0,9.0,2.0,0.0,5.0,Desconocido,football-data.co.uk,proxy_shots
2026-02-21,Betis,Vallecano,1,1,3.0,5.0,4.0,3.0,1.41,1.3,3.0,3.0,2.0,2.0,Desconocido,football-data.co.uk,proxy_shots
2026-02-21,Osasuna,Real Madrid,2,1,3.0,7.0,2.0,4.0,1.27,1.82,2.0,5.0,4.0,0.0,Desconocido,football-data.co.uk,proxy_shots
2026-02-21,Sociedad,Oviedo,3,3,7.0,6.0,2.0,1.0,2.56,2.15,8.0,6.0,3.0,5.0,Desconocido,football-data.co.uk,proxy_shots
2026-02-22,Barcelona,Levante,3,0,13.0,6.0,2.0,1.0,3.13,0.64,9.0,2.0,2.0,6.0,Desconocido,football-data.co.uk,proxy_shots
2026-02-22,Celta,Mallorca,2,0,7.0,2.0,1.0,5.0,2.56,0.2,7.0,0.0,0.0,5.0,Desconocido,football-data.co.uk,proxy_shots
2026-02-22,Getafe,Sevilla,0,1,2.0,2.0,3.0,1.0,0.87,0.61,3.0,1.0,0.0,3.0,Desconocido,football-data.co.uk,proxy_shots
2026-02-22,Villarreal,Valencia,2,1,5.0,4.0,2.0,4.0,1.76,1.08,5.0,3.0,2.0,3.0,Desconocido,football-data.co.uk,proxy_shots
2026-02-23,Alaves,Girona,2,2,7.0,6.0,2.0,2.0,2.22,1.65,6.0,5.0,3.0,4.0,Desconocido,football-data.co.uk,proxy_shots
2026-02-27,Levante,Alaves,2,0,10.0,6.0,1.0,8.0,2.31,2.2,5.0,7.0,7.0,3.0,Desconocido,football-data.co.uk,proxy_shots
2026-02-28,Barcelona,Villarreal,4,1,3.0,2.0,2.0,1.0,2.88,0.61,8.0,1.0,0.0,4.0,Desconocido,football-data.co.uk,proxy_shots
2026-02-28,Mallorca,Sociedad,0,1,3.0,7.0,0.0,2.0,0.51,1.12,1.0,2.0,1.0,1.0,Desconocido,football-data.co.uk,proxy_shots
2026-02-28,Oviedo,Ath Madrid,0,1,8.0,3.0,2.0,2.0,1.96,0.94,6.0,1.0,0.0,6.0,Desconocido,football-data.co.uk,proxy_shots
2026-02-28,Vallecano,Ath Bilbao,1,1,5.0,4.0,2.0,3.0,2.19,0.9,7.0,2.0,1.0,6.0,Desconocido,football-data.co.uk,proxy_shots
2026-03-01,Betis,Sevilla,2,2,4.0,3.0,3.0,3.0,1.05,2.05,2.0,6.0,4.0,0.0,Desconocido,football-data.co.uk,proxy_shots
2026-03-01,Elche,Espanol,2,2,3.0,1.0,1.0,8.0,2.75,1.41,9.0,4.0,2.0,7.0,Desconocido,football-data.co.uk,proxy_shots
2026-03-01,Girona,Celta,1,2,10.0,6.0,2.0,2.0,2.19,1.48,7.0,5.0,3.0,6.0,Desconocido,football-data.co.uk,proxy_shots
2026-03-01,Valencia,Osasuna,1,0,5.0,4.0,3.0,3.0,1.05,0.44,1.0,0.0,0.0,0.0,Desconocido,football-data.co.uk,proxy_shots
2026-03-02,Real Madrid,Getafe,0,1,10.0,2.0,6.0,8.0,2.25,1.14,7.0,3.0,2.0,7.0,Desconocido,football-data.co.uk,proxy_shots
2026-03-04,Vallecano,Oviedo,3,0,12.0,2.0,0.0,2.0,2.6,0.8,7.0,2.0,2.0,4.0,Desconocido,football-data.co.uk,proxy_shots
2026-03-06,Celta,Real Madrid,1,2,1.0,6.0,1.0,2.0,1.26,1.51,4.0,3.0,1.0,3.0,Desconocido,football-data.co.uk,proxy_shots
2026-03-07,Ath Bilbao,Barcelona,0,1,2.0,4.0,2.0,1.0,1.09,0.84,3.0,2.0,1.0,3.0,Desconocido,football-data.co.uk,proxy_shots
2026-03-07,Ath Madrid,Sociedad,3,2,8.0,1.0,1.0,1.0,3.24,1.12,9.0,3.0,1.0,6.0,Desconocido,football-data.co.uk,proxy_shots
2026-03-07,Levante,Girona,1,1,2.0,3.0,4.0,2.0,1.59,2.21,4.0,5.0,4.0,3.0,Desconocido,football-data.co.uk,proxy_shots
2026-03-07,Osasuna,Mallorca,2,2,8.0,0.0,4.0,7.0,2.31,1.36,5.0,4.0,2.0,3.0,Desconocido,football-data.co.uk,proxy_shots
2026-03-08,Getafe,Betis,2,0,3.0,8.0,3.0,2.0,1.59,1.67,5.0,5.0,5.0,3.0,Desconocido,football-data.co.uk,proxy_shots
2026-03-08,Sevilla,Vallecano,1,1,6.0,2.0,1.0,3.0,1.06,0.95,2.0,2.0,1.0,1.0,Desconocido,football-data.co.uk,proxy_shots
2026-03-08,Valencia,Alaves,3,2,10.0,2.0,1.0,10.0,2.79,1.47,8.0,4.0,2.0,5.0,Desconocido,football-data.co.uk,proxy_shots
2026-03-08,Villarreal,Elche,2,1,4.0,6.0,1.0,2.0,2.34,1.9,7.0,6.0,5.0,5.0,Desconocido,football-data.co.uk,proxy_shots
2026-03-09,Espanol,Oviedo,1,1,8.0,0.0,3.0,2.0,3.26,0.97,9.0,3.0,2.0,8.0,Desconocido,football-data.co.uk,proxy_shots
2026-03-13,Alaves,Villarreal,1,1,5.0,2.0,4.0,1.0,0.54,1.37,0.0,4.0,3.0,0.0,Desconocido,football-data.co.uk,proxy_shots
2026-03-14,Ath Madrid,Getafe,1,0,10.0,3.0,3.0,5.0,1.88,0.93,5.0,3.0,3.0,4.0,Desconocido,football-data.co.uk,proxy_shots
2026-03-14,Girona,Ath Bilbao,3,0,2.0,9.0,0.0,2.0,2.15,2.72,6.0,9.0,9.0,3.0,Desconocido,football-data.co.uk,proxy_shots
2026-03-14,Oviedo,Valencia,1,0,4.0,7.0,3.0,2.0,1.79,1.07,6.0,2.0,2.0,5.0,Desconocido,football-data.co.uk,proxy_shots
2026-03-14,Real Madrid,Elche,4,1,5.0,4.0,1.0,3.0,2.25,0.88,6.0,1.0,0.0,2.0,Desconocido,football-data.co.uk,proxy_shots
2026-03-15,Barcelona,Sevilla,5,2,3.0,4.0,0.0,1.0,2.65,1.36,8.0,4.0,2.0,3.0,Desconocido,football-data.co.uk,proxy_shots
2026-03-15,Betis,Celta,1,1,3.0,4.0,2.0,3.0,2.23,1.03,6.0,3.0,2.0,5.0,Desconocido,football-data.co.uk,proxy_shots
2026-03-15,Mallorca,Espanol,2,1,5.0,6.0,3.0,5.0,3.79,1.01,12.0,2.0,1.0,10.0,Desconocido,football-data.co.uk,proxy_shots
2026-03-15,Sociedad,Osasuna,3,1,3.0,5.0,3.0,0.0,2.15,1.71,6.0,5.0,4.0,3.0,Desconocido,football-data.co.uk,proxy_shots
2026-03-16,Vallecano,Levante,1,1,5.0,6.0,5.0,5.0,1.81,2.04,4.0,5.0,4.0,3.0,Desconocido,football-data.co.uk,proxy_shots
2026-03-20,Villarreal,Sociedad,3,1,4.0,5.0,0.0,2.0,3.25,1.43,10.0,4.0,3.0,7.0,Desconocido,football-data.co.uk,proxy_shots
2026-03-21,Elche,Mallorca,2,1,2.0,2.0,2.0,2.0,1.64,1.43,4.0,4.0,3.0,2.0,Desconocido,football-data.co.uk,proxy_shots
2026-03-21,Espanol,Getafe,1,2,12.0,9.0,2.0,7.0,1.82,1.65,5.0,5.0,3.0,4.0,Desconocido,football-data.co.uk,proxy_shots
2026-03-21,Levante,Oviedo,4,2,3.0,1.0,2.0,3.0,2.94,1.11,8.0,2.0,0.0,4.0,Desconocido,football-data.co.uk,proxy_shots
2026-03-21,Osasuna,Girona,1,0,6.0,2.0,2.0,1.0,3.12,0.28,11.0,0.0,0.0,10.0,Desconocido,football-data.co.uk,proxy_shots
2026-03-21,Sevilla,Valencia,0,2,1.0,3.0,2.0,1.0,1.07,1.41,2.0,4.0,2.0,2.0,Desconocido,football-data.co.uk,proxy_shots
2026-03-22,Ath Bilbao,Betis,2,1,6.0,5.0,1.0,1.0,1.89,1.25,6.0,3.0,2.0,4.0,Desconocido,football-data.co.uk,proxy_shots
2026-03-22,Barcelona,Vallecano,1,0,6.0,9.0,3.0,4.0,1.65,1.16,4.0,4.0,4.0,3.0,Desconocido,football-data.co.uk,proxy_shots
2026-03-22,Celta,Alaves,3,4,4.0,1.0,2.0,2.0,1.86,2.25,5.0,6.0,2.0,2.0,Desconocido,football-data.co.uk,proxy_shots
2026-03-22,Real Madrid,Ath Madrid,3,2,4.0,1.0,3.0,4.0,3.04,2.18,10.0,7.0,5.0,7.0,Desconocido,football-data.co.uk,proxy_shots
2026-04-03,Vallecano,Elche,1,0,9.0,4.0,0.0,6.0,2.15,1.21,5.0,4.0,4.0,4.0,Desconocido,football-data.co.uk,proxy_shots
2026-04-04,Ath Madrid,Barcelona,1,2,1.0,9.0,8.0,2.0,0.79,2.85,2.0,8.0,6.0,1.0,Desconocido,football-data.co.uk,proxy_shots
2026-04-04,Betis,Espanol,0,0,4.0,3.0,1.0,3.0,2.12,0.62,6.0,1.0,1.0,6.0,Desconocido,football-data.co.uk,proxy_shots
2026-04-04,Mallorca,Real Madrid,2,1,6.0,4.0,3.0,2.0,0.89,2.0,2.0,6.0,5.0,0.0,Desconocido,football-data.co.uk,proxy_shots
2026-04-04,Sociedad,Levante,2,0,11.0,5.0,2.0,3.0,2.09,1.16,5.0,4.0,4.0,3.0,Desconocido,football-data.co.uk,proxy_shots
2026-04-05,Alaves,Osasuna,2,2,7.0,1.0,2.0,5.0,2.27,1.54,6.0,5.0,3.0,4.0,Desconocido,football-data.co.uk,proxy_shots
2026-04-05,Getafe,Ath Bilbao,2,0,4.0,3.0,3.0,1.0,1.83,0.28,6.0,0.0,0.0,4.0,Desconocido,football-data.co.uk,proxy_shots
2026-04-05,Oviedo,Sevilla,1,0,5.0,9.0,5.0,5.0,1.21,0.49,4.0,0.0,0.0,3.0,Desconocido,football-data.co.uk,proxy_shots
2026-04-05,Valencia,Celta,2,3,6.0,0.0,1.0,3.0,1.64,1.7,4.0,5.0,2.0,2.0,Desconocido,football-data.co.uk,proxy_shots
2026-04-06,Girona,Villarreal,1,0,7.0,4.0,2.0,2.0,1.01,0.49,2.0,0.0,0.0,1.0,Desconocido,football-data.co.uk,proxy_shots
2026-04-10,Real Madrid,Girona,1,1,10.0,1.0,2.0,1.0,2.93,1.01,9.0,2.0,1.0,8.0,Desconocido,football-data.co.uk,proxy_shots
2026-04-11,Barcelona,Espanol,4,1,7.0,5.0,3.0,6.0,3.3,1.01,10.0,2.0,1.0,6.0,Desconocido,football-data.co.uk,proxy_shots
2026-04-11,Elche,Valencia,1,0,5.0,9.0,1.0,1.0,0.9,2.65,2.0,8.0,8.0,1.0,Desconocido,football-data.co.uk,proxy_shots
2026-04-11,Sevilla,Ath Madrid,2,1,6.0,6.0,4.0,4.0,1.17,1.18,2.0,2.0,1.0,0.0,Desconocido,football-data.co.uk,proxy_shots
2026-04-11,Sociedad,Alaves,3,3,9.0,5.0,4.0,4.0,1.68,1.32,4.0,2.0,0.0,1.0,Desconocido,football-data.co.uk,proxy_shots
2026-04-12,Ath Bilbao,Villarreal,1,2,15.0,3.0,2.0,3.0,2.17,1.94,6.0,6.0,4.0,5.0,Desconocido,football-data.co.uk,proxy_shots
2026-04-12,Celta,Oviedo,0,3,4.0,1.0,1.0,2.0,1.58,1.64,6.0,5.0,2.0,6.0,Desconocido,football-data.co.uk,proxy_shots
2026-04-12,Mallorca,Vallecano,3,0,6.0,7.0,1.0,4.0,1.68,1.48,4.0,3.0,3.0,1.0,Desconocido,football-data.co.uk,proxy_shots
2026-04-12,Osasuna,Betis,1,1,6.0,3.0,3.0,4.0,1.48,1.08,4.0,3.0,2.0,3.0,Desconocido,football-data.co.uk,proxy_shots
2026-04-13,Levante,Getafe,1,0,8.0,2.0,2.0,9.0,2.03,0.46,4.0,1.0,1.0,3.0,Desconocido,football-data.co.uk,proxy_shots
2026-04-21,Ath Bilbao,Osasuna,1,0,5.0,4.0,5.0,2.0,0.84,0.98,2.0,3.0,3.0,1.0,Desconocido,football-data.co.uk,proxy_shots
2026-04-21,Girona,Betis,2,3,3.0,1.0,1.0,3.0,1.05,1.23,2.0,3.0,0.0,0.0,Desconocido,football-data.co.uk,proxy_shots
2026-04-21,Mallorca,Valencia,1,1,7.0,4.0,0.0,2.0,2.64,1.19,8.0,3.0,2.0,7.0,Desconocido,football-data.co.uk,proxy_shots
2026-04-21,Real Madrid,Alaves,2,1,9.0,6.0,1.0,1.0,2.96,2.04,8.0,5.0,4.0,6.0,Desconocido,football-data.co.uk,proxy_shots
2026-04-22,Barcelona,Celta,1,0,5.0,3.0,1.0,1.0,1.19,0.87,3.0,3.0,3.0,2.0,Desconocido,football-data.co.uk,proxy_shots
2026-04-22,Elche,Ath Madrid,3,2,13.0,3.0,2.0,4.0,2.15,1.07,6.0,3.0,1.0,3.0,Desconocido,football-data.co.uk,proxy_shots
2026-04-22,Sociedad,Getafe,0,1,6.0,3.0,4.0,5.0,1.44,0.38,4.0,0.0,0.0,4.0,Desconocido,football-data.co.uk,proxy_shots
2026-04-23,Levante,Sevilla,2,0,3.0,6.0,3.0,4.0,1.18,0.39,3.0,0.0,0.0,1.0,Desconocido,football-data.co.uk,proxy_shots
2026-04-23,Oviedo,Villarreal,1,1,7.0,0.0,1.0,1.0,1.7,1.03,4.0,3.0,2.0,3.0,Desconocido,football-data.co.uk,proxy_shots
2026-04-23,Vallecano,Espanol,1,0,6.0,5.0,2.0,4.0,2.12,1.54,6.0,4.0,4.0,5.0,Desconocido,football-data.co.uk,proxy_shots
2026-04-24,Betis,Real Madrid,1,1,7.0,6.0,1.0,2.0,1.86,2.2,4.0,8.0,7.0,3.0,Desconocido,football-data.co.uk,proxy_shots
2026-04-25,Alaves,Mallorca,2,1,9.0,4.0,2.0,1.0,1.74,0.68,4.0,2.0,1.0,2.0,Desconocido,football-data.co.uk,proxy_shots
2026-04-25,Ath Madrid,Ath Bilbao,3,2,3.0,4.0,0.0,0.0,1.35,1.58,4.0,4.0,2.0,1.0,Desconocido,football-data.co.uk,proxy_shots
2026-04-25,Getafe,Barcelona,0,2,6.0,3.0,2.0,2.0,0.22,1.64,0.0,4.0,2.0,0.0,Desconocido,football-data.co.uk,proxy_shots
2026-04-25,Valencia,Girona,2,1,4.0,4.0,2.0,2.0,1.4,1.21,3.0,4.0,3.0,1.0,Desconocido,football-data.co.uk,proxy_shots
2026-04-26,Osasuna,Sevilla,2,1,4.0,4.0,2.0,2.0,2.29,0.9,7.0,2.0,1.0,5.0,Desconocido,football-data.co.uk,proxy_shots
2026-04-26,Oviedo,Elche,1,2,6.0,1.0,2.0,2.0,1.3,1.14,3.0,4.0,2.0,2.0,Desconocido,football-data.co.uk,proxy_shots
2026-04-26,Vallecano,Sociedad,3,3,6.0,4.0,8.0,4.0,3.24,2.46,9.0,8.0,5.0,6.0,Desconocido,football-data.co.uk,proxy_shots
2026-04-26,Villarreal,Celta,2,1,7.0,5.0,3.0,6.0,1.64,1.14,4.0,3.0,2.0,2.0,Desconocido,football-data.co.uk,proxy_shots
2026-04-27,Espanol,Levante,0,0,4.0,4.0,5.0,3.0,1.04,1.16,3.0,4.0,4.0,3.0,Desconocido,football-data.co.uk,proxy_shots
2026-05-01,Girona,Mallorca,0,1,5.0,2.0,4.0,2.0,1.49,1.26,4.0,4.0,3.0,4.0,Desconocido,football-data.co.uk,proxy_shots
2026-05-02,Alaves,Ath Bilbao,2,4,4.0,7.0,4.0,4.0,1.3,1.61,4.0,4.0,0.0,2.0,Desconocido,football-data.co.uk,proxy_shots
2026-05-02,Osasuna,Barcelona,1,2,3.0,7.0,2.0,2.0,1.31,1.64,4.0,4.0,2.0,3.0,Desconocido,football-data.co.uk,proxy_shots
2026-05-02,Valencia,Ath Madrid,0,2,1.0,7.0,1.0,3.0,0.66,2.2,0.0,5.0,3.0,0.0,Desconocido,football-data.co.uk,proxy_shots
2026-05-02,Villarreal,Levante,5,1,7.0,3.0,3.0,1.0,3.04,1.3,8.0,3.0,2.0,3.0,Desconocido,football-data.co.uk,proxy_shots
2026-05-03,Betis,Oviedo,3,0,5.0,4.0,0.0,0.0,1.75,1.83,5.0,5.0,5.0,2.0,Desconocido,football-data.co.uk,proxy_shots
2026-05-03,Celta,Elche,3,1,4.0,2.0,2.0,1.0,1.35,1.65,4.0,4.0,3.0,1.0,Desconocido,football-data.co.uk,proxy_shots
2026-05-03,Espanol,Real Madrid,0,2,5.0,6.0,3.0,4.0,1.48,1.92,3.0,5.0,3.0,3.0,Desconocido,football-data.co.uk,proxy_shots
2026-05-03,Getafe,Vallecano,0,2,4.0,1.0,3.0,5.0,1.25,1.83,3.0,6.0,4.0,3.0,Desconocido,football-data.co.uk,proxy_shots
2026-05-04,Sevilla,Sociedad,1,0,3.0,3.0,3.0,1.0,2.04,0.33,5.0,0.0,0.0,4.0,Desconocido,football-data.co.uk,proxy_shots
2026-05-08,Levante,Osasuna,3,2,15.0,1.0,2.0,2.0,4.0,1.02,12.0,3.0,1.0,9.0,Desconocido,football-data.co.uk,proxy_shots
2026-05-09,Ath Madrid,Celta,0,1,10.0,0.0,1.0,2.0,1.82,0.44,4.0,1.0,0.0,4.0,Desconocido,football-data.co.uk,proxy_shots
2026-05-09,Elche,Alaves,1,1,7.0,3.0,3.0,6.0,1.88,1.48,5.0,4.0,3.0,4.0,Desconocido,football-data.co.uk,proxy_shots
2026-05-09,Sevilla,Espanol,2,1,4.0,6.0,5.0,5.0,2.44,1.55,6.0,5.0,4.0,4.0,Desconocido,football-data.co.uk,proxy_shots
2026-05-09,Sociedad,Betis,2,2,4.0,3.0,2.0,5.0,2.05,2.05,6.0,6.0,4.0,4.0,Desconocido,football-data.co.uk,proxy_shots
2026-05-10,Ath Bilbao,Valencia,0,1,13.0,5.0,2.0,3.0,1.49,1.03,4.0,3.0,2.0,4.0,Desconocido,football-data.co.uk,proxy_shots
2026-05-10,Barcelona,Real Madrid,2,0,4.0,8.0,2.0,4.0,2.01,0.62,7.0,1.0,1.0,5.0,Desconocido,football-data.co.uk,proxy_shots
2026-05-10,Mallorca,Villarreal,1,1,5.0,4.0,2.0,0.0,2.53,0.84,8.0,2.0,1.0,7.0,Desconocido,football-data.co.uk,proxy_shots
2026-05-10,Oviedo,Getafe,0,0,1.0,9.0,6.0,3.0,1.16,1.93,4.0,4.0,4.0,4.0,Desconocido,football-data.co.uk,proxy_shots
2026-05-11,Vallecano,Girona,1,1,9.0,5.0,1.0,1.0,1.99,1.5,5.0,5.0,4.0,4.0,Desconocido,football-data.co.uk,proxy_shots
2026-05-12,Betis,Elche,2,1,8.0,1.0,3.0,5.0,2.34,0.9,7.0,2.0,1.0,5.0,Desconocido,football-data.co.uk,proxy_shots
2026-05-12,Celta,Levante,2,3,4.0,4.0,0.0,2.0,1.89,2.15,6.0,6.0,3.0,4.0,Desconocido,football-data.co.uk,proxy_shots
2026-05-12,Osasuna,Ath Madrid,1,2,8.0,4.0,6.0,7.0,2.27,1.2,5.0,4.0,2.0,4.0,Desconocido,football-data.co.uk,proxy_shots
2026-05-13,Alaves,Barcelona,1,0,6.0,4.0,1.0,2.0,1.14,0.44,3.0,0.0,0.0,2.0,Desconocido,football-data.co.uk,proxy_shots
2026-05-13,Espanol,Ath Bilbao,2,0,8.0,9.0,0.0,0.0,1.76,1.32,5.0,4.0,4.0,3.0,Desconocido,football-data.co.uk,proxy_shots
2026-05-13,Getafe,Mallorca,3,1,3.0,3.0,3.0,4.0,1.35,0.95,4.0,2.0,1.0,1.0,Desconocido,football-data.co.uk,proxy_shots
2026-05-13,Villarreal,Sevilla,2,3,6.0,4.0,2.0,1.0,1.25,1.91,4.0,5.0,2.0,2.0,Desconocido,football-data.co.uk,proxy_shots
2026-05-14,Girona,Sociedad,1,1,6.0,3.0,2.0,7.0,2.42,0.79,4.0,2.0,1.0,3.0,Desconocido,football-data.co.uk,proxy_shots
2026-05-14,Real Madrid,Oviedo,2,0,4.0,5.0,0.0,0.0,2.5,0.68,7.0,1.0,1.0,5.0,Desconocido,football-data.co.uk,proxy_shots
2026-05-14,Valencia,Vallecano,1,1,5.0,1.0,1.0,1.0,1.3,0.97,3.0,3.0,2.0,2.0,Desconocido,football-data.co.uk,proxy_shots
2026-05-17,Ath Bilbao,Celta,1,1,5.0,0.0,2.0,2.0,3.21,0.62,9.0,2.0,1.0,8.0,Desconocido,football-data.co.uk,proxy_shots
2026-05-17,Ath Madrid,Girona,1,0,9.0,8.0,2.0,0.0,1.76,3.35,4.0,11.0,11.0,3.0,Desconocido,football-data.co.uk,proxy_shots
2026-05-17,Barcelona,Betis,3,1,6.0,4.0,1.0,0.0,2.75,0.84,9.0,2.0,1.0,6.0,Desconocido,football-data.co.uk,proxy_shots
2026-05-17,Elche,Getafe,1,0,4.0,0.0,3.0,3.0,1.19,0.22,3.0,0.0,0.0,2.0,Desconocido,football-data.co.uk,proxy_shots
2026-05-17,Levante,Mallorca,2,0,4.0,6.0,4.0,2.0,1.56,0.98,3.0,3.0,3.0,1.0,Desconocido,football-data.co.uk,proxy_shots
2026-05-17,Osasuna,Espanol,1,2,9.0,2.0,1.0,2.0,2.86,1.12,8.0,3.0,1.0,7.0,Desconocido,football-data.co.uk,proxy_shots
2026-05-17,Oviedo,Alaves,0,1,5.0,2.0,3.0,1.0,0.44,0.66,0.0,1.0,0.0,0.0,Desconocido,football-data.co.uk,proxy_shots
2026-05-17,Sevilla,Real Madrid,0,1,4.0,4.0,4.0,0.0,1.85,0.94,6.0,1.0,0.0,6.0,Desconocido,football-data.co.uk,proxy_shots
2026-05-17,Sociedad,Valencia,3,4,3.0,2.0,4.0,2.0,1.28,2.19,3.0,6.0,2.0,0.0,Desconocido,football-data.co.uk,proxy_shots
2026-05-17,Vallecano,Villarreal,2,0,1.0,9.0,2.0,1.0,2.29,0.96,7.0,2.0,2.0,5.0,Desconocido,football-data.co.uk,proxy_shots
2026-05-23,Alaves,Vallecano,1,2,10.0,5.0,3.0,3.0,3.12,2.29,11.0,7.0,5.0,10.0,Desconocido,football-data.co.uk,proxy_shots
2026-05-23,Betis,Levante,2,1,4.0,8.0,1.0,2.0,2.63,2.19,8.0,7.0,6.0,6.0,Desconocido,football-data.co.uk,proxy_shots
2026-05-23,Celta,Sevilla,1,0,4.0,3.0,1.0,1.0,1.3,0.85,3.0,2.0,2.0,2.0,Desconocido,football-data.co.uk,proxy_shots
2026-05-23,Espanol,Sociedad,1,1,3.0,5.0,1.0,3.0,2.48,1.31,8.0,4.0,3.0,7.0,Desconocido,football-data.co.uk,proxy_shots
2026-05-23,Getafe,Osasuna,1,0,2.0,4.0,1.0,2.0,0.97,1.5,3.0,5.0,5.0,2.0,Desconocido,football-data.co.uk,proxy_shots
2026-05-23,Girona,Elche,1,1,2.0,1.0,4.0,4.0,1.91,0.44,7.0,1.0,0.0,6.0,Desconocido,football-data.co.uk,proxy_shots
2026-05-23,Mallorca,Oviedo,3,0,5.0,5.0,2.0,1.0,2.83,0.39,7.0,0.0,0.0,4.0,Desconocido,football-data.co.uk,proxy_shots
2026-05-23,Real Madrid,Ath Bilbao,4,2,2.0,1.0,2.0,0.0,2.55,1.0,8.0,2.0,0.0,4.0,Desconocido,football-data.co.uk,proxy_shots
2026-05-23,Valencia,Barcelona,3,1,7.0,8.0,2.0,2.0,2.42,1.43,6.0,4.0,3.0,3.0,Desconocido,football-data.co.uk,proxy_shots
2026-05-24,Villarreal,Ath Madrid,5,1,5.0,9.0,0.0,1.0,2.71,1.31,8.0,4.0,3.0,3.0,Desconocido,football-data.co.uk,proxy_shots
2026-08-15,Alaves,Getafe,3,0,5.0,3.0,4.0,5.0,2.73,0.69,8.0,2.0,2.0,5.0,Desconocido,football-data.co.uk,proxy_shots
2026-08-15,Sevilla,Vallecano,2,1,1.0,2.0,6.0,4.0,1.64,0.97,4.0,3.0,2.0,2.0,Desconocido,football-data.co.uk,proxy_shots
2026-08-16,Espanol,Levante,3,0,0.0,1.0,3.0,0.0,2.26,0.22,6.0,0.0,0.0,3.0,Desconocido,football-data.co.uk,proxy_shots
2026-08-16,Santander,Villarreal,2,2,6.0,10.0,2.0,4.0,1.68,2.12,3.0,7.0,5.0,1.0,Desconocido,football-data.co.uk,proxy_shots
2026-08-17,La Coruna,Elche,1,1,2.0,6.0,2.0,2.0,1.08,1.79,3.0,6.0,5.0,2.0,Desconocido,football-data.co.uk,proxy_shots
2026-08-19,Ath Madrid,Malaga,2,0,6.0,1.0,2.0,3.0,2.1,0.46,6.0,1.0,1.0,4.0,Desconocido,football-data.co.uk,proxy_shots
2026-08-20,Vallecano,Alaves,1,1,9.0,7.0,1.0,2.0,1.08,1.47,3.0,3.0,2.0,2.0,Desconocido,football-data.co.uk,proxy_shots
2026-08-21,Betis,Sociedad,1,0,4.0,5.0,3.0,3.0,2.35,1.04,7.0,3.0,3.0,6.0,Desconocido,football-data.co.uk,proxy_shots
2026-08-22,Ath Bilbao,Sevilla,1,3,10.0,3.0,4.0,5.0,2.53,1.41,8.0,4.0,1.0,7.0,Desconocido,football-data.co.uk,proxy_shots
2026-08-22,Espanol,Real Madrid,1,2,0.0,8.0,5.0,1.0,1.08,2.79,3.0,8.0,6.0,2.0,Desconocido,football-data.co.uk,proxy_shots
2026-08-22,Valencia,Celta,0,0,1.0,2.0,2.0,3.0,0.8,0.93,2.0,3.0,3.0,2.0,Desconocido,football-data.co.uk,proxy_shots
2026-08-23,Ath Madrid,Villarreal,2,2,5.0,3.0,5.0,2.0,1.96,1.99,4.0,6.0,4.0,2.0,Desconocido,football-data.co.uk,proxy_shots
2026-08-23,Elche,Barcelona,0,5,3.0,1.0,1.0,0.0,0.74,2.37,2.0,7.0,2.0,2.0,Desconocido,football-data.co.uk,proxy_shots
2026-08-23,Getafe,Santander,1,0,8.0,6.0,1.0,3.0,0.94,0.87,1.0,3.0,3.0,0.0,Desconocido,football-data.co.uk,proxy_shots
2026-08-24,Malaga,La Coruna,1,1,7.0,4.0,1.0,4.0,1.18,1.15,2.0,4.0,3.0,1.0,Desconocido,football-data.co.uk,proxy_shots
2026-08-24,Osasuna,Levante,0,0,9.0,4.0,2.0,1.0,1.92,0.78,7.0,1.0,1.0,7.0,Desconocido,football-data.co.uk,proxy_shots
